environment,goal_index,goal_id,goal_depth,split,estimator,model,architecture,observation_mode,history_len,n_train,n_test,exact_accuracy,optimal_action_accuracy,coverage
trace_commute_000,0,ABCABCAB,8,all,lookup,full_state,full_state,full,0,9840,9840,1.0,1.0,1.0
trace_commute_000,0,ABCABCAB,8,random70,decision_tree,full_state,full_state,full,0,6888,2952,0.9986449864498645,0.9986449864498645,1.0
trace_commute_000,0,ABCABCAB,8,all,lookup,memoryless_counts,memoryless,counts,0,9840,9840,0.517479674796748,0.517479674796748,1.0
trace_commute_000,0,ABCABCAB,8,random70,decision_tree,memoryless_counts,memoryless,counts,0,6888,2952,0.5105013550135501,0.5105013550135501,1.0
trace_commute_000,0,ABCABCAB,8,all,lookup,history_counts_h1,history,counts,1,9840,9840,0.517479674796748,0.517479674796748,1.0
trace_commute_000,0,ABCABCAB,8,random70,decision_tree,history_counts_h1,history,counts,1,6888,2952,0.5105013550135501,0.5105013550135501,1.0
trace_commute_000,0,ABCABCAB,8,all,lookup,history_counts_h2,history,counts,2,9840,9840,0.9994918699186992,0.9994918699186992,1.0
trace_commute_000,0,ABCABCAB,8,random70,decision_tree,history_counts_h2,history,counts,2,6888,2952,0.9989837398373984,0.9989837398373984,1.0
trace_commute_000,0,ABCABCAB,8,all,lookup,history_counts_h4,history,counts,4,9840,9840,0.9996951219512196,0.9996951219512196,1.0
trace_commute_000,0,ABCABCAB,8,random70,decision_tree,history_counts_h4,history,counts,4,6888,2952,0.9979674796747967,0.9979674796747967,1.0
trace_commute_000,0,ABCABCAB,8,all,lookup,history_counts_h8,history,counts,8,9840,9840,1.0,1.0,1.0
trace_commute_000,0,ABCABCAB,8,random70,decision_tree,history_counts_h8,history,counts,8,6888,2952,0.9834010840108401,0.9834010840108401,1.0
trace_commute_000,0,ABCABCAB,8,all,lookup,memoryless_noisy_counts,memoryless,noisy_counts,0,9840,9840,0.5001016260162602,0.5001016260162602,1.0
trace_commute_000,0,ABCABCAB,8,random70,decision_tree,memoryless_noisy_counts,memoryless,noisy_counts,0,6888,2952,0.5006775067750677,0.5006775067750677,1.0
trace_commute_000,0,ABCABCAB,8,all,lookup,history_noisy_counts_h1,history,noisy_counts,1,9840,9840,0.5001016260162602,0.5001016260162602,1.0
trace_commute_000,0,ABCABCAB,8,random70,decision_tree,history_noisy_counts_h1,history,noisy_counts,1,6888,2952,0.5006775067750677,0.5006775067750677,1.0
trace_commute_000,0,ABCABCAB,8,all,lookup,history_noisy_counts_h2,history,noisy_counts,2,9840,9840,0.7005081300813009,0.7005081300813009,1.0
trace_commute_000,0,ABCABCAB,8,random70,decision_tree,history_noisy_counts_h2,history,noisy_counts,2,6888,2952,0.6954607046070461,0.6954607046070461,1.0
trace_commute_000,0,ABCABCAB,8,all,lookup,history_noisy_counts_h4,history,noisy_counts,4,9840,9840,0.725,0.725,1.0
trace_commute_000,0,ABCABCAB,8,random70,decision_tree,history_noisy_counts_h4,history,noisy_counts,4,6888,2952,0.7059620596205962,0.7059620596205962,1.0
trace_commute_000,0,ABCABCAB,8,all,lookup,history_noisy_counts_h8,history,noisy_counts,8,9840,9840,0.725,0.725,1.0
trace_commute_000,0,ABCABCAB,8,random70,decision_tree,history_noisy_counts_h8,history,noisy_counts,8,6888,2952,0.657859078590786,0.657859078590786,1.0
trace_commute_000,0,ABCABCAB,8,all,lookup,memoryless_depth_last,memoryless,depth_last,0,9840,9840,0.999390243902439,0.999390243902439,1.0
trace_commute_000,0,ABCABCAB,8,random70,decision_tree,memoryless_depth_last,memoryless,depth_last,0,6888,2952,0.9993224932249323,0.9993224932249323,1.0
trace_commute_000,0,ABCABCAB,8,all,lookup,history_depth_last_h1,history,depth_last,1,9840,9840,0.999390243902439,0.999390243902439,1.0
trace_commute_000,0,ABCABCAB,8,random70,decision_tree,history_depth_last_h1,history,depth_last,1,6888,2952,0.9993224932249323,0.9993224932249323,1.0
trace_commute_000,0,ABCABCAB,8,all,lookup,history_depth_last_h2,history,depth_last,2,9840,9840,0.9994918699186992,0.9994918699186992,1.0
trace_commute_000,0,ABCABCAB,8,random70,decision_tree,history_depth_last_h2,history,depth_last,2,6888,2952,0.9993224932249323,0.9993224932249323,1.0
trace_commute_000,0,ABCABCAB,8,all,lookup,history_depth_last_h4,history,depth_last,4,9840,9840,0.9996951219512196,0.9996951219512196,1.0
trace_commute_000,0,ABCABCAB,8,random70,decision_tree,history_depth_last_h4,history,depth_last,4,6888,2952,0.9979674796747967,0.9979674796747967,1.0
trace_commute_000,0,ABCABCAB,8,all,lookup,history_depth_last_h8,history,depth_last,8,9840,9840,1.0,1.0,1.0
trace_commute_000,0,ABCABCAB,8,random70,decision_tree,history_depth_last_h8,history,depth_last,8,6888,2952,0.9986449864498645,0.9986449864498645,1.0
trace_commute_000,0,ABCABCAB,8,all,lookup,memoryless_depth,memoryless,depth,0,9840,9840,0.3334349593495935,0.3334349593495935,1.0
trace_commute_000,0,ABCABCAB,8,random70,decision_tree,memoryless_depth,memoryless,depth,0,6888,2952,0.30691056910569103,0.30691056910569103,1.0
trace_commute_000,0,ABCABCAB,8,all,lookup,history_depth_h1,history,depth,1,9840,9840,0.3334349593495935,0.3334349593495935,1.0
trace_commute_000,0,ABCABCAB,8,random70,decision_tree,history_depth_h1,history,depth,1,6888,2952,0.30691056910569103,0.30691056910569103,1.0
trace_commute_000,0,ABCABCAB,8,all,lookup,history_depth_h2,history,depth,2,9840,9840,0.3334349593495935,0.3334349593495935,1.0
trace_commute_000,0,ABCABCAB,8,random70,decision_tree,history_depth_h2,history,depth,2,6888,2952,0.30691056910569103,0.30691056910569103,1.0
trace_commute_000,0,ABCABCAB,8,all,lookup,history_depth_h4,history,depth,4,9840,9840,0.3334349593495935,0.3334349593495935,1.0
trace_commute_000,0,ABCABCAB,8,random70,decision_tree,history_depth_h4,history,depth,4,6888,2952,0.30691056910569103,0.30691056910569103,1.0
trace_commute_000,0,ABCABCAB,8,all,lookup,history_depth_h8,history,depth,8,9840,9840,0.3334349593495935,0.3334349593495935,1.0
trace_commute_000,0,ABCABCAB,8,random70,decision_tree,history_depth_h8,history,depth,8,6888,2952,0.30691056910569103,0.30691056910569103,1.0
trace_commute_000,0,ABCABCAB,8,all,lookup,hybrid_counts_depth_last_h1,hybrid_counts_depth_last,depth_last,1,9840,9840,0.9994918699186992,0.9994918699186992,1.0
trace_commute_000,0,ABCABCAB,8,random70,decision_tree,hybrid_counts_depth_last_h1,hybrid_counts_depth_last,depth_last,1,6888,2952,0.9993224932249323,0.9993224932249323,1.0
trace_commute_000,0,ABCABCAB,8,all,lookup,hybrid_counts_depth_last_h2,hybrid_counts_depth_last,depth_last,2,9840,9840,0.9995934959349594,0.9995934959349594,1.0
trace_commute_000,0,ABCABCAB,8,random70,decision_tree,hybrid_counts_depth_last_h2,hybrid_counts_depth_last,depth_last,2,6888,2952,0.9993224932249323,0.9993224932249323,1.0
trace_commute_000,0,ABCABCAB,8,all,lookup,hybrid_counts_depth_last_h4,hybrid_counts_depth_last,depth_last,4,9840,9840,0.9997967479674796,0.9997967479674796,1.0
trace_commute_000,0,ABCABCAB,8,random70,decision_tree,hybrid_counts_depth_last_h4,hybrid_counts_depth_last,depth_last,4,6888,2952,0.9979674796747967,0.9979674796747967,1.0
trace_commute_000,0,ABCABCAB,8,all,lookup,hybrid_counts_depth_last_h8,hybrid_counts_depth_last,depth_last,8,9840,9840,1.0,1.0,1.0
trace_commute_000,0,ABCABCAB,8,random70,decision_tree,hybrid_counts_depth_last_h8,hybrid_counts_depth_last,depth_last,8,6888,2952,0.9986449864498645,0.9986449864498645,1.0
trace_commute_000,1,ABCCBBCA,8,all,lookup,full_state,full_state,full,0,9840,9840,1.0,1.0,1.0
trace_commute_000,1,ABCCBBCA,8,random70,decision_tree,full_state,full_state,full,0,6888,2952,0.9979674796747967,0.9979674796747967,1.0
trace_commute_000,1,ABCCBBCA,8,all,lookup,memoryless_counts,memoryless,counts,0,9840,9840,0.517479674796748,0.517479674796748,1.0
trace_commute_000,1,ABCCBBCA,8,random70,decision_tree,memoryless_counts,memoryless,counts,0,6888,2952,0.5050813008130082,0.5050813008130082,1.0
trace_commute_000,1,ABCCBBCA,8,all,lookup,history_counts_h1,history,counts,1,9840,9840,0.517479674796748,0.517479674796748,1.0
trace_commute_000,1,ABCCBBCA,8,random70,decision_tree,history_counts_h1,history,counts,1,6888,2952,0.5050813008130082,0.5050813008130082,1.0
trace_commute_000,1,ABCCBBCA,8,all,lookup,history_counts_h2,history,counts,2,9840,9840,0.9994918699186992,0.9994918699186992,1.0
trace_commute_000,1,ABCCBBCA,8,random70,decision_tree,history_counts_h2,history,counts,2,6888,2952,0.9986449864498645,0.9986449864498645,1.0
trace_commute_000,1,ABCCBBCA,8,all,lookup,history_counts_h4,history,counts,4,9840,9840,0.9996951219512196,0.9996951219512196,1.0
trace_commute_000,1,ABCCBBCA,8,random70,decision_tree,history_counts_h4,history,counts,4,6888,2952,0.9976287262872628,0.9976287262872628,1.0
trace_commute_000,1,ABCCBBCA,8,all,lookup,history_counts_h8,history,counts,8,9840,9840,1.0,1.0,1.0
trace_commute_000,1,ABCCBBCA,8,random70,decision_tree,history_counts_h8,history,counts,8,6888,2952,0.9830623306233063,0.9830623306233063,1.0
trace_commute_000,1,ABCCBBCA,8,all,lookup,memoryless_noisy_counts,memoryless,noisy_counts,0,9840,9840,0.5001016260162602,0.5001016260162602,1.0
trace_commute_000,1,ABCCBBCA,8,random70,decision_tree,memoryless_noisy_counts,memoryless,noisy_counts,0,6888,2952,0.4962737127371274,0.4962737127371274,1.0
trace_commute_000,1,ABCCBBCA,8,all,lookup,history_noisy_counts_h1,history,noisy_counts,1,9840,9840,0.5001016260162602,0.5001016260162602,1.0
trace_commute_000,1,ABCCBBCA,8,random70,decision_tree,history_noisy_counts_h1,history,noisy_counts,1,6888,2952,0.4962737127371274,0.4962737127371274,1.0
trace_commute_000,1,ABCCBBCA,8,all,lookup,history_noisy_counts_h2,history,noisy_counts,2,9840,9840,0.7004065040650407,0.7004065040650407,1.0
trace_commute_000,1,ABCCBBCA,8,random70,decision_tree,history_noisy_counts_h2,history,noisy_counts,2,6888,2952,0.6829268292682927,0.6829268292682927,1.0
trace_commute_000,1,ABCCBBCA,8,all,lookup,history_noisy_counts_h4,history,noisy_counts,4,9840,9840,0.725,0.725,1.0
trace_commute_000,1,ABCCBBCA,8,random70,decision_tree,history_noisy_counts_h4,history,noisy_counts,4,6888,2952,0.7022357723577236,0.7022357723577236,1.0
trace_commute_000,1,ABCCBBCA,8,all,lookup,history_noisy_counts_h8,history,noisy_counts,8,9840,9840,0.725,0.725,1.0
trace_commute_000,1,ABCCBBCA,8,random70,decision_tree,history_noisy_counts_h8,history,noisy_counts,8,6888,2952,0.6490514905149052,0.6490514905149052,1.0
trace_commute_000,1,ABCCBBCA,8,all,lookup,memoryless_depth_last,memoryless,depth_last,0,9840,9840,0.999390243902439,0.999390243902439,1.0
trace_commute_000,1,ABCCBBCA,8,random70,decision_tree,memoryless_depth_last,memoryless,depth_last,0,6888,2952,0.9989837398373984,0.9989837398373984,1.0
trace_commute_000,1,ABCCBBCA,8,all,lookup,history_depth_last_h1,history,depth_last,1,9840,9840,0.999390243902439,0.999390243902439,1.0
trace_commute_000,1,ABCCBBCA,8,random70,decision_tree,history_depth_last_h1,history,depth_last,1,6888,2952,0.9989837398373984,0.9989837398373984,1.0
trace_commute_000,1,ABCCBBCA,8,all,lookup,history_depth_last_h2,history,depth_last,2,9840,9840,0.9994918699186992,0.9994918699186992,1.0
trace_commute_000,1,ABCCBBCA,8,random70,decision_tree,history_depth_last_h2,history,depth_last,2,6888,2952,0.9989837398373984,0.9989837398373984,1.0
trace_commute_000,1,ABCCBBCA,8,all,lookup,history_depth_last_h4,history,depth_last,4,9840,9840,0.9996951219512196,0.9996951219512196,1.0
trace_commute_000,1,ABCCBBCA,8,random70,decision_tree,history_depth_last_h4,history,depth_last,4,6888,2952,0.9979674796747967,0.9979674796747967,1.0
trace_commute_000,1,ABCCBBCA,8,all,lookup,history_depth_last_h8,history,depth_last,8,9840,9840,1.0,1.0,1.0
trace_commute_000,1,ABCCBBCA,8,random70,decision_tree,history_depth_last_h8,history,depth_last,8,6888,2952,0.9979674796747967,0.9979674796747967,1.0
trace_commute_000,1,ABCCBBCA,8,all,lookup,memoryless_depth,memoryless,depth,0,9840,9840,0.3334349593495935,0.3334349593495935,1.0
trace_commute_000,1,ABCCBBCA,8,random70,decision_tree,memoryless_depth,memoryless,depth,0,6888,2952,0.32079945799457993,0.32079945799457993,1.0
trace_commute_000,1,ABCCBBCA,8,all,lookup,history_depth_h1,history,depth,1,9840,9840,0.3334349593495935,0.3334349593495935,1.0
trace_commute_000,1,ABCCBBCA,8,random70,decision_tree,history_depth_h1,history,depth,1,6888,2952,0.32079945799457993,0.32079945799457993,1.0
trace_commute_000,1,ABCCBBCA,8,all,lookup,history_depth_h2,history,depth,2,9840,9840,0.3334349593495935,0.3334349593495935,1.0
trace_commute_000,1,ABCCBBCA,8,random70,decision_tree,history_depth_h2,history,depth,2,6888,2952,0.32079945799457993,0.32079945799457993,1.0
trace_commute_000,1,ABCCBBCA,8,all,lookup,history_depth_h4,history,depth,4,9840,9840,0.3334349593495935,0.3334349593495935,1.0
trace_commute_000,1,ABCCBBCA,8,random70,decision_tree,history_depth_h4,history,depth,4,6888,2952,0.32079945799457993,0.32079945799457993,1.0
trace_commute_000,1,ABCCBBCA,8,all,lookup,history_depth_h8,history,depth,8,9840,9840,0.3334349593495935,0.3334349593495935,1.0
trace_commute_000,1,ABCCBBCA,8,random70,decision_tree,history_depth_h8,history,depth,8,6888,2952,0.32079945799457993,0.32079945799457993,1.0
trace_commute_000,1,ABCCBBCA,8,all,lookup,hybrid_counts_depth_last_h1,hybrid_counts_depth_last,depth_last,1,9840,9840,0.9994918699186992,0.9994918699186992,1.0
trace_commute_000,1,ABCCBBCA,8,random70,decision_tree,hybrid_counts_depth_last_h1,hybrid_counts_depth_last,depth_last,1,6888,2952,0.9989837398373984,0.9989837398373984,1.0
trace_commute_000,1,ABCCBBCA,8,all,lookup,hybrid_counts_depth_last_h2,hybrid_counts_depth_last,depth_last,2,9840,9840,0.9995934959349594,0.9995934959349594,1.0
trace_commute_000,1,ABCCBBCA,8,random70,decision_tree,hybrid_counts_depth_last_h2,hybrid_counts_depth_last,depth_last,2,6888,2952,0.9989837398373984,0.9989837398373984,1.0
trace_commute_000,1,ABCCBBCA,8,all,lookup,hybrid_counts_depth_last_h4,hybrid_counts_depth_last,depth_last,4,9840,9840,0.9997967479674796,0.9997967479674796,1.0
trace_commute_000,1,ABCCBBCA,8,random70,decision_tree,hybrid_counts_depth_last_h4,hybrid_counts_depth_last,depth_last,4,6888,2952,0.9983062330623306,0.9983062330623306,1.0
trace_commute_000,1,ABCCBBCA,8,all,lookup,hybrid_counts_depth_last_h8,hybrid_counts_depth_last,depth_last,8,9840,9840,1.0,1.0,1.0
trace_commute_000,1,ABCCBBCA,8,random70,decision_tree,hybrid_counts_depth_last_h8,hybrid_counts_depth_last,depth_last,8,6888,2952,0.9976287262872628,0.9976287262872628,1.0
trace_commute_000,2,ACCCB,5,all,lookup,full_state,full_state,full,0,9840,9840,1.0,1.0,1.0
trace_commute_000,2,ACCCB,5,random70,decision_tree,full_state,full_state,full,0,6888,2952,0.9966124661246613,0.9966124661246613,1.0
trace_commute_000,2,ACCCB,5,all,lookup,memoryless_counts,memoryless,counts,0,9840,9840,0.517479674796748,0.517479674796748,1.0
trace_commute_000,2,ACCCB,5,random70,decision_tree,memoryless_counts,memoryless,counts,0,6888,2952,0.4911924119241192,0.4911924119241192,1.0
trace_commute_000,2,ACCCB,5,all,lookup,history_counts_h1,history,counts,1,9840,9840,0.517479674796748,0.517479674796748,1.0
trace_commute_000,2,ACCCB,5,random70,decision_tree,history_counts_h1,history,counts,1,6888,2952,0.4911924119241192,0.4911924119241192,1.0
trace_commute_000,2,ACCCB,5,all,lookup,history_counts_h2,history,counts,2,9840,9840,0.9997967479674796,0.9997967479674796,1.0
trace_commute_000,2,ACCCB,5,random70,decision_tree,history_counts_h2,history,counts,2,6888,2952,0.9989837398373984,0.9989837398373984,1.0
trace_commute_000,2,ACCCB,5,all,lookup,history_counts_h4,history,counts,4,9840,9840,1.0,1.0,1.0
trace_commute_000,2,ACCCB,5,random70,decision_tree,history_counts_h4,history,counts,4,6888,2952,0.9983062330623306,0.9983062330623306,1.0
trace_commute_000,2,ACCCB,5,all,lookup,history_counts_h8,history,counts,8,9840,9840,1.0,1.0,1.0
trace_commute_000,2,ACCCB,5,random70,decision_tree,history_counts_h8,history,counts,8,6888,2952,0.9789972899728997,0.9789972899728997,1.0
trace_commute_000,2,ACCCB,5,all,lookup,memoryless_noisy_counts,memoryless,noisy_counts,0,9840,9840,0.5002032520325204,0.5002032520325204,1.0
trace_commute_000,2,ACCCB,5,random70,decision_tree,memoryless_noisy_counts,memoryless,noisy_counts,0,6888,2952,0.47831978319783197,0.47831978319783197,1.0
trace_commute_000,2,ACCCB,5,all,lookup,history_noisy_counts_h1,history,noisy_counts,1,9840,9840,0.5002032520325204,0.5002032520325204,1.0
trace_commute_000,2,ACCCB,5,random70,decision_tree,history_noisy_counts_h1,history,noisy_counts,1,6888,2952,0.47831978319783197,0.47831978319783197,1.0
trace_commute_000,2,ACCCB,5,all,lookup,history_noisy_counts_h2,history,noisy_counts,2,9840,9840,0.7007113821138211,0.7007113821138211,1.0
trace_commute_000,2,ACCCB,5,random70,decision_tree,history_noisy_counts_h2,history,noisy_counts,2,6888,2952,0.6937669376693767,0.6937669376693767,1.0
trace_commute_000,2,ACCCB,5,all,lookup,history_noisy_counts_h4,history,noisy_counts,4,9840,9840,0.7251016260162602,0.7251016260162602,1.0
trace_commute_000,2,ACCCB,5,random70,decision_tree,history_noisy_counts_h4,history,noisy_counts,4,6888,2952,0.7018970189701897,0.7018970189701897,1.0
trace_commute_000,2,ACCCB,5,all,lookup,history_noisy_counts_h8,history,noisy_counts,8,9840,9840,0.7251016260162602,0.7251016260162602,1.0
trace_commute_000,2,ACCCB,5,random70,decision_tree,history_noisy_counts_h8,history,noisy_counts,8,6888,2952,0.6504065040650406,0.6504065040650406,1.0
trace_commute_000,2,ACCCB,5,all,lookup,memoryless_depth_last,memoryless,depth_last,0,9840,9840,0.9996951219512196,0.9996951219512196,1.0
trace_commute_000,2,ACCCB,5,random70,decision_tree,memoryless_depth_last,memoryless,depth_last,0,6888,2952,0.9996612466124661,0.9996612466124661,1.0
trace_commute_000,2,ACCCB,5,all,lookup,history_depth_last_h1,history,depth_last,1,9840,9840,0.9996951219512196,0.9996951219512196,1.0
trace_commute_000,2,ACCCB,5,random70,decision_tree,history_depth_last_h1,history,depth_last,1,6888,2952,0.9996612466124661,0.9996612466124661,1.0
trace_commute_000,2,ACCCB,5,all,lookup,history_depth_last_h2,history,depth_last,2,9840,9840,0.9997967479674796,0.9997967479674796,1.0
trace_commute_000,2,ACCCB,5,random70,decision_tree,history_depth_last_h2,history,depth_last,2,6888,2952,0.9996612466124661,0.9996612466124661,1.0
trace_commute_000,2,ACCCB,5,all,lookup,history_depth_last_h4,history,depth_last,4,9840,9840,1.0,1.0,1.0
trace_commute_000,2,ACCCB,5,random70,decision_tree,history_depth_last_h4,history,depth_last,4,6888,2952,0.9966124661246613,0.9966124661246613,1.0
trace_commute_000,2,ACCCB,5,all,lookup,history_depth_last_h8,history,depth_last,8,9840,9840,1.0,1.0,1.0
trace_commute_000,2,ACCCB,5,random70,decision_tree,history_depth_last_h8,history,depth_last,8,6888,2952,0.9966124661246613,0.9966124661246613,1.0
trace_commute_000,2,ACCCB,5,all,lookup,memoryless_depth,memoryless,depth,0,9840,9840,0.3334349593495935,0.3334349593495935,1.0
trace_commute_000,2,ACCCB,5,random70,decision_tree,memoryless_depth,memoryless,depth,0,6888,2952,0.30589430894308944,0.30589430894308944,1.0
trace_commute_000,2,ACCCB,5,all,lookup,history_depth_h1,history,depth,1,9840,9840,0.3334349593495935,0.3334349593495935,1.0
trace_commute_000,2,ACCCB,5,random70,decision_tree,history_depth_h1,history,depth,1,6888,2952,0.30589430894308944,0.30589430894308944,1.0
trace_commute_000,2,ACCCB,5,all,lookup,history_depth_h2,history,depth,2,9840,9840,0.3334349593495935,0.3334349593495935,1.0
trace_commute_000,2,ACCCB,5,random70,decision_tree,history_depth_h2,history,depth,2,6888,2952,0.30589430894308944,0.30589430894308944,1.0
trace_commute_000,2,ACCCB,5,all,lookup,history_depth_h4,history,depth,4,9840,9840,0.3334349593495935,0.3334349593495935,1.0
trace_commute_000,2,ACCCB,5,random70,decision_tree,history_depth_h4,history,depth,4,6888,2952,0.30589430894308944,0.30589430894308944,1.0
trace_commute_000,2,ACCCB,5,all,lookup,history_depth_h8,history,depth,8,9840,9840,0.3334349593495935,0.3334349593495935,1.0
trace_commute_000,2,ACCCB,5,random70,decision_tree,history_depth_h8,history,depth,8,6888,2952,0.30589430894308944,0.30589430894308944,1.0
trace_commute_000,2,ACCCB,5,all,lookup,hybrid_counts_depth_last_h1,hybrid_counts_depth_last,depth_last,1,9840,9840,0.9997967479674796,0.9997967479674796,1.0
trace_commute_000,2,ACCCB,5,random70,decision_tree,hybrid_counts_depth_last_h1,hybrid_counts_depth_last,depth_last,1,6888,2952,0.9996612466124661,0.9996612466124661,1.0
trace_commute_000,2,ACCCB,5,all,lookup,hybrid_counts_depth_last_h2,hybrid_counts_depth_last,depth_last,2,9840,9840,0.9998983739837398,0.9998983739837398,1.0
trace_commute_000,2,ACCCB,5,random70,decision_tree,hybrid_counts_depth_last_h2,hybrid_counts_depth_last,depth_last,2,6888,2952,0.9986449864498645,0.9986449864498645,1.0
trace_commute_000,2,ACCCB,5,all,lookup,hybrid_counts_depth_last_h4,hybrid_counts_depth_last,depth_last,4,9840,9840,1.0,1.0,1.0
trace_commute_000,2,ACCCB,5,random70,decision_tree,hybrid_counts_depth_last_h4,hybrid_counts_depth_last,depth_last,4,6888,2952,0.9969512195121951,0.9969512195121951,1.0
trace_commute_000,2,ACCCB,5,all,lookup,hybrid_counts_depth_last_h8,hybrid_counts_depth_last,depth_last,8,9840,9840,1.0,1.0,1.0
trace_commute_000,2,ACCCB,5,random70,decision_tree,hybrid_counts_depth_last_h8,hybrid_counts_depth_last,depth_last,8,6888,2952,0.9969512195121951,0.9969512195121951,1.0
trace_commute_000,3,BBAACACB,8,all,lookup,full_state,full_state,full,0,9840,9840,1.0,1.0,1.0
trace_commute_000,3,BBAACACB,8,random70,decision_tree,full_state,full_state,full,0,6888,2952,0.9969512195121951,0.9969512195121951,1.0
trace_commute_000,3,BBAACACB,8,all,lookup,memoryless_counts,memoryless,counts,0,9840,9840,0.5175813008130081,0.5175813008130081,1.0
trace_commute_000,3,BBAACACB,8,random70,decision_tree,memoryless_counts,memoryless,counts,0,6888,2952,0.5044037940379403,0.5044037940379403,1.0
trace_commute_000,3,BBAACACB,8,all,lookup,history_counts_h1,history,counts,1,9840,9840,0.5175813008130081,0.5175813008130081,1.0
trace_commute_000,3,BBAACACB,8,random70,decision_tree,history_counts_h1,history,counts,1,6888,2952,0.5044037940379403,0.5044037940379403,1.0
trace_commute_000,3,BBAACACB,8,all,lookup,history_counts_h2,history,counts,2,9840,9840,0.9995934959349594,0.9995934959349594,1.0
trace_commute_000,3,BBAACACB,8,random70,decision_tree,history_counts_h2,history,counts,2,6888,2952,0.9989837398373984,0.9989837398373984,1.0
trace_commute_000,3,BBAACACB,8,all,lookup,history_counts_h4,history,counts,4,9840,9840,0.9997967479674796,0.9997967479674796,1.0
trace_commute_000,3,BBAACACB,8,random70,decision_tree,history_counts_h4,history,counts,4,6888,2952,0.997289972899729,0.997289972899729,1.0
trace_commute_000,3,BBAACACB,8,all,lookup,history_counts_h8,history,counts,8,9840,9840,1.0,1.0,1.0
trace_commute_000,3,BBAACACB,8,random70,decision_tree,history_counts_h8,history,counts,8,6888,2952,0.9857723577235772,0.9857723577235772,1.0
trace_commute_000,3,BBAACACB,8,all,lookup,memoryless_noisy_counts,memoryless,noisy_counts,0,9840,9840,0.5003048780487804,0.5003048780487804,1.0
trace_commute_000,3,BBAACACB,8,random70,decision_tree,memoryless_noisy_counts,memoryless,noisy_counts,0,6888,2952,0.4898373983739837,0.4898373983739837,1.0
trace_commute_000,3,BBAACACB,8,all,lookup,history_noisy_counts_h1,history,noisy_counts,1,9840,9840,0.5003048780487804,0.5003048780487804,1.0
trace_commute_000,3,BBAACACB,8,random70,decision_tree,history_noisy_counts_h1,history,noisy_counts,1,6888,2952,0.4898373983739837,0.4898373983739837,1.0
trace_commute_000,3,BBAACACB,8,all,lookup,history_noisy_counts_h2,history,noisy_counts,2,9840,9840,0.7006097560975609,0.7006097560975609,1.0
trace_commute_000,3,BBAACACB,8,random70,decision_tree,history_noisy_counts_h2,history,noisy_counts,2,6888,2952,0.6927506775067751,0.6927506775067751,1.0
trace_commute_000,3,BBAACACB,8,all,lookup,history_noisy_counts_h4,history,noisy_counts,4,9840,9840,0.725,0.725,1.0
trace_commute_000,3,BBAACACB,8,random70,decision_tree,history_noisy_counts_h4,history,noisy_counts,4,6888,2952,0.7035907859078591,0.7035907859078591,1.0
trace_commute_000,3,BBAACACB,8,all,lookup,history_noisy_counts_h8,history,noisy_counts,8,9840,9840,0.7252032520325203,0.7252032520325203,1.0
trace_commute_000,3,BBAACACB,8,random70,decision_tree,history_noisy_counts_h8,history,noisy_counts,8,6888,2952,0.6544715447154471,0.6544715447154471,1.0
trace_commute_000,3,BBAACACB,8,all,lookup,memoryless_depth_last,memoryless,depth_last,0,9840,9840,0.999390243902439,0.999390243902439,1.0
trace_commute_000,3,BBAACACB,8,random70,decision_tree,memoryless_depth_last,memoryless,depth_last,0,6888,2952,0.9996612466124661,0.9996612466124661,1.0
trace_commute_000,3,BBAACACB,8,all,lookup,history_depth_last_h1,history,depth_last,1,9840,9840,0.999390243902439,0.999390243902439,1.0
trace_commute_000,3,BBAACACB,8,random70,decision_tree,history_depth_last_h1,history,depth_last,1,6888,2952,0.9996612466124661,0.9996612466124661,1.0
trace_commute_000,3,BBAACACB,8,all,lookup,history_depth_last_h2,history,depth_last,2,9840,9840,0.9994918699186992,0.9994918699186992,1.0
trace_commute_000,3,BBAACACB,8,random70,decision_tree,history_depth_last_h2,history,depth_last,2,6888,2952,0.9989837398373984,0.9989837398373984,1.0
trace_commute_000,3,BBAACACB,8,all,lookup,history_depth_last_h4,history,depth_last,4,9840,9840,0.9996951219512196,0.9996951219512196,1.0
trace_commute_000,3,BBAACACB,8,random70,decision_tree,history_depth_last_h4,history,depth_last,4,6888,2952,0.9989837398373984,0.9989837398373984,1.0
trace_commute_000,3,BBAACACB,8,all,lookup,history_depth_last_h8,history,depth_last,8,9840,9840,1.0,1.0,1.0
trace_commute_000,3,BBAACACB,8,random70,decision_tree,history_depth_last_h8,history,depth_last,8,6888,2952,0.997289972899729,0.997289972899729,1.0
trace_commute_000,3,BBAACACB,8,all,lookup,memoryless_depth,memoryless,depth,0,9840,9840,0.3334349593495935,0.3334349593495935,1.0
trace_commute_000,3,BBAACACB,8,random70,decision_tree,memoryless_depth,memoryless,depth,0,6888,2952,0.32350948509485095,0.32350948509485095,1.0
trace_commute_000,3,BBAACACB,8,all,lookup,history_depth_h1,history,depth,1,9840,9840,0.3334349593495935,0.3334349593495935,1.0
trace_commute_000,3,BBAACACB,8,random70,decision_tree,history_depth_h1,history,depth,1,6888,2952,0.32350948509485095,0.32350948509485095,1.0
trace_commute_000,3,BBAACACB,8,all,lookup,history_depth_h2,history,depth,2,9840,9840,0.3334349593495935,0.3334349593495935,1.0
trace_commute_000,3,BBAACACB,8,random70,decision_tree,history_depth_h2,history,depth,2,6888,2952,0.32350948509485095,0.32350948509485095,1.0
trace_commute_000,3,BBAACACB,8,all,lookup,history_depth_h4,history,depth,4,9840,9840,0.3334349593495935,0.3334349593495935,1.0
trace_commute_000,3,BBAACACB,8,random70,decision_tree,history_depth_h4,history,depth,4,6888,2952,0.32350948509485095,0.32350948509485095,1.0
trace_commute_000,3,BBAACACB,8,all,lookup,history_depth_h8,history,depth,8,9840,9840,0.3334349593495935,0.3334349593495935,1.0
trace_commute_000,3,BBAACACB,8,random70,decision_tree,history_depth_h8,history,depth,8,6888,2952,0.32350948509485095,0.32350948509485095,1.0
trace_commute_000,3,BBAACACB,8,all,lookup,hybrid_counts_depth_last_h1,hybrid_counts_depth_last,depth_last,1,9840,9840,0.9995934959349594,0.9995934959349594,1.0
trace_commute_000,3,BBAACACB,8,random70,decision_tree,hybrid_counts_depth_last_h1,hybrid_counts_depth_last,depth_last,1,6888,2952,0.9989837398373984,0.9989837398373984,1.0
trace_commute_000,3,BBAACACB,8,all,lookup,hybrid_counts_depth_last_h2,hybrid_counts_depth_last,depth_last,2,9840,9840,0.9996951219512196,0.9996951219512196,1.0
trace_commute_000,3,BBAACACB,8,random70,decision_tree,hybrid_counts_depth_last_h2,hybrid_counts_depth_last,depth_last,2,6888,2952,0.9986449864498645,0.9986449864498645,1.0
trace_commute_000,3,BBAACACB,8,all,lookup,hybrid_counts_depth_last_h4,hybrid_counts_depth_last,depth_last,4,9840,9840,0.9998983739837398,0.9998983739837398,1.0
trace_commute_000,3,BBAACACB,8,random70,decision_tree,hybrid_counts_depth_last_h4,hybrid_counts_depth_last,depth_last,4,6888,2952,0.9966124661246613,0.9966124661246613,1.0
trace_commute_000,3,BBAACACB,8,all,lookup,hybrid_counts_depth_last_h8,hybrid_counts_depth_last,depth_last,8,9840,9840,1.0,1.0,1.0
trace_commute_000,3,BBAACACB,8,random70,decision_tree,hybrid_counts_depth_last_h8,hybrid_counts_depth_last,depth_last,8,6888,2952,0.9976287262872628,0.9976287262872628,1.0
trace_commute_000,4,BCCBCBCA,8,all,lookup,full_state,full_state,full,0,9840,9840,1.0,1.0,1.0
trace_commute_000,4,BCCBCBCA,8,random70,decision_tree,full_state,full_state,full,0,6888,2952,0.9979674796747967,0.9979674796747967,1.0
trace_commute_000,4,BCCBCBCA,8,all,lookup,memoryless_counts,memoryless,counts,0,9840,9840,0.5173780487804878,0.5173780487804878,1.0
trace_commute_000,4,BCCBCBCA,8,random70,decision_tree,memoryless_counts,memoryless,counts,0,6888,2952,0.5050813008130082,0.5050813008130082,1.0
trace_commute_000,4,BCCBCBCA,8,all,lookup,history_counts_h1,history,counts,1,9840,9840,0.5173780487804878,0.5173780487804878,1.0
trace_commute_000,4,BCCBCBCA,8,random70,decision_tree,history_counts_h1,history,counts,1,6888,2952,0.5050813008130082,0.5050813008130082,1.0
trace_commute_000,4,BCCBCBCA,8,all,lookup,history_counts_h2,history,counts,2,9840,9840,0.9994918699186992,0.9994918699186992,1.0
trace_commute_000,4,BCCBCBCA,8,random70,decision_tree,history_counts_h2,history,counts,2,6888,2952,0.9983062330623306,0.9983062330623306,1.0
trace_commute_000,4,BCCBCBCA,8,all,lookup,history_counts_h4,history,counts,4,9840,9840,0.9996951219512196,0.9996951219512196,1.0
trace_commute_000,4,BCCBCBCA,8,random70,decision_tree,history_counts_h4,history,counts,4,6888,2952,0.997289972899729,0.997289972899729,1.0
trace_commute_000,4,BCCBCBCA,8,all,lookup,history_counts_h8,history,counts,8,9840,9840,1.0,1.0,1.0
trace_commute_000,4,BCCBCBCA,8,random70,decision_tree,history_counts_h8,history,counts,8,6888,2952,0.9820460704607046,0.9820460704607046,1.0
trace_commute_000,4,BCCBCBCA,8,all,lookup,memoryless_noisy_counts,memoryless,noisy_counts,0,9840,9840,0.5001016260162602,0.5001016260162602,1.0
trace_commute_000,4,BCCBCBCA,8,random70,decision_tree,memoryless_noisy_counts,memoryless,noisy_counts,0,6888,2952,0.4955962059620596,0.4955962059620596,1.0
trace_commute_000,4,BCCBCBCA,8,all,lookup,history_noisy_counts_h1,history,noisy_counts,1,9840,9840,0.5001016260162602,0.5001016260162602,1.0
trace_commute_000,4,BCCBCBCA,8,random70,decision_tree,history_noisy_counts_h1,history,noisy_counts,1,6888,2952,0.4955962059620596,0.4955962059620596,1.0
trace_commute_000,4,BCCBCBCA,8,all,lookup,history_noisy_counts_h2,history,noisy_counts,2,9840,9840,0.7005081300813009,0.7005081300813009,1.0
trace_commute_000,4,BCCBCBCA,8,random70,decision_tree,history_noisy_counts_h2,history,noisy_counts,2,6888,2952,0.6988482384823849,0.6988482384823849,1.0
trace_commute_000,4,BCCBCBCA,8,all,lookup,history_noisy_counts_h4,history,noisy_counts,4,9840,9840,0.7248983739837398,0.7248983739837398,1.0
trace_commute_000,4,BCCBCBCA,8,random70,decision_tree,history_noisy_counts_h4,history,noisy_counts,4,6888,2952,0.6968157181571816,0.6968157181571816,1.0
trace_commute_000,4,BCCBCBCA,8,all,lookup,history_noisy_counts_h8,history,noisy_counts,8,9840,9840,0.725,0.725,1.0
trace_commute_000,4,BCCBCBCA,8,random70,decision_tree,history_noisy_counts_h8,history,noisy_counts,8,6888,2952,0.649390243902439,0.649390243902439,1.0
trace_commute_000,4,BCCBCBCA,8,all,lookup,memoryless_depth_last,memoryless,depth_last,0,9840,9840,0.999390243902439,0.999390243902439,1.0
trace_commute_000,4,BCCBCBCA,8,random70,decision_tree,memoryless_depth_last,memoryless,depth_last,0,6888,2952,0.9993224932249323,0.9993224932249323,1.0
trace_commute_000,4,BCCBCBCA,8,all,lookup,history_depth_last_h1,history,depth_last,1,9840,9840,0.999390243902439,0.999390243902439,1.0
trace_commute_000,4,BCCBCBCA,8,random70,decision_tree,history_depth_last_h1,history,depth_last,1,6888,2952,0.9993224932249323,0.9993224932249323,1.0
trace_commute_000,4,BCCBCBCA,8,all,lookup,history_depth_last_h2,history,depth_last,2,9840,9840,0.9994918699186992,0.9994918699186992,1.0
trace_commute_000,4,BCCBCBCA,8,random70,decision_tree,history_depth_last_h2,history,depth_last,2,6888,2952,0.9993224932249323,0.9993224932249323,1.0
trace_commute_000,4,BCCBCBCA,8,all,lookup,history_depth_last_h4,history,depth_last,4,9840,9840,0.9996951219512196,0.9996951219512196,1.0
trace_commute_000,4,BCCBCBCA,8,random70,decision_tree,history_depth_last_h4,history,depth_last,4,6888,2952,0.997289972899729,0.997289972899729,1.0
trace_commute_000,4,BCCBCBCA,8,all,lookup,history_depth_last_h8,history,depth_last,8,9840,9840,1.0,1.0,1.0
trace_commute_000,4,BCCBCBCA,8,random70,decision_tree,history_depth_last_h8,history,depth_last,8,6888,2952,0.9979674796747967,0.9979674796747967,1.0
trace_commute_000,4,BCCBCBCA,8,all,lookup,memoryless_depth,memoryless,depth,0,9840,9840,0.3334349593495935,0.3334349593495935,1.0
trace_commute_000,4,BCCBCBCA,8,random70,decision_tree,memoryless_depth,memoryless,depth,0,6888,2952,0.3228319783197832,0.3228319783197832,1.0
trace_commute_000,4,BCCBCBCA,8,all,lookup,history_depth_h1,history,depth,1,9840,9840,0.3334349593495935,0.3334349593495935,1.0
trace_commute_000,4,BCCBCBCA,8,random70,decision_tree,history_depth_h1,history,depth,1,6888,2952,0.3228319783197832,0.3228319783197832,1.0
trace_commute_000,4,BCCBCBCA,8,all,lookup,history_depth_h2,history,depth,2,9840,9840,0.3334349593495935,0.3334349593495935,1.0
trace_commute_000,4,BCCBCBCA,8,random70,decision_tree,history_depth_h2,history,depth,2,6888,2952,0.3228319783197832,0.3228319783197832,1.0
trace_commute_000,4,BCCBCBCA,8,all,lookup,history_depth_h4,history,depth,4,9840,9840,0.3334349593495935,0.3334349593495935,1.0
trace_commute_000,4,BCCBCBCA,8,random70,decision_tree,history_depth_h4,history,depth,4,6888,2952,0.3228319783197832,0.3228319783197832,1.0
trace_commute_000,4,BCCBCBCA,8,all,lookup,history_depth_h8,history,depth,8,9840,9840,0.3334349593495935,0.3334349593495935,1.0
trace_commute_000,4,BCCBCBCA,8,random70,decision_tree,history_depth_h8,history,depth,8,6888,2952,0.3228319783197832,0.3228319783197832,1.0
trace_commute_000,4,BCCBCBCA,8,all,lookup,hybrid_counts_depth_last_h1,hybrid_counts_depth_last,depth_last,1,9840,9840,0.9994918699186992,0.9994918699186992,1.0
trace_commute_000,4,BCCBCBCA,8,random70,decision_tree,hybrid_counts_depth_last_h1,hybrid_counts_depth_last,depth_last,1,6888,2952,0.9993224932249323,0.9993224932249323,1.0
trace_commute_000,4,BCCBCBCA,8,all,lookup,hybrid_counts_depth_last_h2,hybrid_counts_depth_last,depth_last,2,9840,9840,0.9995934959349594,0.9995934959349594,1.0
trace_commute_000,4,BCCBCBCA,8,random70,decision_tree,hybrid_counts_depth_last_h2,hybrid_counts_depth_last,depth_last,2,6888,2952,0.9983062330623306,0.9983062330623306,1.0
trace_commute_000,4,BCCBCBCA,8,all,lookup,hybrid_counts_depth_last_h4,hybrid_counts_depth_last,depth_last,4,9840,9840,0.9997967479674796,0.9997967479674796,1.0
trace_commute_000,4,BCCBCBCA,8,random70,decision_tree,hybrid_counts_depth_last_h4,hybrid_counts_depth_last,depth_last,4,6888,2952,0.9979674796747967,0.9979674796747967,1.0
trace_commute_000,4,BCCBCBCA,8,all,lookup,hybrid_counts_depth_last_h8,hybrid_counts_depth_last,depth_last,8,9840,9840,1.0,1.0,1.0
trace_commute_000,4,BCCBCBCA,8,random70,decision_tree,hybrid_counts_depth_last_h8,hybrid_counts_depth_last,depth_last,8,6888,2952,0.9986449864498645,0.9986449864498645,1.0
trace_commute_000,5,CABABBAA,8,all,lookup,full_state,full_state,full,0,9840,9840,1.0,1.0,1.0
trace_commute_000,5,CABABBAA,8,random70,decision_tree,full_state,full_state,full,0,6888,2952,0.9976287262872628,0.9976287262872628,1.0
trace_commute_000,5,CABABBAA,8,all,lookup,memoryless_counts,memoryless,counts,0,9840,9840,0.5173780487804878,0.5173780487804878,1.0
trace_commute_000,5,CABABBAA,8,random70,decision_tree,memoryless_counts,memoryless,counts,0,6888,2952,0.502710027100271,0.502710027100271,1.0
trace_commute_000,5,CABABBAA,8,all,lookup,history_counts_h1,history,counts,1,9840,9840,0.5173780487804878,0.5173780487804878,1.0
trace_commute_000,5,CABABBAA,8,random70,decision_tree,history_counts_h1,history,counts,1,6888,2952,0.502710027100271,0.502710027100271,1.0
trace_commute_000,5,CABABBAA,8,all,lookup,history_counts_h2,history,counts,2,9840,9840,0.9994918699186992,0.9994918699186992,1.0
trace_commute_000,5,CABABBAA,8,random70,decision_tree,history_counts_h2,history,counts,2,6888,2952,0.9993224932249323,0.9993224932249323,1.0
trace_commute_000,5,CABABBAA,8,all,lookup,history_counts_h4,history,counts,4,9840,9840,0.9996951219512196,0.9996951219512196,1.0
trace_commute_000,5,CABABBAA,8,random70,decision_tree,history_counts_h4,history,counts,4,6888,2952,0.9983062330623306,0.9983062330623306,1.0
trace_commute_000,5,CABABBAA,8,all,lookup,history_counts_h8,history,counts,8,9840,9840,1.0,1.0,1.0
trace_commute_000,5,CABABBAA,8,random70,decision_tree,history_counts_h8,history,counts,8,6888,2952,0.9796747967479674,0.9796747967479674,1.0
trace_commute_000,5,CABABBAA,8,all,lookup,memoryless_noisy_counts,memoryless,noisy_counts,0,9840,9840,0.5,0.5,1.0
trace_commute_000,5,CABABBAA,8,random70,decision_tree,memoryless_noisy_counts,memoryless,noisy_counts,0,6888,2952,0.4898373983739837,0.4898373983739837,1.0
trace_commute_000,5,CABABBAA,8,all,lookup,history_noisy_counts_h1,history,noisy_counts,1,9840,9840,0.5,0.5,1.0
trace_commute_000,5,CABABBAA,8,random70,decision_tree,history_noisy_counts_h1,history,noisy_counts,1,6888,2952,0.4898373983739837,0.4898373983739837,1.0
trace_commute_000,5,CABABBAA,8,all,lookup,history_noisy_counts_h2,history,noisy_counts,2,9840,9840,0.7004065040650407,0.7004065040650407,1.0
trace_commute_000,5,CABABBAA,8,random70,decision_tree,history_noisy_counts_h2,history,noisy_counts,2,6888,2952,0.6961382113821138,0.6961382113821138,1.0
trace_commute_000,5,CABABBAA,8,all,lookup,history_noisy_counts_h4,history,noisy_counts,4,9840,9840,0.725,0.725,1.0
trace_commute_000,5,CABABBAA,8,random70,decision_tree,history_noisy_counts_h4,history,noisy_counts,4,6888,2952,0.7002032520325203,0.7002032520325203,1.0
trace_commute_000,5,CABABBAA,8,all,lookup,history_noisy_counts_h8,history,noisy_counts,8,9840,9840,0.725,0.725,1.0
trace_commute_000,5,CABABBAA,8,random70,decision_tree,history_noisy_counts_h8,history,noisy_counts,8,6888,2952,0.6558265582655827,0.6558265582655827,1.0
trace_commute_000,5,CABABBAA,8,all,lookup,memoryless_depth_last,memoryless,depth_last,0,9840,9840,0.999390243902439,0.999390243902439,1.0
trace_commute_000,5,CABABBAA,8,random70,decision_tree,memoryless_depth_last,memoryless,depth_last,0,6888,2952,1.0,1.0,1.0
trace_commute_000,5,CABABBAA,8,all,lookup,history_depth_last_h1,history,depth_last,1,9840,9840,0.999390243902439,0.999390243902439,1.0
trace_commute_000,5,CABABBAA,8,random70,decision_tree,history_depth_last_h1,history,depth_last,1,6888,2952,1.0,1.0,1.0
trace_commute_000,5,CABABBAA,8,all,lookup,history_depth_last_h2,history,depth_last,2,9840,9840,0.9994918699186992,0.9994918699186992,1.0
trace_commute_000,5,CABABBAA,8,random70,decision_tree,history_depth_last_h2,history,depth_last,2,6888,2952,1.0,1.0,1.0
trace_commute_000,5,CABABBAA,8,all,lookup,history_depth_last_h4,history,depth_last,4,9840,9840,0.9996951219512196,0.9996951219512196,1.0
trace_commute_000,5,CABABBAA,8,random70,decision_tree,history_depth_last_h4,history,depth_last,4,6888,2952,0.9989837398373984,0.9989837398373984,1.0
trace_commute_000,5,CABABBAA,8,all,lookup,history_depth_last_h8,history,depth_last,8,9840,9840,1.0,1.0,1.0
trace_commute_000,5,CABABBAA,8,random70,decision_tree,history_depth_last_h8,history,depth_last,8,6888,2952,0.9976287262872628,0.9976287262872628,1.0
trace_commute_000,5,CABABBAA,8,all,lookup,memoryless_depth,memoryless,depth,0,9840,9840,0.3334349593495935,0.3334349593495935,1.0
trace_commute_000,5,CABABBAA,8,random70,decision_tree,memoryless_depth,memoryless,depth,0,6888,2952,0.3245257452574526,0.3245257452574526,1.0
trace_commute_000,5,CABABBAA,8,all,lookup,history_depth_h1,history,depth,1,9840,9840,0.3334349593495935,0.3334349593495935,1.0
trace_commute_000,5,CABABBAA,8,random70,decision_tree,history_depth_h1,history,depth,1,6888,2952,0.3245257452574526,0.3245257452574526,1.0
trace_commute_000,5,CABABBAA,8,all,lookup,history_depth_h2,history,depth,2,9840,9840,0.3334349593495935,0.3334349593495935,1.0
trace_commute_000,5,CABABBAA,8,random70,decision_tree,history_depth_h2,history,depth,2,6888,2952,0.3245257452574526,0.3245257452574526,1.0
trace_commute_000,5,CABABBAA,8,all,lookup,history_depth_h4,history,depth,4,9840,9840,0.3334349593495935,0.3334349593495935,1.0
trace_commute_000,5,CABABBAA,8,random70,decision_tree,history_depth_h4,history,depth,4,6888,2952,0.3245257452574526,0.3245257452574526,1.0
trace_commute_000,5,CABABBAA,8,all,lookup,history_depth_h8,history,depth,8,9840,9840,0.3334349593495935,0.3334349593495935,1.0
trace_commute_000,5,CABABBAA,8,random70,decision_tree,history_depth_h8,history,depth,8,6888,2952,0.3245257452574526,0.3245257452574526,1.0
trace_commute_000,5,CABABBAA,8,all,lookup,hybrid_counts_depth_last_h1,hybrid_counts_depth_last,depth_last,1,9840,9840,0.9994918699186992,0.9994918699186992,1.0
trace_commute_000,5,CABABBAA,8,random70,decision_tree,hybrid_counts_depth_last_h1,hybrid_counts_depth_last,depth_last,1,6888,2952,1.0,1.0,1.0
trace_commute_000,5,CABABBAA,8,all,lookup,hybrid_counts_depth_last_h2,hybrid_counts_depth_last,depth_last,2,9840,9840,0.9995934959349594,0.9995934959349594,1.0
trace_commute_000,5,CABABBAA,8,random70,decision_tree,hybrid_counts_depth_last_h2,hybrid_counts_depth_last,depth_last,2,6888,2952,1.0,1.0,1.0
trace_commute_000,5,CABABBAA,8,all,lookup,hybrid_counts_depth_last_h4,hybrid_counts_depth_last,depth_last,4,9840,9840,0.9997967479674796,0.9997967479674796,1.0
trace_commute_000,5,CABABBAA,8,random70,decision_tree,hybrid_counts_depth_last_h4,hybrid_counts_depth_last,depth_last,4,6888,2952,0.9986449864498645,0.9986449864498645,1.0
trace_commute_000,5,CABABBAA,8,all,lookup,hybrid_counts_depth_last_h8,hybrid_counts_depth_last,depth_last,8,9840,9840,1.0,1.0,1.0
trace_commute_000,5,CABABBAA,8,random70,decision_tree,hybrid_counts_depth_last_h8,hybrid_counts_depth_last,depth_last,8,6888,2952,0.9969512195121951,0.9969512195121951,1.0
trace_commute_000,6,CBAACA,6,all,lookup,full_state,full_state,full,0,9840,9840,1.0,1.0,1.0
trace_commute_000,6,CBAACA,6,random70,decision_tree,full_state,full_state,full,0,6888,2952,0.9989837398373984,0.9989837398373984,1.0
trace_commute_000,6,CBAACA,6,all,lookup,memoryless_counts,memoryless,counts,0,9840,9840,0.517479674796748,0.517479674796748,1.0
trace_commute_000,6,CBAACA,6,random70,decision_tree,memoryless_counts,memoryless,counts,0,6888,2952,0.494579945799458,0.494579945799458,1.0
trace_commute_000,6,CBAACA,6,all,lookup,history_counts_h1,history,counts,1,9840,9840,0.517479674796748,0.517479674796748,1.0
trace_commute_000,6,CBAACA,6,random70,decision_tree,history_counts_h1,history,counts,1,6888,2952,0.494579945799458,0.494579945799458,1.0
trace_commute_000,6,CBAACA,6,all,lookup,history_counts_h2,history,counts,2,9840,9840,0.9996951219512196,0.9996951219512196,1.0
trace_commute_000,6,CBAACA,6,random70,decision_tree,history_counts_h2,history,counts,2,6888,2952,0.9986449864498645,0.9986449864498645,1.0
trace_commute_000,6,CBAACA,6,all,lookup,history_counts_h4,history,counts,4,9840,9840,0.9998983739837398,0.9998983739837398,1.0
trace_commute_000,6,CBAACA,6,random70,decision_tree,history_counts_h4,history,counts,4,6888,2952,0.9942411924119241,0.9942411924119241,1.0
trace_commute_000,6,CBAACA,6,all,lookup,history_counts_h8,history,counts,8,9840,9840,1.0,1.0,1.0
trace_commute_000,6,CBAACA,6,random70,decision_tree,history_counts_h8,history,counts,8,6888,2952,0.9813685636856369,0.9813685636856369,1.0
trace_commute_000,6,CBAACA,6,all,lookup,memoryless_noisy_counts,memoryless,noisy_counts,0,9840,9840,0.5001016260162602,0.5001016260162602,1.0
trace_commute_000,6,CBAACA,6,random70,decision_tree,memoryless_noisy_counts,memoryless,noisy_counts,0,6888,2952,0.48204607046070463,0.48204607046070463,1.0
trace_commute_000,6,CBAACA,6,all,lookup,history_noisy_counts_h1,history,noisy_counts,1,9840,9840,0.5001016260162602,0.5001016260162602,1.0
trace_commute_000,6,CBAACA,6,random70,decision_tree,history_noisy_counts_h1,history,noisy_counts,1,6888,2952,0.48204607046070463,0.48204607046070463,1.0
trace_commute_000,6,CBAACA,6,all,lookup,history_noisy_counts_h2,history,noisy_counts,2,9840,9840,0.7006097560975609,0.7006097560975609,1.0
trace_commute_000,6,CBAACA,6,random70,decision_tree,history_noisy_counts_h2,history,noisy_counts,2,6888,2952,0.6836043360433605,0.6836043360433605,1.0
trace_commute_000,6,CBAACA,6,all,lookup,history_noisy_counts_h4,history,noisy_counts,4,9840,9840,0.7251016260162602,0.7251016260162602,1.0
trace_commute_000,6,CBAACA,6,random70,decision_tree,history_noisy_counts_h4,history,noisy_counts,4,6888,2952,0.6951219512195121,0.6951219512195121,1.0
trace_commute_000,6,CBAACA,6,all,lookup,history_noisy_counts_h8,history,noisy_counts,8,9840,9840,0.7251016260162602,0.7251016260162602,1.0
trace_commute_000,6,CBAACA,6,random70,decision_tree,history_noisy_counts_h8,history,noisy_counts,8,6888,2952,0.6409214092140921,0.6409214092140921,1.0
trace_commute_000,6,CBAACA,6,all,lookup,memoryless_depth_last,memoryless,depth_last,0,9840,9840,0.9995934959349594,0.9995934959349594,1.0
trace_commute_000,6,CBAACA,6,random70,decision_tree,memoryless_depth_last,memoryless,depth_last,0,6888,2952,0.9996612466124661,0.9996612466124661,1.0
trace_commute_000,6,CBAACA,6,all,lookup,history_depth_last_h1,history,depth_last,1,9840,9840,0.9995934959349594,0.9995934959349594,1.0
trace_commute_000,6,CBAACA,6,random70,decision_tree,history_depth_last_h1,history,depth_last,1,6888,2952,0.9996612466124661,0.9996612466124661,1.0
trace_commute_000,6,CBAACA,6,all,lookup,history_depth_last_h2,history,depth_last,2,9840,9840,0.9996951219512196,0.9996951219512196,1.0
trace_commute_000,6,CBAACA,6,random70,decision_tree,history_depth_last_h2,history,depth_last,2,6888,2952,0.9996612466124661,0.9996612466124661,1.0
trace_commute_000,6,CBAACA,6,all,lookup,history_depth_last_h4,history,depth_last,4,9840,9840,0.9998983739837398,0.9998983739837398,1.0
trace_commute_000,6,CBAACA,6,random70,decision_tree,history_depth_last_h4,history,depth_last,4,6888,2952,0.9983062330623306,0.9983062330623306,1.0
trace_commute_000,6,CBAACA,6,all,lookup,history_depth_last_h8,history,depth_last,8,9840,9840,1.0,1.0,1.0
trace_commute_000,6,CBAACA,6,random70,decision_tree,history_depth_last_h8,history,depth_last,8,6888,2952,0.9989837398373984,0.9989837398373984,1.0
trace_commute_000,6,CBAACA,6,all,lookup,memoryless_depth,memoryless,depth,0,9840,9840,0.3334349593495935,0.3334349593495935,1.0
trace_commute_000,6,CBAACA,6,random70,decision_tree,memoryless_depth,memoryless,depth,0,6888,2952,0.3150406504065041,0.3150406504065041,1.0
trace_commute_000,6,CBAACA,6,all,lookup,history_depth_h1,history,depth,1,9840,9840,0.3334349593495935,0.3334349593495935,1.0
trace_commute_000,6,CBAACA,6,random70,decision_tree,history_depth_h1,history,depth,1,6888,2952,0.3150406504065041,0.3150406504065041,1.0
trace_commute_000,6,CBAACA,6,all,lookup,history_depth_h2,history,depth,2,9840,9840,0.3334349593495935,0.3334349593495935,1.0
trace_commute_000,6,CBAACA,6,random70,decision_tree,history_depth_h2,history,depth,2,6888,2952,0.3150406504065041,0.3150406504065041,1.0
trace_commute_000,6,CBAACA,6,all,lookup,history_depth_h4,history,depth,4,9840,9840,0.3334349593495935,0.3334349593495935,1.0
trace_commute_000,6,CBAACA,6,random70,decision_tree,history_depth_h4,history,depth,4,6888,2952,0.3150406504065041,0.3150406504065041,1.0
trace_commute_000,6,CBAACA,6,all,lookup,history_depth_h8,history,depth,8,9840,9840,0.3334349593495935,0.3334349593495935,1.0
trace_commute_000,6,CBAACA,6,random70,decision_tree,history_depth_h8,history,depth,8,6888,2952,0.3150406504065041,0.3150406504065041,1.0
trace_commute_000,6,CBAACA,6,all,lookup,hybrid_counts_depth_last_h1,hybrid_counts_depth_last,depth_last,1,9840,9840,0.9996951219512196,0.9996951219512196,1.0
trace_commute_000,6,CBAACA,6,random70,decision_tree,hybrid_counts_depth_last_h1,hybrid_counts_depth_last,depth_last,1,6888,2952,0.9996612466124661,0.9996612466124661,1.0
trace_commute_000,6,CBAACA,6,all,lookup,hybrid_counts_depth_last_h2,hybrid_counts_depth_last,depth_last,2,9840,9840,0.9997967479674796,0.9997967479674796,1.0
trace_commute_000,6,CBAACA,6,random70,decision_tree,hybrid_counts_depth_last_h2,hybrid_counts_depth_last,depth_last,2,6888,2952,0.9996612466124661,0.9996612466124661,1.0
trace_commute_000,6,CBAACA,6,all,lookup,hybrid_counts_depth_last_h4,hybrid_counts_depth_last,depth_last,4,9840,9840,1.0,1.0,1.0
trace_commute_000,6,CBAACA,6,random70,decision_tree,hybrid_counts_depth_last_h4,hybrid_counts_depth_last,depth_last,4,6888,2952,0.9986449864498645,0.9986449864498645,1.0
trace_commute_000,6,CBAACA,6,all,lookup,hybrid_counts_depth_last_h8,hybrid_counts_depth_last,depth_last,8,9840,9840,1.0,1.0,1.0
trace_commute_000,6,CBAACA,6,random70,decision_tree,hybrid_counts_depth_last_h8,hybrid_counts_depth_last,depth_last,8,6888,2952,0.9979674796747967,0.9979674796747967,1.0
trace_commute_000,7,CCBBCAAA,8,all,lookup,full_state,full_state,full,0,9840,9840,1.0,1.0,1.0
trace_commute_000,7,CCBBCAAA,8,random70,decision_tree,full_state,full_state,full,0,6888,2952,0.9976287262872628,0.9976287262872628,1.0
trace_commute_000,7,CCBBCAAA,8,all,lookup,memoryless_counts,memoryless,counts,0,9840,9840,0.5175813008130081,0.5175813008130081,1.0
trace_commute_000,7,CCBBCAAA,8,random70,decision_tree,memoryless_counts,memoryless,counts,0,6888,2952,0.5088075880758808,0.5088075880758808,1.0
trace_commute_000,7,CCBBCAAA,8,all,lookup,history_counts_h1,history,counts,1,9840,9840,0.5175813008130081,0.5175813008130081,1.0
trace_commute_000,7,CCBBCAAA,8,random70,decision_tree,history_counts_h1,history,counts,1,6888,2952,0.5088075880758808,0.5088075880758808,1.0
trace_commute_000,7,CCBBCAAA,8,all,lookup,history_counts_h2,history,counts,2,9840,9840,0.9995934959349594,0.9995934959349594,1.0
trace_commute_000,7,CCBBCAAA,8,random70,decision_tree,history_counts_h2,history,counts,2,6888,2952,0.9983062330623306,0.9983062330623306,1.0
trace_commute_000,7,CCBBCAAA,8,all,lookup,history_counts_h4,history,counts,4,9840,9840,0.9997967479674796,0.9997967479674796,1.0
trace_commute_000,7,CCBBCAAA,8,random70,decision_tree,history_counts_h4,history,counts,4,6888,2952,0.9976287262872628,0.9976287262872628,1.0
trace_commute_000,7,CCBBCAAA,8,all,lookup,history_counts_h8,history,counts,8,9840,9840,1.0,1.0,1.0
trace_commute_000,7,CCBBCAAA,8,random70,decision_tree,history_counts_h8,history,counts,8,6888,2952,0.9922086720867209,0.9922086720867209,1.0
trace_commute_000,7,CCBBCAAA,8,all,lookup,memoryless_noisy_counts,memoryless,noisy_counts,0,9840,9840,0.5002032520325204,0.5002032520325204,1.0
trace_commute_000,7,CCBBCAAA,8,random70,decision_tree,memoryless_noisy_counts,memoryless,noisy_counts,0,6888,2952,0.4949186991869919,0.4949186991869919,1.0
trace_commute_000,7,CCBBCAAA,8,all,lookup,history_noisy_counts_h1,history,noisy_counts,1,9840,9840,0.5002032520325204,0.5002032520325204,1.0
trace_commute_000,7,CCBBCAAA,8,random70,decision_tree,history_noisy_counts_h1,history,noisy_counts,1,6888,2952,0.4949186991869919,0.4949186991869919,1.0
trace_commute_000,7,CCBBCAAA,8,all,lookup,history_noisy_counts_h2,history,noisy_counts,2,9840,9840,0.7006097560975609,0.7006097560975609,1.0
trace_commute_000,7,CCBBCAAA,8,random70,decision_tree,history_noisy_counts_h2,history,noisy_counts,2,6888,2952,0.6836043360433605,0.6836043360433605,1.0
trace_commute_000,7,CCBBCAAA,8,all,lookup,history_noisy_counts_h4,history,noisy_counts,4,9840,9840,0.725,0.725,1.0
trace_commute_000,7,CCBBCAAA,8,random70,decision_tree,history_noisy_counts_h4,history,noisy_counts,4,6888,2952,0.6951219512195121,0.6951219512195121,1.0
trace_commute_000,7,CCBBCAAA,8,all,lookup,history_noisy_counts_h8,history,noisy_counts,8,9840,9840,0.7251016260162602,0.7251016260162602,1.0
trace_commute_000,7,CCBBCAAA,8,random70,decision_tree,history_noisy_counts_h8,history,noisy_counts,8,6888,2952,0.6487127371273713,0.6487127371273713,1.0
trace_commute_000,7,CCBBCAAA,8,all,lookup,memoryless_depth_last,memoryless,depth_last,0,9840,9840,0.999390243902439,0.999390243902439,1.0
trace_commute_000,7,CCBBCAAA,8,random70,decision_tree,memoryless_depth_last,memoryless,depth_last,0,6888,2952,0.9986449864498645,0.9986449864498645,1.0
trace_commute_000,7,CCBBCAAA,8,all,lookup,history_depth_last_h1,history,depth_last,1,9840,9840,0.999390243902439,0.999390243902439,1.0
trace_commute_000,7,CCBBCAAA,8,random70,decision_tree,history_depth_last_h1,history,depth_last,1,6888,2952,0.9986449864498645,0.9986449864498645,1.0
trace_commute_000,7,CCBBCAAA,8,all,lookup,history_depth_last_h2,history,depth_last,2,9840,9840,0.9994918699186992,0.9994918699186992,1.0
trace_commute_000,7,CCBBCAAA,8,random70,decision_tree,history_depth_last_h2,history,depth_last,2,6888,2952,0.9986449864498645,0.9986449864498645,1.0
trace_commute_000,7,CCBBCAAA,8,all,lookup,history_depth_last_h4,history,depth_last,4,9840,9840,0.9996951219512196,0.9996951219512196,1.0
trace_commute_000,7,CCBBCAAA,8,random70,decision_tree,history_depth_last_h4,history,depth_last,4,6888,2952,0.9979674796747967,0.9979674796747967,1.0
trace_commute_000,7,CCBBCAAA,8,all,lookup,history_depth_last_h8,history,depth_last,8,9840,9840,1.0,1.0,1.0
trace_commute_000,7,CCBBCAAA,8,random70,decision_tree,history_depth_last_h8,history,depth_last,8,6888,2952,0.9976287262872628,0.9976287262872628,1.0
trace_commute_000,7,CCBBCAAA,8,all,lookup,memoryless_depth,memoryless,depth,0,9840,9840,0.3334349593495935,0.3334349593495935,1.0
trace_commute_000,7,CCBBCAAA,8,random70,decision_tree,memoryless_depth,memoryless,depth,0,6888,2952,0.3224932249322493,0.3224932249322493,1.0
trace_commute_000,7,CCBBCAAA,8,all,lookup,history_depth_h1,history,depth,1,9840,9840,0.3334349593495935,0.3334349593495935,1.0
trace_commute_000,7,CCBBCAAA,8,random70,decision_tree,history_depth_h1,history,depth,1,6888,2952,0.3224932249322493,0.3224932249322493,1.0
trace_commute_000,7,CCBBCAAA,8,all,lookup,history_depth_h2,history,depth,2,9840,9840,0.3334349593495935,0.3334349593495935,1.0
trace_commute_000,7,CCBBCAAA,8,random70,decision_tree,history_depth_h2,history,depth,2,6888,2952,0.3224932249322493,0.3224932249322493,1.0
trace_commute_000,7,CCBBCAAA,8,all,lookup,history_depth_h4,history,depth,4,9840,9840,0.3334349593495935,0.3334349593495935,1.0
trace_commute_000,7,CCBBCAAA,8,random70,decision_tree,history_depth_h4,history,depth,4,6888,2952,0.3224932249322493,0.3224932249322493,1.0
trace_commute_000,7,CCBBCAAA,8,all,lookup,history_depth_h8,history,depth,8,9840,9840,0.3334349593495935,0.3334349593495935,1.0
trace_commute_000,7,CCBBCAAA,8,random70,decision_tree,history_depth_h8,history,depth,8,6888,2952,0.3224932249322493,0.3224932249322493,1.0
trace_commute_000,7,CCBBCAAA,8,all,lookup,hybrid_counts_depth_last_h1,hybrid_counts_depth_last,depth_last,1,9840,9840,0.9995934959349594,0.9995934959349594,1.0
trace_commute_000,7,CCBBCAAA,8,random70,decision_tree,hybrid_counts_depth_last_h1,hybrid_counts_depth_last,depth_last,1,6888,2952,0.9986449864498645,0.9986449864498645,1.0
trace_commute_000,7,CCBBCAAA,8,all,lookup,hybrid_counts_depth_last_h2,hybrid_counts_depth_last,depth_last,2,9840,9840,0.9996951219512196,0.9996951219512196,1.0
trace_commute_000,7,CCBBCAAA,8,random70,decision_tree,hybrid_counts_depth_last_h2,hybrid_counts_depth_last,depth_last,2,6888,2952,0.9986449864498645,0.9986449864498645,1.0
trace_commute_000,7,CCBBCAAA,8,all,lookup,hybrid_counts_depth_last_h4,hybrid_counts_depth_last,depth_last,4,9840,9840,0.9998983739837398,0.9998983739837398,1.0
trace_commute_000,7,CCBBCAAA,8,random70,decision_tree,hybrid_counts_depth_last_h4,hybrid_counts_depth_last,depth_last,4,6888,2952,0.9979674796747967,0.9979674796747967,1.0
trace_commute_000,7,CCBBCAAA,8,all,lookup,hybrid_counts_depth_last_h8,hybrid_counts_depth_last,depth_last,8,9840,9840,1.0,1.0,1.0
trace_commute_000,7,CCBBCAAA,8,random70,decision_tree,hybrid_counts_depth_last_h8,hybrid_counts_depth_last,depth_last,8,6888,2952,0.9979674796747967,0.9979674796747967,1.0
trace_commute_000,8,CCBCACC,7,all,lookup,full_state,full_state,full,0,9840,9840,1.0,1.0,1.0
trace_commute_000,8,CCBCACC,7,random70,decision_tree,full_state,full_state,full,0,6888,2952,0.9996612466124661,0.9996612466124661,1.0
trace_commute_000,8,CCBCACC,7,all,lookup,memoryless_counts,memoryless,counts,0,9840,9840,0.5173780487804878,0.5173780487804878,1.0
trace_commute_000,8,CCBCACC,7,random70,decision_tree,memoryless_counts,memoryless,counts,0,6888,2952,0.5067750677506775,0.5067750677506775,1.0
trace_commute_000,8,CCBCACC,7,all,lookup,history_counts_h1,history,counts,1,9840,9840,0.5173780487804878,0.5173780487804878,1.0
trace_commute_000,8,CCBCACC,7,random70,decision_tree,history_counts_h1,history,counts,1,6888,2952,0.5067750677506775,0.5067750677506775,1.0
trace_commute_000,8,CCBCACC,7,all,lookup,history_counts_h2,history,counts,2,9840,9840,0.9996951219512196,0.9996951219512196,1.0
trace_commute_000,8,CCBCACC,7,random70,decision_tree,history_counts_h2,history,counts,2,6888,2952,0.9983062330623306,0.9983062330623306,1.0
trace_commute_000,8,CCBCACC,7,all,lookup,history_counts_h4,history,counts,4,9840,9840,0.9998983739837398,0.9998983739837398,1.0
trace_commute_000,8,CCBCACC,7,random70,decision_tree,history_counts_h4,history,counts,4,6888,2952,0.9989837398373984,0.9989837398373984,1.0
trace_commute_000,8,CCBCACC,7,all,lookup,history_counts_h8,history,counts,8,9840,9840,1.0,1.0,1.0
trace_commute_000,8,CCBCACC,7,random70,decision_tree,history_counts_h8,history,counts,8,6888,2952,0.9834010840108401,0.9834010840108401,1.0
trace_commute_000,8,CCBCACC,7,all,lookup,memoryless_noisy_counts,memoryless,noisy_counts,0,9840,9840,0.5,0.5,1.0
trace_commute_000,8,CCBCACC,7,random70,decision_tree,memoryless_noisy_counts,memoryless,noisy_counts,0,6888,2952,0.49661246612466126,0.49661246612466126,1.0
trace_commute_000,8,CCBCACC,7,all,lookup,history_noisy_counts_h1,history,noisy_counts,1,9840,9840,0.5,0.5,1.0
trace_commute_000,8,CCBCACC,7,random70,decision_tree,history_noisy_counts_h1,history,noisy_counts,1,6888,2952,0.49661246612466126,0.49661246612466126,1.0
trace_commute_000,8,CCBCACC,7,all,lookup,history_noisy_counts_h2,history,noisy_counts,2,9840,9840,0.7005081300813009,0.7005081300813009,1.0
trace_commute_000,8,CCBCACC,7,random70,decision_tree,history_noisy_counts_h2,history,noisy_counts,2,6888,2952,0.6832655826558266,0.6832655826558266,1.0
trace_commute_000,8,CCBCACC,7,all,lookup,history_noisy_counts_h4,history,noisy_counts,4,9840,9840,0.725,0.725,1.0
trace_commute_000,8,CCBCACC,7,random70,decision_tree,history_noisy_counts_h4,history,noisy_counts,4,6888,2952,0.6968157181571816,0.6968157181571816,1.0
trace_commute_000,8,CCBCACC,7,all,lookup,history_noisy_counts_h8,history,noisy_counts,8,9840,9840,0.7251016260162602,0.7251016260162602,1.0
trace_commute_000,8,CCBCACC,7,random70,decision_tree,history_noisy_counts_h8,history,noisy_counts,8,6888,2952,0.6548102981029811,0.6548102981029811,1.0
trace_commute_000,8,CCBCACC,7,all,lookup,memoryless_depth_last,memoryless,depth_last,0,9840,9840,0.9994918699186992,0.9994918699186992,1.0
trace_commute_000,8,CCBCACC,7,random70,decision_tree,memoryless_depth_last,memoryless,depth_last,0,6888,2952,1.0,1.0,1.0
trace_commute_000,8,CCBCACC,7,all,lookup,history_depth_last_h1,history,depth_last,1,9840,9840,0.9994918699186992,0.9994918699186992,1.0
trace_commute_000,8,CCBCACC,7,random70,decision_tree,history_depth_last_h1,history,depth_last,1,6888,2952,1.0,1.0,1.0
trace_commute_000,8,CCBCACC,7,all,lookup,history_depth_last_h2,history,depth_last,2,9840,9840,0.9995934959349594,0.9995934959349594,1.0
trace_commute_000,8,CCBCACC,7,random70,decision_tree,history_depth_last_h2,history,depth_last,2,6888,2952,1.0,1.0,1.0
trace_commute_000,8,CCBCACC,7,all,lookup,history_depth_last_h4,history,depth_last,4,9840,9840,0.9997967479674796,0.9997967479674796,1.0
trace_commute_000,8,CCBCACC,7,random70,decision_tree,history_depth_last_h4,history,depth_last,4,6888,2952,1.0,1.0,1.0
trace_commute_000,8,CCBCACC,7,all,lookup,history_depth_last_h8,history,depth_last,8,9840,9840,1.0,1.0,1.0
trace_commute_000,8,CCBCACC,7,random70,decision_tree,history_depth_last_h8,history,depth_last,8,6888,2952,0.9996612466124661,0.9996612466124661,1.0
trace_commute_000,8,CCBCACC,7,all,lookup,memoryless_depth,memoryless,depth,0,9840,9840,0.3334349593495935,0.3334349593495935,1.0
trace_commute_000,8,CCBCACC,7,random70,decision_tree,memoryless_depth,memoryless,depth,0,6888,2952,0.3187669376693767,0.3187669376693767,1.0
trace_commute_000,8,CCBCACC,7,all,lookup,history_depth_h1,history,depth,1,9840,9840,0.3334349593495935,0.3334349593495935,1.0
trace_commute_000,8,CCBCACC,7,random70,decision_tree,history_depth_h1,history,depth,1,6888,2952,0.3187669376693767,0.3187669376693767,1.0
trace_commute_000,8,CCBCACC,7,all,lookup,history_depth_h2,history,depth,2,9840,9840,0.3334349593495935,0.3334349593495935,1.0
trace_commute_000,8,CCBCACC,7,random70,decision_tree,history_depth_h2,history,depth,2,6888,2952,0.3187669376693767,0.3187669376693767,1.0
trace_commute_000,8,CCBCACC,7,all,lookup,history_depth_h4,history,depth,4,9840,9840,0.3334349593495935,0.3334349593495935,1.0
trace_commute_000,8,CCBCACC,7,random70,decision_tree,history_depth_h4,history,depth,4,6888,2952,0.3187669376693767,0.3187669376693767,1.0
trace_commute_000,8,CCBCACC,7,all,lookup,history_depth_h8,history,depth,8,9840,9840,0.3334349593495935,0.3334349593495935,1.0
trace_commute_000,8,CCBCACC,7,random70,decision_tree,history_depth_h8,history,depth,8,6888,2952,0.3187669376693767,0.3187669376693767,1.0
trace_commute_000,8,CCBCACC,7,all,lookup,hybrid_counts_depth_last_h1,hybrid_counts_depth_last,depth_last,1,9840,9840,0.9996951219512196,0.9996951219512196,1.0
trace_commute_000,8,CCBCACC,7,random70,decision_tree,hybrid_counts_depth_last_h1,hybrid_counts_depth_last,depth_last,1,6888,2952,0.9996612466124661,0.9996612466124661,1.0
trace_commute_000,8,CCBCACC,7,all,lookup,hybrid_counts_depth_last_h2,hybrid_counts_depth_last,depth_last,2,9840,9840,0.9997967479674796,0.9997967479674796,1.0
trace_commute_000,8,CCBCACC,7,random70,decision_tree,hybrid_counts_depth_last_h2,hybrid_counts_depth_last,depth_last,2,6888,2952,0.9989837398373984,0.9989837398373984,1.0
trace_commute_000,8,CCBCACC,7,all,lookup,hybrid_counts_depth_last_h4,hybrid_counts_depth_last,depth_last,4,9840,9840,1.0,1.0,1.0
trace_commute_000,8,CCBCACC,7,random70,decision_tree,hybrid_counts_depth_last_h4,hybrid_counts_depth_last,depth_last,4,6888,2952,0.9986449864498645,0.9986449864498645,1.0
trace_commute_000,8,CCBCACC,7,all,lookup,hybrid_counts_depth_last_h8,hybrid_counts_depth_last,depth_last,8,9840,9840,1.0,1.0,1.0
trace_commute_000,8,CCBCACC,7,random70,decision_tree,hybrid_counts_depth_last_h8,hybrid_counts_depth_last,depth_last,8,6888,2952,0.9969512195121951,0.9969512195121951,1.0
trace_commute_033,0,ABCABCAB,8,all,lookup,full_state,full_state,full,0,4179,4179,1.0,1.0,1.0
trace_commute_033,0,ABCABCAB,8,random70,decision_tree,full_state,full_state,full,0,2925,1254,0.9800637958532695,0.9824561403508771,1.0
trace_commute_033,0,ABCABCAB,8,all,lookup,memoryless_counts,memoryless,counts,0,4179,4179,0.5561139028475712,0.5714285714285714,1.0
trace_commute_033,0,ABCABCAB,8,random70,decision_tree,memoryless_counts,memoryless,counts,0,2925,1254,0.5454545454545454,0.5574162679425837,1.0
trace_commute_033,0,ABCABCAB,8,all,lookup,history_counts_h1,history,counts,1,4179,4179,0.5561139028475712,0.5714285714285714,1.0
trace_commute_033,0,ABCABCAB,8,random70,decision_tree,history_counts_h1,history,counts,1,2925,1254,0.5454545454545454,0.5574162679425837,1.0
trace_commute_033,0,ABCABCAB,8,all,lookup,history_counts_h2,history,counts,2,4179,4179,0.8882507776980139,0.9392199090691553,1.0
trace_commute_033,0,ABCABCAB,8,random70,decision_tree,history_counts_h2,history,counts,2,2925,1254,0.879585326953748,0.9553429027113237,1.0
trace_commute_033,0,ABCABCAB,8,all,lookup,history_counts_h4,history,counts,4,4179,4179,0.9846853314189997,0.9897104570471404,1.0
trace_commute_033,0,ABCABCAB,8,random70,decision_tree,history_counts_h4,history,counts,4,2925,1254,0.9633173843700159,0.9744816586921851,1.0
trace_commute_033,0,ABCABCAB,8,all,lookup,history_counts_h8,history,counts,8,4179,4179,1.0,1.0,1.0
trace_commute_033,0,ABCABCAB,8,random70,decision_tree,history_counts_h8,history,counts,8,2925,1254,0.9465709728867624,0.9529505582137161,1.0
trace_commute_033,0,ABCABCAB,8,all,lookup,memoryless_noisy_counts,memoryless,noisy_counts,0,4179,4179,0.5472601100741804,0.5671213208901651,1.0
trace_commute_033,0,ABCABCAB,8,random70,decision_tree,memoryless_noisy_counts,memoryless,noisy_counts,0,2925,1254,0.5629984051036683,0.580542264752791,1.0
trace_commute_033,0,ABCABCAB,8,all,lookup,history_noisy_counts_h1,history,noisy_counts,1,4179,4179,0.5472601100741804,0.5671213208901651,1.0
trace_commute_033,0,ABCABCAB,8,random70,decision_tree,history_noisy_counts_h1,history,noisy_counts,1,2925,1254,0.5629984051036683,0.580542264752791,1.0
trace_commute_033,0,ABCABCAB,8,all,lookup,history_noisy_counts_h2,history,noisy_counts,2,4179,4179,0.6702560421153386,0.7166786312514956,1.0
trace_commute_033,0,ABCABCAB,8,random70,decision_tree,history_noisy_counts_h2,history,noisy_counts,2,2925,1254,0.6738437001594896,0.7049441786283892,1.0
trace_commute_033,0,ABCABCAB,8,all,lookup,history_noisy_counts_h4,history,noisy_counts,4,4179,4179,0.7217037568796363,0.7621440536013401,1.0
trace_commute_033,0,ABCABCAB,8,random70,decision_tree,history_noisy_counts_h4,history,noisy_counts,4,2925,1254,0.6866028708133971,0.7240829346092504,1.0
trace_commute_033,0,ABCABCAB,8,all,lookup,history_noisy_counts_h8,history,noisy_counts,8,4179,4179,0.7343862167982771,0.7556831777937305,1.0
trace_commute_033,0,ABCABCAB,8,random70,decision_tree,history_noisy_counts_h8,history,noisy_counts,8,2925,1254,0.6411483253588517,0.6650717703349283,1.0
trace_commute_033,0,ABCABCAB,8,all,lookup,memoryless_depth_last,memoryless,depth_last,0,4179,4179,0.8509212730318257,0.9954534577650156,1.0
trace_commute_033,0,ABCABCAB,8,random70,decision_tree,memoryless_depth_last,memoryless,depth_last,0,2925,1254,0.8508771929824561,0.9936204146730463,1.0
trace_commute_033,0,ABCABCAB,8,all,lookup,history_depth_last_h1,history,depth_last,1,4179,4179,0.8509212730318257,0.9954534577650156,1.0
trace_commute_033,0,ABCABCAB,8,random70,decision_tree,history_depth_last_h1,history,depth_last,1,2925,1254,0.8508771929824561,0.9936204146730463,1.0
trace_commute_033,0,ABCABCAB,8,all,lookup,history_depth_last_h2,history,depth_last,2,4179,4179,0.9411342426417804,0.998085666427375,1.0
trace_commute_033,0,ABCABCAB,8,random70,decision_tree,history_depth_last_h2,history,depth_last,2,2925,1254,0.9385964912280702,0.9952153110047847,1.0
trace_commute_033,0,ABCABCAB,8,all,lookup,history_depth_last_h4,history,depth_last,4,4179,4179,0.988992581957406,0.998324958123953,1.0
trace_commute_033,0,ABCABCAB,8,random70,decision_tree,history_depth_last_h4,history,depth_last,4,2925,1254,0.9840510366826156,0.992822966507177,1.0
trace_commute_033,0,ABCABCAB,8,all,lookup,history_depth_last_h8,history,depth_last,8,4179,4179,1.0,1.0,1.0
trace_commute_033,0,ABCABCAB,8,random70,decision_tree,history_depth_last_h8,history,depth_last,8,2925,1254,0.9792663476874003,0.981658692185008,1.0
trace_commute_033,0,ABCABCAB,8,all,lookup,memoryless_depth,memoryless,depth,0,4179,4179,0.38167025604211535,0.38167025604211535,1.0
trace_commute_033,0,ABCABCAB,8,random70,decision_tree,memoryless_depth,memoryless,depth,0,2925,1254,0.36363636363636365,0.36443381180223283,1.0
trace_commute_033,0,ABCABCAB,8,all,lookup,history_depth_h1,history,depth,1,4179,4179,0.38167025604211535,0.38167025604211535,1.0
trace_commute_033,0,ABCABCAB,8,random70,decision_tree,history_depth_h1,history,depth,1,2925,1254,0.36363636363636365,0.36443381180223283,1.0
trace_commute_033,0,ABCABCAB,8,all,lookup,history_depth_h2,history,depth,2,4179,4179,0.38167025604211535,0.38167025604211535,1.0
trace_commute_033,0,ABCABCAB,8,random70,decision_tree,history_depth_h2,history,depth,2,2925,1254,0.36363636363636365,0.36443381180223283,1.0
trace_commute_033,0,ABCABCAB,8,all,lookup,history_depth_h4,history,depth,4,4179,4179,0.38167025604211535,0.38167025604211535,1.0
trace_commute_033,0,ABCABCAB,8,random70,decision_tree,history_depth_h4,history,depth,4,2925,1254,0.36363636363636365,0.36443381180223283,1.0
trace_commute_033,0,ABCABCAB,8,all,lookup,history_depth_h8,history,depth,8,4179,4179,0.38167025604211535,0.38167025604211535,1.0
trace_commute_033,0,ABCABCAB,8,random70,decision_tree,history_depth_h8,history,depth,8,2925,1254,0.36363636363636365,0.36443381180223283,1.0
trace_commute_033,0,ABCABCAB,8,all,lookup,hybrid_counts_depth_last_h1,hybrid_counts_depth_last,depth_last,1,4179,4179,0.8882507776980139,0.9392199090691553,1.0
trace_commute_033,0,ABCABCAB,8,random70,decision_tree,hybrid_counts_depth_last_h1,hybrid_counts_depth_last,depth_last,1,2925,1254,0.879585326953748,0.9553429027113237,1.0
trace_commute_033,0,ABCABCAB,8,all,lookup,hybrid_counts_depth_last_h2,hybrid_counts_depth_last,depth_last,2,4179,4179,0.9586025364919837,0.9751136635558746,1.0
trace_commute_033,0,ABCABCAB,8,random70,decision_tree,hybrid_counts_depth_last_h2,hybrid_counts_depth_last,depth_last,2,2925,1254,0.9529505582137161,0.9808612440191388,1.0
trace_commute_033,0,ABCABCAB,8,all,lookup,hybrid_counts_depth_last_h4,hybrid_counts_depth_last,depth_last,4,4179,4179,0.9944962909787031,0.9956927494615937,1.0
trace_commute_033,0,ABCABCAB,8,random70,decision_tree,hybrid_counts_depth_last_h4,hybrid_counts_depth_last,depth_last,4,2925,1254,0.9848484848484849,0.9880382775119617,1.0
trace_commute_033,0,ABCABCAB,8,all,lookup,hybrid_counts_depth_last_h8,hybrid_counts_depth_last,depth_last,8,4179,4179,1.0,1.0,1.0
trace_commute_033,0,ABCABCAB,8,random70,decision_tree,hybrid_counts_depth_last_h8,hybrid_counts_depth_last,depth_last,8,2925,1254,0.9744816586921851,0.9768740031897927,1.0
trace_commute_033,1,ABCABB,6,all,lookup,full_state,full_state,full,0,4179,4179,1.0,1.0,1.0
trace_commute_033,1,ABCABB,6,random70,decision_tree,full_state,full_state,full,0,2925,1254,0.9768740031897927,0.9808612440191388,1.0
trace_commute_033,1,ABCABB,6,all,lookup,memoryless_counts,memoryless,counts,0,4179,4179,0.5561139028475712,0.5719071548217277,1.0
trace_commute_033,1,ABCABB,6,random70,decision_tree,memoryless_counts,memoryless,counts,0,2925,1254,0.5159489633173844,0.5231259968102073,1.0
trace_commute_033,1,ABCABB,6,all,lookup,history_counts_h1,history,counts,1,4179,4179,0.5561139028475712,0.5719071548217277,1.0
trace_commute_033,1,ABCABB,6,random70,decision_tree,history_counts_h1,history,counts,1,2925,1254,0.5159489633173844,0.5231259968102073,1.0
trace_commute_033,1,ABCABB,6,all,lookup,history_counts_h2,history,counts,2,4179,4179,0.888490069394592,0.9399377841588897,1.0
trace_commute_033,1,ABCABB,6,random70,decision_tree,history_counts_h2,history,counts,2,2925,1254,0.8636363636363636,0.9322169059011164,1.0
trace_commute_033,1,ABCABB,6,all,lookup,history_counts_h4,history,counts,4,4179,4179,0.985163914812156,0.9904283321368749,1.0
trace_commute_033,1,ABCABB,6,random70,decision_tree,history_counts_h4,history,counts,4,2925,1254,0.9537480063795853,0.9688995215311005,1.0
trace_commute_033,1,ABCABB,6,all,lookup,history_counts_h8,history,counts,8,4179,4179,1.0,1.0,1.0
trace_commute_033,1,ABCABB,6,random70,decision_tree,history_counts_h8,history,counts,8,2925,1254,0.9417862838915471,0.9513556618819776,1.0
trace_commute_033,1,ABCABB,6,all,lookup,memoryless_noisy_counts,memoryless,noisy_counts,0,4179,4179,0.5472601100741804,0.5673606125867432,1.0
trace_commute_033,1,ABCABB,6,random70,decision_tree,memoryless_noisy_counts,memoryless,noisy_counts,0,2925,1254,0.5462519936204147,0.5614035087719298,1.0
trace_commute_033,1,ABCABB,6,all,lookup,history_noisy_counts_h1,history,noisy_counts,1,4179,4179,0.5472601100741804,0.5673606125867432,1.0
trace_commute_033,1,ABCABB,6,random70,decision_tree,history_noisy_counts_h1,history,noisy_counts,1,2925,1254,0.5462519936204147,0.5614035087719298,1.0
trace_commute_033,1,ABCABB,6,all,lookup,history_noisy_counts_h2,history,noisy_counts,2,4179,4179,0.6704953338119167,0.7171572146446519,1.0
trace_commute_033,1,ABCABB,6,random70,decision_tree,history_noisy_counts_h2,history,noisy_counts,2,2925,1254,0.6586921850079744,0.6770334928229665,1.0
trace_commute_033,1,ABCABB,6,all,lookup,history_noisy_counts_h4,history,noisy_counts,4,4179,4179,0.7214644651830582,0.7621440536013401,1.0
trace_commute_033,1,ABCABB,6,random70,decision_tree,history_noisy_counts_h4,history,noisy_counts,4,2925,1254,0.6953748006379585,0.7272727272727273,1.0
trace_commute_033,1,ABCABB,6,all,lookup,history_noisy_counts_h8,history,noisy_counts,8,4179,4179,0.734146925101699,0.7554438860971524,1.0
trace_commute_033,1,ABCABB,6,random70,decision_tree,history_noisy_counts_h8,history,noisy_counts,8,2925,1254,0.6251993620414673,0.6570972886762361,1.0
trace_commute_033,1,ABCABB,6,all,lookup,memoryless_depth_last,memoryless,depth_last,0,4179,4179,0.8513998564249821,0.9954534577650156,1.0
trace_commute_033,1,ABCABB,6,random70,decision_tree,memoryless_depth_last,memoryless,depth_last,0,2925,1254,0.8588516746411483,0.9936204146730463,1.0
trace_commute_033,1,ABCABB,6,all,lookup,history_depth_last_h1,history,depth_last,1,4179,4179,0.8513998564249821,0.9954534577650156,1.0
trace_commute_033,1,ABCABB,6,random70,decision_tree,history_depth_last_h1,history,depth_last,1,2925,1254,0.8588516746411483,0.9936204146730463,1.0
trace_commute_033,1,ABCABB,6,all,lookup,history_depth_last_h2,history,depth_last,2,4179,4179,0.9413735343383585,0.998085666427375,1.0
trace_commute_033,1,ABCABB,6,random70,decision_tree,history_depth_last_h2,history,depth_last,2,2925,1254,0.9409888357256778,0.992822966507177,1.0
trace_commute_033,1,ABCABB,6,all,lookup,history_depth_last_h4,history,depth_last,4,4179,4179,0.9894711653505623,0.9990428332136875,1.0
trace_commute_033,1,ABCABB,6,random70,decision_tree,history_depth_last_h4,history,depth_last,4,2925,1254,0.9808612440191388,0.9904306220095693,1.0
trace_commute_033,1,ABCABB,6,all,lookup,history_depth_last_h8,history,depth_last,8,4179,4179,1.0,1.0,1.0
trace_commute_033,1,ABCABB,6,random70,decision_tree,history_depth_last_h8,history,depth_last,8,2925,1254,0.9808612440191388,0.9840510366826156,1.0
trace_commute_033,1,ABCABB,6,all,lookup,memoryless_depth,memoryless,depth,0,4179,4179,0.38190954773869346,0.38190954773869346,1.0
trace_commute_033,1,ABCABB,6,random70,decision_tree,memoryless_depth,memoryless,depth,0,2925,1254,0.3572567783094099,0.3572567783094099,1.0
trace_commute_033,1,ABCABB,6,all,lookup,history_depth_h1,history,depth,1,4179,4179,0.38190954773869346,0.38190954773869346,1.0
trace_commute_033,1,ABCABB,6,random70,decision_tree,history_depth_h1,history,depth,1,2925,1254,0.3572567783094099,0.3572567783094099,1.0
trace_commute_033,1,ABCABB,6,all,lookup,history_depth_h2,history,depth,2,4179,4179,0.38190954773869346,0.38190954773869346,1.0
trace_commute_033,1,ABCABB,6,random70,decision_tree,history_depth_h2,history,depth,2,2925,1254,0.3572567783094099,0.3572567783094099,1.0
trace_commute_033,1,ABCABB,6,all,lookup,history_depth_h4,history,depth,4,4179,4179,0.38190954773869346,0.38190954773869346,1.0
trace_commute_033,1,ABCABB,6,random70,decision_tree,history_depth_h4,history,depth,4,2925,1254,0.3572567783094099,0.3572567783094099,1.0
trace_commute_033,1,ABCABB,6,all,lookup,history_depth_h8,history,depth,8,4179,4179,0.38190954773869346,0.38190954773869346,1.0
trace_commute_033,1,ABCABB,6,random70,decision_tree,history_depth_h8,history,depth,8,2925,1254,0.3572567783094099,0.3572567783094099,1.0
trace_commute_033,1,ABCABB,6,all,lookup,hybrid_counts_depth_last_h1,hybrid_counts_depth_last,depth_last,1,4179,4179,0.888490069394592,0.9399377841588897,1.0
trace_commute_033,1,ABCABB,6,random70,decision_tree,hybrid_counts_depth_last_h1,hybrid_counts_depth_last,depth_last,1,2925,1254,0.868421052631579,0.9370015948963317,1.0
trace_commute_033,1,ABCABB,6,all,lookup,hybrid_counts_depth_last_h2,hybrid_counts_depth_last,depth_last,2,4179,4179,0.95908111988514,0.9760708303421871,1.0
trace_commute_033,1,ABCABB,6,random70,decision_tree,hybrid_counts_depth_last_h2,hybrid_counts_depth_last,depth_last,2,2925,1254,0.937799043062201,0.9609250398724083,1.0
trace_commute_033,1,ABCABB,6,all,lookup,hybrid_counts_depth_last_h4,hybrid_counts_depth_last,depth_last,4,4179,4179,0.9947355826752812,0.9959320411581718,1.0
trace_commute_033,1,ABCABB,6,random70,decision_tree,hybrid_counts_depth_last_h4,hybrid_counts_depth_last,depth_last,4,2925,1254,0.9864433811802232,0.988835725677831,1.0
trace_commute_033,1,ABCABB,6,all,lookup,hybrid_counts_depth_last_h8,hybrid_counts_depth_last,depth_last,8,4179,4179,1.0,1.0,1.0
trace_commute_033,1,ABCABB,6,random70,decision_tree,hybrid_counts_depth_last_h8,hybrid_counts_depth_last,depth_last,8,2925,1254,0.9824561403508771,0.9880382775119617,1.0
trace_commute_033,2,ABCCCBCC,8,all,lookup,full_state,full_state,full,0,4179,4179,1.0,1.0,1.0
trace_commute_033,2,ABCCCBCC,8,random70,decision_tree,full_state,full_state,full,0,2925,1254,0.9792663476874003,0.9832535885167464,1.0
trace_commute_033,2,ABCCCBCC,8,all,lookup,memoryless_counts,memoryless,counts,0,4179,4179,0.5573103613304619,0.5721464465183058,1.0
trace_commute_033,2,ABCCCBCC,8,random70,decision_tree,memoryless_counts,memoryless,counts,0,2925,1254,0.5334928229665071,0.5502392344497608,1.0
trace_commute_033,2,ABCCCBCC,8,all,lookup,history_counts_h1,history,counts,1,4179,4179,0.5573103613304619,0.5721464465183058,1.0
trace_commute_033,2,ABCCCBCC,8,random70,decision_tree,history_counts_h1,history,counts,1,2925,1254,0.5334928229665071,0.5502392344497608,1.0
trace_commute_033,2,ABCCCBCC,8,all,lookup,history_counts_h2,history,counts,2,4179,4179,0.8892079444843264,0.9396984924623115,1.0
trace_commute_033,2,ABCCCBCC,8,random70,decision_tree,history_counts_h2,history,counts,2,2925,1254,0.8771929824561403,0.9585326953748007,1.0
trace_commute_033,2,ABCCCBCC,8,all,lookup,history_counts_h4,history,counts,4,4179,4179,0.9856424982053122,0.9909069155300311,1.0
trace_commute_033,2,ABCCCBCC,8,random70,decision_tree,history_counts_h4,history,counts,4,2925,1254,0.9617224880382775,0.9768740031897927,1.0
trace_commute_033,2,ABCCCBCC,8,all,lookup,history_counts_h8,history,counts,8,4179,4179,1.0,1.0,1.0
trace_commute_033,2,ABCCCBCC,8,random70,decision_tree,history_counts_h8,history,counts,8,2925,1254,0.9322169059011164,0.9473684210526315,1.0
trace_commute_033,2,ABCCCBCC,8,all,lookup,memoryless_noisy_counts,memoryless,noisy_counts,0,4179,4179,0.5491744436468055,0.5680784876764776,1.0
trace_commute_033,2,ABCCCBCC,8,random70,decision_tree,memoryless_noisy_counts,memoryless,noisy_counts,0,2925,1254,0.5414673046251993,0.562200956937799,1.0
trace_commute_033,2,ABCCCBCC,8,all,lookup,history_noisy_counts_h1,history,noisy_counts,1,4179,4179,0.5491744436468055,0.5680784876764776,1.0
trace_commute_033,2,ABCCCBCC,8,random70,decision_tree,history_noisy_counts_h1,history,noisy_counts,1,2925,1254,0.5414673046251993,0.562200956937799,1.0
trace_commute_033,2,ABCCCBCC,8,all,lookup,history_noisy_counts_h2,history,noisy_counts,2,4179,4179,0.6721703756879637,0.7171572146446519,1.0
trace_commute_033,2,ABCCCBCC,8,random70,decision_tree,history_noisy_counts_h2,history,noisy_counts,2,2925,1254,0.6626794258373205,0.7185007974481659,1.0
trace_commute_033,2,ABCCCBCC,8,all,lookup,history_noisy_counts_h4,history,noisy_counts,4,4179,4179,0.7233787987556832,0.7628619286910744,1.0
trace_commute_033,2,ABCCCBCC,8,random70,decision_tree,history_noisy_counts_h4,history,noisy_counts,4,2925,1254,0.6881977671451356,0.7272727272727273,1.0
trace_commute_033,2,ABCCCBCC,8,all,lookup,history_noisy_counts_h8,history,noisy_counts,8,4179,4179,0.7351040918880115,0.7568796362766212,1.0
trace_commute_033,2,ABCCCBCC,8,random70,decision_tree,history_noisy_counts_h8,history,noisy_counts,8,2925,1254,0.6172248803827751,0.6507177033492823,1.0
trace_commute_033,2,ABCCCBCC,8,all,lookup,memoryless_depth_last,memoryless,depth_last,0,4179,4179,0.851160564728404,0.9961713328547499,1.0
trace_commute_033,2,ABCCCBCC,8,random70,decision_tree,memoryless_depth_last,memoryless,depth_last,0,2925,1254,0.8413078149920256,0.9936204146730463,1.0
trace_commute_033,2,ABCCCBCC,8,all,lookup,history_depth_last_h1,history,depth_last,1,4179,4179,0.851160564728404,0.9961713328547499,1.0
trace_commute_033,2,ABCCCBCC,8,random70,decision_tree,history_depth_last_h1,history,depth_last,1,2925,1254,0.8413078149920256,0.9936204146730463,1.0
trace_commute_033,2,ABCCCBCC,8,all,lookup,history_depth_last_h2,history,depth_last,2,4179,4179,0.9418521177315147,0.9985642498205313,1.0
trace_commute_033,2,ABCCCBCC,8,random70,decision_tree,history_depth_last_h2,history,depth_last,2,2925,1254,0.9282296650717703,0.9896331738437002,1.0
trace_commute_033,2,ABCCCBCC,8,all,lookup,history_depth_last_h4,history,depth_last,4,4179,4179,0.9904283321368749,0.9990428332136875,1.0
trace_commute_033,2,ABCCCBCC,8,random70,decision_tree,history_depth_last_h4,history,depth_last,4,2925,1254,0.9856459330143541,0.9936204146730463,1.0
trace_commute_033,2,ABCCCBCC,8,all,lookup,history_depth_last_h8,history,depth_last,8,4179,4179,1.0,1.0,1.0
trace_commute_033,2,ABCCCBCC,8,random70,decision_tree,history_depth_last_h8,history,depth_last,8,2925,1254,0.9800637958532695,0.9840510366826156,1.0
trace_commute_033,2,ABCCCBCC,8,all,lookup,memoryless_depth,memoryless,depth,0,4179,4179,0.38095238095238093,0.38095238095238093,1.0
trace_commute_033,2,ABCCCBCC,8,random70,decision_tree,memoryless_depth,memoryless,depth,0,2925,1254,0.36044657097288674,0.3628389154704944,1.0
trace_commute_033,2,ABCCCBCC,8,all,lookup,history_depth_h1,history,depth,1,4179,4179,0.38095238095238093,0.38095238095238093,1.0
trace_commute_033,2,ABCCCBCC,8,random70,decision_tree,history_depth_h1,history,depth,1,2925,1254,0.36044657097288674,0.3628389154704944,1.0
trace_commute_033,2,ABCCCBCC,8,all,lookup,history_depth_h2,history,depth,2,4179,4179,0.38095238095238093,0.38095238095238093,1.0
trace_commute_033,2,ABCCCBCC,8,random70,decision_tree,history_depth_h2,history,depth,2,2925,1254,0.36044657097288674,0.3628389154704944,1.0
trace_commute_033,2,ABCCCBCC,8,all,lookup,history_depth_h4,history,depth,4,4179,4179,0.38095238095238093,0.38095238095238093,1.0
trace_commute_033,2,ABCCCBCC,8,random70,decision_tree,history_depth_h4,history,depth,4,2925,1254,0.36044657097288674,0.3628389154704944,1.0
trace_commute_033,2,ABCCCBCC,8,all,lookup,history_depth_h8,history,depth,8,4179,4179,0.38095238095238093,0.38095238095238093,1.0
trace_commute_033,2,ABCCCBCC,8,random70,decision_tree,history_depth_h8,history,depth,8,2925,1254,0.36044657097288674,0.3628389154704944,1.0
trace_commute_033,2,ABCCCBCC,8,all,lookup,hybrid_counts_depth_last_h1,hybrid_counts_depth_last,depth_last,1,4179,4179,0.8892079444843264,0.9396984924623115,1.0
trace_commute_033,2,ABCCCBCC,8,random70,decision_tree,hybrid_counts_depth_last_h1,hybrid_counts_depth_last,depth_last,1,2925,1254,0.8787878787878788,0.960127591706539,1.0
trace_commute_033,2,ABCCCBCC,8,all,lookup,hybrid_counts_depth_last_h2,hybrid_counts_depth_last,depth_last,2,4179,4179,0.9597989949748744,0.9763101220387652,1.0
trace_commute_033,2,ABCCCBCC,8,random70,decision_tree,hybrid_counts_depth_last_h2,hybrid_counts_depth_last,depth_last,2,2925,1254,0.9465709728867624,0.9712918660287081,1.0
trace_commute_033,2,ABCCCBCC,8,all,lookup,hybrid_counts_depth_last_h4,hybrid_counts_depth_last,depth_last,4,4179,4179,0.9952141660684374,0.9966499162479062,1.0
trace_commute_033,2,ABCCCBCC,8,random70,decision_tree,hybrid_counts_depth_last_h4,hybrid_counts_depth_last,depth_last,4,2925,1254,0.9776714513556619,0.9800637958532695,1.0
trace_commute_033,2,ABCCCBCC,8,all,lookup,hybrid_counts_depth_last_h8,hybrid_counts_depth_last,depth_last,8,4179,4179,1.0,1.0,1.0
trace_commute_033,2,ABCCCBCC,8,random70,decision_tree,hybrid_counts_depth_last_h8,hybrid_counts_depth_last,depth_last,8,2925,1254,0.9824561403508771,0.9872408293460925,1.0
trace_commute_033,3,ACACBCBB,8,all,lookup,full_state,full_state,full,0,4179,4179,1.0,1.0,1.0
trace_commute_033,3,ACACBCBB,8,random70,decision_tree,full_state,full_state,full,0,2925,1254,0.9832535885167464,0.9864433811802232,1.0
trace_commute_033,3,ACACBCBB,8,all,lookup,memoryless_counts,memoryless,counts,0,4179,4179,0.555874611150993,0.5714285714285714,1.0
trace_commute_033,3,ACACBCBB,8,random70,decision_tree,memoryless_counts,memoryless,counts,0,2925,1254,0.5390749601275917,0.5550239234449761,1.0
trace_commute_033,3,ACACBCBB,8,all,lookup,history_counts_h1,history,counts,1,4179,4179,0.555874611150993,0.5714285714285714,1.0
trace_commute_033,3,ACACBCBB,8,random70,decision_tree,history_counts_h1,history,counts,1,2925,1254,0.5390749601275917,0.5550239234449761,1.0
trace_commute_033,3,ACACBCBB,8,all,lookup,history_counts_h2,history,counts,2,4179,4179,0.8877721943048577,0.9392199090691553,1.0
trace_commute_033,3,ACACBCBB,8,random70,decision_tree,history_counts_h2,history,counts,2,2925,1254,0.879585326953748,0.9617224880382775,1.0
trace_commute_033,3,ACACBCBB,8,all,lookup,history_counts_h4,history,counts,4,4179,4179,0.9842067480258435,0.9899497487437185,1.0
trace_commute_033,3,ACACBCBB,8,random70,decision_tree,history_counts_h4,history,counts,4,2925,1254,0.970494417862839,0.9792663476874003,1.0
trace_commute_033,3,ACACBCBB,8,all,lookup,history_counts_h8,history,counts,8,4179,4179,1.0,1.0,1.0
trace_commute_033,3,ACACBCBB,8,random70,decision_tree,history_counts_h8,history,counts,8,2925,1254,0.9401913875598086,0.9521531100478469,1.0
trace_commute_033,3,ACACBCBB,8,all,lookup,memoryless_noisy_counts,memoryless,noisy_counts,0,4179,4179,0.5489351519502274,0.5678391959798995,1.0
trace_commute_033,3,ACACBCBB,8,random70,decision_tree,memoryless_noisy_counts,memoryless,noisy_counts,0,2925,1254,0.5550239234449761,0.5813397129186603,1.0
trace_commute_033,3,ACACBCBB,8,all,lookup,history_noisy_counts_h1,history,noisy_counts,1,4179,4179,0.5489351519502274,0.5678391959798995,1.0
trace_commute_033,3,ACACBCBB,8,random70,decision_tree,history_noisy_counts_h1,history,noisy_counts,1,2925,1254,0.5550239234449761,0.5813397129186603,1.0
trace_commute_033,3,ACACBCBB,8,all,lookup,history_noisy_counts_h2,history,noisy_counts,2,4179,4179,0.6714525005982293,0.7166786312514956,1.0
trace_commute_033,3,ACACBCBB,8,random70,decision_tree,history_noisy_counts_h2,history,noisy_counts,2,2925,1254,0.6730462519936204,0.7073365231259968,1.0
trace_commute_033,3,ACACBCBB,8,all,lookup,history_noisy_counts_h4,history,noisy_counts,4,4179,4179,0.7219430485762144,0.7611868868150276,1.0
trace_commute_033,3,ACACBCBB,8,random70,decision_tree,history_noisy_counts_h4,history,noisy_counts,4,2925,1254,0.6905901116427432,0.7320574162679426,1.0
trace_commute_033,3,ACACBCBB,8,all,lookup,history_noisy_counts_h8,history,noisy_counts,8,4179,4179,0.7343862167982771,0.7559224694903087,1.0
trace_commute_033,3,ACACBCBB,8,random70,decision_tree,history_noisy_counts_h8,history,noisy_counts,8,2925,1254,0.6403508771929824,0.6778309409888357,1.0
trace_commute_033,3,ACACBCBB,8,all,lookup,memoryless_depth_last,memoryless,depth_last,0,4179,4179,0.8521177315147165,0.9976070830342187,1.0
trace_commute_033,3,ACACBCBB,8,random70,decision_tree,memoryless_depth_last,memoryless,depth_last,0,2925,1254,0.8349282296650717,0.9960127591706539,1.0
trace_commute_033,3,ACACBCBB,8,all,lookup,history_depth_last_h1,history,depth_last,1,4179,4179,0.8521177315147165,0.9976070830342187,1.0
trace_commute_033,3,ACACBCBB,8,random70,decision_tree,history_depth_last_h1,history,depth_last,1,2925,1254,0.8349282296650717,0.9960127591706539,1.0
trace_commute_033,3,ACACBCBB,8,all,lookup,history_depth_last_h2,history,depth_last,2,4179,4179,0.9420914094280929,0.9985642498205313,1.0
trace_commute_033,3,ACACBCBB,8,random70,decision_tree,history_depth_last_h2,history,depth_last,2,2925,1254,0.9338118022328549,0.9968102073365231,1.0
trace_commute_033,3,ACACBCBB,8,all,lookup,history_depth_last_h4,history,depth_last,4,4179,4179,0.9899497487437185,0.9988035415171094,1.0
trace_commute_033,3,ACACBCBB,8,random70,decision_tree,history_depth_last_h4,history,depth_last,4,2925,1254,0.9856459330143541,0.9968102073365231,1.0
trace_commute_033,3,ACACBCBB,8,all,lookup,history_depth_last_h8,history,depth_last,8,4179,4179,1.0,1.0,1.0
trace_commute_033,3,ACACBCBB,8,random70,decision_tree,history_depth_last_h8,history,depth_last,8,2925,1254,0.9856459330143541,0.9880382775119617,1.0
trace_commute_033,3,ACACBCBB,8,all,lookup,memoryless_depth,memoryless,depth,0,4179,4179,0.3814309643455372,0.3814309643455372,1.0
trace_commute_033,3,ACACBCBB,8,random70,decision_tree,memoryless_depth,memoryless,depth,0,2925,1254,0.3700159489633174,0.3700159489633174,1.0
trace_commute_033,3,ACACBCBB,8,all,lookup,history_depth_h1,history,depth,1,4179,4179,0.3814309643455372,0.3814309643455372,1.0
trace_commute_033,3,ACACBCBB,8,random70,decision_tree,history_depth_h1,history,depth,1,2925,1254,0.3700159489633174,0.3700159489633174,1.0
trace_commute_033,3,ACACBCBB,8,all,lookup,history_depth_h2,history,depth,2,4179,4179,0.3814309643455372,0.3814309643455372,1.0
trace_commute_033,3,ACACBCBB,8,random70,decision_tree,history_depth_h2,history,depth,2,2925,1254,0.3700159489633174,0.3700159489633174,1.0
trace_commute_033,3,ACACBCBB,8,all,lookup,history_depth_h4,history,depth,4,4179,4179,0.3814309643455372,0.3814309643455372,1.0
trace_commute_033,3,ACACBCBB,8,random70,decision_tree,history_depth_h4,history,depth,4,2925,1254,0.3700159489633174,0.3700159489633174,1.0
trace_commute_033,3,ACACBCBB,8,all,lookup,history_depth_h8,history,depth,8,4179,4179,0.3814309643455372,0.3814309643455372,1.0
trace_commute_033,3,ACACBCBB,8,random70,decision_tree,history_depth_h8,history,depth,8,2925,1254,0.3700159489633174,0.3700159489633174,1.0
trace_commute_033,3,ACACBCBB,8,all,lookup,hybrid_counts_depth_last_h1,hybrid_counts_depth_last,depth_last,1,4179,4179,0.8877721943048577,0.9392199090691553,1.0
trace_commute_033,3,ACACBCBB,8,random70,decision_tree,hybrid_counts_depth_last_h1,hybrid_counts_depth_last,depth_last,1,2925,1254,0.8779904306220095,0.9593301435406698,1.0
trace_commute_033,3,ACACBCBB,8,all,lookup,hybrid_counts_depth_last_h2,hybrid_counts_depth_last,depth_last,2,4179,4179,0.9581239530988275,0.9753529552524527,1.0
trace_commute_033,3,ACACBCBB,8,random70,decision_tree,hybrid_counts_depth_last_h2,hybrid_counts_depth_last,depth_last,2,2925,1254,0.9457735247208932,0.9768740031897927,1.0
trace_commute_033,3,ACACBCBB,8,all,lookup,hybrid_counts_depth_last_h4,hybrid_counts_depth_last,depth_last,4,4179,4179,0.9940177075855468,0.9959320411581718,1.0
trace_commute_033,3,ACACBCBB,8,random70,decision_tree,hybrid_counts_depth_last_h4,hybrid_counts_depth_last,depth_last,4,2925,1254,0.9800637958532695,0.9880382775119617,1.0
trace_commute_033,3,ACACBCBB,8,all,lookup,hybrid_counts_depth_last_h8,hybrid_counts_depth_last,depth_last,8,4179,4179,1.0,1.0,1.0
trace_commute_033,3,ACACBCBB,8,random70,decision_tree,hybrid_counts_depth_last_h8,hybrid_counts_depth_last,depth_last,8,2925,1254,0.9784688995215312,0.9832535885167464,1.0
trace_commute_033,4,BBCACACA,8,all,lookup,full_state,full_state,full,0,4179,4179,1.0,1.0,1.0
trace_commute_033,4,BBCACACA,8,random70,decision_tree,full_state,full_state,full,0,2925,1254,0.9792663476874003,0.9848484848484849,1.0
trace_commute_033,4,BBCACACA,8,all,lookup,memoryless_counts,memoryless,counts,0,4179,4179,0.555874611150993,0.5752572385738215,1.0
trace_commute_033,4,BBCACACA,8,random70,decision_tree,memoryless_counts,memoryless,counts,0,2925,1254,0.5231259968102073,0.5478468899521531,1.0
trace_commute_033,4,BBCACACA,8,all,lookup,history_counts_h1,history,counts,1,4179,4179,0.555874611150993,0.5752572385738215,1.0
trace_commute_033,4,BBCACACA,8,random70,decision_tree,history_counts_h1,history,counts,1,2925,1254,0.5231259968102073,0.5478468899521531,1.0
trace_commute_033,4,BBCACACA,8,all,lookup,history_counts_h2,history,counts,2,4179,4179,0.8899258195740608,0.9559703278296243,1.0
trace_commute_033,4,BBCACACA,8,random70,decision_tree,history_counts_h2,history,counts,2,2925,1254,0.8588516746411483,0.9370015948963317,1.0
trace_commute_033,4,BBCACACA,8,all,lookup,history_counts_h4,history,counts,4,4179,4179,0.9856424982053122,0.9923426657094999,1.0
trace_commute_033,4,BBCACACA,8,random70,decision_tree,history_counts_h4,history,counts,4,2925,1254,0.9609250398724083,0.9760765550239234,1.0
trace_commute_033,4,BBCACACA,8,all,lookup,history_counts_h8,history,counts,8,4179,4179,1.0,1.0,1.0
trace_commute_033,4,BBCACACA,8,random70,decision_tree,history_counts_h8,history,counts,8,2925,1254,0.9505582137161085,0.9593301435406698,1.0
trace_commute_033,4,BBCACACA,8,all,lookup,memoryless_noisy_counts,memoryless,noisy_counts,0,4179,4179,0.5479779851639148,0.5675999042833214,1.0
trace_commute_033,4,BBCACACA,8,random70,decision_tree,memoryless_noisy_counts,memoryless,noisy_counts,0,2925,1254,0.5303030303030303,0.5566188197767146,1.0
trace_commute_033,4,BBCACACA,8,all,lookup,history_noisy_counts_h1,history,noisy_counts,1,4179,4179,0.5479779851639148,0.5675999042833214,1.0
trace_commute_033,4,BBCACACA,8,random70,decision_tree,history_noisy_counts_h1,history,noisy_counts,1,2925,1254,0.5303030303030303,0.5566188197767146,1.0
trace_commute_033,4,BBCACACA,8,all,lookup,history_noisy_counts_h2,history,noisy_counts,2,4179,4179,0.6716917922948074,0.724814548935152,1.0
trace_commute_033,4,BBCACACA,8,random70,decision_tree,history_noisy_counts_h2,history,noisy_counts,2,2925,1254,0.6539074960127592,0.6842105263157895,1.0
trace_commute_033,4,BBCACACA,8,all,lookup,history_noisy_counts_h4,history,noisy_counts,4,4179,4179,0.7221823402727925,0.7626226369944963,1.0
trace_commute_033,4,BBCACACA,8,random70,decision_tree,history_noisy_counts_h4,history,noisy_counts,4,2925,1254,0.6810207336523126,0.7192982456140351,1.0
trace_commute_033,4,BBCACACA,8,all,lookup,history_noisy_counts_h8,history,noisy_counts,8,4179,4179,0.7334290500119646,0.7561617611868868,1.0
trace_commute_033,4,BBCACACA,8,random70,decision_tree,history_noisy_counts_h8,history,noisy_counts,8,2925,1254,0.6228070175438597,0.6539074960127592,1.0
trace_commute_033,4,BBCACACA,8,all,lookup,memoryless_depth_last,memoryless,depth_last,0,4179,4179,0.8513998564249821,0.9952141660684374,1.0
trace_commute_033,4,BBCACACA,8,random70,decision_tree,memoryless_depth_last,memoryless,depth_last,0,2925,1254,0.8596491228070176,0.9984051036682615,1.0
trace_commute_033,4,BBCACACA,8,all,lookup,history_depth_last_h1,history,depth_last,1,4179,4179,0.8513998564249821,0.9952141660684374,1.0
trace_commute_033,4,BBCACACA,8,random70,decision_tree,history_depth_last_h1,history,depth_last,1,2925,1254,0.8596491228070176,0.9984051036682615,1.0
trace_commute_033,4,BBCACACA,8,all,lookup,history_depth_last_h2,history,depth_last,2,4179,4179,0.9399377841588897,0.9964106245513281,1.0
trace_commute_033,4,BBCACACA,8,random70,decision_tree,history_depth_last_h2,history,depth_last,2,2925,1254,0.9370015948963317,0.9952153110047847,1.0
trace_commute_033,4,BBCACACA,8,all,lookup,history_depth_last_h4,history,depth_last,4,4179,4179,0.9877961234745154,0.9976070830342187,1.0
trace_commute_033,4,BBCACACA,8,random70,decision_tree,history_depth_last_h4,history,depth_last,4,2925,1254,0.9848484848484849,0.9936204146730463,1.0
trace_commute_033,4,BBCACACA,8,all,lookup,history_depth_last_h8,history,depth_last,8,4179,4179,1.0,1.0,1.0
trace_commute_033,4,BBCACACA,8,random70,decision_tree,history_depth_last_h8,history,depth_last,8,2925,1254,0.9792663476874003,0.9848484848484849,1.0
trace_commute_033,4,BBCACACA,8,all,lookup,memoryless_depth,memoryless,depth,0,4179,4179,0.38167025604211535,0.38167025604211535,1.0
trace_commute_033,4,BBCACACA,8,random70,decision_tree,memoryless_depth,memoryless,depth,0,2925,1254,0.36921850079744817,0.3708133971291866,1.0
trace_commute_033,4,BBCACACA,8,all,lookup,history_depth_h1,history,depth,1,4179,4179,0.38167025604211535,0.38167025604211535,1.0
trace_commute_033,4,BBCACACA,8,random70,decision_tree,history_depth_h1,history,depth,1,2925,1254,0.36921850079744817,0.3708133971291866,1.0
trace_commute_033,4,BBCACACA,8,all,lookup,history_depth_h2,history,depth,2,4179,4179,0.38167025604211535,0.38167025604211535,1.0
trace_commute_033,4,BBCACACA,8,random70,decision_tree,history_depth_h2,history,depth,2,2925,1254,0.36921850079744817,0.3708133971291866,1.0
trace_commute_033,4,BBCACACA,8,all,lookup,history_depth_h4,history,depth,4,4179,4179,0.38167025604211535,0.38167025604211535,1.0
trace_commute_033,4,BBCACACA,8,random70,decision_tree,history_depth_h4,history,depth,4,2925,1254,0.36921850079744817,0.3708133971291866,1.0
trace_commute_033,4,BBCACACA,8,all,lookup,history_depth_h8,history,depth,8,4179,4179,0.38167025604211535,0.38167025604211535,1.0
trace_commute_033,4,BBCACACA,8,random70,decision_tree,history_depth_h8,history,depth,8,2925,1254,0.36921850079744817,0.3708133971291866,1.0
trace_commute_033,4,BBCACACA,8,all,lookup,hybrid_counts_depth_last_h1,hybrid_counts_depth_last,depth_last,1,4179,4179,0.8899258195740608,0.9559703278296243,1.0
trace_commute_033,4,BBCACACA,8,random70,decision_tree,hybrid_counts_depth_last_h1,hybrid_counts_depth_last,depth_last,1,2925,1254,0.8652312599681021,0.9401913875598086,1.0
trace_commute_033,4,BBCACACA,8,all,lookup,hybrid_counts_depth_last_h2,hybrid_counts_depth_last,depth_last,2,4179,4179,0.9600382866714525,0.9834888729361091,1.0
trace_commute_033,4,BBCACACA,8,random70,decision_tree,hybrid_counts_depth_last_h2,hybrid_counts_depth_last,depth_last,2,2925,1254,0.9417862838915471,0.9720893141945773,1.0
trace_commute_033,4,BBCACACA,8,all,lookup,hybrid_counts_depth_last_h4,hybrid_counts_depth_last,depth_last,4,4179,4179,0.9954534577650156,0.9973677913376405,1.0
trace_commute_033,4,BBCACACA,8,random70,decision_tree,hybrid_counts_depth_last_h4,hybrid_counts_depth_last,depth_last,4,2925,1254,0.9848484848484849,0.9896331738437002,1.0
trace_commute_033,4,BBCACACA,8,all,lookup,hybrid_counts_depth_last_h8,hybrid_counts_depth_last,depth_last,8,4179,4179,1.0,1.0,1.0
trace_commute_033,4,BBCACACA,8,random70,decision_tree,hybrid_counts_depth_last_h8,hybrid_counts_depth_last,depth_last,8,2925,1254,0.9808612440191388,0.9864433811802232,1.0
trace_commute_033,5,CBBBBCB,7,all,lookup,full_state,full_state,full,0,4179,4179,1.0,1.0,1.0
trace_commute_033,5,CBBBBCB,7,random70,decision_tree,full_state,full_state,full,0,2925,1254,0.9760765550239234,0.9840510366826156,1.0
trace_commute_033,5,CBBBBCB,7,all,lookup,memoryless_counts,memoryless,counts,0,4179,4179,0.5534816941852118,0.5714285714285714,1.0
trace_commute_033,5,CBBBBCB,7,random70,decision_tree,memoryless_counts,memoryless,counts,0,2925,1254,0.5390749601275917,0.5598086124401914,1.0
trace_commute_033,5,CBBBBCB,7,all,lookup,history_counts_h1,history,counts,1,4179,4179,0.5534816941852118,0.5714285714285714,1.0
trace_commute_033,5,CBBBBCB,7,random70,decision_tree,history_counts_h1,history,counts,1,2925,1254,0.5390749601275917,0.5598086124401914,1.0
trace_commute_033,5,CBBBBCB,7,all,lookup,history_counts_h2,history,counts,2,4179,4179,0.8860971524288107,0.9399377841588897,1.0
trace_commute_033,5,CBBBBCB,7,random70,decision_tree,history_counts_h2,history,counts,2,2925,1254,0.8524720893141946,0.9226475279106858,1.0
trace_commute_033,5,CBBBBCB,7,all,lookup,history_counts_h4,history,counts,4,4179,4179,0.983249581239531,0.9899497487437185,1.0
trace_commute_033,5,CBBBBCB,7,random70,decision_tree,history_counts_h4,history,counts,4,2925,1254,0.9569377990430622,0.9728867623604466,1.0
trace_commute_033,5,CBBBBCB,7,all,lookup,history_counts_h8,history,counts,8,4179,4179,1.0,1.0,1.0
trace_commute_033,5,CBBBBCB,7,random70,decision_tree,history_counts_h8,history,counts,8,2925,1254,0.9202551834130781,0.9346092503987241,1.0
trace_commute_033,5,CBBBBCB,7,all,lookup,memoryless_noisy_counts,memoryless,noisy_counts,0,4179,4179,0.5479779851639148,0.5673606125867432,1.0
trace_commute_033,5,CBBBBCB,7,random70,decision_tree,memoryless_noisy_counts,memoryless,noisy_counts,0,2925,1254,0.5574162679425837,0.580542264752791,1.0
trace_commute_033,5,CBBBBCB,7,all,lookup,history_noisy_counts_h1,history,noisy_counts,1,4179,4179,0.5479779851639148,0.5673606125867432,1.0
trace_commute_033,5,CBBBBCB,7,random70,decision_tree,history_noisy_counts_h1,history,noisy_counts,1,2925,1254,0.5574162679425837,0.580542264752791,1.0
trace_commute_033,5,CBBBBCB,7,all,lookup,history_noisy_counts_h2,history,noisy_counts,2,4179,4179,0.6712132089016511,0.71739650634123,1.0
trace_commute_033,5,CBBBBCB,7,random70,decision_tree,history_noisy_counts_h2,history,noisy_counts,2,2925,1254,0.6570972886762361,0.7105263157894737,1.0
trace_commute_033,5,CBBBBCB,7,all,lookup,history_noisy_counts_h4,history,noisy_counts,4,4179,4179,0.72122517348648,0.7619047619047619,1.0
trace_commute_033,5,CBBBBCB,7,random70,decision_tree,history_noisy_counts_h4,history,noisy_counts,4,2925,1254,0.6762360446570973,0.7248803827751196,1.0
trace_commute_033,5,CBBBBCB,7,all,lookup,history_noisy_counts_h8,history,noisy_counts,8,4179,4179,0.7315147164393395,0.7540081359176837,1.0
trace_commute_033,5,CBBBBCB,7,random70,decision_tree,history_noisy_counts_h8,history,noisy_counts,8,2925,1254,0.6251993620414673,0.6650717703349283,1.0
trace_commute_033,5,CBBBBCB,7,all,lookup,memoryless_depth_last,memoryless,depth_last,0,4179,4179,0.8513998564249821,0.9937784158889686,1.0
trace_commute_033,5,CBBBBCB,7,random70,decision_tree,memoryless_depth_last,memoryless,depth_last,0,2925,1254,0.8413078149920256,0.9864433811802232,1.0
trace_commute_033,5,CBBBBCB,7,all,lookup,history_depth_last_h1,history,depth_last,1,4179,4179,0.8513998564249821,0.9937784158889686,1.0
trace_commute_033,5,CBBBBCB,7,random70,decision_tree,history_depth_last_h1,history,depth_last,1,2925,1254,0.8413078149920256,0.9864433811802232,1.0
trace_commute_033,5,CBBBBCB,7,all,lookup,history_depth_last_h2,history,depth_last,2,4179,4179,0.9408949509452021,0.9954534577650156,1.0
trace_commute_033,5,CBBBBCB,7,random70,decision_tree,history_depth_last_h2,history,depth_last,2,2925,1254,0.9354066985645934,0.9904306220095693,1.0
trace_commute_033,5,CBBBBCB,7,all,lookup,history_depth_last_h4,history,depth_last,4,4179,4179,0.9885139985642498,0.9976070830342187,1.0
trace_commute_033,5,CBBBBCB,7,random70,decision_tree,history_depth_last_h4,history,depth_last,4,2925,1254,0.9800637958532695,0.9936204146730463,1.0
trace_commute_033,5,CBBBBCB,7,all,lookup,history_depth_last_h8,history,depth_last,8,4179,4179,1.0,1.0,1.0
trace_commute_033,5,CBBBBCB,7,random70,decision_tree,history_depth_last_h8,history,depth_last,8,2925,1254,0.9776714513556619,0.9848484848484849,1.0
trace_commute_033,5,CBBBBCB,7,all,lookup,memoryless_depth,memoryless,depth,0,4179,4179,0.38190954773869346,0.38190954773869346,1.0
trace_commute_033,5,CBBBBCB,7,random70,decision_tree,memoryless_depth,memoryless,depth,0,2925,1254,0.36921850079744817,0.372408293460925,1.0
trace_commute_033,5,CBBBBCB,7,all,lookup,history_depth_h1,history,depth,1,4179,4179,0.38190954773869346,0.38190954773869346,1.0
trace_commute_033,5,CBBBBCB,7,random70,decision_tree,history_depth_h1,history,depth,1,2925,1254,0.36921850079744817,0.372408293460925,1.0
trace_commute_033,5,CBBBBCB,7,all,lookup,history_depth_h2,history,depth,2,4179,4179,0.38190954773869346,0.38190954773869346,1.0
trace_commute_033,5,CBBBBCB,7,random70,decision_tree,history_depth_h2,history,depth,2,2925,1254,0.36921850079744817,0.372408293460925,1.0
trace_commute_033,5,CBBBBCB,7,all,lookup,history_depth_h4,history,depth,4,4179,4179,0.38190954773869346,0.38190954773869346,1.0
trace_commute_033,5,CBBBBCB,7,random70,decision_tree,history_depth_h4,history,depth,4,2925,1254,0.36921850079744817,0.372408293460925,1.0
trace_commute_033,5,CBBBBCB,7,all,lookup,history_depth_h8,history,depth,8,4179,4179,0.38190954773869346,0.38190954773869346,1.0
trace_commute_033,5,CBBBBCB,7,random70,decision_tree,history_depth_h8,history,depth,8,2925,1254,0.36921850079744817,0.372408293460925,1.0
trace_commute_033,5,CBBBBCB,7,all,lookup,hybrid_counts_depth_last_h1,hybrid_counts_depth_last,depth_last,1,4179,4179,0.8860971524288107,0.9399377841588897,1.0
trace_commute_033,5,CBBBBCB,7,random70,decision_tree,hybrid_counts_depth_last_h1,hybrid_counts_depth_last,depth_last,1,2925,1254,0.8548644338118022,0.9274322169059012,1.0
trace_commute_033,5,CBBBBCB,7,all,lookup,hybrid_counts_depth_last_h2,hybrid_counts_depth_last,depth_last,2,4179,4179,0.9569274946159368,0.975831538645609,1.0
trace_commute_033,5,CBBBBCB,7,random70,decision_tree,hybrid_counts_depth_last_h2,hybrid_counts_depth_last,depth_last,2,2925,1254,0.9409888357256778,0.9688995215311005,1.0
trace_commute_033,5,CBBBBCB,7,all,lookup,hybrid_counts_depth_last_h4,hybrid_counts_depth_last,depth_last,4,4179,4179,0.9932998324958124,0.9956927494615937,1.0
trace_commute_033,5,CBBBBCB,7,random70,decision_tree,hybrid_counts_depth_last_h4,hybrid_counts_depth_last,depth_last,4,2925,1254,0.9776714513556619,0.9856459330143541,1.0
trace_commute_033,5,CBBBBCB,7,all,lookup,hybrid_counts_depth_last_h8,hybrid_counts_depth_last,depth_last,8,4179,4179,1.0,1.0,1.0
trace_commute_033,5,CBBBBCB,7,random70,decision_tree,hybrid_counts_depth_last_h8,hybrid_counts_depth_last,depth_last,8,2925,1254,0.9736842105263158,0.9784688995215312,1.0
trace_commute_033,6,CCACBCAA,8,all,lookup,full_state,full_state,full,0,4179,4179,1.0,1.0,1.0
trace_commute_033,6,CCACBCAA,8,random70,decision_tree,full_state,full_state,full,0,2925,1254,0.9808612440191388,0.9896331738437002,1.0
trace_commute_033,6,CCACBCAA,8,all,lookup,memoryless_counts,memoryless,counts,0,4179,4179,0.5580282364201962,0.5733429050011964,1.0
trace_commute_033,6,CCACBCAA,8,random70,decision_tree,memoryless_counts,memoryless,counts,0,2925,1254,0.5358851674641149,0.5470494417862839,1.0
trace_commute_033,6,CCACBCAA,8,all,lookup,history_counts_h1,history,counts,1,4179,4179,0.5580282364201962,0.5733429050011964,1.0
trace_commute_033,6,CCACBCAA,8,random70,decision_tree,history_counts_h1,history,counts,1,2925,1254,0.5358851674641149,0.5470494417862839,1.0
trace_commute_033,6,CCACBCAA,8,all,lookup,history_counts_h2,history,counts,2,4179,4179,0.8892079444843264,0.9396984924623115,1.0
trace_commute_033,6,CCACBCAA,8,random70,decision_tree,history_counts_h2,history,counts,2,2925,1254,0.8859649122807017,0.9322169059011164,1.0
trace_commute_033,6,CCACBCAA,8,all,lookup,history_counts_h4,history,counts,4,4179,4179,0.9854032065087341,0.990667623833453,1.0
trace_commute_033,6,CCACBCAA,8,random70,decision_tree,history_counts_h4,history,counts,4,2925,1254,0.970494417862839,0.9776714513556619,1.0
trace_commute_033,6,CCACBCAA,8,all,lookup,history_counts_h8,history,counts,8,4179,4179,1.0,1.0,1.0
trace_commute_033,6,CCACBCAA,8,random70,decision_tree,history_counts_h8,history,counts,8,2925,1254,0.9553429027113237,0.9633173843700159,1.0
trace_commute_033,6,CCACBCAA,8,all,lookup,memoryless_noisy_counts,memoryless,noisy_counts,0,4179,4179,0.5510887772194305,0.568796362766212,1.0
trace_commute_033,6,CCACBCAA,8,random70,decision_tree,memoryless_noisy_counts,memoryless,noisy_counts,0,2925,1254,0.5462519936204147,0.5629984051036683,1.0
trace_commute_033,6,CCACBCAA,8,all,lookup,history_noisy_counts_h1,history,noisy_counts,1,4179,4179,0.5510887772194305,0.568796362766212,1.0
trace_commute_033,6,CCACBCAA,8,random70,decision_tree,history_noisy_counts_h1,history,noisy_counts,1,2925,1254,0.5462519936204147,0.5629984051036683,1.0
trace_commute_033,6,CCACBCAA,8,all,lookup,history_noisy_counts_h2,history,noisy_counts,2,4179,4179,0.6740847092605886,0.7183536731275425,1.0
trace_commute_033,6,CCACBCAA,8,random70,decision_tree,history_noisy_counts_h2,history,noisy_counts,2,2925,1254,0.671451355661882,0.6977671451355661,1.0
trace_commute_033,6,CCACBCAA,8,all,lookup,history_noisy_counts_h4,history,noisy_counts,4,4179,4179,0.7236180904522613,0.7626226369944963,1.0
trace_commute_033,6,CCACBCAA,8,random70,decision_tree,history_noisy_counts_h4,history,noisy_counts,4,2925,1254,0.6953748006379585,0.7328548644338118,1.0
trace_commute_033,6,CCACBCAA,8,all,lookup,history_noisy_counts_h8,history,noisy_counts,8,4179,4179,0.7353433835845896,0.7568796362766212,1.0
trace_commute_033,6,CCACBCAA,8,random70,decision_tree,history_noisy_counts_h8,history,noisy_counts,8,2925,1254,0.6427432216905901,0.6754385964912281,1.0
trace_commute_033,6,CCACBCAA,8,all,lookup,memoryless_depth_last,memoryless,depth_last,0,4179,4179,0.8521177315147165,0.9978463747307968,1.0
trace_commute_033,6,CCACBCAA,8,random70,decision_tree,memoryless_depth_last,memoryless,depth_last,0,2925,1254,0.8668261562998405,0.9936204146730463,1.0
trace_commute_033,6,CCACBCAA,8,all,lookup,history_depth_last_h1,history,depth_last,1,4179,4179,0.8521177315147165,0.9978463747307968,1.0
trace_commute_033,6,CCACBCAA,8,random70,decision_tree,history_depth_last_h1,history,depth_last,1,2925,1254,0.8668261562998405,0.9936204146730463,1.0
trace_commute_033,6,CCACBCAA,8,all,lookup,history_depth_last_h2,history,depth_last,2,4179,4179,0.9416128260349366,0.998324958123953,1.0
trace_commute_033,6,CCACBCAA,8,random70,decision_tree,history_depth_last_h2,history,depth_last,2,2925,1254,0.9465709728867624,0.992822966507177,1.0
trace_commute_033,6,CCACBCAA,8,all,lookup,history_depth_last_h4,history,depth_last,4,4179,4179,0.9894711653505623,0.9985642498205313,1.0
trace_commute_033,6,CCACBCAA,8,random70,decision_tree,history_depth_last_h4,history,depth_last,4,2925,1254,0.9848484848484849,0.992822966507177,1.0
trace_commute_033,6,CCACBCAA,8,all,lookup,history_depth_last_h8,history,depth_last,8,4179,4179,1.0,1.0,1.0
trace_commute_033,6,CCACBCAA,8,random70,decision_tree,history_depth_last_h8,history,depth_last,8,2925,1254,0.9832535885167464,0.9904306220095693,1.0
trace_commute_033,6,CCACBCAA,8,all,lookup,memoryless_depth,memoryless,depth,0,4179,4179,0.38167025604211535,0.38167025604211535,1.0
trace_commute_033,6,CCACBCAA,8,random70,decision_tree,memoryless_depth,memoryless,depth,0,2925,1254,0.34688995215311,0.34768740031897927,1.0
trace_commute_033,6,CCACBCAA,8,all,lookup,history_depth_h1,history,depth,1,4179,4179,0.38167025604211535,0.38167025604211535,1.0
trace_commute_033,6,CCACBCAA,8,random70,decision_tree,history_depth_h1,history,depth,1,2925,1254,0.34688995215311,0.34768740031897927,1.0
trace_commute_033,6,CCACBCAA,8,all,lookup,history_depth_h2,history,depth,2,4179,4179,0.38167025604211535,0.38167025604211535,1.0
trace_commute_033,6,CCACBCAA,8,random70,decision_tree,history_depth_h2,history,depth,2,2925,1254,0.34688995215311,0.34768740031897927,1.0
trace_commute_033,6,CCACBCAA,8,all,lookup,history_depth_h4,history,depth,4,4179,4179,0.38167025604211535,0.38167025604211535,1.0
trace_commute_033,6,CCACBCAA,8,random70,decision_tree,history_depth_h4,history,depth,4,2925,1254,0.34688995215311,0.34768740031897927,1.0
trace_commute_033,6,CCACBCAA,8,all,lookup,history_depth_h8,history,depth,8,4179,4179,0.38167025604211535,0.38167025604211535,1.0
trace_commute_033,6,CCACBCAA,8,random70,decision_tree,history_depth_h8,history,depth,8,2925,1254,0.34688995215311,0.34768740031897927,1.0
trace_commute_033,6,CCACBCAA,8,all,lookup,hybrid_counts_depth_last_h1,hybrid_counts_depth_last,depth_last,1,4179,4179,0.8892079444843264,0.9396984924623115,1.0
trace_commute_033,6,CCACBCAA,8,random70,decision_tree,hybrid_counts_depth_last_h1,hybrid_counts_depth_last,depth_last,1,2925,1254,0.8875598086124402,0.9338118022328549,1.0
trace_commute_033,6,CCACBCAA,8,all,lookup,hybrid_counts_depth_last_h2,hybrid_counts_depth_last,depth_last,2,4179,4179,0.9593204115817181,0.9760708303421871,1.0
trace_commute_033,6,CCACBCAA,8,random70,decision_tree,hybrid_counts_depth_last_h2,hybrid_counts_depth_last,depth_last,2,2925,1254,0.9593301435406698,0.9752791068580542,1.0
trace_commute_033,6,CCACBCAA,8,all,lookup,hybrid_counts_depth_last_h4,hybrid_counts_depth_last,depth_last,4,4179,4179,0.9949748743718593,0.9964106245513281,1.0
trace_commute_033,6,CCACBCAA,8,random70,decision_tree,hybrid_counts_depth_last_h4,hybrid_counts_depth_last,depth_last,4,2925,1254,0.9832535885167464,0.9880382775119617,1.0
trace_commute_033,6,CCACBCAA,8,all,lookup,hybrid_counts_depth_last_h8,hybrid_counts_depth_last,depth_last,8,4179,4179,1.0,1.0,1.0
trace_commute_033,6,CCACBCAA,8,random70,decision_tree,hybrid_counts_depth_last_h8,hybrid_counts_depth_last,depth_last,8,2925,1254,0.9768740031897927,0.9824561403508771,1.0
trace_commute_033,7,CCACCCCA,8,all,lookup,full_state,full_state,full,0,4179,4179,1.0,1.0,1.0
trace_commute_033,7,CCACCCCA,8,random70,decision_tree,full_state,full_state,full,0,2925,1254,0.9808612440191388,0.9832535885167464,1.0
trace_commute_033,7,CCACCCCA,8,all,lookup,memoryless_counts,memoryless,counts,0,4179,4179,0.5577889447236181,0.5728643216080402,1.0
trace_commute_033,7,CCACCCCA,8,random70,decision_tree,memoryless_counts,memoryless,counts,0,2925,1254,0.5566188197767146,0.5653907496012759,1.0
trace_commute_033,7,CCACCCCA,8,all,lookup,history_counts_h1,history,counts,1,4179,4179,0.5577889447236181,0.5728643216080402,1.0
trace_commute_033,7,CCACCCCA,8,random70,decision_tree,history_counts_h1,history,counts,1,2925,1254,0.5566188197767146,0.5653907496012759,1.0
trace_commute_033,7,CCACCCCA,8,all,lookup,history_counts_h2,history,counts,2,4179,4179,0.8899258195740608,0.9399377841588897,1.0
trace_commute_033,7,CCACCCCA,8,random70,decision_tree,history_counts_h2,history,counts,2,2925,1254,0.8915470494417863,0.9617224880382775,1.0
trace_commute_033,7,CCACCCCA,8,all,lookup,history_counts_h4,history,counts,4,4179,4179,0.9863603732950467,0.9909069155300311,1.0
trace_commute_033,7,CCACCCCA,8,random70,decision_tree,history_counts_h4,history,counts,4,2925,1254,0.9617224880382775,0.9681020733652312,1.0
trace_commute_033,7,CCACCCCA,8,all,lookup,history_counts_h8,history,counts,8,4179,4179,1.0,1.0,1.0
trace_commute_033,7,CCACCCCA,8,random70,decision_tree,history_counts_h8,history,counts,8,2925,1254,0.9505582137161085,0.9545454545454546,1.0
trace_commute_033,7,CCACCCCA,8,all,lookup,memoryless_noisy_counts,memoryless,noisy_counts,0,4179,4179,0.5513280689160086,0.5683177793730557,1.0
trace_commute_033,7,CCACCCCA,8,random70,decision_tree,memoryless_noisy_counts,memoryless,noisy_counts,0,2925,1254,0.5566188197767146,0.5685805422647527,1.0
trace_commute_033,7,CCACCCCA,8,all,lookup,history_noisy_counts_h1,history,noisy_counts,1,4179,4179,0.5513280689160086,0.5683177793730557,1.0
trace_commute_033,7,CCACCCCA,8,random70,decision_tree,history_noisy_counts_h1,history,noisy_counts,1,2925,1254,0.5566188197767146,0.5685805422647527,1.0
trace_commute_033,7,CCACCCCA,8,all,lookup,history_noisy_counts_h2,history,noisy_counts,2,4179,4179,0.6743240009571668,0.7178750897343862,1.0
trace_commute_033,7,CCACCCCA,8,random70,decision_tree,history_noisy_counts_h2,history,noisy_counts,2,2925,1254,0.6682615629984051,0.7161084529505582,1.0
trace_commute_033,7,CCACCCCA,8,all,lookup,history_noisy_counts_h4,history,noisy_counts,4,4179,4179,0.7245752572385739,0.7626226369944963,1.0
trace_commute_033,7,CCACCCCA,8,random70,decision_tree,history_noisy_counts_h4,history,noisy_counts,4,2925,1254,0.6905901116427432,0.722488038277512,1.0
trace_commute_033,7,CCACCCCA,8,all,lookup,history_noisy_counts_h8,history,noisy_counts,8,4179,4179,0.736061258674324,0.7568796362766212,1.0
trace_commute_033,7,CCACCCCA,8,random70,decision_tree,history_noisy_counts_h8,history,noisy_counts,8,2925,1254,0.6259968102073366,0.6475279106858054,1.0
trace_commute_033,7,CCACCCCA,8,all,lookup,memoryless_depth_last,memoryless,depth_last,0,4179,4179,0.8528356066044508,0.9985642498205313,1.0
trace_commute_033,7,CCACCCCA,8,random70,decision_tree,memoryless_depth_last,memoryless,depth_last,0,2925,1254,0.8516746411483254,0.9968102073365231,1.0
trace_commute_033,7,CCACCCCA,8,all,lookup,history_depth_last_h1,history,depth_last,1,4179,4179,0.8528356066044508,0.9985642498205313,1.0
trace_commute_033,7,CCACCCCA,8,random70,decision_tree,history_depth_last_h1,history,depth_last,1,2925,1254,0.8516746411483254,0.9968102073365231,1.0
trace_commute_033,7,CCACCCCA,8,all,lookup,history_depth_last_h2,history,depth_last,2,4179,4179,0.9428092845178272,0.9985642498205313,1.0
trace_commute_033,7,CCACCCCA,8,random70,decision_tree,history_depth_last_h2,history,depth_last,2,2925,1254,0.9401913875598086,0.9936204146730463,1.0
trace_commute_033,7,CCACCCCA,8,all,lookup,history_depth_last_h4,history,depth_last,4,4179,4179,0.990667623833453,0.9988035415171094,1.0
trace_commute_033,7,CCACCCCA,8,random70,decision_tree,history_depth_last_h4,history,depth_last,4,2925,1254,0.9848484848484849,0.9936204146730463,1.0
trace_commute_033,7,CCACCCCA,8,all,lookup,history_depth_last_h8,history,depth_last,8,4179,4179,1.0,1.0,1.0
trace_commute_033,7,CCACCCCA,8,random70,decision_tree,history_depth_last_h8,history,depth_last,8,2925,1254,0.9808612440191388,0.9832535885167464,1.0
trace_commute_033,7,CCACCCCA,8,all,lookup,memoryless_depth,memoryless,depth,0,4179,4179,0.3811916726489591,0.3811916726489591,1.0
trace_commute_033,7,CCACCCCA,8,random70,decision_tree,memoryless_depth,memoryless,depth,0,2925,1254,0.3684210526315789,0.3684210526315789,1.0
trace_commute_033,7,CCACCCCA,8,all,lookup,history_depth_h1,history,depth,1,4179,4179,0.3811916726489591,0.3811916726489591,1.0
trace_commute_033,7,CCACCCCA,8,random70,decision_tree,history_depth_h1,history,depth,1,2925,1254,0.3684210526315789,0.3684210526315789,1.0
trace_commute_033,7,CCACCCCA,8,all,lookup,history_depth_h2,history,depth,2,4179,4179,0.3811916726489591,0.3811916726489591,1.0
trace_commute_033,7,CCACCCCA,8,random70,decision_tree,history_depth_h2,history,depth,2,2925,1254,0.3684210526315789,0.3684210526315789,1.0
trace_commute_033,7,CCACCCCA,8,all,lookup,history_depth_h4,history,depth,4,4179,4179,0.3811916726489591,0.3811916726489591,1.0
trace_commute_033,7,CCACCCCA,8,random70,decision_tree,history_depth_h4,history,depth,4,2925,1254,0.3684210526315789,0.3684210526315789,1.0
trace_commute_033,7,CCACCCCA,8,all,lookup,history_depth_h8,history,depth,8,4179,4179,0.3811916726489591,0.3811916726489591,1.0
trace_commute_033,7,CCACCCCA,8,random70,decision_tree,history_depth_h8,history,depth,8,2925,1254,0.3684210526315789,0.3684210526315789,1.0
trace_commute_033,7,CCACCCCA,8,all,lookup,hybrid_counts_depth_last_h1,hybrid_counts_depth_last,depth_last,1,4179,4179,0.8899258195740608,0.9399377841588897,1.0
trace_commute_033,7,CCACCCCA,8,random70,decision_tree,hybrid_counts_depth_last_h1,hybrid_counts_depth_last,depth_last,1,2925,1254,0.8923444976076556,0.9665071770334929,1.0
trace_commute_033,7,CCACCCCA,8,all,lookup,hybrid_counts_depth_last_h2,hybrid_counts_depth_last,depth_last,2,4179,4179,0.9605168700646087,0.9763101220387652,1.0
trace_commute_033,7,CCACCCCA,8,random70,decision_tree,hybrid_counts_depth_last_h2,hybrid_counts_depth_last,depth_last,2,2925,1254,0.9537480063795853,0.9792663476874003,1.0
trace_commute_033,7,CCACCCCA,8,all,lookup,hybrid_counts_depth_last_h4,hybrid_counts_depth_last,depth_last,4,4179,4179,0.9956927494615937,0.9966499162479062,1.0
trace_commute_033,7,CCACCCCA,8,random70,decision_tree,hybrid_counts_depth_last_h4,hybrid_counts_depth_last,depth_last,4,2925,1254,0.9832535885167464,0.9880382775119617,1.0
trace_commute_033,7,CCACCCCA,8,all,lookup,hybrid_counts_depth_last_h8,hybrid_counts_depth_last,depth_last,8,4179,4179,1.0,1.0,1.0
trace_commute_033,7,CCACCCCA,8,random70,decision_tree,hybrid_counts_depth_last_h8,hybrid_counts_depth_last,depth_last,8,2925,1254,0.970494417862839,0.9768740031897927,1.0
trace_commute_033,8,CCCCACAA,8,all,lookup,full_state,full_state,full,0,4179,4179,1.0,1.0,1.0
trace_commute_033,8,CCCCACAA,8,random70,decision_tree,full_state,full_state,full,0,2925,1254,0.981658692185008,0.9864433811802232,1.0
trace_commute_033,8,CCCCACAA,8,all,lookup,memoryless_counts,memoryless,counts,0,4179,4179,0.5582675281167744,0.5728643216080402,1.0
trace_commute_033,8,CCCCACAA,8,random70,decision_tree,memoryless_counts,memoryless,counts,0,2925,1254,0.543859649122807,0.5566188197767146,1.0
trace_commute_033,8,CCCCACAA,8,all,lookup,history_counts_h1,history,counts,1,4179,4179,0.5582675281167744,0.5728643216080402,1.0
trace_commute_033,8,CCCCACAA,8,random70,decision_tree,history_counts_h1,history,counts,1,2925,1254,0.543859649122807,0.5566188197767146,1.0
trace_commute_033,8,CCCCACAA,8,all,lookup,history_counts_h2,history,counts,2,4179,4179,0.890404402967217,0.9404163675520459,1.0
trace_commute_033,8,CCCCACAA,8,random70,decision_tree,history_counts_h2,history,counts,2,2925,1254,0.8692185007974481,0.9473684210526315,1.0
trace_commute_033,8,CCCCACAA,8,all,lookup,history_counts_h4,history,counts,4,4179,4179,0.9865996649916248,0.9911462072266093,1.0
trace_commute_033,8,CCCCACAA,8,random70,decision_tree,history_counts_h4,history,counts,4,2925,1254,0.9593301435406698,0.967304625199362,1.0
trace_commute_033,8,CCCCACAA,8,all,lookup,history_counts_h8,history,counts,8,4179,4179,1.0,1.0,1.0
trace_commute_033,8,CCCCACAA,8,random70,decision_tree,history_counts_h8,history,counts,8,2925,1254,0.9505582137161085,0.9569377990430622,1.0
trace_commute_033,8,CCCCACAA,8,all,lookup,memoryless_noisy_counts,memoryless,noisy_counts,0,4179,4179,0.5515673606125867,0.5685570710696339,1.0
trace_commute_033,8,CCCCACAA,8,random70,decision_tree,memoryless_noisy_counts,memoryless,noisy_counts,0,2925,1254,0.5526315789473685,0.569377990430622,1.0
trace_commute_033,8,CCCCACAA,8,all,lookup,history_noisy_counts_h1,history,noisy_counts,1,4179,4179,0.5515673606125867,0.5685570710696339,1.0
trace_commute_033,8,CCCCACAA,8,random70,decision_tree,history_noisy_counts_h1,history,noisy_counts,1,2925,1254,0.5526315789473685,0.569377990430622,1.0
trace_commute_033,8,CCCCACAA,8,all,lookup,history_noisy_counts_h2,history,noisy_counts,2,4179,4179,0.6745632926537449,0.7181143814309644,1.0
trace_commute_033,8,CCCCACAA,8,random70,decision_tree,history_noisy_counts_h2,history,noisy_counts,2,2925,1254,0.65311004784689,0.6993620414673046,1.0
trace_commute_033,8,CCCCACAA,8,all,lookup,history_noisy_counts_h4,history,noisy_counts,4,4179,4179,0.7243359655419956,0.7623833452979182,1.0
trace_commute_033,8,CCCCACAA,8,random70,decision_tree,history_noisy_counts_h4,history,noisy_counts,4,2925,1254,0.6874003189792663,0.7177033492822966,1.0
trace_commute_033,8,CCCCACAA,8,all,lookup,history_noisy_counts_h8,history,noisy_counts,8,4179,4179,0.7358219669777458,0.7571189279731994,1.0
trace_commute_033,8,CCCCACAA,8,random70,decision_tree,history_noisy_counts_h8,history,noisy_counts,8,2925,1254,0.6180223285486444,0.6539074960127592,1.0
trace_commute_033,8,CCCCACAA,8,all,lookup,memoryless_depth_last,memoryless,depth_last,0,4179,4179,0.8528356066044508,0.9985642498205313,1.0
trace_commute_033,8,CCCCACAA,8,random70,decision_tree,memoryless_depth_last,memoryless,depth_last,0,2925,1254,0.8452950558213717,0.9984051036682615,1.0
trace_commute_033,8,CCCCACAA,8,all,lookup,history_depth_last_h1,history,depth_last,1,4179,4179,0.8528356066044508,0.9985642498205313,1.0
trace_commute_033,8,CCCCACAA,8,random70,decision_tree,history_depth_last_h1,history,depth_last,1,2925,1254,0.8452950558213717,0.9984051036682615,1.0
trace_commute_033,8,CCCCACAA,8,all,lookup,history_depth_last_h2,history,depth_last,2,4179,4179,0.942330701124671,0.998324958123953,1.0
trace_commute_033,8,CCCCACAA,8,random70,decision_tree,history_depth_last_h2,history,depth_last,2,2925,1254,0.9409888357256778,0.9984051036682615,1.0
trace_commute_033,8,CCCCACAA,8,all,lookup,history_depth_last_h4,history,depth_last,4,4179,4179,0.9894711653505623,0.998324958123953,1.0
trace_commute_033,8,CCCCACAA,8,random70,decision_tree,history_depth_last_h4,history,depth_last,4,2925,1254,0.988835725677831,0.9960127591706539,1.0
trace_commute_033,8,CCCCACAA,8,all,lookup,history_depth_last_h8,history,depth_last,8,4179,4179,1.0,1.0,1.0
trace_commute_033,8,CCCCACAA,8,random70,decision_tree,history_depth_last_h8,history,depth_last,8,2925,1254,0.9864433811802232,0.9904306220095693,1.0
trace_commute_033,8,CCCCACAA,8,all,lookup,memoryless_depth,memoryless,depth,0,4179,4179,0.38190954773869346,0.38190954773869346,1.0
trace_commute_033,8,CCCCACAA,8,random70,decision_tree,memoryless_depth,memoryless,depth,0,2925,1254,0.36443381180223283,0.36443381180223283,1.0
trace_commute_033,8,CCCCACAA,8,all,lookup,history_depth_h1,history,depth,1,4179,4179,0.38190954773869346,0.38190954773869346,1.0
trace_commute_033,8,CCCCACAA,8,random70,decision_tree,history_depth_h1,history,depth,1,2925,1254,0.36443381180223283,0.36443381180223283,1.0
trace_commute_033,8,CCCCACAA,8,all,lookup,history_depth_h2,history,depth,2,4179,4179,0.38190954773869346,0.38190954773869346,1.0
trace_commute_033,8,CCCCACAA,8,random70,decision_tree,history_depth_h2,history,depth,2,2925,1254,0.36443381180223283,0.36443381180223283,1.0
trace_commute_033,8,CCCCACAA,8,all,lookup,history_depth_h4,history,depth,4,4179,4179,0.38190954773869346,0.38190954773869346,1.0
trace_commute_033,8,CCCCACAA,8,random70,decision_tree,history_depth_h4,history,depth,4,2925,1254,0.36443381180223283,0.36443381180223283,1.0
trace_commute_033,8,CCCCACAA,8,all,lookup,history_depth_h8,history,depth,8,4179,4179,0.38190954773869346,0.38190954773869346,1.0
trace_commute_033,8,CCCCACAA,8,random70,decision_tree,history_depth_h8,history,depth,8,2925,1254,0.36443381180223283,0.36443381180223283,1.0
trace_commute_033,8,CCCCACAA,8,all,lookup,hybrid_counts_depth_last_h1,hybrid_counts_depth_last,depth_last,1,4179,4179,0.890404402967217,0.9404163675520459,1.0
trace_commute_033,8,CCCCACAA,8,random70,decision_tree,hybrid_counts_depth_last_h1,hybrid_counts_depth_last,depth_last,1,2925,1254,0.8763955342902712,0.9537480063795853,1.0
trace_commute_033,8,CCCCACAA,8,all,lookup,hybrid_counts_depth_last_h2,hybrid_counts_depth_last,depth_last,2,4179,4179,0.9605168700646087,0.9765494137353434,1.0
trace_commute_033,8,CCCCACAA,8,random70,decision_tree,hybrid_counts_depth_last_h2,hybrid_counts_depth_last,depth_last,2,2925,1254,0.9553429027113237,0.9824561403508771,1.0
trace_commute_033,8,CCCCACAA,8,all,lookup,hybrid_counts_depth_last_h4,hybrid_counts_depth_last,depth_last,4,4179,4179,0.9956927494615937,0.9968892079444843,1.0
trace_commute_033,8,CCCCACAA,8,random70,decision_tree,hybrid_counts_depth_last_h4,hybrid_counts_depth_last,depth_last,4,2925,1254,0.992822966507177,0.9952153110047847,1.0
trace_commute_033,8,CCCCACAA,8,all,lookup,hybrid_counts_depth_last_h8,hybrid_counts_depth_last,depth_last,8,4179,4179,1.0,1.0,1.0
trace_commute_033,8,CCCCACAA,8,random70,decision_tree,hybrid_counts_depth_last_h8,hybrid_counts_depth_last,depth_last,8,2925,1254,0.988835725677831,0.9912280701754386,1.0
trace_commute_067,0,AAABCBCB,8,all,lookup,full_state,full_state,full,0,1012,1012,1.0,1.0,1.0
trace_commute_067,0,AAABCBCB,8,random70,decision_tree,full_state,full_state,full,0,708,304,0.9868421052631579,0.9901315789473685,1.0
trace_commute_067,0,AAABCBCB,8,all,lookup,memoryless_counts,memoryless,counts,0,1012,1012,0.8211462450592886,0.8221343873517787,1.0
trace_commute_067,0,AAABCBCB,8,random70,decision_tree,memoryless_counts,memoryless,counts,0,708,304,0.7960526315789473,0.8092105263157895,1.0
trace_commute_067,0,AAABCBCB,8,all,lookup,history_counts_h1,history,counts,1,1012,1012,0.8211462450592886,0.8221343873517787,1.0
trace_commute_067,0,AAABCBCB,8,random70,decision_tree,history_counts_h1,history,counts,1,708,304,0.7960526315789473,0.8092105263157895,1.0
trace_commute_067,0,AAABCBCB,8,all,lookup,history_counts_h2,history,counts,2,1012,1012,0.9970355731225297,0.9970355731225297,1.0
trace_commute_067,0,AAABCBCB,8,random70,decision_tree,history_counts_h2,history,counts,2,708,304,0.9473684210526315,0.9671052631578947,1.0
trace_commute_067,0,AAABCBCB,8,all,lookup,history_counts_h4,history,counts,4,1012,1012,1.0,1.0,1.0
trace_commute_067,0,AAABCBCB,8,random70,decision_tree,history_counts_h4,history,counts,4,708,304,0.9243421052631579,0.9539473684210527,1.0
trace_commute_067,0,AAABCBCB,8,all,lookup,history_counts_h8,history,counts,8,1012,1012,1.0,1.0,1.0
trace_commute_067,0,AAABCBCB,8,random70,decision_tree,history_counts_h8,history,counts,8,708,304,0.9539473684210527,0.9572368421052632,1.0
trace_commute_067,0,AAABCBCB,8,all,lookup,memoryless_noisy_counts,memoryless,noisy_counts,0,1012,1012,0.6017786561264822,0.6353754940711462,1.0
trace_commute_067,0,AAABCBCB,8,random70,decision_tree,memoryless_noisy_counts,memoryless,noisy_counts,0,708,304,0.6019736842105263,0.631578947368421,1.0
trace_commute_067,0,AAABCBCB,8,all,lookup,history_noisy_counts_h1,history,noisy_counts,1,1012,1012,0.6017786561264822,0.6353754940711462,1.0
trace_commute_067,0,AAABCBCB,8,random70,decision_tree,history_noisy_counts_h1,history,noisy_counts,1,708,304,0.6019736842105263,0.631578947368421,1.0
trace_commute_067,0,AAABCBCB,8,all,lookup,history_noisy_counts_h2,history,noisy_counts,2,1012,1012,0.7094861660079052,0.7569169960474308,1.0
trace_commute_067,0,AAABCBCB,8,random70,decision_tree,history_noisy_counts_h2,history,noisy_counts,2,708,304,0.7039473684210527,0.7697368421052632,1.0
trace_commute_067,0,AAABCBCB,8,all,lookup,history_noisy_counts_h4,history,noisy_counts,4,1012,1012,0.7470355731225297,0.7717391304347826,1.0
trace_commute_067,0,AAABCBCB,8,random70,decision_tree,history_noisy_counts_h4,history,noisy_counts,4,708,304,0.7072368421052632,0.7960526315789473,1.0
trace_commute_067,0,AAABCBCB,8,all,lookup,history_noisy_counts_h8,history,noisy_counts,8,1012,1012,0.7934782608695652,0.8043478260869565,1.0
trace_commute_067,0,AAABCBCB,8,random70,decision_tree,history_noisy_counts_h8,history,noisy_counts,8,708,304,0.7138157894736842,0.7631578947368421,1.0
trace_commute_067,0,AAABCBCB,8,all,lookup,memoryless_depth_last,memoryless,depth_last,0,1012,1012,0.9189723320158103,0.9446640316205533,1.0
trace_commute_067,0,AAABCBCB,8,random70,decision_tree,memoryless_depth_last,memoryless,depth_last,0,708,304,0.9111842105263158,0.9473684210526315,1.0
trace_commute_067,0,AAABCBCB,8,all,lookup,history_depth_last_h1,history,depth_last,1,1012,1012,0.9189723320158103,0.9446640316205533,1.0
trace_commute_067,0,AAABCBCB,8,random70,decision_tree,history_depth_last_h1,history,depth_last,1,708,304,0.9111842105263158,0.9473684210526315,1.0
trace_commute_067,0,AAABCBCB,8,all,lookup,history_depth_last_h2,history,depth_last,2,1012,1012,0.9288537549407114,0.9535573122529645,1.0
trace_commute_067,0,AAABCBCB,8,random70,decision_tree,history_depth_last_h2,history,depth_last,2,708,304,0.9078947368421053,0.944078947368421,1.0
trace_commute_067,0,AAABCBCB,8,all,lookup,history_depth_last_h4,history,depth_last,4,1012,1012,0.9683794466403162,0.983201581027668,1.0
trace_commute_067,0,AAABCBCB,8,random70,decision_tree,history_depth_last_h4,history,depth_last,4,708,304,0.930921052631579,0.9605263157894737,1.0
trace_commute_067,0,AAABCBCB,8,all,lookup,history_depth_last_h8,history,depth_last,8,1012,1012,1.0,1.0,1.0
trace_commute_067,0,AAABCBCB,8,random70,decision_tree,history_depth_last_h8,history,depth_last,8,708,304,0.9868421052631579,0.9901315789473685,1.0
trace_commute_067,0,AAABCBCB,8,all,lookup,memoryless_depth,memoryless,depth,0,1012,1012,0.6768774703557312,0.6897233201581028,1.0
trace_commute_067,0,AAABCBCB,8,random70,decision_tree,memoryless_depth,memoryless,depth,0,708,304,0.6480263157894737,0.6611842105263158,1.0
trace_commute_067,0,AAABCBCB,8,all,lookup,history_depth_h1,history,depth,1,1012,1012,0.6768774703557312,0.6897233201581028,1.0
trace_commute_067,0,AAABCBCB,8,random70,decision_tree,history_depth_h1,history,depth,1,708,304,0.6480263157894737,0.6611842105263158,1.0
trace_commute_067,0,AAABCBCB,8,all,lookup,history_depth_h2,history,depth,2,1012,1012,0.6768774703557312,0.6897233201581028,1.0
trace_commute_067,0,AAABCBCB,8,random70,decision_tree,history_depth_h2,history,depth,2,708,304,0.6480263157894737,0.6611842105263158,1.0
trace_commute_067,0,AAABCBCB,8,all,lookup,history_depth_h4,history,depth,4,1012,1012,0.6768774703557312,0.6897233201581028,1.0
trace_commute_067,0,AAABCBCB,8,random70,decision_tree,history_depth_h4,history,depth,4,708,304,0.6480263157894737,0.6611842105263158,1.0
trace_commute_067,0,AAABCBCB,8,all,lookup,history_depth_h8,history,depth,8,1012,1012,0.6768774703557312,0.6897233201581028,1.0
trace_commute_067,0,AAABCBCB,8,random70,decision_tree,history_depth_h8,history,depth,8,708,304,0.6480263157894737,0.6611842105263158,1.0
trace_commute_067,0,AAABCBCB,8,all,lookup,hybrid_counts_depth_last_h1,hybrid_counts_depth_last,depth_last,1,1012,1012,0.9970355731225297,0.9970355731225297,1.0
trace_commute_067,0,AAABCBCB,8,random70,decision_tree,hybrid_counts_depth_last_h1,hybrid_counts_depth_last,depth_last,1,708,304,0.9868421052631579,0.9901315789473685,1.0
trace_commute_067,0,AAABCBCB,8,all,lookup,hybrid_counts_depth_last_h2,hybrid_counts_depth_last,depth_last,2,1012,1012,0.9990118577075099,0.9990118577075099,1.0
trace_commute_067,0,AAABCBCB,8,random70,decision_tree,hybrid_counts_depth_last_h2,hybrid_counts_depth_last,depth_last,2,708,304,0.9868421052631579,0.9901315789473685,1.0
trace_commute_067,0,AAABCBCB,8,all,lookup,hybrid_counts_depth_last_h4,hybrid_counts_depth_last,depth_last,4,1012,1012,1.0,1.0,1.0
trace_commute_067,0,AAABCBCB,8,random70,decision_tree,hybrid_counts_depth_last_h4,hybrid_counts_depth_last,depth_last,4,708,304,0.9769736842105263,0.9802631578947368,1.0
trace_commute_067,0,AAABCBCB,8,all,lookup,hybrid_counts_depth_last_h8,hybrid_counts_depth_last,depth_last,8,1012,1012,1.0,1.0,1.0
trace_commute_067,0,AAABCBCB,8,random70,decision_tree,hybrid_counts_depth_last_h8,hybrid_counts_depth_last,depth_last,8,708,304,0.9671052631578947,0.9703947368421053,1.0
trace_commute_067,1,AAAACB,6,all,lookup,full_state,full_state,full,0,1012,1012,1.0,1.0,1.0
trace_commute_067,1,AAAACB,6,random70,decision_tree,full_state,full_state,full,0,708,304,0.9868421052631579,0.9901315789473685,1.0
trace_commute_067,1,AAAACB,6,all,lookup,memoryless_counts,memoryless,counts,0,1012,1012,0.8260869565217391,0.8260869565217391,1.0
trace_commute_067,1,AAAACB,6,random70,decision_tree,memoryless_counts,memoryless,counts,0,708,304,0.7532894736842105,0.7664473684210527,1.0
trace_commute_067,1,AAAACB,6,all,lookup,history_counts_h1,history,counts,1,1012,1012,0.8260869565217391,0.8260869565217391,1.0
trace_commute_067,1,AAAACB,6,random70,decision_tree,history_counts_h1,history,counts,1,708,304,0.7532894736842105,0.7664473684210527,1.0
trace_commute_067,1,AAAACB,6,all,lookup,history_counts_h2,history,counts,2,1012,1012,1.0,1.0,1.0
trace_commute_067,1,AAAACB,6,random70,decision_tree,history_counts_h2,history,counts,2,708,304,0.9572368421052632,0.9736842105263158,1.0
trace_commute_067,1,AAAACB,6,all,lookup,history_counts_h4,history,counts,4,1012,1012,1.0,1.0,1.0
trace_commute_067,1,AAAACB,6,random70,decision_tree,history_counts_h4,history,counts,4,708,304,0.9013157894736842,0.9276315789473685,1.0
trace_commute_067,1,AAAACB,6,all,lookup,history_counts_h8,history,counts,8,1012,1012,1.0,1.0,1.0
trace_commute_067,1,AAAACB,6,random70,decision_tree,history_counts_h8,history,counts,8,708,304,0.9769736842105263,0.9868421052631579,1.0
trace_commute_067,1,AAAACB,6,all,lookup,memoryless_noisy_counts,memoryless,noisy_counts,0,1012,1012,0.6116600790513834,0.6561264822134387,1.0
trace_commute_067,1,AAAACB,6,random70,decision_tree,memoryless_noisy_counts,memoryless,noisy_counts,0,708,304,0.5296052631578947,0.5592105263157895,1.0
trace_commute_067,1,AAAACB,6,all,lookup,history_noisy_counts_h1,history,noisy_counts,1,1012,1012,0.6116600790513834,0.6561264822134387,1.0
trace_commute_067,1,AAAACB,6,random70,decision_tree,history_noisy_counts_h1,history,noisy_counts,1,708,304,0.5296052631578947,0.5592105263157895,1.0
trace_commute_067,1,AAAACB,6,all,lookup,history_noisy_counts_h2,history,noisy_counts,2,1012,1012,0.7262845849802372,0.7717391304347826,1.0
trace_commute_067,1,AAAACB,6,random70,decision_tree,history_noisy_counts_h2,history,noisy_counts,2,708,304,0.6743421052631579,0.7335526315789473,1.0
trace_commute_067,1,AAAACB,6,all,lookup,history_noisy_counts_h4,history,noisy_counts,4,1012,1012,0.7648221343873518,0.7865612648221344,1.0
trace_commute_067,1,AAAACB,6,random70,decision_tree,history_noisy_counts_h4,history,noisy_counts,4,708,304,0.694078947368421,0.743421052631579,1.0
trace_commute_067,1,AAAACB,6,all,lookup,history_noisy_counts_h8,history,noisy_counts,8,1012,1012,0.8023715415019763,0.8122529644268774,1.0
trace_commute_067,1,AAAACB,6,random70,decision_tree,history_noisy_counts_h8,history,noisy_counts,8,708,304,0.6677631578947368,0.7171052631578947,1.0
trace_commute_067,1,AAAACB,6,all,lookup,memoryless_depth_last,memoryless,depth_last,0,1012,1012,0.9654150197628458,0.9772727272727273,1.0
trace_commute_067,1,AAAACB,6,random70,decision_tree,memoryless_depth_last,memoryless,depth_last,0,708,304,0.9671052631578947,0.9802631578947368,1.0
trace_commute_067,1,AAAACB,6,all,lookup,history_depth_last_h1,history,depth_last,1,1012,1012,0.9654150197628458,0.9772727272727273,1.0
trace_commute_067,1,AAAACB,6,random70,decision_tree,history_depth_last_h1,history,depth_last,1,708,304,0.9671052631578947,0.9802631578947368,1.0
trace_commute_067,1,AAAACB,6,all,lookup,history_depth_last_h2,history,depth_last,2,1012,1012,0.9733201581027668,0.9841897233201581,1.0
trace_commute_067,1,AAAACB,6,random70,decision_tree,history_depth_last_h2,history,depth_last,2,708,304,0.9671052631578947,0.9868421052631579,1.0
trace_commute_067,1,AAAACB,6,all,lookup,history_depth_last_h4,history,depth_last,4,1012,1012,1.0,1.0,1.0
trace_commute_067,1,AAAACB,6,random70,decision_tree,history_depth_last_h4,history,depth_last,4,708,304,0.9868421052631579,0.9868421052631579,1.0
trace_commute_067,1,AAAACB,6,all,lookup,history_depth_last_h8,history,depth_last,8,1012,1012,1.0,1.0,1.0
trace_commute_067,1,AAAACB,6,random70,decision_tree,history_depth_last_h8,history,depth_last,8,708,304,0.9835526315789473,0.9868421052631579,1.0
trace_commute_067,1,AAAACB,6,all,lookup,memoryless_depth,memoryless,depth,0,1012,1012,0.7154150197628458,0.7213438735177866,1.0
trace_commute_067,1,AAAACB,6,random70,decision_tree,memoryless_depth,memoryless,depth,0,708,304,0.6776315789473685,0.6875,1.0
trace_commute_067,1,AAAACB,6,all,lookup,history_depth_h1,history,depth,1,1012,1012,0.7154150197628458,0.7213438735177866,1.0
trace_commute_067,1,AAAACB,6,random70,decision_tree,history_depth_h1,history,depth,1,708,304,0.6776315789473685,0.6875,1.0
trace_commute_067,1,AAAACB,6,all,lookup,history_depth_h2,history,depth,2,1012,1012,0.7154150197628458,0.7213438735177866,1.0
trace_commute_067,1,AAAACB,6,random70,decision_tree,history_depth_h2,history,depth,2,708,304,0.6776315789473685,0.6875,1.0
trace_commute_067,1,AAAACB,6,all,lookup,history_depth_h4,history,depth,4,1012,1012,0.7154150197628458,0.7213438735177866,1.0
trace_commute_067,1,AAAACB,6,random70,decision_tree,history_depth_h4,history,depth,4,708,304,0.6776315789473685,0.6875,1.0
trace_commute_067,1,AAAACB,6,all,lookup,history_depth_h8,history,depth,8,1012,1012,0.7154150197628458,0.7213438735177866,1.0
trace_commute_067,1,AAAACB,6,random70,decision_tree,history_depth_h8,history,depth,8,708,304,0.6776315789473685,0.6875,1.0
trace_commute_067,1,AAAACB,6,all,lookup,hybrid_counts_depth_last_h1,hybrid_counts_depth_last,depth_last,1,1012,1012,1.0,1.0,1.0
trace_commute_067,1,AAAACB,6,random70,decision_tree,hybrid_counts_depth_last_h1,hybrid_counts_depth_last,depth_last,1,708,304,0.9868421052631579,0.993421052631579,1.0
trace_commute_067,1,AAAACB,6,all,lookup,hybrid_counts_depth_last_h2,hybrid_counts_depth_last,depth_last,2,1012,1012,1.0,1.0,1.0
trace_commute_067,1,AAAACB,6,random70,decision_tree,hybrid_counts_depth_last_h2,hybrid_counts_depth_last,depth_last,2,708,304,0.9901315789473685,0.9967105263157895,1.0
trace_commute_067,1,AAAACB,6,all,lookup,hybrid_counts_depth_last_h4,hybrid_counts_depth_last,depth_last,4,1012,1012,1.0,1.0,1.0
trace_commute_067,1,AAAACB,6,random70,decision_tree,hybrid_counts_depth_last_h4,hybrid_counts_depth_last,depth_last,4,708,304,0.9835526315789473,0.9901315789473685,1.0
trace_commute_067,1,AAAACB,6,all,lookup,hybrid_counts_depth_last_h8,hybrid_counts_depth_last,depth_last,8,1012,1012,1.0,1.0,1.0
trace_commute_067,1,AAAACB,6,random70,decision_tree,hybrid_counts_depth_last_h8,hybrid_counts_depth_last,depth_last,8,708,304,0.9868421052631579,0.9901315789473685,1.0
trace_commute_067,2,AACBCB,6,all,lookup,full_state,full_state,full,0,1012,1012,1.0,1.0,1.0
trace_commute_067,2,AACBCB,6,random70,decision_tree,full_state,full_state,full,0,708,304,0.9671052631578947,0.9703947368421053,1.0
trace_commute_067,2,AACBCB,6,all,lookup,memoryless_counts,memoryless,counts,0,1012,1012,0.8201581027667985,0.8221343873517787,1.0
trace_commute_067,2,AACBCB,6,random70,decision_tree,memoryless_counts,memoryless,counts,0,708,304,0.7927631578947368,0.7960526315789473,1.0
trace_commute_067,2,AACBCB,6,all,lookup,history_counts_h1,history,counts,1,1012,1012,0.8201581027667985,0.8221343873517787,1.0
trace_commute_067,2,AACBCB,6,random70,decision_tree,history_counts_h1,history,counts,1,708,304,0.7927631578947368,0.7960526315789473,1.0
trace_commute_067,2,AACBCB,6,all,lookup,history_counts_h2,history,counts,2,1012,1012,0.9970355731225297,0.9970355731225297,1.0
trace_commute_067,2,AACBCB,6,random70,decision_tree,history_counts_h2,history,counts,2,708,304,0.9572368421052632,0.9605263157894737,1.0
trace_commute_067,2,AACBCB,6,all,lookup,history_counts_h4,history,counts,4,1012,1012,1.0,1.0,1.0
trace_commute_067,2,AACBCB,6,random70,decision_tree,history_counts_h4,history,counts,4,708,304,0.9671052631578947,0.9671052631578947,1.0
trace_commute_067,2,AACBCB,6,all,lookup,history_counts_h8,history,counts,8,1012,1012,1.0,1.0,1.0
trace_commute_067,2,AACBCB,6,random70,decision_tree,history_counts_h8,history,counts,8,708,304,0.9078947368421053,0.9111842105263158,1.0
trace_commute_067,2,AACBCB,6,all,lookup,memoryless_noisy_counts,memoryless,noisy_counts,0,1012,1012,0.599802371541502,0.6343873517786561,1.0
trace_commute_067,2,AACBCB,6,random70,decision_tree,memoryless_noisy_counts,memoryless,noisy_counts,0,708,304,0.5197368421052632,0.625,1.0
trace_commute_067,2,AACBCB,6,all,lookup,history_noisy_counts_h1,history,noisy_counts,1,1012,1012,0.599802371541502,0.6343873517786561,1.0
trace_commute_067,2,AACBCB,6,random70,decision_tree,history_noisy_counts_h1,history,noisy_counts,1,708,304,0.5197368421052632,0.625,1.0
trace_commute_067,2,AACBCB,6,all,lookup,history_noisy_counts_h2,history,noisy_counts,2,1012,1012,0.7075098814229249,0.7549407114624506,1.0
trace_commute_067,2,AACBCB,6,random70,decision_tree,history_noisy_counts_h2,history,noisy_counts,2,708,304,0.6776315789473685,0.7401315789473685,1.0
trace_commute_067,2,AACBCB,6,all,lookup,history_noisy_counts_h4,history,noisy_counts,4,1012,1012,0.7450592885375494,0.7677865612648221,1.0
trace_commute_067,2,AACBCB,6,random70,decision_tree,history_noisy_counts_h4,history,noisy_counts,4,708,304,0.6710526315789473,0.7763157894736842,1.0
trace_commute_067,2,AACBCB,6,all,lookup,history_noisy_counts_h8,history,noisy_counts,8,1012,1012,0.7806324110671937,0.7964426877470355,1.0
trace_commute_067,2,AACBCB,6,random70,decision_tree,history_noisy_counts_h8,history,noisy_counts,8,708,304,0.6118421052631579,0.7105263157894737,1.0
trace_commute_067,2,AACBCB,6,all,lookup,memoryless_depth_last,memoryless,depth_last,0,1012,1012,0.8270750988142292,0.8843873517786561,1.0
trace_commute_067,2,AACBCB,6,random70,decision_tree,memoryless_depth_last,memoryless,depth_last,0,708,304,0.8157894736842105,0.8651315789473685,1.0
trace_commute_067,2,AACBCB,6,all,lookup,history_depth_last_h1,history,depth_last,1,1012,1012,0.8270750988142292,0.8843873517786561,1.0
trace_commute_067,2,AACBCB,6,random70,decision_tree,history_depth_last_h1,history,depth_last,1,708,304,0.8157894736842105,0.8651315789473685,1.0
trace_commute_067,2,AACBCB,6,all,lookup,history_depth_last_h2,history,depth_last,2,1012,1012,0.8389328063241107,0.8952569169960475,1.0
trace_commute_067,2,AACBCB,6,random70,decision_tree,history_depth_last_h2,history,depth_last,2,708,304,0.8289473684210527,0.8782894736842105,1.0
trace_commute_067,2,AACBCB,6,all,lookup,history_depth_last_h4,history,depth_last,4,1012,1012,0.8903162055335968,0.9367588932806324,1.0
trace_commute_067,2,AACBCB,6,random70,decision_tree,history_depth_last_h4,history,depth_last,4,708,304,0.8355263157894737,0.8782894736842105,1.0
trace_commute_067,2,AACBCB,6,all,lookup,history_depth_last_h8,history,depth_last,8,1012,1012,1.0,1.0,1.0
trace_commute_067,2,AACBCB,6,random70,decision_tree,history_depth_last_h8,history,depth_last,8,708,304,0.9638157894736842,0.9671052631578947,1.0
trace_commute_067,2,AACBCB,6,all,lookup,memoryless_depth,memoryless,depth,0,1012,1012,0.5988142292490118,0.6274703557312253,1.0
trace_commute_067,2,AACBCB,6,random70,decision_tree,memoryless_depth,memoryless,depth,0,708,304,0.5756578947368421,0.6019736842105263,1.0
trace_commute_067,2,AACBCB,6,all,lookup,history_depth_h1,history,depth,1,1012,1012,0.5988142292490118,0.6274703557312253,1.0
trace_commute_067,2,AACBCB,6,random70,decision_tree,history_depth_h1,history,depth,1,708,304,0.5756578947368421,0.6019736842105263,1.0
trace_commute_067,2,AACBCB,6,all,lookup,history_depth_h2,history,depth,2,1012,1012,0.5988142292490118,0.6274703557312253,1.0
trace_commute_067,2,AACBCB,6,random70,decision_tree,history_depth_h2,history,depth,2,708,304,0.5756578947368421,0.6019736842105263,1.0
trace_commute_067,2,AACBCB,6,all,lookup,history_depth_h4,history,depth,4,1012,1012,0.5988142292490118,0.6274703557312253,1.0
trace_commute_067,2,AACBCB,6,random70,decision_tree,history_depth_h4,history,depth,4,708,304,0.5756578947368421,0.6019736842105263,1.0
trace_commute_067,2,AACBCB,6,all,lookup,history_depth_h8,history,depth,8,1012,1012,0.5988142292490118,0.6274703557312253,1.0
trace_commute_067,2,AACBCB,6,random70,decision_tree,history_depth_h8,history,depth,8,708,304,0.5756578947368421,0.6019736842105263,1.0
trace_commute_067,2,AACBCB,6,all,lookup,hybrid_counts_depth_last_h1,hybrid_counts_depth_last,depth_last,1,1012,1012,0.9970355731225297,0.9970355731225297,1.0
trace_commute_067,2,AACBCB,6,random70,decision_tree,hybrid_counts_depth_last_h1,hybrid_counts_depth_last,depth_last,1,708,304,0.9769736842105263,0.9802631578947368,1.0
trace_commute_067,2,AACBCB,6,all,lookup,hybrid_counts_depth_last_h2,hybrid_counts_depth_last,depth_last,2,1012,1012,1.0,1.0,1.0
trace_commute_067,2,AACBCB,6,random70,decision_tree,hybrid_counts_depth_last_h2,hybrid_counts_depth_last,depth_last,2,708,304,0.9802631578947368,0.9802631578947368,1.0
trace_commute_067,2,AACBCB,6,all,lookup,hybrid_counts_depth_last_h4,hybrid_counts_depth_last,depth_last,4,1012,1012,1.0,1.0,1.0
trace_commute_067,2,AACBCB,6,random70,decision_tree,hybrid_counts_depth_last_h4,hybrid_counts_depth_last,depth_last,4,708,304,0.9769736842105263,0.9802631578947368,1.0
trace_commute_067,2,AACBCB,6,all,lookup,hybrid_counts_depth_last_h8,hybrid_counts_depth_last,depth_last,8,1012,1012,1.0,1.0,1.0
trace_commute_067,2,AACBCB,6,random70,decision_tree,hybrid_counts_depth_last_h8,hybrid_counts_depth_last,depth_last,8,708,304,0.9769736842105263,0.9802631578947368,1.0
trace_commute_067,3,ABBBCBB,7,all,lookup,full_state,full_state,full,0,1012,1012,1.0,1.0,1.0
trace_commute_067,3,ABBBCBB,7,random70,decision_tree,full_state,full_state,full,0,708,304,0.9572368421052632,0.9605263157894737,1.0
trace_commute_067,3,ABBBCBB,7,all,lookup,memoryless_counts,memoryless,counts,0,1012,1012,0.8211462450592886,0.8241106719367589,1.0
trace_commute_067,3,ABBBCBB,7,random70,decision_tree,memoryless_counts,memoryless,counts,0,708,304,0.7796052631578947,0.7828947368421053,1.0
trace_commute_067,3,ABBBCBB,7,all,lookup,history_counts_h1,history,counts,1,1012,1012,0.8211462450592886,0.8241106719367589,1.0
trace_commute_067,3,ABBBCBB,7,random70,decision_tree,history_counts_h1,history,counts,1,708,304,0.7796052631578947,0.7828947368421053,1.0
trace_commute_067,3,ABBBCBB,7,all,lookup,history_counts_h2,history,counts,2,1012,1012,0.9980237154150198,0.9990118577075099,1.0
trace_commute_067,3,ABBBCBB,7,random70,decision_tree,history_counts_h2,history,counts,2,708,304,0.9539473684210527,0.9572368421052632,1.0
trace_commute_067,3,ABBBCBB,7,all,lookup,history_counts_h4,history,counts,4,1012,1012,1.0,1.0,1.0
trace_commute_067,3,ABBBCBB,7,random70,decision_tree,history_counts_h4,history,counts,4,708,304,0.9407894736842105,0.944078947368421,1.0
trace_commute_067,3,ABBBCBB,7,all,lookup,history_counts_h8,history,counts,8,1012,1012,1.0,1.0,1.0
trace_commute_067,3,ABBBCBB,7,random70,decision_tree,history_counts_h8,history,counts,8,708,304,0.9407894736842105,0.9473684210526315,1.0
trace_commute_067,3,ABBBCBB,7,all,lookup,memoryless_noisy_counts,memoryless,noisy_counts,0,1012,1012,0.5830039525691699,0.708498023715415,1.0
trace_commute_067,3,ABBBCBB,7,random70,decision_tree,memoryless_noisy_counts,memoryless,noisy_counts,0,708,304,0.5296052631578947,0.6776315789473685,1.0
trace_commute_067,3,ABBBCBB,7,all,lookup,history_noisy_counts_h1,history,noisy_counts,1,1012,1012,0.5830039525691699,0.708498023715415,1.0
trace_commute_067,3,ABBBCBB,7,random70,decision_tree,history_noisy_counts_h1,history,noisy_counts,1,708,304,0.5296052631578947,0.6776315789473685,1.0
trace_commute_067,3,ABBBCBB,7,all,lookup,history_noisy_counts_h2,history,noisy_counts,2,1012,1012,0.6561264822134387,0.7055335968379447,1.0
trace_commute_067,3,ABBBCBB,7,random70,decision_tree,history_noisy_counts_h2,history,noisy_counts,2,708,304,0.5986842105263158,0.7039473684210527,1.0
trace_commute_067,3,ABBBCBB,7,all,lookup,history_noisy_counts_h4,history,noisy_counts,4,1012,1012,0.6907114624505929,0.7164031620553359,1.0
trace_commute_067,3,ABBBCBB,7,random70,decision_tree,history_noisy_counts_h4,history,noisy_counts,4,708,304,0.6019736842105263,0.743421052631579,1.0
trace_commute_067,3,ABBBCBB,7,all,lookup,history_noisy_counts_h8,history,noisy_counts,8,1012,1012,0.7845849802371542,0.8132411067193676,1.0
trace_commute_067,3,ABBBCBB,7,random70,decision_tree,history_noisy_counts_h8,history,noisy_counts,8,708,304,0.6414473684210527,0.7203947368421053,1.0
trace_commute_067,3,ABBBCBB,7,all,lookup,memoryless_depth_last,memoryless,depth_last,0,1012,1012,0.6393280632411067,0.7579051383399209,1.0
trace_commute_067,3,ABBBCBB,7,random70,decision_tree,memoryless_depth_last,memoryless,depth_last,0,708,304,0.6611842105263158,0.7697368421052632,1.0
trace_commute_067,3,ABBBCBB,7,all,lookup,history_depth_last_h1,history,depth_last,1,1012,1012,0.6393280632411067,0.7579051383399209,1.0
trace_commute_067,3,ABBBCBB,7,random70,decision_tree,history_depth_last_h1,history,depth_last,1,708,304,0.6611842105263158,0.7697368421052632,1.0
trace_commute_067,3,ABBBCBB,7,all,lookup,history_depth_last_h2,history,depth_last,2,1012,1012,0.6531620553359684,0.7707509881422925,1.0
trace_commute_067,3,ABBBCBB,7,random70,decision_tree,history_depth_last_h2,history,depth_last,2,708,304,0.6513157894736842,0.7763157894736842,1.0
trace_commute_067,3,ABBBCBB,7,all,lookup,history_depth_last_h4,history,depth_last,4,1012,1012,0.7164031620553359,0.8241106719367589,1.0
trace_commute_067,3,ABBBCBB,7,random70,decision_tree,history_depth_last_h4,history,depth_last,4,708,304,0.6776315789473685,0.8256578947368421,1.0
trace_commute_067,3,ABBBCBB,7,all,lookup,history_depth_last_h8,history,depth_last,8,1012,1012,1.0,1.0,1.0
trace_commute_067,3,ABBBCBB,7,random70,decision_tree,history_depth_last_h8,history,depth_last,8,708,304,0.9638157894736842,0.9703947368421053,1.0
trace_commute_067,3,ABBBCBB,7,all,lookup,memoryless_depth,memoryless,depth,0,1012,1012,0.441699604743083,0.4990118577075099,1.0
trace_commute_067,3,ABBBCBB,7,random70,decision_tree,memoryless_depth,memoryless,depth,0,708,304,0.45723684210526316,0.4934210526315789,1.0
trace_commute_067,3,ABBBCBB,7,all,lookup,history_depth_h1,history,depth,1,1012,1012,0.441699604743083,0.4990118577075099,1.0
trace_commute_067,3,ABBBCBB,7,random70,decision_tree,history_depth_h1,history,depth,1,708,304,0.45723684210526316,0.4934210526315789,1.0
trace_commute_067,3,ABBBCBB,7,all,lookup,history_depth_h2,history,depth,2,1012,1012,0.441699604743083,0.4990118577075099,1.0
trace_commute_067,3,ABBBCBB,7,random70,decision_tree,history_depth_h2,history,depth,2,708,304,0.45723684210526316,0.4934210526315789,1.0
trace_commute_067,3,ABBBCBB,7,all,lookup,history_depth_h4,history,depth,4,1012,1012,0.441699604743083,0.4990118577075099,1.0
trace_commute_067,3,ABBBCBB,7,random70,decision_tree,history_depth_h4,history,depth,4,708,304,0.45723684210526316,0.4934210526315789,1.0
trace_commute_067,3,ABBBCBB,7,all,lookup,history_depth_h8,history,depth,8,1012,1012,0.441699604743083,0.4990118577075099,1.0
trace_commute_067,3,ABBBCBB,7,random70,decision_tree,history_depth_h8,history,depth,8,708,304,0.45723684210526316,0.4934210526315789,1.0
trace_commute_067,3,ABBBCBB,7,all,lookup,hybrid_counts_depth_last_h1,hybrid_counts_depth_last,depth_last,1,1012,1012,0.9980237154150198,0.9990118577075099,1.0
trace_commute_067,3,ABBBCBB,7,random70,decision_tree,hybrid_counts_depth_last_h1,hybrid_counts_depth_last,depth_last,1,708,304,0.9703947368421053,0.9736842105263158,1.0
trace_commute_067,3,ABBBCBB,7,all,lookup,hybrid_counts_depth_last_h2,hybrid_counts_depth_last,depth_last,2,1012,1012,1.0,1.0,1.0
trace_commute_067,3,ABBBCBB,7,random70,decision_tree,hybrid_counts_depth_last_h2,hybrid_counts_depth_last,depth_last,2,708,304,0.9703947368421053,0.9736842105263158,1.0
trace_commute_067,3,ABBBCBB,7,all,lookup,hybrid_counts_depth_last_h4,hybrid_counts_depth_last,depth_last,4,1012,1012,1.0,1.0,1.0
trace_commute_067,3,ABBBCBB,7,random70,decision_tree,hybrid_counts_depth_last_h4,hybrid_counts_depth_last,depth_last,4,708,304,0.9703947368421053,0.9736842105263158,1.0
trace_commute_067,3,ABBBCBB,7,all,lookup,hybrid_counts_depth_last_h8,hybrid_counts_depth_last,depth_last,8,1012,1012,1.0,1.0,1.0
trace_commute_067,3,ABBBCBB,7,random70,decision_tree,hybrid_counts_depth_last_h8,hybrid_counts_depth_last,depth_last,8,708,304,0.9473684210526315,0.9506578947368421,1.0
trace_commute_067,4,ACBBCCCB,8,all,lookup,full_state,full_state,full,0,1012,1012,1.0,1.0,1.0
trace_commute_067,4,ACBBCCCB,8,random70,decision_tree,full_state,full_state,full,0,708,304,0.9473684210526315,0.9506578947368421,1.0
trace_commute_067,4,ACBBCCCB,8,all,lookup,memoryless_counts,memoryless,counts,0,1012,1012,0.8132411067193676,0.8191699604743083,1.0
trace_commute_067,4,ACBBCCCB,8,random70,decision_tree,memoryless_counts,memoryless,counts,0,708,304,0.7532894736842105,0.7598684210526315,1.0
trace_commute_067,4,ACBBCCCB,8,all,lookup,history_counts_h1,history,counts,1,1012,1012,0.8132411067193676,0.8191699604743083,1.0
trace_commute_067,4,ACBBCCCB,8,random70,decision_tree,history_counts_h1,history,counts,1,708,304,0.7532894736842105,0.7598684210526315,1.0
trace_commute_067,4,ACBBCCCB,8,all,lookup,history_counts_h2,history,counts,2,1012,1012,0.9901185770750988,0.9930830039525692,1.0
trace_commute_067,4,ACBBCCCB,8,random70,decision_tree,history_counts_h2,history,counts,2,708,304,0.9506578947368421,0.9539473684210527,1.0
trace_commute_067,4,ACBBCCCB,8,all,lookup,history_counts_h4,history,counts,4,1012,1012,0.9970355731225297,0.9970355731225297,1.0
trace_commute_067,4,ACBBCCCB,8,random70,decision_tree,history_counts_h4,history,counts,4,708,304,0.9506578947368421,0.9539473684210527,1.0
trace_commute_067,4,ACBBCCCB,8,all,lookup,history_counts_h8,history,counts,8,1012,1012,1.0,1.0,1.0
trace_commute_067,4,ACBBCCCB,8,random70,decision_tree,history_counts_h8,history,counts,8,708,304,0.9177631578947368,0.9210526315789473,1.0
trace_commute_067,4,ACBBCCCB,8,all,lookup,memoryless_noisy_counts,memoryless,noisy_counts,0,1012,1012,0.5820158102766798,0.6946640316205533,1.0
trace_commute_067,4,ACBBCCCB,8,random70,decision_tree,memoryless_noisy_counts,memoryless,noisy_counts,0,708,304,0.6151315789473685,0.7203947368421053,1.0
trace_commute_067,4,ACBBCCCB,8,all,lookup,history_noisy_counts_h1,history,noisy_counts,1,1012,1012,0.5820158102766798,0.6946640316205533,1.0
trace_commute_067,4,ACBBCCCB,8,random70,decision_tree,history_noisy_counts_h1,history,noisy_counts,1,708,304,0.6151315789473685,0.7203947368421053,1.0
trace_commute_067,4,ACBBCCCB,8,all,lookup,history_noisy_counts_h2,history,noisy_counts,2,1012,1012,0.6561264822134387,0.6956521739130435,1.0
trace_commute_067,4,ACBBCCCB,8,random70,decision_tree,history_noisy_counts_h2,history,noisy_counts,2,708,304,0.6578947368421053,0.7598684210526315,1.0
trace_commute_067,4,ACBBCCCB,8,all,lookup,history_noisy_counts_h4,history,noisy_counts,4,1012,1012,0.6857707509881423,0.7075098814229249,1.0
trace_commute_067,4,ACBBCCCB,8,random70,decision_tree,history_noisy_counts_h4,history,noisy_counts,4,708,304,0.6381578947368421,0.7105263157894737,1.0
trace_commute_067,4,ACBBCCCB,8,all,lookup,history_noisy_counts_h8,history,noisy_counts,8,1012,1012,0.7786561264822134,0.8053359683794467,1.0
trace_commute_067,4,ACBBCCCB,8,random70,decision_tree,history_noisy_counts_h8,history,noisy_counts,8,708,304,0.6381578947368421,0.6907894736842105,1.0
trace_commute_067,4,ACBBCCCB,8,all,lookup,memoryless_depth_last,memoryless,depth_last,0,1012,1012,0.6383399209486166,0.7569169960474308,1.0
trace_commute_067,4,ACBBCCCB,8,random70,decision_tree,memoryless_depth_last,memoryless,depth_last,0,708,304,0.5723684210526315,0.7171052631578947,1.0
trace_commute_067,4,ACBBCCCB,8,all,lookup,history_depth_last_h1,history,depth_last,1,1012,1012,0.6383399209486166,0.7569169960474308,1.0
trace_commute_067,4,ACBBCCCB,8,random70,decision_tree,history_depth_last_h1,history,depth_last,1,708,304,0.5723684210526315,0.7171052631578947,1.0
trace_commute_067,4,ACBBCCCB,8,all,lookup,history_depth_last_h2,history,depth_last,2,1012,1012,0.6521739130434783,0.7697628458498024,1.0
trace_commute_067,4,ACBBCCCB,8,random70,decision_tree,history_depth_last_h2,history,depth_last,2,708,304,0.5789473684210527,0.7236842105263158,1.0
trace_commute_067,4,ACBBCCCB,8,all,lookup,history_depth_last_h4,history,depth_last,4,1012,1012,0.7154150197628458,0.8231225296442688,1.0
trace_commute_067,4,ACBBCCCB,8,random70,decision_tree,history_depth_last_h4,history,depth_last,4,708,304,0.6611842105263158,0.7894736842105263,1.0
trace_commute_067,4,ACBBCCCB,8,all,lookup,history_depth_last_h8,history,depth_last,8,1012,1012,1.0,1.0,1.0
trace_commute_067,4,ACBBCCCB,8,random70,decision_tree,history_depth_last_h8,history,depth_last,8,708,304,0.9342105263157895,0.9342105263157895,1.0
trace_commute_067,4,ACBBCCCB,8,all,lookup,memoryless_depth,memoryless,depth,0,1012,1012,0.441699604743083,0.5,1.0
trace_commute_067,4,ACBBCCCB,8,random70,decision_tree,memoryless_depth,memoryless,depth,0,708,304,0.3651315789473684,0.4342105263157895,1.0
trace_commute_067,4,ACBBCCCB,8,all,lookup,history_depth_h1,history,depth,1,1012,1012,0.441699604743083,0.5,1.0
trace_commute_067,4,ACBBCCCB,8,random70,decision_tree,history_depth_h1,history,depth,1,708,304,0.3651315789473684,0.4342105263157895,1.0
trace_commute_067,4,ACBBCCCB,8,all,lookup,history_depth_h2,history,depth,2,1012,1012,0.441699604743083,0.5,1.0
trace_commute_067,4,ACBBCCCB,8,random70,decision_tree,history_depth_h2,history,depth,2,708,304,0.3651315789473684,0.4342105263157895,1.0
trace_commute_067,4,ACBBCCCB,8,all,lookup,history_depth_h4,history,depth,4,1012,1012,0.441699604743083,0.5,1.0
trace_commute_067,4,ACBBCCCB,8,random70,decision_tree,history_depth_h4,history,depth,4,708,304,0.3651315789473684,0.4342105263157895,1.0
trace_commute_067,4,ACBBCCCB,8,all,lookup,history_depth_h8,history,depth,8,1012,1012,0.441699604743083,0.5,1.0
trace_commute_067,4,ACBBCCCB,8,random70,decision_tree,history_depth_h8,history,depth,8,708,304,0.3651315789473684,0.4342105263157895,1.0
trace_commute_067,4,ACBBCCCB,8,all,lookup,hybrid_counts_depth_last_h1,hybrid_counts_depth_last,depth_last,1,1012,1012,0.9901185770750988,0.9930830039525692,1.0
trace_commute_067,4,ACBBCCCB,8,random70,decision_tree,hybrid_counts_depth_last_h1,hybrid_counts_depth_last,depth_last,1,708,304,0.930921052631579,0.9375,1.0
trace_commute_067,4,ACBBCCCB,8,all,lookup,hybrid_counts_depth_last_h2,hybrid_counts_depth_last,depth_last,2,1012,1012,0.9940711462450593,0.9950592885375494,1.0
trace_commute_067,4,ACBBCCCB,8,random70,decision_tree,hybrid_counts_depth_last_h2,hybrid_counts_depth_last,depth_last,2,708,304,0.9605263157894737,0.9638157894736842,1.0
trace_commute_067,4,ACBBCCCB,8,all,lookup,hybrid_counts_depth_last_h4,hybrid_counts_depth_last,depth_last,4,1012,1012,0.9990118577075099,0.9990118577075099,1.0
trace_commute_067,4,ACBBCCCB,8,random70,decision_tree,hybrid_counts_depth_last_h4,hybrid_counts_depth_last,depth_last,4,708,304,0.9671052631578947,0.9671052631578947,1.0
trace_commute_067,4,ACBBCCCB,8,all,lookup,hybrid_counts_depth_last_h8,hybrid_counts_depth_last,depth_last,8,1012,1012,1.0,1.0,1.0
trace_commute_067,4,ACBBCCCB,8,random70,decision_tree,hybrid_counts_depth_last_h8,hybrid_counts_depth_last,depth_last,8,708,304,0.9111842105263158,0.9144736842105263,1.0
trace_commute_067,5,ACCBB,5,all,lookup,full_state,full_state,full,0,1012,1012,1.0,1.0,1.0
trace_commute_067,5,ACCBB,5,random70,decision_tree,full_state,full_state,full,0,708,304,0.9736842105263158,0.9835526315789473,1.0
trace_commute_067,5,ACCBB,5,all,lookup,memoryless_counts,memoryless,counts,0,1012,1012,0.8231225296442688,0.8260869565217391,1.0
trace_commute_067,5,ACCBB,5,random70,decision_tree,memoryless_counts,memoryless,counts,0,708,304,0.8092105263157895,0.8223684210526315,1.0
trace_commute_067,5,ACCBB,5,all,lookup,history_counts_h1,history,counts,1,1012,1012,0.8231225296442688,0.8260869565217391,1.0
trace_commute_067,5,ACCBB,5,random70,decision_tree,history_counts_h1,history,counts,1,708,304,0.8092105263157895,0.8223684210526315,1.0
trace_commute_067,5,ACCBB,5,all,lookup,history_counts_h2,history,counts,2,1012,1012,1.0,1.0,1.0
trace_commute_067,5,ACCBB,5,random70,decision_tree,history_counts_h2,history,counts,2,708,304,0.9835526315789473,0.9901315789473685,1.0
trace_commute_067,5,ACCBB,5,all,lookup,history_counts_h4,history,counts,4,1012,1012,1.0,1.0,1.0
trace_commute_067,5,ACCBB,5,random70,decision_tree,history_counts_h4,history,counts,4,708,304,0.9703947368421053,0.9769736842105263,1.0
trace_commute_067,5,ACCBB,5,all,lookup,history_counts_h8,history,counts,8,1012,1012,1.0,1.0,1.0
trace_commute_067,5,ACCBB,5,random70,decision_tree,history_counts_h8,history,counts,8,708,304,0.9078947368421053,0.9111842105263158,1.0
trace_commute_067,5,ACCBB,5,all,lookup,memoryless_noisy_counts,memoryless,noisy_counts,0,1012,1012,0.5859683794466403,0.708498023715415,1.0
trace_commute_067,5,ACCBB,5,random70,decision_tree,memoryless_noisy_counts,memoryless,noisy_counts,0,708,304,0.555921052631579,0.6907894736842105,1.0
trace_commute_067,5,ACCBB,5,all,lookup,history_noisy_counts_h1,history,noisy_counts,1,1012,1012,0.5859683794466403,0.708498023715415,1.0
trace_commute_067,5,ACCBB,5,random70,decision_tree,history_noisy_counts_h1,history,noisy_counts,1,708,304,0.555921052631579,0.6907894736842105,1.0
trace_commute_067,5,ACCBB,5,all,lookup,history_noisy_counts_h2,history,noisy_counts,2,1012,1012,0.6590909090909091,0.7055335968379447,1.0
trace_commute_067,5,ACCBB,5,random70,decision_tree,history_noisy_counts_h2,history,noisy_counts,2,708,304,0.6085526315789473,0.75,1.0
trace_commute_067,5,ACCBB,5,all,lookup,history_noisy_counts_h4,history,noisy_counts,4,1012,1012,0.6936758893280632,0.7183794466403162,1.0
trace_commute_067,5,ACCBB,5,random70,decision_tree,history_noisy_counts_h4,history,noisy_counts,4,708,304,0.6085526315789473,0.7335526315789473,1.0
trace_commute_067,5,ACCBB,5,all,lookup,history_noisy_counts_h8,history,noisy_counts,8,1012,1012,0.7895256916996047,0.8181818181818182,1.0
trace_commute_067,5,ACCBB,5,random70,decision_tree,history_noisy_counts_h8,history,noisy_counts,8,708,304,0.6973684210526315,0.7532894736842105,1.0
trace_commute_067,5,ACCBB,5,all,lookup,memoryless_depth_last,memoryless,depth_last,0,1012,1012,0.6393280632411067,0.7598814229249012,1.0
trace_commute_067,5,ACCBB,5,random70,decision_tree,memoryless_depth_last,memoryless,depth_last,0,708,304,0.6743421052631579,0.7796052631578947,1.0
trace_commute_067,5,ACCBB,5,all,lookup,history_depth_last_h1,history,depth_last,1,1012,1012,0.6393280632411067,0.7598814229249012,1.0
trace_commute_067,5,ACCBB,5,random70,decision_tree,history_depth_last_h1,history,depth_last,1,708,304,0.6743421052631579,0.7796052631578947,1.0
trace_commute_067,5,ACCBB,5,all,lookup,history_depth_last_h2,history,depth_last,2,1012,1012,0.6531620553359684,0.7727272727272727,1.0
trace_commute_067,5,ACCBB,5,random70,decision_tree,history_depth_last_h2,history,depth_last,2,708,304,0.680921052631579,0.7861842105263158,1.0
trace_commute_067,5,ACCBB,5,all,lookup,history_depth_last_h4,history,depth_last,4,1012,1012,0.7164031620553359,0.8260869565217391,1.0
trace_commute_067,5,ACCBB,5,random70,decision_tree,history_depth_last_h4,history,depth_last,4,708,304,0.7072368421052632,0.8289473684210527,1.0
trace_commute_067,5,ACCBB,5,all,lookup,history_depth_last_h8,history,depth_last,8,1012,1012,1.0,1.0,1.0
trace_commute_067,5,ACCBB,5,random70,decision_tree,history_depth_last_h8,history,depth_last,8,708,304,0.9769736842105263,0.9835526315789473,1.0
trace_commute_067,5,ACCBB,5,all,lookup,memoryless_depth,memoryless,depth,0,1012,1012,0.441699604743083,0.5019762845849802,1.0
trace_commute_067,5,ACCBB,5,random70,decision_tree,memoryless_depth,memoryless,depth,0,708,304,0.48026315789473684,0.5493421052631579,1.0
trace_commute_067,5,ACCBB,5,all,lookup,history_depth_h1,history,depth,1,1012,1012,0.441699604743083,0.5019762845849802,1.0
trace_commute_067,5,ACCBB,5,random70,decision_tree,history_depth_h1,history,depth,1,708,304,0.48026315789473684,0.5493421052631579,1.0
trace_commute_067,5,ACCBB,5,all,lookup,history_depth_h2,history,depth,2,1012,1012,0.441699604743083,0.5019762845849802,1.0
trace_commute_067,5,ACCBB,5,random70,decision_tree,history_depth_h2,history,depth,2,708,304,0.48026315789473684,0.5493421052631579,1.0
trace_commute_067,5,ACCBB,5,all,lookup,history_depth_h4,history,depth,4,1012,1012,0.441699604743083,0.5019762845849802,1.0
trace_commute_067,5,ACCBB,5,random70,decision_tree,history_depth_h4,history,depth,4,708,304,0.48026315789473684,0.5493421052631579,1.0
trace_commute_067,5,ACCBB,5,all,lookup,history_depth_h8,history,depth,8,1012,1012,0.441699604743083,0.5019762845849802,1.0
trace_commute_067,5,ACCBB,5,random70,decision_tree,history_depth_h8,history,depth,8,708,304,0.48026315789473684,0.5493421052631579,1.0
trace_commute_067,5,ACCBB,5,all,lookup,hybrid_counts_depth_last_h1,hybrid_counts_depth_last,depth_last,1,1012,1012,1.0,1.0,1.0
trace_commute_067,5,ACCBB,5,random70,decision_tree,hybrid_counts_depth_last_h1,hybrid_counts_depth_last,depth_last,1,708,304,0.9901315789473685,0.9967105263157895,1.0
trace_commute_067,5,ACCBB,5,all,lookup,hybrid_counts_depth_last_h2,hybrid_counts_depth_last,depth_last,2,1012,1012,1.0,1.0,1.0
trace_commute_067,5,ACCBB,5,random70,decision_tree,hybrid_counts_depth_last_h2,hybrid_counts_depth_last,depth_last,2,708,304,0.9835526315789473,0.9901315789473685,1.0
trace_commute_067,5,ACCBB,5,all,lookup,hybrid_counts_depth_last_h4,hybrid_counts_depth_last,depth_last,4,1012,1012,1.0,1.0,1.0
trace_commute_067,5,ACCBB,5,random70,decision_tree,hybrid_counts_depth_last_h4,hybrid_counts_depth_last,depth_last,4,708,304,0.9868421052631579,0.993421052631579,1.0
trace_commute_067,5,ACCBB,5,all,lookup,hybrid_counts_depth_last_h8,hybrid_counts_depth_last,depth_last,8,1012,1012,1.0,1.0,1.0
trace_commute_067,5,ACCBB,5,random70,decision_tree,hybrid_counts_depth_last_h8,hybrid_counts_depth_last,depth_last,8,708,304,0.9835526315789473,0.9901315789473685,1.0
trace_commute_067,6,BBBCBCBB,8,all,lookup,full_state,full_state,full,0,1012,1012,1.0,1.0,1.0
trace_commute_067,6,BBBCBCBB,8,random70,decision_tree,full_state,full_state,full,0,708,304,0.9572368421052632,0.9638157894736842,1.0
trace_commute_067,6,BBBCBCBB,8,all,lookup,memoryless_counts,memoryless,counts,0,1012,1012,0.817193675889328,0.8231225296442688,1.0
trace_commute_067,6,BBBCBCBB,8,random70,decision_tree,memoryless_counts,memoryless,counts,0,708,304,0.7763157894736842,0.7861842105263158,1.0
trace_commute_067,6,BBBCBCBB,8,all,lookup,history_counts_h1,history,counts,1,1012,1012,0.817193675889328,0.8231225296442688,1.0
trace_commute_067,6,BBBCBCBB,8,random70,decision_tree,history_counts_h1,history,counts,1,708,304,0.7763157894736842,0.7861842105263158,1.0
trace_commute_067,6,BBBCBCBB,8,all,lookup,history_counts_h2,history,counts,2,1012,1012,0.9940711462450593,0.9970355731225297,1.0
trace_commute_067,6,BBBCBCBB,8,random70,decision_tree,history_counts_h2,history,counts,2,708,304,0.9802631578947368,0.9835526315789473,1.0
trace_commute_067,6,BBBCBCBB,8,all,lookup,history_counts_h4,history,counts,4,1012,1012,0.9990118577075099,0.9990118577075099,1.0
trace_commute_067,6,BBBCBCBB,8,random70,decision_tree,history_counts_h4,history,counts,4,708,304,0.9671052631578947,0.9769736842105263,1.0
trace_commute_067,6,BBBCBCBB,8,all,lookup,history_counts_h8,history,counts,8,1012,1012,1.0,1.0,1.0
trace_commute_067,6,BBBCBCBB,8,random70,decision_tree,history_counts_h8,history,counts,8,708,304,0.930921052631579,0.9407894736842105,1.0
trace_commute_067,6,BBBCBCBB,8,all,lookup,memoryless_noisy_counts,memoryless,noisy_counts,0,1012,1012,0.5760869565217391,0.7045454545454546,1.0
trace_commute_067,6,BBBCBCBB,8,random70,decision_tree,memoryless_noisy_counts,memoryless,noisy_counts,0,708,304,0.5230263157894737,0.6743421052631579,1.0
trace_commute_067,6,BBBCBCBB,8,all,lookup,history_noisy_counts_h1,history,noisy_counts,1,1012,1012,0.5760869565217391,0.7045454545454546,1.0
trace_commute_067,6,BBBCBCBB,8,random70,decision_tree,history_noisy_counts_h1,history,noisy_counts,1,708,304,0.5230263157894737,0.6743421052631579,1.0
trace_commute_067,6,BBBCBCBB,8,all,lookup,history_noisy_counts_h2,history,noisy_counts,2,1012,1012,0.6482213438735178,0.700592885375494,1.0
trace_commute_067,6,BBBCBCBB,8,random70,decision_tree,history_noisy_counts_h2,history,noisy_counts,2,708,304,0.5625,0.7203947368421053,1.0
trace_commute_067,6,BBBCBCBB,8,all,lookup,history_noisy_counts_h4,history,noisy_counts,4,1012,1012,0.6877470355731226,0.7144268774703557,1.0
trace_commute_067,6,BBBCBCBB,8,random70,decision_tree,history_noisy_counts_h4,history,noisy_counts,4,708,304,0.5789473684210527,0.6743421052631579,1.0
trace_commute_067,6,BBBCBCBB,8,all,lookup,history_noisy_counts_h8,history,noisy_counts,8,1012,1012,0.7747035573122529,0.7924901185770751,1.0
trace_commute_067,6,BBBCBCBB,8,random70,decision_tree,history_noisy_counts_h8,history,noisy_counts,8,708,304,0.6217105263157895,0.7006578947368421,1.0
trace_commute_067,6,BBBCBCBB,8,all,lookup,memoryless_depth_last,memoryless,depth_last,0,1012,1012,0.5069169960474308,0.8399209486166008,1.0
trace_commute_067,6,BBBCBCBB,8,random70,decision_tree,memoryless_depth_last,memoryless,depth_last,0,708,304,0.4605263157894737,0.881578947368421,1.0
trace_commute_067,6,BBBCBCBB,8,all,lookup,history_depth_last_h1,history,depth_last,1,1012,1012,0.5069169960474308,0.8399209486166008,1.0
trace_commute_067,6,BBBCBCBB,8,random70,decision_tree,history_depth_last_h1,history,depth_last,1,708,304,0.4605263157894737,0.881578947368421,1.0
trace_commute_067,6,BBBCBCBB,8,all,lookup,history_depth_last_h2,history,depth_last,2,1012,1012,0.5207509881422925,0.9041501976284585,1.0
trace_commute_067,6,BBBCBCBB,8,random70,decision_tree,history_depth_last_h2,history,depth_last,2,708,304,0.45723684210526316,0.75,1.0
trace_commute_067,6,BBBCBCBB,8,all,lookup,history_depth_last_h4,history,depth_last,4,1012,1012,0.5859683794466403,0.9614624505928854,1.0
trace_commute_067,6,BBBCBCBB,8,random70,decision_tree,history_depth_last_h4,history,depth_last,4,708,304,0.4243421052631579,0.7598684210526315,1.0
trace_commute_067,6,BBBCBCBB,8,all,lookup,history_depth_last_h8,history,depth_last,8,1012,1012,1.0,1.0,1.0
trace_commute_067,6,BBBCBCBB,8,random70,decision_tree,history_depth_last_h8,history,depth_last,8,708,304,0.944078947368421,0.9539473684210527,1.0
trace_commute_067,6,BBBCBCBB,8,all,lookup,memoryless_depth,memoryless,depth,0,1012,1012,0.4733201581027668,0.4980237154150198,1.0
trace_commute_067,6,BBBCBCBB,8,random70,decision_tree,memoryless_depth,memoryless,depth,0,708,304,0.4901315789473684,0.5131578947368421,1.0
trace_commute_067,6,BBBCBCBB,8,all,lookup,history_depth_h1,history,depth,1,1012,1012,0.4733201581027668,0.4980237154150198,1.0
trace_commute_067,6,BBBCBCBB,8,random70,decision_tree,history_depth_h1,history,depth,1,708,304,0.4901315789473684,0.5131578947368421,1.0
trace_commute_067,6,BBBCBCBB,8,all,lookup,history_depth_h2,history,depth,2,1012,1012,0.4733201581027668,0.4980237154150198,1.0
trace_commute_067,6,BBBCBCBB,8,random70,decision_tree,history_depth_h2,history,depth,2,708,304,0.4901315789473684,0.5131578947368421,1.0
trace_commute_067,6,BBBCBCBB,8,all,lookup,history_depth_h4,history,depth,4,1012,1012,0.4733201581027668,0.4980237154150198,1.0
trace_commute_067,6,BBBCBCBB,8,random70,decision_tree,history_depth_h4,history,depth,4,708,304,0.4901315789473684,0.5131578947368421,1.0
trace_commute_067,6,BBBCBCBB,8,all,lookup,history_depth_h8,history,depth,8,1012,1012,0.4733201581027668,0.4980237154150198,1.0
trace_commute_067,6,BBBCBCBB,8,random70,decision_tree,history_depth_h8,history,depth,8,708,304,0.4901315789473684,0.5131578947368421,1.0
trace_commute_067,6,BBBCBCBB,8,all,lookup,hybrid_counts_depth_last_h1,hybrid_counts_depth_last,depth_last,1,1012,1012,0.9940711462450593,0.9970355731225297,1.0
trace_commute_067,6,BBBCBCBB,8,random70,decision_tree,hybrid_counts_depth_last_h1,hybrid_counts_depth_last,depth_last,1,708,304,0.9736842105263158,0.9802631578947368,1.0
trace_commute_067,6,BBBCBCBB,8,all,lookup,hybrid_counts_depth_last_h2,hybrid_counts_depth_last,depth_last,2,1012,1012,0.9970355731225297,0.9980237154150198,1.0
trace_commute_067,6,BBBCBCBB,8,random70,decision_tree,hybrid_counts_depth_last_h2,hybrid_counts_depth_last,depth_last,2,708,304,0.9736842105263158,0.9802631578947368,1.0
trace_commute_067,6,BBBCBCBB,8,all,lookup,hybrid_counts_depth_last_h4,hybrid_counts_depth_last,depth_last,4,1012,1012,1.0,1.0,1.0
trace_commute_067,6,BBBCBCBB,8,random70,decision_tree,hybrid_counts_depth_last_h4,hybrid_counts_depth_last,depth_last,4,708,304,0.9671052631578947,0.9736842105263158,1.0
trace_commute_067,6,BBBCBCBB,8,all,lookup,hybrid_counts_depth_last_h8,hybrid_counts_depth_last,depth_last,8,1012,1012,1.0,1.0,1.0
trace_commute_067,6,BBBCBCBB,8,random70,decision_tree,hybrid_counts_depth_last_h8,hybrid_counts_depth_last,depth_last,8,708,304,0.9671052631578947,0.9736842105263158,1.0
trace_commute_067,7,BCCCCC,6,all,lookup,full_state,full_state,full,0,1012,1012,1.0,1.0,1.0
trace_commute_067,7,BCCCCC,6,random70,decision_tree,full_state,full_state,full,0,708,304,0.9506578947368421,0.9539473684210527,1.0
trace_commute_067,7,BCCCCC,6,all,lookup,memoryless_counts,memoryless,counts,0,1012,1012,0.808300395256917,0.817193675889328,1.0
trace_commute_067,7,BCCCCC,6,random70,decision_tree,memoryless_counts,memoryless,counts,0,708,304,0.7993421052631579,0.8026315789473685,1.0
trace_commute_067,7,BCCCCC,6,all,lookup,history_counts_h1,history,counts,1,1012,1012,0.808300395256917,0.817193675889328,1.0
trace_commute_067,7,BCCCCC,6,random70,decision_tree,history_counts_h1,history,counts,1,708,304,0.7993421052631579,0.8026315789473685,1.0
trace_commute_067,7,BCCCCC,6,all,lookup,history_counts_h2,history,counts,2,1012,1012,0.9881422924901185,0.9930830039525692,1.0
trace_commute_067,7,BCCCCC,6,random70,decision_tree,history_counts_h2,history,counts,2,708,304,0.9736842105263158,0.9736842105263158,1.0
trace_commute_067,7,BCCCCC,6,all,lookup,history_counts_h4,history,counts,4,1012,1012,0.9970355731225297,0.9970355731225297,1.0
trace_commute_067,7,BCCCCC,6,random70,decision_tree,history_counts_h4,history,counts,4,708,304,0.9802631578947368,0.9802631578947368,1.0
trace_commute_067,7,BCCCCC,6,all,lookup,history_counts_h8,history,counts,8,1012,1012,1.0,1.0,1.0
trace_commute_067,7,BCCCCC,6,random70,decision_tree,history_counts_h8,history,counts,8,708,304,0.9375,0.9375,1.0
trace_commute_067,7,BCCCCC,6,all,lookup,memoryless_noisy_counts,memoryless,noisy_counts,0,1012,1012,0.5790513833992095,0.6956521739130435,1.0
trace_commute_067,7,BCCCCC,6,random70,decision_tree,memoryless_noisy_counts,memoryless,noisy_counts,0,708,304,0.5756578947368421,0.694078947368421,1.0
trace_commute_067,7,BCCCCC,6,all,lookup,history_noisy_counts_h1,history,noisy_counts,1,1012,1012,0.5790513833992095,0.6956521739130435,1.0
trace_commute_067,7,BCCCCC,6,random70,decision_tree,history_noisy_counts_h1,history,noisy_counts,1,708,304,0.5756578947368421,0.694078947368421,1.0
trace_commute_067,7,BCCCCC,6,all,lookup,history_noisy_counts_h2,history,noisy_counts,2,1012,1012,0.6531620553359684,0.6946640316205533,1.0
trace_commute_067,7,BCCCCC,6,random70,decision_tree,history_noisy_counts_h2,history,noisy_counts,2,708,304,0.6052631578947368,0.7763157894736842,1.0
trace_commute_067,7,BCCCCC,6,all,lookup,history_noisy_counts_h4,history,noisy_counts,4,1012,1012,0.682806324110672,0.7055335968379447,1.0
trace_commute_067,7,BCCCCC,6,random70,decision_tree,history_noisy_counts_h4,history,noisy_counts,4,708,304,0.5986842105263158,0.7236842105263158,1.0
trace_commute_067,7,BCCCCC,6,all,lookup,history_noisy_counts_h8,history,noisy_counts,8,1012,1012,0.7697628458498024,0.7855731225296443,1.0
trace_commute_067,7,BCCCCC,6,random70,decision_tree,history_noisy_counts_h8,history,noisy_counts,8,708,304,0.6414473684210527,0.7072368421052632,1.0
trace_commute_067,7,BCCCCC,6,all,lookup,memoryless_depth_last,memoryless,depth_last,0,1012,1012,0.5079051383399209,0.9683794466403162,1.0
trace_commute_067,7,BCCCCC,6,random70,decision_tree,memoryless_depth_last,memoryless,depth_last,0,708,304,0.45394736842105265,0.9802631578947368,1.0
trace_commute_067,7,BCCCCC,6,all,lookup,history_depth_last_h1,history,depth_last,1,1012,1012,0.5079051383399209,0.9683794466403162,1.0
trace_commute_067,7,BCCCCC,6,random70,decision_tree,history_depth_last_h1,history,depth_last,1,708,304,0.45394736842105265,0.9802631578947368,1.0
trace_commute_067,7,BCCCCC,6,all,lookup,history_depth_last_h2,history,depth_last,2,1012,1012,0.5227272727272727,0.9762845849802372,1.0
trace_commute_067,7,BCCCCC,6,random70,decision_tree,history_depth_last_h2,history,depth_last,2,708,304,0.4473684210526316,0.944078947368421,1.0
trace_commute_067,7,BCCCCC,6,all,lookup,history_depth_last_h4,history,depth_last,4,1012,1012,0.5879446640316206,0.9891304347826086,1.0
trace_commute_067,7,BCCCCC,6,random70,decision_tree,history_depth_last_h4,history,depth_last,4,708,304,0.40789473684210525,0.7532894736842105,1.0
trace_commute_067,7,BCCCCC,6,all,lookup,history_depth_last_h8,history,depth_last,8,1012,1012,1.0,1.0,1.0
trace_commute_067,7,BCCCCC,6,random70,decision_tree,history_depth_last_h8,history,depth_last,8,708,304,0.9638157894736842,0.9671052631578947,1.0
trace_commute_067,7,BCCCCC,6,all,lookup,memoryless_depth,memoryless,depth,0,1012,1012,0.4723320158102767,0.49604743083003955,1.0
trace_commute_067,7,BCCCCC,6,random70,decision_tree,memoryless_depth,memoryless,depth,0,708,304,0.5296052631578947,0.5361842105263158,1.0
trace_commute_067,7,BCCCCC,6,all,lookup,history_depth_h1,history,depth,1,1012,1012,0.4723320158102767,0.49604743083003955,1.0
trace_commute_067,7,BCCCCC,6,random70,decision_tree,history_depth_h1,history,depth,1,708,304,0.5296052631578947,0.5361842105263158,1.0
trace_commute_067,7,BCCCCC,6,all,lookup,history_depth_h2,history,depth,2,1012,1012,0.4723320158102767,0.49604743083003955,1.0
trace_commute_067,7,BCCCCC,6,random70,decision_tree,history_depth_h2,history,depth,2,708,304,0.5296052631578947,0.5361842105263158,1.0
trace_commute_067,7,BCCCCC,6,all,lookup,history_depth_h4,history,depth,4,1012,1012,0.4723320158102767,0.49604743083003955,1.0
trace_commute_067,7,BCCCCC,6,random70,decision_tree,history_depth_h4,history,depth,4,708,304,0.5296052631578947,0.5361842105263158,1.0
trace_commute_067,7,BCCCCC,6,all,lookup,history_depth_h8,history,depth,8,1012,1012,0.4723320158102767,0.49604743083003955,1.0
trace_commute_067,7,BCCCCC,6,random70,decision_tree,history_depth_h8,history,depth,8,708,304,0.5296052631578947,0.5361842105263158,1.0
trace_commute_067,7,BCCCCC,6,all,lookup,hybrid_counts_depth_last_h1,hybrid_counts_depth_last,depth_last,1,1012,1012,0.9881422924901185,0.9930830039525692,1.0
trace_commute_067,7,BCCCCC,6,random70,decision_tree,hybrid_counts_depth_last_h1,hybrid_counts_depth_last,depth_last,1,708,304,0.9736842105263158,0.9736842105263158,1.0
trace_commute_067,7,BCCCCC,6,all,lookup,hybrid_counts_depth_last_h2,hybrid_counts_depth_last,depth_last,2,1012,1012,0.9930830039525692,0.9950592885375494,1.0
trace_commute_067,7,BCCCCC,6,random70,decision_tree,hybrid_counts_depth_last_h2,hybrid_counts_depth_last,depth_last,2,708,304,0.9802631578947368,0.9802631578947368,1.0
trace_commute_067,7,BCCCCC,6,all,lookup,hybrid_counts_depth_last_h4,hybrid_counts_depth_last,depth_last,4,1012,1012,1.0,1.0,1.0
trace_commute_067,7,BCCCCC,6,random70,decision_tree,hybrid_counts_depth_last_h4,hybrid_counts_depth_last,depth_last,4,708,304,0.9703947368421053,0.9703947368421053,1.0
trace_commute_067,7,BCCCCC,6,all,lookup,hybrid_counts_depth_last_h8,hybrid_counts_depth_last,depth_last,8,1012,1012,1.0,1.0,1.0
trace_commute_067,7,BCCCCC,6,random70,decision_tree,hybrid_counts_depth_last_h8,hybrid_counts_depth_last,depth_last,8,708,304,0.9802631578947368,0.9802631578947368,1.0
trace_commute_067,8,CCCBCBB,7,all,lookup,full_state,full_state,full,0,1012,1012,1.0,1.0,1.0
trace_commute_067,8,CCCBCBB,7,random70,decision_tree,full_state,full_state,full,0,708,304,0.9342105263157895,0.9473684210526315,1.0
trace_commute_067,8,CCCBCBB,7,all,lookup,memoryless_counts,memoryless,counts,0,1012,1012,0.8191699604743083,0.825098814229249,1.0
trace_commute_067,8,CCCBCBB,7,random70,decision_tree,memoryless_counts,memoryless,counts,0,708,304,0.7927631578947368,0.7993421052631579,1.0
trace_commute_067,8,CCCBCBB,7,all,lookup,history_counts_h1,history,counts,1,1012,1012,0.8191699604743083,0.825098814229249,1.0
trace_commute_067,8,CCCBCBB,7,random70,decision_tree,history_counts_h1,history,counts,1,708,304,0.7927631578947368,0.7993421052631579,1.0
trace_commute_067,8,CCCBCBB,7,all,lookup,history_counts_h2,history,counts,2,1012,1012,0.9950592885375494,0.9980237154150198,1.0
trace_commute_067,8,CCCBCBB,7,random70,decision_tree,history_counts_h2,history,counts,2,708,304,0.9671052631578947,0.9736842105263158,1.0
trace_commute_067,8,CCCBCBB,7,all,lookup,history_counts_h4,history,counts,4,1012,1012,1.0,1.0,1.0
trace_commute_067,8,CCCBCBB,7,random70,decision_tree,history_counts_h4,history,counts,4,708,304,0.9736842105263158,0.9736842105263158,1.0
trace_commute_067,8,CCCBCBB,7,all,lookup,history_counts_h8,history,counts,8,1012,1012,1.0,1.0,1.0
trace_commute_067,8,CCCBCBB,7,random70,decision_tree,history_counts_h8,history,counts,8,708,304,0.9111842105263158,0.9177631578947368,1.0
trace_commute_067,8,CCCBCBB,7,all,lookup,memoryless_noisy_counts,memoryless,noisy_counts,0,1012,1012,0.5780632411067194,0.7075098814229249,1.0
trace_commute_067,8,CCCBCBB,7,random70,decision_tree,memoryless_noisy_counts,memoryless,noisy_counts,0,708,304,0.5789473684210527,0.7138157894736842,1.0
trace_commute_067,8,CCCBCBB,7,all,lookup,history_noisy_counts_h1,history,noisy_counts,1,1012,1012,0.5780632411067194,0.7075098814229249,1.0
trace_commute_067,8,CCCBCBB,7,random70,decision_tree,history_noisy_counts_h1,history,noisy_counts,1,708,304,0.5789473684210527,0.7138157894736842,1.0
trace_commute_067,8,CCCBCBB,7,all,lookup,history_noisy_counts_h2,history,noisy_counts,2,1012,1012,0.650197628458498,0.7035573122529645,1.0
trace_commute_067,8,CCCBCBB,7,random70,decision_tree,history_noisy_counts_h2,history,noisy_counts,2,708,304,0.6151315789473685,0.6875,1.0
trace_commute_067,8,CCCBCBB,7,all,lookup,history_noisy_counts_h4,history,noisy_counts,4,1012,1012,0.6887351778656127,0.7154150197628458,1.0
trace_commute_067,8,CCCBCBB,7,random70,decision_tree,history_noisy_counts_h4,history,noisy_counts,4,708,304,0.618421052631579,0.694078947368421,1.0
trace_commute_067,8,CCCBCBB,7,all,lookup,history_noisy_counts_h8,history,noisy_counts,8,1012,1012,0.775691699604743,0.7934782608695652,1.0
trace_commute_067,8,CCCBCBB,7,random70,decision_tree,history_noisy_counts_h8,history,noisy_counts,8,708,304,0.6710526315789473,0.7171052631578947,1.0
trace_commute_067,8,CCCBCBB,7,all,lookup,memoryless_depth_last,memoryless,depth_last,0,1012,1012,0.5079051383399209,0.9614624505928854,1.0
trace_commute_067,8,CCCBCBB,7,random70,decision_tree,memoryless_depth_last,memoryless,depth_last,0,708,304,0.4605263157894737,0.8092105263157895,1.0
trace_commute_067,8,CCCBCBB,7,all,lookup,history_depth_last_h1,history,depth_last,1,1012,1012,0.5079051383399209,0.9614624505928854,1.0
trace_commute_067,8,CCCBCBB,7,random70,decision_tree,history_depth_last_h1,history,depth_last,1,708,304,0.4605263157894737,0.8092105263157895,1.0
trace_commute_067,8,CCCBCBB,7,all,lookup,history_depth_last_h2,history,depth_last,2,1012,1012,0.5217391304347826,0.9347826086956522,1.0
trace_commute_067,8,CCCBCBB,7,random70,decision_tree,history_depth_last_h2,history,depth_last,2,708,304,0.4342105263157895,0.7236842105263158,1.0
trace_commute_067,8,CCCBCBB,7,all,lookup,history_depth_last_h4,history,depth_last,4,1012,1012,0.5869565217391305,0.9772727272727273,1.0
trace_commute_067,8,CCCBCBB,7,random70,decision_tree,history_depth_last_h4,history,depth_last,4,708,304,0.39473684210526316,0.7138157894736842,1.0
trace_commute_067,8,CCCBCBB,7,all,lookup,history_depth_last_h8,history,depth_last,8,1012,1012,1.0,1.0,1.0
trace_commute_067,8,CCCBCBB,7,random70,decision_tree,history_depth_last_h8,history,depth_last,8,708,304,0.9407894736842105,0.9638157894736842,1.0
trace_commute_067,8,CCCBCBB,7,all,lookup,memoryless_depth,memoryless,depth,0,1012,1012,0.4733201581027668,0.4980237154150198,1.0
trace_commute_067,8,CCCBCBB,7,random70,decision_tree,memoryless_depth,memoryless,depth,0,708,304,0.4868421052631579,0.5164473684210527,1.0
trace_commute_067,8,CCCBCBB,7,all,lookup,history_depth_h1,history,depth,1,1012,1012,0.4733201581027668,0.4980237154150198,1.0
trace_commute_067,8,CCCBCBB,7,random70,decision_tree,history_depth_h1,history,depth,1,708,304,0.4868421052631579,0.5164473684210527,1.0
trace_commute_067,8,CCCBCBB,7,all,lookup,history_depth_h2,history,depth,2,1012,1012,0.4733201581027668,0.4980237154150198,1.0
trace_commute_067,8,CCCBCBB,7,random70,decision_tree,history_depth_h2,history,depth,2,708,304,0.4868421052631579,0.5164473684210527,1.0
trace_commute_067,8,CCCBCBB,7,all,lookup,history_depth_h4,history,depth,4,1012,1012,0.4733201581027668,0.4980237154150198,1.0
trace_commute_067,8,CCCBCBB,7,random70,decision_tree,history_depth_h4,history,depth,4,708,304,0.4868421052631579,0.5164473684210527,1.0
trace_commute_067,8,CCCBCBB,7,all,lookup,history_depth_h8,history,depth,8,1012,1012,0.4733201581027668,0.4980237154150198,1.0
trace_commute_067,8,CCCBCBB,7,random70,decision_tree,history_depth_h8,history,depth,8,708,304,0.4868421052631579,0.5164473684210527,1.0
trace_commute_067,8,CCCBCBB,7,all,lookup,hybrid_counts_depth_last_h1,hybrid_counts_depth_last,depth_last,1,1012,1012,0.9950592885375494,0.9980237154150198,1.0
trace_commute_067,8,CCCBCBB,7,random70,decision_tree,hybrid_counts_depth_last_h1,hybrid_counts_depth_last,depth_last,1,708,304,0.9703947368421053,0.9703947368421053,1.0
trace_commute_067,8,CCCBCBB,7,all,lookup,hybrid_counts_depth_last_h2,hybrid_counts_depth_last,depth_last,2,1012,1012,0.9980237154150198,0.9990118577075099,1.0
trace_commute_067,8,CCCBCBB,7,random70,decision_tree,hybrid_counts_depth_last_h2,hybrid_counts_depth_last,depth_last,2,708,304,0.9769736842105263,0.9769736842105263,1.0
trace_commute_067,8,CCCBCBB,7,all,lookup,hybrid_counts_depth_last_h4,hybrid_counts_depth_last,depth_last,4,1012,1012,1.0,1.0,1.0
trace_commute_067,8,CCCBCBB,7,random70,decision_tree,hybrid_counts_depth_last_h4,hybrid_counts_depth_last,depth_last,4,708,304,0.9638157894736842,0.9703947368421053,1.0
trace_commute_067,8,CCCBCBB,7,all,lookup,hybrid_counts_depth_last_h8,hybrid_counts_depth_last,depth_last,8,1012,1012,1.0,1.0,1.0
trace_commute_067,8,CCCBCBB,7,random70,decision_tree,hybrid_counts_depth_last_h8,hybrid_counts_depth_last,depth_last,8,708,304,0.9638157894736842,0.9671052631578947,1.0
trace_commute_100,0,AAABBBCC,8,all,lookup,full_state,full_state,full,0,164,164,1.0,1.0,1.0
trace_commute_100,0,AAABBBCC,8,random70,decision_tree,full_state,full_state,full,0,115,49,0.9387755102040817,0.9387755102040817,1.0
trace_commute_100,0,AAABBBCC,8,all,lookup,memoryless_counts,memoryless,counts,0,164,164,1.0,1.0,1.0
trace_commute_100,0,AAABBBCC,8,random70,decision_tree,memoryless_counts,memoryless,counts,0,115,49,0.6122448979591837,0.7346938775510204,1.0
trace_commute_100,0,AAABBBCC,8,all,lookup,history_counts_h1,history,counts,1,164,164,1.0,1.0,1.0
trace_commute_100,0,AAABBBCC,8,random70,decision_tree,history_counts_h1,history,counts,1,115,49,0.6122448979591837,0.7346938775510204,1.0
trace_commute_100,0,AAABBBCC,8,all,lookup,history_counts_h2,history,counts,2,164,164,1.0,1.0,1.0
trace_commute_100,0,AAABBBCC,8,random70,decision_tree,history_counts_h2,history,counts,2,115,49,0.5918367346938775,0.7346938775510204,1.0
trace_commute_100,0,AAABBBCC,8,all,lookup,history_counts_h4,history,counts,4,164,164,1.0,1.0,1.0
trace_commute_100,0,AAABBBCC,8,random70,decision_tree,history_counts_h4,history,counts,4,115,49,0.7755102040816326,0.8367346938775511,1.0
trace_commute_100,0,AAABBBCC,8,all,lookup,history_counts_h8,history,counts,8,164,164,1.0,1.0,1.0
trace_commute_100,0,AAABBBCC,8,random70,decision_tree,history_counts_h8,history,counts,8,115,49,0.8571428571428571,0.8571428571428571,1.0
trace_commute_100,0,AAABBBCC,8,all,lookup,memoryless_noisy_counts,memoryless,noisy_counts,0,164,164,0.725609756097561,0.725609756097561,1.0
trace_commute_100,0,AAABBBCC,8,random70,decision_tree,memoryless_noisy_counts,memoryless,noisy_counts,0,115,49,0.6326530612244898,0.7551020408163265,1.0
trace_commute_100,0,AAABBBCC,8,all,lookup,history_noisy_counts_h1,history,noisy_counts,1,164,164,0.725609756097561,0.725609756097561,1.0
trace_commute_100,0,AAABBBCC,8,random70,decision_tree,history_noisy_counts_h1,history,noisy_counts,1,115,49,0.6326530612244898,0.7551020408163265,1.0
trace_commute_100,0,AAABBBCC,8,all,lookup,history_noisy_counts_h2,history,noisy_counts,2,164,164,0.7926829268292683,0.8841463414634146,1.0
trace_commute_100,0,AAABBBCC,8,random70,decision_tree,history_noisy_counts_h2,history,noisy_counts,2,115,49,0.6326530612244898,0.8367346938775511,1.0
trace_commute_100,0,AAABBBCC,8,all,lookup,history_noisy_counts_h4,history,noisy_counts,4,164,164,0.8292682926829268,0.8902439024390244,1.0
trace_commute_100,0,AAABBBCC,8,random70,decision_tree,history_noisy_counts_h4,history,noisy_counts,4,115,49,0.6938775510204082,0.7959183673469388,1.0
trace_commute_100,0,AAABBBCC,8,all,lookup,history_noisy_counts_h8,history,noisy_counts,8,164,164,0.9085365853658537,0.9207317073170732,1.0
trace_commute_100,0,AAABBBCC,8,random70,decision_tree,history_noisy_counts_h8,history,noisy_counts,8,115,49,0.8367346938775511,0.8775510204081632,1.0
trace_commute_100,0,AAABBBCC,8,all,lookup,memoryless_depth_last,memoryless,depth_last,0,164,164,0.6707317073170732,0.7073170731707317,1.0
trace_commute_100,0,AAABBBCC,8,random70,decision_tree,memoryless_depth_last,memoryless,depth_last,0,115,49,0.673469387755102,0.7142857142857143,1.0
trace_commute_100,0,AAABBBCC,8,all,lookup,history_depth_last_h1,history,depth_last,1,164,164,0.6707317073170732,0.7073170731707317,1.0
trace_commute_100,0,AAABBBCC,8,random70,decision_tree,history_depth_last_h1,history,depth_last,1,115,49,0.673469387755102,0.7142857142857143,1.0
trace_commute_100,0,AAABBBCC,8,all,lookup,history_depth_last_h2,history,depth_last,2,164,164,0.7560975609756098,0.7987804878048781,1.0
trace_commute_100,0,AAABBBCC,8,random70,decision_tree,history_depth_last_h2,history,depth_last,2,115,49,0.6938775510204082,0.7346938775510204,1.0
trace_commute_100,0,AAABBBCC,8,all,lookup,history_depth_last_h4,history,depth_last,4,164,164,0.9207317073170732,0.9390243902439024,1.0
trace_commute_100,0,AAABBBCC,8,random70,decision_tree,history_depth_last_h4,history,depth_last,4,115,49,0.8571428571428571,0.9183673469387755,1.0
trace_commute_100,0,AAABBBCC,8,all,lookup,history_depth_last_h8,history,depth_last,8,164,164,1.0,1.0,1.0
trace_commute_100,0,AAABBBCC,8,random70,decision_tree,history_depth_last_h8,history,depth_last,8,115,49,0.9387755102040817,0.9387755102040817,1.0
trace_commute_100,0,AAABBBCC,8,all,lookup,memoryless_depth,memoryless,depth,0,164,164,0.6097560975609756,0.6097560975609756,1.0
trace_commute_100,0,AAABBBCC,8,random70,decision_tree,memoryless_depth,memoryless,depth,0,115,49,0.5918367346938775,0.6122448979591837,1.0
trace_commute_100,0,AAABBBCC,8,all,lookup,history_depth_h1,history,depth,1,164,164,0.6097560975609756,0.6097560975609756,1.0
trace_commute_100,0,AAABBBCC,8,random70,decision_tree,history_depth_h1,history,depth,1,115,49,0.5918367346938775,0.6122448979591837,1.0
trace_commute_100,0,AAABBBCC,8,all,lookup,history_depth_h2,history,depth,2,164,164,0.6097560975609756,0.6097560975609756,1.0
trace_commute_100,0,AAABBBCC,8,random70,decision_tree,history_depth_h2,history,depth,2,115,49,0.5918367346938775,0.6122448979591837,1.0
trace_commute_100,0,AAABBBCC,8,all,lookup,history_depth_h4,history,depth,4,164,164,0.6097560975609756,0.6097560975609756,1.0
trace_commute_100,0,AAABBBCC,8,random70,decision_tree,history_depth_h4,history,depth,4,115,49,0.5918367346938775,0.6122448979591837,1.0
trace_commute_100,0,AAABBBCC,8,all,lookup,history_depth_h8,history,depth,8,164,164,0.6097560975609756,0.6097560975609756,1.0
trace_commute_100,0,AAABBBCC,8,random70,decision_tree,history_depth_h8,history,depth,8,115,49,0.5918367346938775,0.6122448979591837,1.0
trace_commute_100,0,AAABBBCC,8,all,lookup,hybrid_counts_depth_last_h1,hybrid_counts_depth_last,depth_last,1,164,164,1.0,1.0,1.0
trace_commute_100,0,AAABBBCC,8,random70,decision_tree,hybrid_counts_depth_last_h1,hybrid_counts_depth_last,depth_last,1,115,49,0.9183673469387755,0.9183673469387755,1.0
trace_commute_100,0,AAABBBCC,8,all,lookup,hybrid_counts_depth_last_h2,hybrid_counts_depth_last,depth_last,2,164,164,1.0,1.0,1.0
trace_commute_100,0,AAABBBCC,8,random70,decision_tree,hybrid_counts_depth_last_h2,hybrid_counts_depth_last,depth_last,2,115,49,0.9183673469387755,0.9183673469387755,1.0
trace_commute_100,0,AAABBBCC,8,all,lookup,hybrid_counts_depth_last_h4,hybrid_counts_depth_last,depth_last,4,164,164,1.0,1.0,1.0
trace_commute_100,0,AAABBBCC,8,random70,decision_tree,hybrid_counts_depth_last_h4,hybrid_counts_depth_last,depth_last,4,115,49,0.9183673469387755,0.9183673469387755,1.0
trace_commute_100,0,AAABBBCC,8,all,lookup,hybrid_counts_depth_last_h8,hybrid_counts_depth_last,depth_last,8,164,164,1.0,1.0,1.0
trace_commute_100,0,AAABBBCC,8,random70,decision_tree,hybrid_counts_depth_last_h8,hybrid_counts_depth_last,depth_last,8,115,49,0.9183673469387755,0.9183673469387755,1.0
trace_commute_100,1,AAAAAABC,8,all,lookup,full_state,full_state,full,0,164,164,1.0,1.0,1.0
trace_commute_100,1,AAAAAABC,8,random70,decision_tree,full_state,full_state,full,0,115,49,0.9183673469387755,0.9591836734693877,1.0
trace_commute_100,1,AAAAAABC,8,all,lookup,memoryless_counts,memoryless,counts,0,164,164,1.0,1.0,1.0
trace_commute_100,1,AAAAAABC,8,random70,decision_tree,memoryless_counts,memoryless,counts,0,115,49,0.6326530612244898,0.7755102040816326,1.0
trace_commute_100,1,AAAAAABC,8,all,lookup,history_counts_h1,history,counts,1,164,164,1.0,1.0,1.0
trace_commute_100,1,AAAAAABC,8,random70,decision_tree,history_counts_h1,history,counts,1,115,49,0.6326530612244898,0.7755102040816326,1.0
trace_commute_100,1,AAAAAABC,8,all,lookup,history_counts_h2,history,counts,2,164,164,1.0,1.0,1.0
trace_commute_100,1,AAAAAABC,8,random70,decision_tree,history_counts_h2,history,counts,2,115,49,0.6530612244897959,0.8163265306122449,1.0
trace_commute_100,1,AAAAAABC,8,all,lookup,history_counts_h4,history,counts,4,164,164,1.0,1.0,1.0
trace_commute_100,1,AAAAAABC,8,random70,decision_tree,history_counts_h4,history,counts,4,115,49,0.7755102040816326,0.8367346938775511,1.0
trace_commute_100,1,AAAAAABC,8,all,lookup,history_counts_h8,history,counts,8,164,164,1.0,1.0,1.0
trace_commute_100,1,AAAAAABC,8,random70,decision_tree,history_counts_h8,history,counts,8,115,49,1.0,1.0,1.0
trace_commute_100,1,AAAAAABC,8,all,lookup,memoryless_noisy_counts,memoryless,noisy_counts,0,164,164,0.8170731707317073,0.8170731707317073,1.0
trace_commute_100,1,AAAAAABC,8,random70,decision_tree,memoryless_noisy_counts,memoryless,noisy_counts,0,115,49,0.6326530612244898,0.7755102040816326,1.0
trace_commute_100,1,AAAAAABC,8,all,lookup,history_noisy_counts_h1,history,noisy_counts,1,164,164,0.8170731707317073,0.8170731707317073,1.0
trace_commute_100,1,AAAAAABC,8,random70,decision_tree,history_noisy_counts_h1,history,noisy_counts,1,115,49,0.6326530612244898,0.7755102040816326,1.0
trace_commute_100,1,AAAAAABC,8,all,lookup,history_noisy_counts_h2,history,noisy_counts,2,164,164,0.8719512195121951,0.9451219512195121,1.0
trace_commute_100,1,AAAAAABC,8,random70,decision_tree,history_noisy_counts_h2,history,noisy_counts,2,115,49,0.7346938775510204,0.8571428571428571,1.0
trace_commute_100,1,AAAAAABC,8,all,lookup,history_noisy_counts_h4,history,noisy_counts,4,164,164,0.8841463414634146,0.9207317073170732,1.0
trace_commute_100,1,AAAAAABC,8,random70,decision_tree,history_noisy_counts_h4,history,noisy_counts,4,115,49,0.8163265306122449,0.8775510204081632,1.0
trace_commute_100,1,AAAAAABC,8,all,lookup,history_noisy_counts_h8,history,noisy_counts,8,164,164,0.9451219512195121,0.9512195121951219,1.0
trace_commute_100,1,AAAAAABC,8,random70,decision_tree,history_noisy_counts_h8,history,noisy_counts,8,115,49,0.9387755102040817,0.9591836734693877,1.0
trace_commute_100,1,AAAAAABC,8,all,lookup,memoryless_depth_last,memoryless,depth_last,0,164,164,0.8963414634146342,0.8963414634146342,1.0
trace_commute_100,1,AAAAAABC,8,random70,decision_tree,memoryless_depth_last,memoryless,depth_last,0,115,49,0.9183673469387755,0.9183673469387755,1.0
trace_commute_100,1,AAAAAABC,8,all,lookup,history_depth_last_h1,history,depth_last,1,164,164,0.8963414634146342,0.8963414634146342,1.0
trace_commute_100,1,AAAAAABC,8,random70,decision_tree,history_depth_last_h1,history,depth_last,1,115,49,0.9183673469387755,0.9183673469387755,1.0
trace_commute_100,1,AAAAAABC,8,all,lookup,history_depth_last_h2,history,depth_last,2,164,164,0.9207317073170732,0.9207317073170732,1.0
trace_commute_100,1,AAAAAABC,8,random70,decision_tree,history_depth_last_h2,history,depth_last,2,115,49,0.9387755102040817,0.9387755102040817,1.0
trace_commute_100,1,AAAAAABC,8,all,lookup,history_depth_last_h4,history,depth_last,4,164,164,0.9573170731707317,0.9939024390243902,1.0
trace_commute_100,1,AAAAAABC,8,random70,decision_tree,history_depth_last_h4,history,depth_last,4,115,49,0.8979591836734694,0.9591836734693877,1.0
trace_commute_100,1,AAAAAABC,8,all,lookup,history_depth_last_h8,history,depth_last,8,164,164,1.0,1.0,1.0
trace_commute_100,1,AAAAAABC,8,random70,decision_tree,history_depth_last_h8,history,depth_last,8,115,49,0.8979591836734694,0.9183673469387755,1.0
trace_commute_100,1,AAAAAABC,8,all,lookup,memoryless_depth,memoryless,depth,0,164,164,0.8780487804878049,0.8780487804878049,1.0
trace_commute_100,1,AAAAAABC,8,random70,decision_tree,memoryless_depth,memoryless,depth,0,115,49,0.9183673469387755,0.9183673469387755,1.0
trace_commute_100,1,AAAAAABC,8,all,lookup,history_depth_h1,history,depth,1,164,164,0.8780487804878049,0.8780487804878049,1.0
trace_commute_100,1,AAAAAABC,8,random70,decision_tree,history_depth_h1,history,depth,1,115,49,0.9183673469387755,0.9183673469387755,1.0
trace_commute_100,1,AAAAAABC,8,all,lookup,history_depth_h2,history,depth,2,164,164,0.8780487804878049,0.8780487804878049,1.0
trace_commute_100,1,AAAAAABC,8,random70,decision_tree,history_depth_h2,history,depth,2,115,49,0.9183673469387755,0.9183673469387755,1.0
trace_commute_100,1,AAAAAABC,8,all,lookup,history_depth_h4,history,depth,4,164,164,0.8780487804878049,0.8780487804878049,1.0
trace_commute_100,1,AAAAAABC,8,random70,decision_tree,history_depth_h4,history,depth,4,115,49,0.9183673469387755,0.9183673469387755,1.0
trace_commute_100,1,AAAAAABC,8,all,lookup,history_depth_h8,history,depth,8,164,164,0.8780487804878049,0.8780487804878049,1.0
trace_commute_100,1,AAAAAABC,8,random70,decision_tree,history_depth_h8,history,depth,8,115,49,0.9183673469387755,0.9183673469387755,1.0
trace_commute_100,1,AAAAAABC,8,all,lookup,hybrid_counts_depth_last_h1,hybrid_counts_depth_last,depth_last,1,164,164,1.0,1.0,1.0
trace_commute_100,1,AAAAAABC,8,random70,decision_tree,hybrid_counts_depth_last_h1,hybrid_counts_depth_last,depth_last,1,115,49,1.0,1.0,1.0
trace_commute_100,1,AAAAAABC,8,all,lookup,hybrid_counts_depth_last_h2,hybrid_counts_depth_last,depth_last,2,164,164,1.0,1.0,1.0
trace_commute_100,1,AAAAAABC,8,random70,decision_tree,hybrid_counts_depth_last_h2,hybrid_counts_depth_last,depth_last,2,115,49,1.0,1.0,1.0
trace_commute_100,1,AAAAAABC,8,all,lookup,hybrid_counts_depth_last_h4,hybrid_counts_depth_last,depth_last,4,164,164,1.0,1.0,1.0
trace_commute_100,1,AAAAAABC,8,random70,decision_tree,hybrid_counts_depth_last_h4,hybrid_counts_depth_last,depth_last,4,115,49,1.0,1.0,1.0
trace_commute_100,1,AAAAAABC,8,all,lookup,hybrid_counts_depth_last_h8,hybrid_counts_depth_last,depth_last,8,164,164,1.0,1.0,1.0
trace_commute_100,1,AAAAAABC,8,random70,decision_tree,hybrid_counts_depth_last_h8,hybrid_counts_depth_last,depth_last,8,115,49,1.0,1.0,1.0
trace_commute_100,2,AAABBBBC,8,all,lookup,full_state,full_state,full,0,164,164,1.0,1.0,1.0
trace_commute_100,2,AAABBBBC,8,random70,decision_tree,full_state,full_state,full,0,115,49,0.9387755102040817,0.9795918367346939,1.0
trace_commute_100,2,AAABBBBC,8,all,lookup,memoryless_counts,memoryless,counts,0,164,164,1.0,1.0,1.0
trace_commute_100,2,AAABBBBC,8,random70,decision_tree,memoryless_counts,memoryless,counts,0,115,49,0.5918367346938775,0.7142857142857143,1.0
trace_commute_100,2,AAABBBBC,8,all,lookup,history_counts_h1,history,counts,1,164,164,1.0,1.0,1.0
trace_commute_100,2,AAABBBBC,8,random70,decision_tree,history_counts_h1,history,counts,1,115,49,0.5918367346938775,0.7142857142857143,1.0
trace_commute_100,2,AAABBBBC,8,all,lookup,history_counts_h2,history,counts,2,164,164,1.0,1.0,1.0
trace_commute_100,2,AAABBBBC,8,random70,decision_tree,history_counts_h2,history,counts,2,115,49,0.5714285714285714,0.7142857142857143,1.0
trace_commute_100,2,AAABBBBC,8,all,lookup,history_counts_h4,history,counts,4,164,164,1.0,1.0,1.0
trace_commute_100,2,AAABBBBC,8,random70,decision_tree,history_counts_h4,history,counts,4,115,49,0.7142857142857143,0.7551020408163265,1.0
trace_commute_100,2,AAABBBBC,8,all,lookup,history_counts_h8,history,counts,8,164,164,1.0,1.0,1.0
trace_commute_100,2,AAABBBBC,8,random70,decision_tree,history_counts_h8,history,counts,8,115,49,0.8367346938775511,0.8775510204081632,1.0
trace_commute_100,2,AAABBBBC,8,all,lookup,memoryless_noisy_counts,memoryless,noisy_counts,0,164,164,0.7317073170731707,0.7317073170731707,1.0
trace_commute_100,2,AAABBBBC,8,random70,decision_tree,memoryless_noisy_counts,memoryless,noisy_counts,0,115,49,0.46938775510204084,0.6530612244897959,1.0
trace_commute_100,2,AAABBBBC,8,all,lookup,history_noisy_counts_h1,history,noisy_counts,1,164,164,0.7317073170731707,0.7317073170731707,1.0
trace_commute_100,2,AAABBBBC,8,random70,decision_tree,history_noisy_counts_h1,history,noisy_counts,1,115,49,0.46938775510204084,0.6530612244897959,1.0
trace_commute_100,2,AAABBBBC,8,all,lookup,history_noisy_counts_h2,history,noisy_counts,2,164,164,0.7804878048780488,0.8536585365853658,1.0
trace_commute_100,2,AAABBBBC,8,random70,decision_tree,history_noisy_counts_h2,history,noisy_counts,2,115,49,0.4897959183673469,0.673469387755102,1.0
trace_commute_100,2,AAABBBBC,8,all,lookup,history_noisy_counts_h4,history,noisy_counts,4,164,164,0.823170731707317,0.8658536585365854,1.0
trace_commute_100,2,AAABBBBC,8,random70,decision_tree,history_noisy_counts_h4,history,noisy_counts,4,115,49,0.5306122448979592,0.6938775510204082,1.0
trace_commute_100,2,AAABBBBC,8,all,lookup,history_noisy_counts_h8,history,noisy_counts,8,164,164,0.9207317073170732,0.9329268292682927,1.0
trace_commute_100,2,AAABBBBC,8,random70,decision_tree,history_noisy_counts_h8,history,noisy_counts,8,115,49,0.7142857142857143,0.8163265306122449,1.0
trace_commute_100,2,AAABBBBC,8,all,lookup,memoryless_depth_last,memoryless,depth_last,0,164,164,0.6951219512195121,0.75,1.0
trace_commute_100,2,AAABBBBC,8,random70,decision_tree,memoryless_depth_last,memoryless,depth_last,0,115,49,0.5510204081632653,0.6326530612244898,1.0
trace_commute_100,2,AAABBBBC,8,all,lookup,history_depth_last_h1,history,depth_last,1,164,164,0.6951219512195121,0.75,1.0
trace_commute_100,2,AAABBBBC,8,random70,decision_tree,history_depth_last_h1,history,depth_last,1,115,49,0.5510204081632653,0.6326530612244898,1.0
trace_commute_100,2,AAABBBBC,8,all,lookup,history_depth_last_h2,history,depth_last,2,164,164,0.774390243902439,0.8292682926829268,1.0
trace_commute_100,2,AAABBBBC,8,random70,decision_tree,history_depth_last_h2,history,depth_last,2,115,49,0.5918367346938775,0.673469387755102,1.0
trace_commute_100,2,AAABBBBC,8,all,lookup,history_depth_last_h4,history,depth_last,4,164,164,0.9207317073170732,0.9390243902439024,1.0
trace_commute_100,2,AAABBBBC,8,random70,decision_tree,history_depth_last_h4,history,depth_last,4,115,49,0.7551020408163265,0.8163265306122449,1.0
trace_commute_100,2,AAABBBBC,8,all,lookup,history_depth_last_h8,history,depth_last,8,164,164,1.0,1.0,1.0
trace_commute_100,2,AAABBBBC,8,random70,decision_tree,history_depth_last_h8,history,depth_last,8,115,49,0.9387755102040817,0.9795918367346939,1.0
trace_commute_100,2,AAABBBBC,8,all,lookup,memoryless_depth,memoryless,depth,0,164,164,0.6341463414634146,0.6890243902439024,1.0
trace_commute_100,2,AAABBBBC,8,random70,decision_tree,memoryless_depth,memoryless,depth,0,115,49,0.5714285714285714,0.6530612244897959,1.0
trace_commute_100,2,AAABBBBC,8,all,lookup,history_depth_h1,history,depth,1,164,164,0.6341463414634146,0.6890243902439024,1.0
trace_commute_100,2,AAABBBBC,8,random70,decision_tree,history_depth_h1,history,depth,1,115,49,0.5714285714285714,0.6530612244897959,1.0
trace_commute_100,2,AAABBBBC,8,all,lookup,history_depth_h2,history,depth,2,164,164,0.6341463414634146,0.6890243902439024,1.0
trace_commute_100,2,AAABBBBC,8,random70,decision_tree,history_depth_h2,history,depth,2,115,49,0.5714285714285714,0.6530612244897959,1.0
trace_commute_100,2,AAABBBBC,8,all,lookup,history_depth_h4,history,depth,4,164,164,0.6341463414634146,0.6890243902439024,1.0
trace_commute_100,2,AAABBBBC,8,random70,decision_tree,history_depth_h4,history,depth,4,115,49,0.5714285714285714,0.6530612244897959,1.0
trace_commute_100,2,AAABBBBC,8,all,lookup,history_depth_h8,history,depth,8,164,164,0.6341463414634146,0.6890243902439024,1.0
trace_commute_100,2,AAABBBBC,8,random70,decision_tree,history_depth_h8,history,depth,8,115,49,0.5714285714285714,0.6530612244897959,1.0
trace_commute_100,2,AAABBBBC,8,all,lookup,hybrid_counts_depth_last_h1,hybrid_counts_depth_last,depth_last,1,164,164,1.0,1.0,1.0
trace_commute_100,2,AAABBBBC,8,random70,decision_tree,hybrid_counts_depth_last_h1,hybrid_counts_depth_last,depth_last,1,115,49,0.9591836734693877,0.9591836734693877,1.0
trace_commute_100,2,AAABBBBC,8,all,lookup,hybrid_counts_depth_last_h2,hybrid_counts_depth_last,depth_last,2,164,164,1.0,1.0,1.0
trace_commute_100,2,AAABBBBC,8,random70,decision_tree,hybrid_counts_depth_last_h2,hybrid_counts_depth_last,depth_last,2,115,49,0.9591836734693877,0.9591836734693877,1.0
trace_commute_100,2,AAABBBBC,8,all,lookup,hybrid_counts_depth_last_h4,hybrid_counts_depth_last,depth_last,4,164,164,1.0,1.0,1.0
trace_commute_100,2,AAABBBBC,8,random70,decision_tree,hybrid_counts_depth_last_h4,hybrid_counts_depth_last,depth_last,4,115,49,0.9591836734693877,0.9591836734693877,1.0
trace_commute_100,2,AAABBBBC,8,all,lookup,hybrid_counts_depth_last_h8,hybrid_counts_depth_last,depth_last,8,164,164,1.0,1.0,1.0
trace_commute_100,2,AAABBBBC,8,random70,decision_tree,hybrid_counts_depth_last_h8,hybrid_counts_depth_last,depth_last,8,115,49,0.9591836734693877,0.9591836734693877,1.0
trace_commute_100,3,AAABCC,6,all,lookup,full_state,full_state,full,0,164,164,1.0,1.0,1.0
trace_commute_100,3,AAABCC,6,random70,decision_tree,full_state,full_state,full,0,115,49,0.8367346938775511,0.8775510204081632,1.0
trace_commute_100,3,AAABCC,6,all,lookup,memoryless_counts,memoryless,counts,0,164,164,1.0,1.0,1.0
trace_commute_100,3,AAABCC,6,random70,decision_tree,memoryless_counts,memoryless,counts,0,115,49,0.5918367346938775,0.7142857142857143,1.0
trace_commute_100,3,AAABCC,6,all,lookup,history_counts_h1,history,counts,1,164,164,1.0,1.0,1.0
trace_commute_100,3,AAABCC,6,random70,decision_tree,history_counts_h1,history,counts,1,115,49,0.5918367346938775,0.7142857142857143,1.0
trace_commute_100,3,AAABCC,6,all,lookup,history_counts_h2,history,counts,2,164,164,1.0,1.0,1.0
trace_commute_100,3,AAABCC,6,random70,decision_tree,history_counts_h2,history,counts,2,115,49,0.6122448979591837,0.6938775510204082,1.0
trace_commute_100,3,AAABCC,6,all,lookup,history_counts_h4,history,counts,4,164,164,1.0,1.0,1.0
trace_commute_100,3,AAABCC,6,random70,decision_tree,history_counts_h4,history,counts,4,115,49,0.7755102040816326,0.8979591836734694,1.0
trace_commute_100,3,AAABCC,6,all,lookup,history_counts_h8,history,counts,8,164,164,1.0,1.0,1.0
trace_commute_100,3,AAABCC,6,random70,decision_tree,history_counts_h8,history,counts,8,115,49,0.8979591836734694,0.9183673469387755,1.0
trace_commute_100,3,AAABCC,6,all,lookup,memoryless_noisy_counts,memoryless,noisy_counts,0,164,164,0.7073170731707317,0.7439024390243902,1.0
trace_commute_100,3,AAABCC,6,random70,decision_tree,memoryless_noisy_counts,memoryless,noisy_counts,0,115,49,0.4897959183673469,0.7346938775510204,1.0
trace_commute_100,3,AAABCC,6,all,lookup,history_noisy_counts_h1,history,noisy_counts,1,164,164,0.7073170731707317,0.7439024390243902,1.0
trace_commute_100,3,AAABCC,6,random70,decision_tree,history_noisy_counts_h1,history,noisy_counts,1,115,49,0.4897959183673469,0.7346938775510204,1.0
trace_commute_100,3,AAABCC,6,all,lookup,history_noisy_counts_h2,history,noisy_counts,2,164,164,0.7621951219512195,0.8719512195121951,1.0
trace_commute_100,3,AAABCC,6,random70,decision_tree,history_noisy_counts_h2,history,noisy_counts,2,115,49,0.4897959183673469,0.7142857142857143,1.0
trace_commute_100,3,AAABCC,6,all,lookup,history_noisy_counts_h4,history,noisy_counts,4,164,164,0.7987804878048781,0.8475609756097561,1.0
trace_commute_100,3,AAABCC,6,random70,decision_tree,history_noisy_counts_h4,history,noisy_counts,4,115,49,0.4897959183673469,0.6938775510204082,1.0
trace_commute_100,3,AAABCC,6,all,lookup,history_noisy_counts_h8,history,noisy_counts,8,164,164,0.8902439024390244,0.9024390243902439,1.0
trace_commute_100,3,AAABCC,6,random70,decision_tree,history_noisy_counts_h8,history,noisy_counts,8,115,49,0.6326530612244898,0.7346938775510204,1.0
trace_commute_100,3,AAABCC,6,all,lookup,memoryless_depth_last,memoryless,depth_last,0,164,164,0.6951219512195121,0.7317073170731707,1.0
trace_commute_100,3,AAABCC,6,random70,decision_tree,memoryless_depth_last,memoryless,depth_last,0,115,49,0.6326530612244898,0.7142857142857143,1.0
trace_commute_100,3,AAABCC,6,all,lookup,history_depth_last_h1,history,depth_last,1,164,164,0.6951219512195121,0.7317073170731707,1.0
trace_commute_100,3,AAABCC,6,random70,decision_tree,history_depth_last_h1,history,depth_last,1,115,49,0.6326530612244898,0.7142857142857143,1.0
trace_commute_100,3,AAABCC,6,all,lookup,history_depth_last_h2,history,depth_last,2,164,164,0.75,0.7865853658536586,1.0
trace_commute_100,3,AAABCC,6,random70,decision_tree,history_depth_last_h2,history,depth_last,2,115,49,0.6122448979591837,0.7346938775510204,1.0
trace_commute_100,3,AAABCC,6,all,lookup,history_depth_last_h4,history,depth_last,4,164,164,0.9024390243902439,0.9634146341463414,1.0
trace_commute_100,3,AAABCC,6,random70,decision_tree,history_depth_last_h4,history,depth_last,4,115,49,0.7346938775510204,0.7755102040816326,1.0
trace_commute_100,3,AAABCC,6,all,lookup,history_depth_last_h8,history,depth_last,8,164,164,1.0,1.0,1.0
trace_commute_100,3,AAABCC,6,random70,decision_tree,history_depth_last_h8,history,depth_last,8,115,49,0.8367346938775511,0.8775510204081632,1.0
trace_commute_100,3,AAABCC,6,all,lookup,memoryless_depth,memoryless,depth,0,164,164,0.6524390243902439,0.6890243902439024,1.0
trace_commute_100,3,AAABCC,6,random70,decision_tree,memoryless_depth,memoryless,depth,0,115,49,0.5918367346938775,0.673469387755102,1.0
trace_commute_100,3,AAABCC,6,all,lookup,history_depth_h1,history,depth,1,164,164,0.6524390243902439,0.6890243902439024,1.0
trace_commute_100,3,AAABCC,6,random70,decision_tree,history_depth_h1,history,depth,1,115,49,0.5918367346938775,0.673469387755102,1.0
trace_commute_100,3,AAABCC,6,all,lookup,history_depth_h2,history,depth,2,164,164,0.6524390243902439,0.6890243902439024,1.0
trace_commute_100,3,AAABCC,6,random70,decision_tree,history_depth_h2,history,depth,2,115,49,0.5918367346938775,0.673469387755102,1.0
trace_commute_100,3,AAABCC,6,all,lookup,history_depth_h4,history,depth,4,164,164,0.6524390243902439,0.6890243902439024,1.0
trace_commute_100,3,AAABCC,6,random70,decision_tree,history_depth_h4,history,depth,4,115,49,0.5918367346938775,0.673469387755102,1.0
trace_commute_100,3,AAABCC,6,all,lookup,history_depth_h8,history,depth,8,164,164,0.6524390243902439,0.6890243902439024,1.0
trace_commute_100,3,AAABCC,6,random70,decision_tree,history_depth_h8,history,depth,8,115,49,0.5918367346938775,0.673469387755102,1.0
trace_commute_100,3,AAABCC,6,all,lookup,hybrid_counts_depth_last_h1,hybrid_counts_depth_last,depth_last,1,164,164,1.0,1.0,1.0
trace_commute_100,3,AAABCC,6,random70,decision_tree,hybrid_counts_depth_last_h1,hybrid_counts_depth_last,depth_last,1,115,49,0.9591836734693877,0.9591836734693877,1.0
trace_commute_100,3,AAABCC,6,all,lookup,hybrid_counts_depth_last_h2,hybrid_counts_depth_last,depth_last,2,164,164,1.0,1.0,1.0
trace_commute_100,3,AAABCC,6,random70,decision_tree,hybrid_counts_depth_last_h2,hybrid_counts_depth_last,depth_last,2,115,49,0.9591836734693877,0.9591836734693877,1.0
trace_commute_100,3,AAABCC,6,all,lookup,hybrid_counts_depth_last_h4,hybrid_counts_depth_last,depth_last,4,164,164,1.0,1.0,1.0
trace_commute_100,3,AAABCC,6,random70,decision_tree,hybrid_counts_depth_last_h4,hybrid_counts_depth_last,depth_last,4,115,49,0.9591836734693877,0.9591836734693877,1.0
trace_commute_100,3,AAABCC,6,all,lookup,hybrid_counts_depth_last_h8,hybrid_counts_depth_last,depth_last,8,164,164,1.0,1.0,1.0
trace_commute_100,3,AAABCC,6,random70,decision_tree,hybrid_counts_depth_last_h8,hybrid_counts_depth_last,depth_last,8,115,49,0.9591836734693877,0.9591836734693877,1.0
trace_commute_100,4,AAACCCCC,8,all,lookup,full_state,full_state,full,0,164,164,1.0,1.0,1.0
trace_commute_100,4,AAACCCCC,8,random70,decision_tree,full_state,full_state,full,0,115,49,0.9387755102040817,0.9387755102040817,1.0
trace_commute_100,4,AAACCCCC,8,all,lookup,memoryless_counts,memoryless,counts,0,164,164,1.0,1.0,1.0
trace_commute_100,4,AAACCCCC,8,random70,decision_tree,memoryless_counts,memoryless,counts,0,115,49,0.5714285714285714,0.6530612244897959,1.0
trace_commute_100,4,AAACCCCC,8,all,lookup,history_counts_h1,history,counts,1,164,164,1.0,1.0,1.0
trace_commute_100,4,AAACCCCC,8,random70,decision_tree,history_counts_h1,history,counts,1,115,49,0.5714285714285714,0.6530612244897959,1.0
trace_commute_100,4,AAACCCCC,8,all,lookup,history_counts_h2,history,counts,2,164,164,1.0,1.0,1.0
trace_commute_100,4,AAACCCCC,8,random70,decision_tree,history_counts_h2,history,counts,2,115,49,0.6122448979591837,0.673469387755102,1.0
trace_commute_100,4,AAACCCCC,8,all,lookup,history_counts_h4,history,counts,4,164,164,1.0,1.0,1.0
trace_commute_100,4,AAACCCCC,8,random70,decision_tree,history_counts_h4,history,counts,4,115,49,0.7755102040816326,0.7959183673469388,1.0
trace_commute_100,4,AAACCCCC,8,all,lookup,history_counts_h8,history,counts,8,164,164,1.0,1.0,1.0
trace_commute_100,4,AAACCCCC,8,random70,decision_tree,history_counts_h8,history,counts,8,115,49,0.9387755102040817,0.9387755102040817,1.0
trace_commute_100,4,AAACCCCC,8,all,lookup,memoryless_noisy_counts,memoryless,noisy_counts,0,164,164,0.7317073170731707,0.7317073170731707,1.0
trace_commute_100,4,AAACCCCC,8,random70,decision_tree,memoryless_noisy_counts,memoryless,noisy_counts,0,115,49,0.5102040816326531,0.6122448979591837,1.0
trace_commute_100,4,AAACCCCC,8,all,lookup,history_noisy_counts_h1,history,noisy_counts,1,164,164,0.7317073170731707,0.7317073170731707,1.0
trace_commute_100,4,AAACCCCC,8,random70,decision_tree,history_noisy_counts_h1,history,noisy_counts,1,115,49,0.5102040816326531,0.6122448979591837,1.0
trace_commute_100,4,AAACCCCC,8,all,lookup,history_noisy_counts_h2,history,noisy_counts,2,164,164,0.7804878048780488,0.8597560975609756,1.0
trace_commute_100,4,AAACCCCC,8,random70,decision_tree,history_noisy_counts_h2,history,noisy_counts,2,115,49,0.5306122448979592,0.6326530612244898,1.0
trace_commute_100,4,AAACCCCC,8,all,lookup,history_noisy_counts_h4,history,noisy_counts,4,164,164,0.8170731707317073,0.8536585365853658,1.0
trace_commute_100,4,AAACCCCC,8,random70,decision_tree,history_noisy_counts_h4,history,noisy_counts,4,115,49,0.6122448979591837,0.7142857142857143,1.0
trace_commute_100,4,AAACCCCC,8,all,lookup,history_noisy_counts_h8,history,noisy_counts,8,164,164,0.9146341463414634,0.9207317073170732,1.0
trace_commute_100,4,AAACCCCC,8,random70,decision_tree,history_noisy_counts_h8,history,noisy_counts,8,115,49,0.8163265306122449,0.8775510204081632,1.0
trace_commute_100,4,AAACCCCC,8,all,lookup,memoryless_depth_last,memoryless,depth_last,0,164,164,0.7195121951219512,0.774390243902439,1.0
trace_commute_100,4,AAACCCCC,8,random70,decision_tree,memoryless_depth_last,memoryless,depth_last,0,115,49,0.6122448979591837,0.673469387755102,1.0
trace_commute_100,4,AAACCCCC,8,all,lookup,history_depth_last_h1,history,depth_last,1,164,164,0.7195121951219512,0.774390243902439,1.0
trace_commute_100,4,AAACCCCC,8,random70,decision_tree,history_depth_last_h1,history,depth_last,1,115,49,0.6122448979591837,0.673469387755102,1.0
trace_commute_100,4,AAACCCCC,8,all,lookup,history_depth_last_h2,history,depth_last,2,164,164,0.774390243902439,0.8292682926829268,1.0
trace_commute_100,4,AAACCCCC,8,random70,decision_tree,history_depth_last_h2,history,depth_last,2,115,49,0.6122448979591837,0.673469387755102,1.0
trace_commute_100,4,AAACCCCC,8,all,lookup,history_depth_last_h4,history,depth_last,4,164,164,0.9207317073170732,0.9451219512195121,1.0
trace_commute_100,4,AAACCCCC,8,random70,decision_tree,history_depth_last_h4,history,depth_last,4,115,49,0.7959183673469388,0.8571428571428571,1.0
trace_commute_100,4,AAACCCCC,8,all,lookup,history_depth_last_h8,history,depth_last,8,164,164,1.0,1.0,1.0
trace_commute_100,4,AAACCCCC,8,random70,decision_tree,history_depth_last_h8,history,depth_last,8,115,49,0.9387755102040817,0.9387755102040817,1.0
trace_commute_100,4,AAACCCCC,8,all,lookup,memoryless_depth,memoryless,depth,0,164,164,0.676829268292683,0.7378048780487805,1.0
trace_commute_100,4,AAACCCCC,8,random70,decision_tree,memoryless_depth,memoryless,depth,0,115,49,0.5918367346938775,0.673469387755102,1.0
trace_commute_100,4,AAACCCCC,8,all,lookup,history_depth_h1,history,depth,1,164,164,0.676829268292683,0.7378048780487805,1.0
trace_commute_100,4,AAACCCCC,8,random70,decision_tree,history_depth_h1,history,depth,1,115,49,0.5918367346938775,0.673469387755102,1.0
trace_commute_100,4,AAACCCCC,8,all,lookup,history_depth_h2,history,depth,2,164,164,0.676829268292683,0.7378048780487805,1.0
trace_commute_100,4,AAACCCCC,8,random70,decision_tree,history_depth_h2,history,depth,2,115,49,0.5918367346938775,0.673469387755102,1.0
trace_commute_100,4,AAACCCCC,8,all,lookup,history_depth_h4,history,depth,4,164,164,0.676829268292683,0.7378048780487805,1.0
trace_commute_100,4,AAACCCCC,8,random70,decision_tree,history_depth_h4,history,depth,4,115,49,0.5918367346938775,0.673469387755102,1.0
trace_commute_100,4,AAACCCCC,8,all,lookup,history_depth_h8,history,depth,8,164,164,0.676829268292683,0.7378048780487805,1.0
trace_commute_100,4,AAACCCCC,8,random70,decision_tree,history_depth_h8,history,depth,8,115,49,0.5918367346938775,0.673469387755102,1.0
trace_commute_100,4,AAACCCCC,8,all,lookup,hybrid_counts_depth_last_h1,hybrid_counts_depth_last,depth_last,1,164,164,1.0,1.0,1.0
trace_commute_100,4,AAACCCCC,8,random70,decision_tree,hybrid_counts_depth_last_h1,hybrid_counts_depth_last,depth_last,1,115,49,0.9387755102040817,0.9387755102040817,1.0
trace_commute_100,4,AAACCCCC,8,all,lookup,hybrid_counts_depth_last_h2,hybrid_counts_depth_last,depth_last,2,164,164,1.0,1.0,1.0
trace_commute_100,4,AAACCCCC,8,random70,decision_tree,hybrid_counts_depth_last_h2,hybrid_counts_depth_last,depth_last,2,115,49,0.9387755102040817,0.9387755102040817,1.0
trace_commute_100,4,AAACCCCC,8,all,lookup,hybrid_counts_depth_last_h4,hybrid_counts_depth_last,depth_last,4,164,164,1.0,1.0,1.0
trace_commute_100,4,AAACCCCC,8,random70,decision_tree,hybrid_counts_depth_last_h4,hybrid_counts_depth_last,depth_last,4,115,49,0.9387755102040817,0.9387755102040817,1.0
trace_commute_100,4,AAACCCCC,8,all,lookup,hybrid_counts_depth_last_h8,hybrid_counts_depth_last,depth_last,8,164,164,1.0,1.0,1.0
trace_commute_100,4,AAACCCCC,8,random70,decision_tree,hybrid_counts_depth_last_h8,hybrid_counts_depth_last,depth_last,8,115,49,0.9387755102040817,0.9387755102040817,1.0
trace_commute_100,5,AABBBCC,7,all,lookup,full_state,full_state,full,0,164,164,1.0,1.0,1.0
trace_commute_100,5,AABBBCC,7,random70,decision_tree,full_state,full_state,full,0,115,49,0.8979591836734694,0.8979591836734694,1.0
trace_commute_100,5,AABBBCC,7,all,lookup,memoryless_counts,memoryless,counts,0,164,164,1.0,1.0,1.0
trace_commute_100,5,AABBBCC,7,random70,decision_tree,memoryless_counts,memoryless,counts,0,115,49,0.6122448979591837,0.8571428571428571,1.0
trace_commute_100,5,AABBBCC,7,all,lookup,history_counts_h1,history,counts,1,164,164,1.0,1.0,1.0
trace_commute_100,5,AABBBCC,7,random70,decision_tree,history_counts_h1,history,counts,1,115,49,0.6122448979591837,0.8571428571428571,1.0
trace_commute_100,5,AABBBCC,7,all,lookup,history_counts_h2,history,counts,2,164,164,1.0,1.0,1.0
trace_commute_100,5,AABBBCC,7,random70,decision_tree,history_counts_h2,history,counts,2,115,49,0.6122448979591837,0.8571428571428571,1.0
trace_commute_100,5,AABBBCC,7,all,lookup,history_counts_h4,history,counts,4,164,164,1.0,1.0,1.0
trace_commute_100,5,AABBBCC,7,random70,decision_tree,history_counts_h4,history,counts,4,115,49,0.7755102040816326,0.9387755102040817,1.0
trace_commute_100,5,AABBBCC,7,all,lookup,history_counts_h8,history,counts,8,164,164,1.0,1.0,1.0
trace_commute_100,5,AABBBCC,7,random70,decision_tree,history_counts_h8,history,counts,8,115,49,0.7755102040816326,0.8367346938775511,1.0
trace_commute_100,5,AABBBCC,7,all,lookup,memoryless_noisy_counts,memoryless,noisy_counts,0,164,164,0.7865853658536586,0.7865853658536586,1.0
trace_commute_100,5,AABBBCC,7,random70,decision_tree,memoryless_noisy_counts,memoryless,noisy_counts,0,115,49,0.6326530612244898,0.7346938775510204,1.0
trace_commute_100,5,AABBBCC,7,all,lookup,history_noisy_counts_h1,history,noisy_counts,1,164,164,0.7865853658536586,0.7865853658536586,1.0
trace_commute_100,5,AABBBCC,7,random70,decision_tree,history_noisy_counts_h1,history,noisy_counts,1,115,49,0.6326530612244898,0.7346938775510204,1.0
trace_commute_100,5,AABBBCC,7,all,lookup,history_noisy_counts_h2,history,noisy_counts,2,164,164,0.8414634146341463,0.9024390243902439,1.0
trace_commute_100,5,AABBBCC,7,random70,decision_tree,history_noisy_counts_h2,history,noisy_counts,2,115,49,0.673469387755102,0.8571428571428571,1.0
trace_commute_100,5,AABBBCC,7,all,lookup,history_noisy_counts_h4,history,noisy_counts,4,164,164,0.8719512195121951,0.9085365853658537,1.0
trace_commute_100,5,AABBBCC,7,random70,decision_tree,history_noisy_counts_h4,history,noisy_counts,4,115,49,0.7142857142857143,0.8571428571428571,1.0
trace_commute_100,5,AABBBCC,7,all,lookup,history_noisy_counts_h8,history,noisy_counts,8,164,164,0.926829268292683,0.9329268292682927,1.0
trace_commute_100,5,AABBBCC,7,random70,decision_tree,history_noisy_counts_h8,history,noisy_counts,8,115,49,0.7142857142857143,0.8571428571428571,1.0
trace_commute_100,5,AABBBCC,7,all,lookup,memoryless_depth_last,memoryless,depth_last,0,164,164,0.5609756097560976,0.5853658536585366,1.0
trace_commute_100,5,AABBBCC,7,random70,decision_tree,memoryless_depth_last,memoryless,depth_last,0,115,49,0.3877551020408163,0.5510204081632653,1.0
trace_commute_100,5,AABBBCC,7,all,lookup,history_depth_last_h1,history,depth_last,1,164,164,0.5609756097560976,0.5853658536585366,1.0
trace_commute_100,5,AABBBCC,7,random70,decision_tree,history_depth_last_h1,history,depth_last,1,115,49,0.3877551020408163,0.5510204081632653,1.0
trace_commute_100,5,AABBBCC,7,all,lookup,history_depth_last_h2,history,depth_last,2,164,164,0.6341463414634146,0.7073170731707317,1.0
trace_commute_100,5,AABBBCC,7,random70,decision_tree,history_depth_last_h2,history,depth_last,2,115,49,0.40816326530612246,0.5918367346938775,1.0
trace_commute_100,5,AABBBCC,7,all,lookup,history_depth_last_h4,history,depth_last,4,164,164,0.8292682926829268,0.8719512195121951,1.0
trace_commute_100,5,AABBBCC,7,random70,decision_tree,history_depth_last_h4,history,depth_last,4,115,49,0.7142857142857143,0.7755102040816326,1.0
trace_commute_100,5,AABBBCC,7,all,lookup,history_depth_last_h8,history,depth_last,8,164,164,1.0,1.0,1.0
trace_commute_100,5,AABBBCC,7,random70,decision_tree,history_depth_last_h8,history,depth_last,8,115,49,0.8775510204081632,0.8775510204081632,1.0
trace_commute_100,5,AABBBCC,7,all,lookup,memoryless_depth,memoryless,depth,0,164,164,0.5182926829268293,0.5182926829268293,1.0
trace_commute_100,5,AABBBCC,7,random70,decision_tree,memoryless_depth,memoryless,depth,0,115,49,0.42857142857142855,0.5714285714285714,1.0
trace_commute_100,5,AABBBCC,7,all,lookup,history_depth_h1,history,depth,1,164,164,0.5182926829268293,0.5182926829268293,1.0
trace_commute_100,5,AABBBCC,7,random70,decision_tree,history_depth_h1,history,depth,1,115,49,0.42857142857142855,0.5714285714285714,1.0
trace_commute_100,5,AABBBCC,7,all,lookup,history_depth_h2,history,depth,2,164,164,0.5182926829268293,0.5182926829268293,1.0
trace_commute_100,5,AABBBCC,7,random70,decision_tree,history_depth_h2,history,depth,2,115,49,0.42857142857142855,0.5714285714285714,1.0
trace_commute_100,5,AABBBCC,7,all,lookup,history_depth_h4,history,depth,4,164,164,0.5182926829268293,0.5182926829268293,1.0
trace_commute_100,5,AABBBCC,7,random70,decision_tree,history_depth_h4,history,depth,4,115,49,0.42857142857142855,0.5714285714285714,1.0
trace_commute_100,5,AABBBCC,7,all,lookup,history_depth_h8,history,depth,8,164,164,0.5182926829268293,0.5182926829268293,1.0
trace_commute_100,5,AABBBCC,7,random70,decision_tree,history_depth_h8,history,depth,8,115,49,0.42857142857142855,0.5714285714285714,1.0
trace_commute_100,5,AABBBCC,7,all,lookup,hybrid_counts_depth_last_h1,hybrid_counts_depth_last,depth_last,1,164,164,1.0,1.0,1.0
trace_commute_100,5,AABBBCC,7,random70,decision_tree,hybrid_counts_depth_last_h1,hybrid_counts_depth_last,depth_last,1,115,49,0.9795918367346939,0.9795918367346939,1.0
trace_commute_100,5,AABBBCC,7,all,lookup,hybrid_counts_depth_last_h2,hybrid_counts_depth_last,depth_last,2,164,164,1.0,1.0,1.0
trace_commute_100,5,AABBBCC,7,random70,decision_tree,hybrid_counts_depth_last_h2,hybrid_counts_depth_last,depth_last,2,115,49,0.9795918367346939,0.9795918367346939,1.0
trace_commute_100,5,AABBBCC,7,all,lookup,hybrid_counts_depth_last_h4,hybrid_counts_depth_last,depth_last,4,164,164,1.0,1.0,1.0
trace_commute_100,5,AABBBCC,7,random70,decision_tree,hybrid_counts_depth_last_h4,hybrid_counts_depth_last,depth_last,4,115,49,0.9795918367346939,0.9795918367346939,1.0
trace_commute_100,5,AABBBCC,7,all,lookup,hybrid_counts_depth_last_h8,hybrid_counts_depth_last,depth_last,8,164,164,1.0,1.0,1.0
trace_commute_100,5,AABBBCC,7,random70,decision_tree,hybrid_counts_depth_last_h8,hybrid_counts_depth_last,depth_last,8,115,49,1.0,1.0,1.0
trace_commute_100,6,ABBBCCCC,8,all,lookup,full_state,full_state,full,0,164,164,1.0,1.0,1.0
trace_commute_100,6,ABBBCCCC,8,random70,decision_tree,full_state,full_state,full,0,115,49,0.8571428571428571,0.9591836734693877,1.0
trace_commute_100,6,ABBBCCCC,8,all,lookup,memoryless_counts,memoryless,counts,0,164,164,1.0,1.0,1.0
trace_commute_100,6,ABBBCCCC,8,random70,decision_tree,memoryless_counts,memoryless,counts,0,115,49,0.6530612244897959,0.8163265306122449,1.0
trace_commute_100,6,ABBBCCCC,8,all,lookup,history_counts_h1,history,counts,1,164,164,1.0,1.0,1.0
trace_commute_100,6,ABBBCCCC,8,random70,decision_tree,history_counts_h1,history,counts,1,115,49,0.6530612244897959,0.8163265306122449,1.0
trace_commute_100,6,ABBBCCCC,8,all,lookup,history_counts_h2,history,counts,2,164,164,1.0,1.0,1.0
trace_commute_100,6,ABBBCCCC,8,random70,decision_tree,history_counts_h2,history,counts,2,115,49,0.673469387755102,0.8163265306122449,1.0
trace_commute_100,6,ABBBCCCC,8,all,lookup,history_counts_h4,history,counts,4,164,164,1.0,1.0,1.0
trace_commute_100,6,ABBBCCCC,8,random70,decision_tree,history_counts_h4,history,counts,4,115,49,0.7959183673469388,0.9183673469387755,1.0
trace_commute_100,6,ABBBCCCC,8,all,lookup,history_counts_h8,history,counts,8,164,164,1.0,1.0,1.0
trace_commute_100,6,ABBBCCCC,8,random70,decision_tree,history_counts_h8,history,counts,8,115,49,0.9591836734693877,0.9591836734693877,1.0
trace_commute_100,6,ABBBCCCC,8,all,lookup,memoryless_noisy_counts,memoryless,noisy_counts,0,164,164,0.6158536585365854,0.6158536585365854,1.0
trace_commute_100,6,ABBBCCCC,8,random70,decision_tree,memoryless_noisy_counts,memoryless,noisy_counts,0,115,49,0.3877551020408163,0.7755102040816326,1.0
trace_commute_100,6,ABBBCCCC,8,all,lookup,history_noisy_counts_h1,history,noisy_counts,1,164,164,0.6158536585365854,0.6158536585365854,1.0
trace_commute_100,6,ABBBCCCC,8,random70,decision_tree,history_noisy_counts_h1,history,noisy_counts,1,115,49,0.3877551020408163,0.7755102040816326,1.0
trace_commute_100,6,ABBBCCCC,8,all,lookup,history_noisy_counts_h2,history,noisy_counts,2,164,164,0.6951219512195121,0.7987804878048781,1.0
trace_commute_100,6,ABBBCCCC,8,random70,decision_tree,history_noisy_counts_h2,history,noisy_counts,2,115,49,0.40816326530612246,0.7551020408163265,1.0
trace_commute_100,6,ABBBCCCC,8,all,lookup,history_noisy_counts_h4,history,noisy_counts,4,164,164,0.7378048780487805,0.7987804878048781,1.0
trace_commute_100,6,ABBBCCCC,8,random70,decision_tree,history_noisy_counts_h4,history,noisy_counts,4,115,49,0.4897959183673469,0.7551020408163265,1.0
trace_commute_100,6,ABBBCCCC,8,all,lookup,history_noisy_counts_h8,history,noisy_counts,8,164,164,0.8902439024390244,0.9024390243902439,1.0
trace_commute_100,6,ABBBCCCC,8,random70,decision_tree,history_noisy_counts_h8,history,noisy_counts,8,115,49,0.6530612244897959,0.8571428571428571,1.0
trace_commute_100,6,ABBBCCCC,8,all,lookup,memoryless_depth_last,memoryless,depth_last,0,164,164,0.6036585365853658,0.7134146341463414,1.0
trace_commute_100,6,ABBBCCCC,8,random70,decision_tree,memoryless_depth_last,memoryless,depth_last,0,115,49,0.5714285714285714,0.7346938775510204,1.0
trace_commute_100,6,ABBBCCCC,8,all,lookup,history_depth_last_h1,history,depth_last,1,164,164,0.6036585365853658,0.7134146341463414,1.0
trace_commute_100,6,ABBBCCCC,8,random70,decision_tree,history_depth_last_h1,history,depth_last,1,115,49,0.5714285714285714,0.7346938775510204,1.0
trace_commute_100,6,ABBBCCCC,8,all,lookup,history_depth_last_h2,history,depth_last,2,164,164,0.6463414634146342,0.7560975609756098,1.0
trace_commute_100,6,ABBBCCCC,8,random70,decision_tree,history_depth_last_h2,history,depth_last,2,115,49,0.40816326530612246,0.5918367346938775,1.0
trace_commute_100,6,ABBBCCCC,8,all,lookup,history_depth_last_h4,history,depth_last,4,164,164,0.7682926829268293,0.8414634146341463,1.0
trace_commute_100,6,ABBBCCCC,8,random70,decision_tree,history_depth_last_h4,history,depth_last,4,115,49,0.5306122448979592,0.673469387755102,1.0
trace_commute_100,6,ABBBCCCC,8,all,lookup,history_depth_last_h8,history,depth_last,8,164,164,1.0,1.0,1.0
trace_commute_100,6,ABBBCCCC,8,random70,decision_tree,history_depth_last_h8,history,depth_last,8,115,49,0.8571428571428571,0.9591836734693877,1.0
trace_commute_100,6,ABBBCCCC,8,all,lookup,memoryless_depth,memoryless,depth,0,164,164,0.573170731707317,0.6646341463414634,1.0
trace_commute_100,6,ABBBCCCC,8,random70,decision_tree,memoryless_depth,memoryless,depth,0,115,49,0.5510204081632653,0.673469387755102,1.0
trace_commute_100,6,ABBBCCCC,8,all,lookup,history_depth_h1,history,depth,1,164,164,0.573170731707317,0.6646341463414634,1.0
trace_commute_100,6,ABBBCCCC,8,random70,decision_tree,history_depth_h1,history,depth,1,115,49,0.5510204081632653,0.673469387755102,1.0
trace_commute_100,6,ABBBCCCC,8,all,lookup,history_depth_h2,history,depth,2,164,164,0.573170731707317,0.6646341463414634,1.0
trace_commute_100,6,ABBBCCCC,8,random70,decision_tree,history_depth_h2,history,depth,2,115,49,0.5510204081632653,0.673469387755102,1.0
trace_commute_100,6,ABBBCCCC,8,all,lookup,history_depth_h4,history,depth,4,164,164,0.573170731707317,0.6646341463414634,1.0
trace_commute_100,6,ABBBCCCC,8,random70,decision_tree,history_depth_h4,history,depth,4,115,49,0.5510204081632653,0.673469387755102,1.0
trace_commute_100,6,ABBBCCCC,8,all,lookup,history_depth_h8,history,depth,8,164,164,0.573170731707317,0.6646341463414634,1.0
trace_commute_100,6,ABBBCCCC,8,random70,decision_tree,history_depth_h8,history,depth,8,115,49,0.5510204081632653,0.673469387755102,1.0
trace_commute_100,6,ABBBCCCC,8,all,lookup,hybrid_counts_depth_last_h1,hybrid_counts_depth_last,depth_last,1,164,164,1.0,1.0,1.0
trace_commute_100,6,ABBBCCCC,8,random70,decision_tree,hybrid_counts_depth_last_h1,hybrid_counts_depth_last,depth_last,1,115,49,0.9795918367346939,0.9795918367346939,1.0
trace_commute_100,6,ABBBCCCC,8,all,lookup,hybrid_counts_depth_last_h2,hybrid_counts_depth_last,depth_last,2,164,164,1.0,1.0,1.0
trace_commute_100,6,ABBBCCCC,8,random70,decision_tree,hybrid_counts_depth_last_h2,hybrid_counts_depth_last,depth_last,2,115,49,1.0,1.0,1.0
trace_commute_100,6,ABBBCCCC,8,all,lookup,hybrid_counts_depth_last_h4,hybrid_counts_depth_last,depth_last,4,164,164,1.0,1.0,1.0
trace_commute_100,6,ABBBCCCC,8,random70,decision_tree,hybrid_counts_depth_last_h4,hybrid_counts_depth_last,depth_last,4,115,49,1.0,1.0,1.0
trace_commute_100,6,ABBBCCCC,8,all,lookup,hybrid_counts_depth_last_h8,hybrid_counts_depth_last,depth_last,8,164,164,1.0,1.0,1.0
trace_commute_100,6,ABBBCCCC,8,random70,decision_tree,hybrid_counts_depth_last_h8,hybrid_counts_depth_last,depth_last,8,115,49,1.0,1.0,1.0
trace_commute_100,7,ACCCCC,6,all,lookup,full_state,full_state,full,0,164,164,1.0,1.0,1.0
trace_commute_100,7,ACCCCC,6,random70,decision_tree,full_state,full_state,full,0,115,49,0.9795918367346939,0.9795918367346939,1.0
trace_commute_100,7,ACCCCC,6,all,lookup,memoryless_counts,memoryless,counts,0,164,164,1.0,1.0,1.0
trace_commute_100,7,ACCCCC,6,random70,decision_tree,memoryless_counts,memoryless,counts,0,115,49,0.6938775510204082,0.8163265306122449,1.0
trace_commute_100,7,ACCCCC,6,all,lookup,history_counts_h1,history,counts,1,164,164,1.0,1.0,1.0
trace_commute_100,7,ACCCCC,6,random70,decision_tree,history_counts_h1,history,counts,1,115,49,0.6938775510204082,0.8163265306122449,1.0
trace_commute_100,7,ACCCCC,6,all,lookup,history_counts_h2,history,counts,2,164,164,1.0,1.0,1.0
trace_commute_100,7,ACCCCC,6,random70,decision_tree,history_counts_h2,history,counts,2,115,49,0.6938775510204082,0.7755102040816326,1.0
trace_commute_100,7,ACCCCC,6,all,lookup,history_counts_h4,history,counts,4,164,164,1.0,1.0,1.0
trace_commute_100,7,ACCCCC,6,random70,decision_tree,history_counts_h4,history,counts,4,115,49,0.8163265306122449,0.8775510204081632,1.0
trace_commute_100,7,ACCCCC,6,all,lookup,history_counts_h8,history,counts,8,164,164,1.0,1.0,1.0
trace_commute_100,7,ACCCCC,6,random70,decision_tree,history_counts_h8,history,counts,8,115,49,1.0,1.0,1.0
trace_commute_100,7,ACCCCC,6,all,lookup,memoryless_noisy_counts,memoryless,noisy_counts,0,164,164,0.6524390243902439,0.6707317073170732,1.0
trace_commute_100,7,ACCCCC,6,random70,decision_tree,memoryless_noisy_counts,memoryless,noisy_counts,0,115,49,0.46938775510204084,0.7142857142857143,1.0
trace_commute_100,7,ACCCCC,6,all,lookup,history_noisy_counts_h1,history,noisy_counts,1,164,164,0.6524390243902439,0.6707317073170732,1.0
trace_commute_100,7,ACCCCC,6,random70,decision_tree,history_noisy_counts_h1,history,noisy_counts,1,115,49,0.46938775510204084,0.7142857142857143,1.0
trace_commute_100,7,ACCCCC,6,all,lookup,history_noisy_counts_h2,history,noisy_counts,2,164,164,0.7134146341463414,0.7926829268292683,1.0
trace_commute_100,7,ACCCCC,6,random70,decision_tree,history_noisy_counts_h2,history,noisy_counts,2,115,49,0.6122448979591837,0.7755102040816326,1.0
trace_commute_100,7,ACCCCC,6,all,lookup,history_noisy_counts_h4,history,noisy_counts,4,164,164,0.75,0.7865853658536586,1.0
trace_commute_100,7,ACCCCC,6,random70,decision_tree,history_noisy_counts_h4,history,noisy_counts,4,115,49,0.5714285714285714,0.8571428571428571,1.0
trace_commute_100,7,ACCCCC,6,all,lookup,history_noisy_counts_h8,history,noisy_counts,8,164,164,0.9085365853658537,0.9146341463414634,1.0
trace_commute_100,7,ACCCCC,6,random70,decision_tree,history_noisy_counts_h8,history,noisy_counts,8,115,49,0.8775510204081632,0.9795918367346939,1.0
trace_commute_100,7,ACCCCC,6,all,lookup,memoryless_depth_last,memoryless,depth_last,0,164,164,0.6829268292682927,0.8109756097560976,1.0
trace_commute_100,7,ACCCCC,6,random70,decision_tree,memoryless_depth_last,memoryless,depth_last,0,115,49,0.6326530612244898,0.7755102040816326,1.0
trace_commute_100,7,ACCCCC,6,all,lookup,history_depth_last_h1,history,depth_last,1,164,164,0.6829268292682927,0.8109756097560976,1.0
trace_commute_100,7,ACCCCC,6,random70,decision_tree,history_depth_last_h1,history,depth_last,1,115,49,0.6326530612244898,0.7755102040816326,1.0
trace_commute_100,7,ACCCCC,6,all,lookup,history_depth_last_h2,history,depth_last,2,164,164,0.7012195121951219,0.8048780487804879,1.0
trace_commute_100,7,ACCCCC,6,random70,decision_tree,history_depth_last_h2,history,depth_last,2,115,49,0.6530612244897959,0.7959183673469388,1.0
trace_commute_100,7,ACCCCC,6,all,lookup,history_depth_last_h4,history,depth_last,4,164,164,0.774390243902439,0.8414634146341463,1.0
trace_commute_100,7,ACCCCC,6,random70,decision_tree,history_depth_last_h4,history,depth_last,4,115,49,0.6938775510204082,0.8367346938775511,1.0
trace_commute_100,7,ACCCCC,6,all,lookup,history_depth_last_h8,history,depth_last,8,164,164,1.0,1.0,1.0
trace_commute_100,7,ACCCCC,6,random70,decision_tree,history_depth_last_h8,history,depth_last,8,115,49,1.0,1.0,1.0
trace_commute_100,7,ACCCCC,6,all,lookup,memoryless_depth,memoryless,depth,0,164,164,0.6707317073170732,0.8170731707317073,1.0
trace_commute_100,7,ACCCCC,6,random70,decision_tree,memoryless_depth,memoryless,depth,0,115,49,0.6938775510204082,0.8775510204081632,1.0
trace_commute_100,7,ACCCCC,6,all,lookup,history_depth_h1,history,depth,1,164,164,0.6707317073170732,0.8170731707317073,1.0
trace_commute_100,7,ACCCCC,6,random70,decision_tree,history_depth_h1,history,depth,1,115,49,0.6938775510204082,0.8775510204081632,1.0
trace_commute_100,7,ACCCCC,6,all,lookup,history_depth_h2,history,depth,2,164,164,0.6707317073170732,0.8170731707317073,1.0
trace_commute_100,7,ACCCCC,6,random70,decision_tree,history_depth_h2,history,depth,2,115,49,0.6938775510204082,0.8775510204081632,1.0
trace_commute_100,7,ACCCCC,6,all,lookup,history_depth_h4,history,depth,4,164,164,0.6707317073170732,0.8170731707317073,1.0
trace_commute_100,7,ACCCCC,6,random70,decision_tree,history_depth_h4,history,depth,4,115,49,0.6938775510204082,0.8775510204081632,1.0
trace_commute_100,7,ACCCCC,6,all,lookup,history_depth_h8,history,depth,8,164,164,0.6707317073170732,0.8170731707317073,1.0
trace_commute_100,7,ACCCCC,6,random70,decision_tree,history_depth_h8,history,depth,8,115,49,0.6938775510204082,0.8775510204081632,1.0
trace_commute_100,7,ACCCCC,6,all,lookup,hybrid_counts_depth_last_h1,hybrid_counts_depth_last,depth_last,1,164,164,1.0,1.0,1.0
trace_commute_100,7,ACCCCC,6,random70,decision_tree,hybrid_counts_depth_last_h1,hybrid_counts_depth_last,depth_last,1,115,49,1.0,1.0,1.0
trace_commute_100,7,ACCCCC,6,all,lookup,hybrid_counts_depth_last_h2,hybrid_counts_depth_last,depth_last,2,164,164,1.0,1.0,1.0
trace_commute_100,7,ACCCCC,6,random70,decision_tree,hybrid_counts_depth_last_h2,hybrid_counts_depth_last,depth_last,2,115,49,1.0,1.0,1.0
trace_commute_100,7,ACCCCC,6,all,lookup,hybrid_counts_depth_last_h4,hybrid_counts_depth_last,depth_last,4,164,164,1.0,1.0,1.0
trace_commute_100,7,ACCCCC,6,random70,decision_tree,hybrid_counts_depth_last_h4,hybrid_counts_depth_last,depth_last,4,115,49,1.0,1.0,1.0
trace_commute_100,7,ACCCCC,6,all,lookup,hybrid_counts_depth_last_h8,hybrid_counts_depth_last,depth_last,8,164,164,1.0,1.0,1.0
trace_commute_100,7,ACCCCC,6,random70,decision_tree,hybrid_counts_depth_last_h8,hybrid_counts_depth_last,depth_last,8,115,49,1.0,1.0,1.0
trace_commute_100,8,BBBBBBBC,8,all,lookup,full_state,full_state,full,0,164,164,1.0,1.0,1.0
trace_commute_100,8,BBBBBBBC,8,random70,decision_tree,full_state,full_state,full,0,115,49,0.9591836734693877,0.9591836734693877,1.0
trace_commute_100,8,BBBBBBBC,8,all,lookup,memoryless_counts,memoryless,counts,0,164,164,1.0,1.0,1.0
trace_commute_100,8,BBBBBBBC,8,random70,decision_tree,memoryless_counts,memoryless,counts,0,115,49,0.6530612244897959,0.7755102040816326,1.0
trace_commute_100,8,BBBBBBBC,8,all,lookup,history_counts_h1,history,counts,1,164,164,1.0,1.0,1.0
trace_commute_100,8,BBBBBBBC,8,random70,decision_tree,history_counts_h1,history,counts,1,115,49,0.6530612244897959,0.7755102040816326,1.0
trace_commute_100,8,BBBBBBBC,8,all,lookup,history_counts_h2,history,counts,2,164,164,1.0,1.0,1.0
trace_commute_100,8,BBBBBBBC,8,random70,decision_tree,history_counts_h2,history,counts,2,115,49,0.6938775510204082,0.7959183673469388,1.0
trace_commute_100,8,BBBBBBBC,8,all,lookup,history_counts_h4,history,counts,4,164,164,1.0,1.0,1.0
trace_commute_100,8,BBBBBBBC,8,random70,decision_tree,history_counts_h4,history,counts,4,115,49,0.8979591836734694,0.9183673469387755,1.0
trace_commute_100,8,BBBBBBBC,8,all,lookup,history_counts_h8,history,counts,8,164,164,1.0,1.0,1.0
trace_commute_100,8,BBBBBBBC,8,random70,decision_tree,history_counts_h8,history,counts,8,115,49,0.9387755102040817,0.9387755102040817,1.0
trace_commute_100,8,BBBBBBBC,8,all,lookup,memoryless_noisy_counts,memoryless,noisy_counts,0,164,164,0.8170731707317073,0.8170731707317073,1.0
trace_commute_100,8,BBBBBBBC,8,random70,decision_tree,memoryless_noisy_counts,memoryless,noisy_counts,0,115,49,0.6938775510204082,0.8163265306122449,1.0
trace_commute_100,8,BBBBBBBC,8,all,lookup,history_noisy_counts_h1,history,noisy_counts,1,164,164,0.8170731707317073,0.8170731707317073,1.0
trace_commute_100,8,BBBBBBBC,8,random70,decision_tree,history_noisy_counts_h1,history,noisy_counts,1,115,49,0.6938775510204082,0.8163265306122449,1.0
trace_commute_100,8,BBBBBBBC,8,all,lookup,history_noisy_counts_h2,history,noisy_counts,2,164,164,0.8536585365853658,0.8963414634146342,1.0
trace_commute_100,8,BBBBBBBC,8,random70,decision_tree,history_noisy_counts_h2,history,noisy_counts,2,115,49,0.7142857142857143,0.8163265306122449,1.0
trace_commute_100,8,BBBBBBBC,8,all,lookup,history_noisy_counts_h4,history,noisy_counts,4,164,164,0.8719512195121951,0.8902439024390244,1.0
trace_commute_100,8,BBBBBBBC,8,random70,decision_tree,history_noisy_counts_h4,history,noisy_counts,4,115,49,0.6938775510204082,0.8163265306122449,1.0
trace_commute_100,8,BBBBBBBC,8,all,lookup,history_noisy_counts_h8,history,noisy_counts,8,164,164,0.9451219512195121,0.9451219512195121,1.0
trace_commute_100,8,BBBBBBBC,8,random70,decision_tree,history_noisy_counts_h8,history,noisy_counts,8,115,49,0.8571428571428571,0.8571428571428571,1.0
trace_commute_100,8,BBBBBBBC,8,all,lookup,memoryless_depth_last,memoryless,depth_last,0,164,164,0.9451219512195121,0.9451219512195121,1.0
trace_commute_100,8,BBBBBBBC,8,random70,decision_tree,memoryless_depth_last,memoryless,depth_last,0,115,49,0.9387755102040817,0.9387755102040817,1.0
trace_commute_100,8,BBBBBBBC,8,all,lookup,history_depth_last_h1,history,depth_last,1,164,164,0.9451219512195121,0.9451219512195121,1.0
trace_commute_100,8,BBBBBBBC,8,random70,decision_tree,history_depth_last_h1,history,depth_last,1,115,49,0.9387755102040817,0.9387755102040817,1.0
trace_commute_100,8,BBBBBBBC,8,all,lookup,history_depth_last_h2,history,depth_last,2,164,164,0.9451219512195121,0.9451219512195121,1.0
trace_commute_100,8,BBBBBBBC,8,random70,decision_tree,history_depth_last_h2,history,depth_last,2,115,49,0.9387755102040817,0.9387755102040817,1.0
trace_commute_100,8,BBBBBBBC,8,all,lookup,history_depth_last_h4,history,depth_last,4,164,164,0.9451219512195121,0.9451219512195121,1.0
trace_commute_100,8,BBBBBBBC,8,random70,decision_tree,history_depth_last_h4,history,depth_last,4,115,49,0.9387755102040817,0.9387755102040817,1.0
trace_commute_100,8,BBBBBBBC,8,all,lookup,history_depth_last_h8,history,depth_last,8,164,164,1.0,1.0,1.0
trace_commute_100,8,BBBBBBBC,8,random70,decision_tree,history_depth_last_h8,history,depth_last,8,115,49,0.9591836734693877,0.9591836734693877,1.0
trace_commute_100,8,BBBBBBBC,8,all,lookup,memoryless_depth,memoryless,depth,0,164,164,0.9451219512195121,0.9451219512195121,1.0
trace_commute_100,8,BBBBBBBC,8,random70,decision_tree,memoryless_depth,memoryless,depth,0,115,49,0.9387755102040817,0.9387755102040817,1.0
trace_commute_100,8,BBBBBBBC,8,all,lookup,history_depth_h1,history,depth,1,164,164,0.9451219512195121,0.9451219512195121,1.0
trace_commute_100,8,BBBBBBBC,8,random70,decision_tree,history_depth_h1,history,depth,1,115,49,0.9387755102040817,0.9387755102040817,1.0
trace_commute_100,8,BBBBBBBC,8,all,lookup,history_depth_h2,history,depth,2,164,164,0.9451219512195121,0.9451219512195121,1.0
trace_commute_100,8,BBBBBBBC,8,random70,decision_tree,history_depth_h2,history,depth,2,115,49,0.9387755102040817,0.9387755102040817,1.0
trace_commute_100,8,BBBBBBBC,8,all,lookup,history_depth_h4,history,depth,4,164,164,0.9451219512195121,0.9451219512195121,1.0
trace_commute_100,8,BBBBBBBC,8,random70,decision_tree,history_depth_h4,history,depth,4,115,49,0.9387755102040817,0.9387755102040817,1.0
trace_commute_100,8,BBBBBBBC,8,all,lookup,history_depth_h8,history,depth,8,164,164,0.9451219512195121,0.9451219512195121,1.0
trace_commute_100,8,BBBBBBBC,8,random70,decision_tree,history_depth_h8,history,depth,8,115,49,0.9387755102040817,0.9387755102040817,1.0
trace_commute_100,8,BBBBBBBC,8,all,lookup,hybrid_counts_depth_last_h1,hybrid_counts_depth_last,depth_last,1,164,164,1.0,1.0,1.0
trace_commute_100,8,BBBBBBBC,8,random70,decision_tree,hybrid_counts_depth_last_h1,hybrid_counts_depth_last,depth_last,1,115,49,0.9591836734693877,0.9591836734693877,1.0
trace_commute_100,8,BBBBBBBC,8,all,lookup,hybrid_counts_depth_last_h2,hybrid_counts_depth_last,depth_last,2,164,164,1.0,1.0,1.0
trace_commute_100,8,BBBBBBBC,8,random70,decision_tree,hybrid_counts_depth_last_h2,hybrid_counts_depth_last,depth_last,2,115,49,0.9591836734693877,0.9591836734693877,1.0
trace_commute_100,8,BBBBBBBC,8,all,lookup,hybrid_counts_depth_last_h4,hybrid_counts_depth_last,depth_last,4,164,164,1.0,1.0,1.0
trace_commute_100,8,BBBBBBBC,8,random70,decision_tree,hybrid_counts_depth_last_h4,hybrid_counts_depth_last,depth_last,4,115,49,0.9591836734693877,0.9591836734693877,1.0
trace_commute_100,8,BBBBBBBC,8,all,lookup,hybrid_counts_depth_last_h8,hybrid_counts_depth_last,depth_last,8,164,164,1.0,1.0,1.0
trace_commute_100,8,BBBBBBBC,8,random70,decision_tree,hybrid_counts_depth_last_h8,hybrid_counts_depth_last,depth_last,8,115,49,0.9591836734693877,0.9591836734693877,1.0
