task,geometry,behavior_family,obs_mode,temporal_mode,temporal_dropout_p,action_input,action_embedding_dim,model,sequence_r,sequence_l,sequence_ell,input_injection,dataset_seed,model_seed,n_train,n_test,n_actions,action_accuracy,greedy_success,train_loss,context_accuracy
long_aliased_t_maze,long_cue_dependent_navigation,long_delayed_landmark_choice,sparse_aliased,temporal_full,0.5,one_hot,0,memoryless_linear,,,,,11,5011,199,85,6,0.5058823529411764,nan,nan,0.4823529411764706
long_aliased_t_maze,long_cue_dependent_navigation,long_delayed_landmark_choice,sparse_aliased,temporal_full,0.5,one_hot,0,memoryless_mlp,,,,,11,5011,199,85,6,0.5058823529411764,nan,nan,0.4823529411764706
long_aliased_t_maze,long_cue_dependent_navigation,long_delayed_landmark_choice,sparse_aliased,temporal_full,0.5,one_hot,0,history_linear_h4,,,,,11,5011,199,85,6,0.5058823529411764,nan,nan,0.4823529411764706
long_aliased_t_maze,long_cue_dependent_navigation,long_delayed_landmark_choice,sparse_aliased,temporal_full,0.5,one_hot,0,history_linear_h16,,,,,11,5011,199,85,6,0.5058823529411764,nan,nan,0.47058823529411764
long_aliased_t_maze,long_cue_dependent_navigation,long_delayed_landmark_choice,sparse_aliased,temporal_full,0.5,one_hot,0,history_linear_h64,,,,,11,5011,199,85,6,0.7176470588235294,nan,nan,0.36470588235294116
long_aliased_t_maze,long_cue_dependent_navigation,long_delayed_landmark_choice,sparse_aliased,temporal_full,0.5,one_hot,0,history_linear_h80,,,,,11,5011,199,85,6,1.0,nan,nan,0.6
long_aliased_t_maze,long_cue_dependent_navigation,long_delayed_landmark_choice,sparse_aliased,temporal_full,0.5,one_hot,0,numpy_rnn,,,,,11,5011,199,85,6,0.5058823529411764,nan,1.071274599388017,0.49411764705882355
long_aliased_t_maze,long_cue_dependent_navigation,long_delayed_landmark_choice,sparse_aliased,temporal_full,0.5,one_hot,0,reservoir_random,,,,all_units,11,5042,199,85,6,0.5058823529411764,nan,nan,0.47058823529411764
long_aliased_t_maze,long_cue_dependent_navigation,long_delayed_landmark_choice,sparse_aliased,temporal_full,0.5,one_hot,0,reservoir_random,,,,all_units,11,5048,199,85,6,0.5058823529411764,nan,nan,0.4588235294117647
long_aliased_t_maze,long_cue_dependent_navigation,long_delayed_landmark_choice,sparse_aliased,temporal_full,0.5,one_hot,0,reservoir_random,,,,all_units,11,5052,199,85,6,0.5058823529411764,nan,nan,0.47058823529411764
long_aliased_t_maze,long_cue_dependent_navigation,long_delayed_landmark_choice,sparse_aliased,temporal_full,0.5,one_hot,0,reservoir_symmetric,,,,all_units,11,5042,199,85,6,0.5058823529411764,nan,nan,0.5647058823529412
long_aliased_t_maze,long_cue_dependent_navigation,long_delayed_landmark_choice,sparse_aliased,temporal_full,0.5,one_hot,0,reservoir_symmetric,,,,all_units,11,5048,199,85,6,0.5058823529411764,nan,nan,0.5529411764705883
long_aliased_t_maze,long_cue_dependent_navigation,long_delayed_landmark_choice,sparse_aliased,temporal_full,0.5,one_hot,0,reservoir_symmetric,,,,all_units,11,5052,199,85,6,0.49411764705882355,nan,nan,0.5294117647058824
long_aliased_t_maze,long_cue_dependent_navigation,long_delayed_landmark_choice,sparse_aliased,temporal_full,0.5,one_hot,0,reservoir_oscillatory,,,,all_units,11,5042,199,85,6,0.5058823529411764,nan,nan,0.4470588235294118
long_aliased_t_maze,long_cue_dependent_navigation,long_delayed_landmark_choice,sparse_aliased,temporal_full,0.5,one_hot,0,reservoir_oscillatory,,,,all_units,11,5048,199,85,6,0.4823529411764706,nan,nan,0.5176470588235295
long_aliased_t_maze,long_cue_dependent_navigation,long_delayed_landmark_choice,sparse_aliased,temporal_full,0.5,one_hot,0,reservoir_oscillatory,,,,all_units,11,5052,199,85,6,0.4823529411764706,nan,nan,0.4823529411764706
long_aliased_t_maze,long_cue_dependent_navigation,long_delayed_landmark_choice,sparse_aliased,temporal_full,0.5,one_hot,0,reservoir_orthogonal,,,,all_units,11,5042,199,85,6,0.4117647058823529,nan,nan,0.5647058823529412
long_aliased_t_maze,long_cue_dependent_navigation,long_delayed_landmark_choice,sparse_aliased,temporal_full,0.5,one_hot,0,reservoir_orthogonal,,,,all_units,11,5048,199,85,6,0.47058823529411764,nan,nan,0.4823529411764706
long_aliased_t_maze,long_cue_dependent_navigation,long_delayed_landmark_choice,sparse_aliased,temporal_full,0.5,one_hot,0,reservoir_orthogonal,,,,all_units,11,5052,199,85,6,0.4470588235294118,nan,nan,0.4470588235294118
long_aliased_t_maze,long_cue_dependent_navigation,long_delayed_landmark_choice,sparse_aliased,temporal_full,0.5,one_hot,0,reservoir_nilpotent,,,,all_units,11,5042,199,85,6,0.47058823529411764,nan,nan,0.5176470588235295
long_aliased_t_maze,long_cue_dependent_navigation,long_delayed_landmark_choice,sparse_aliased,temporal_full,0.5,one_hot,0,reservoir_nilpotent,,,,all_units,11,5048,199,85,6,0.4588235294117647,nan,nan,0.4470588235294118
long_aliased_t_maze,long_cue_dependent_navigation,long_delayed_landmark_choice,sparse_aliased,temporal_full,0.5,one_hot,0,reservoir_nilpotent,,,,all_units,11,5052,199,85,6,0.49411764705882355,nan,nan,0.47058823529411764
long_aliased_t_maze,long_cue_dependent_navigation,long_delayed_landmark_choice,sparse_aliased,temporal_full,0.5,one_hot,0,reservoir_diagonal,,,,all_units,11,5042,199,85,6,0.5058823529411764,nan,nan,0.5529411764705883
long_aliased_t_maze,long_cue_dependent_navigation,long_delayed_landmark_choice,sparse_aliased,temporal_full,0.5,one_hot,0,reservoir_diagonal,,,,all_units,11,5048,199,85,6,0.5058823529411764,nan,nan,0.5882352941176471
long_aliased_t_maze,long_cue_dependent_navigation,long_delayed_landmark_choice,sparse_aliased,temporal_full,0.5,one_hot,0,reservoir_diagonal,,,,all_units,11,5052,199,85,6,0.5058823529411764,nan,nan,0.6
long_aliased_t_maze,long_cue_dependent_navigation,long_delayed_landmark_choice,sparse_aliased,temporal_full,0.5,one_hot,0,reservoir_low_rank,,,,all_units,11,5042,199,85,6,0.5058823529411764,nan,nan,0.4823529411764706
long_aliased_t_maze,long_cue_dependent_navigation,long_delayed_landmark_choice,sparse_aliased,temporal_full,0.5,one_hot,0,reservoir_low_rank,,,,all_units,11,5048,199,85,6,0.49411764705882355,nan,nan,0.5058823529411764
long_aliased_t_maze,long_cue_dependent_navigation,long_delayed_landmark_choice,sparse_aliased,temporal_full,0.5,one_hot,0,reservoir_low_rank,,,,all_units,11,5052,199,85,6,0.5058823529411764,nan,nan,0.49411764705882355
long_aliased_t_maze,long_cue_dependent_navigation,long_delayed_landmark_choice,sparse_aliased,temporal_full,0.5,one_hot,0,reservoir_sparse,,,,all_units,11,5042,199,85,6,0.47058823529411764,nan,nan,0.47058823529411764
long_aliased_t_maze,long_cue_dependent_navigation,long_delayed_landmark_choice,sparse_aliased,temporal_full,0.5,one_hot,0,reservoir_sparse,,,,all_units,11,5048,199,85,6,0.5058823529411764,nan,nan,0.47058823529411764
long_aliased_t_maze,long_cue_dependent_navigation,long_delayed_landmark_choice,sparse_aliased,temporal_full,0.5,one_hot,0,reservoir_sparse,,,,all_units,11,5052,199,85,6,0.4823529411764706,nan,nan,0.5058823529411764
long_aliased_t_maze,long_cue_dependent_navigation,long_delayed_landmark_choice,sparse_aliased,temporal_full,0.5,one_hot,0,reservoir_block_hybrid,,,,all_units,11,5042,199,85,6,0.49411764705882355,nan,nan,0.49411764705882355
long_aliased_t_maze,long_cue_dependent_navigation,long_delayed_landmark_choice,sparse_aliased,temporal_full,0.5,one_hot,0,reservoir_block_hybrid,,,,all_units,11,5048,199,85,6,0.49411764705882355,nan,nan,0.4588235294117647
long_aliased_t_maze,long_cue_dependent_navigation,long_delayed_landmark_choice,sparse_aliased,temporal_full,0.5,one_hot,0,reservoir_block_hybrid,,,,all_units,11,5052,199,85,6,0.49411764705882355,nan,nan,0.49411764705882355
long_aliased_t_maze,long_cue_dependent_navigation,long_delayed_landmark_choice,sparse_aliased,temporal_full,0.5,one_hot,0,lin_sequence_front_bands_r1_l2,1,2,2,front_bands,11,5621,199,85,6,0.5058823529411764,nan,nan,0.4823529411764706
long_aliased_t_maze,long_cue_dependent_navigation,long_delayed_landmark_choice,sparse_aliased,temporal_full,0.5,one_hot,0,lin_sequence_front_bands_r1_l2,1,2,2,front_bands,11,5627,199,85,6,0.5058823529411764,nan,nan,0.4823529411764706
long_aliased_t_maze,long_cue_dependent_navigation,long_delayed_landmark_choice,sparse_aliased,temporal_full,0.5,one_hot,0,lin_sequence_front_bands_r1_l2,1,2,2,front_bands,11,5631,199,85,6,0.5058823529411764,nan,nan,0.4823529411764706
long_aliased_t_maze,long_cue_dependent_navigation,long_delayed_landmark_choice,sparse_aliased,temporal_full,0.5,one_hot,0,lin_sequence_front_bands_r1_l4,1,4,4,front_bands,11,5683,199,85,6,0.5058823529411764,nan,nan,0.49411764705882355
long_aliased_t_maze,long_cue_dependent_navigation,long_delayed_landmark_choice,sparse_aliased,temporal_full,0.5,one_hot,0,lin_sequence_front_bands_r1_l4,1,4,4,front_bands,11,5689,199,85,6,0.5058823529411764,nan,nan,0.4823529411764706
long_aliased_t_maze,long_cue_dependent_navigation,long_delayed_landmark_choice,sparse_aliased,temporal_full,0.5,one_hot,0,lin_sequence_front_bands_r1_l4,1,4,4,front_bands,11,5693,199,85,6,0.5058823529411764,nan,nan,0.4823529411764706
long_aliased_t_maze,long_cue_dependent_navigation,long_delayed_landmark_choice,sparse_aliased,temporal_full,0.5,one_hot,0,lin_sequence_front_bands_r1_l8,1,8,8,front_bands,11,5807,199,85,6,0.5058823529411764,nan,nan,0.4823529411764706
long_aliased_t_maze,long_cue_dependent_navigation,long_delayed_landmark_choice,sparse_aliased,temporal_full,0.5,one_hot,0,lin_sequence_front_bands_r1_l8,1,8,8,front_bands,11,5813,199,85,6,0.5058823529411764,nan,nan,0.4823529411764706
long_aliased_t_maze,long_cue_dependent_navigation,long_delayed_landmark_choice,sparse_aliased,temporal_full,0.5,one_hot,0,lin_sequence_front_bands_r1_l8,1,8,8,front_bands,11,5817,199,85,6,0.5058823529411764,nan,nan,0.49411764705882355
long_aliased_t_maze,long_cue_dependent_navigation,long_delayed_landmark_choice,sparse_aliased,temporal_full,0.5,one_hot,0,lin_sequence_front_bands_r3_l2,3,2,4,front_bands,11,5655,199,85,6,0.5058823529411764,nan,nan,0.49411764705882355
long_aliased_t_maze,long_cue_dependent_navigation,long_delayed_landmark_choice,sparse_aliased,temporal_full,0.5,one_hot,0,lin_sequence_front_bands_r3_l2,3,2,4,front_bands,11,5661,199,85,6,0.5058823529411764,nan,nan,0.49411764705882355
long_aliased_t_maze,long_cue_dependent_navigation,long_delayed_landmark_choice,sparse_aliased,temporal_full,0.5,one_hot,0,lin_sequence_front_bands_r3_l2,3,2,4,front_bands,11,5665,199,85,6,0.5058823529411764,nan,nan,0.4823529411764706
long_aliased_t_maze,long_cue_dependent_navigation,long_delayed_landmark_choice,sparse_aliased,temporal_full,0.5,one_hot,0,lin_sequence_front_bands_r3_l4,3,4,6,front_bands,11,5717,199,85,6,0.5058823529411764,nan,nan,0.4823529411764706
long_aliased_t_maze,long_cue_dependent_navigation,long_delayed_landmark_choice,sparse_aliased,temporal_full,0.5,one_hot,0,lin_sequence_front_bands_r3_l4,3,4,6,front_bands,11,5723,199,85,6,0.5058823529411764,nan,nan,0.4823529411764706
long_aliased_t_maze,long_cue_dependent_navigation,long_delayed_landmark_choice,sparse_aliased,temporal_full,0.5,one_hot,0,lin_sequence_front_bands_r3_l4,3,4,6,front_bands,11,5727,199,85,6,0.5058823529411764,nan,nan,0.4823529411764706
long_aliased_t_maze,long_cue_dependent_navigation,long_delayed_landmark_choice,sparse_aliased,temporal_full,0.5,one_hot,0,lin_sequence_front_bands_r3_l8,3,8,10,front_bands,11,5841,199,85,6,0.49411764705882355,nan,nan,0.47058823529411764
long_aliased_t_maze,long_cue_dependent_navigation,long_delayed_landmark_choice,sparse_aliased,temporal_full,0.5,one_hot,0,lin_sequence_front_bands_r3_l8,3,8,10,front_bands,11,5847,199,85,6,0.5058823529411764,nan,nan,0.49411764705882355
long_aliased_t_maze,long_cue_dependent_navigation,long_delayed_landmark_choice,sparse_aliased,temporal_full,0.5,one_hot,0,lin_sequence_front_bands_r3_l8,3,8,10,front_bands,11,5851,199,85,6,0.4823529411764706,nan,nan,0.49411764705882355
long_aliased_t_maze,long_cue_dependent_navigation,long_delayed_landmark_choice,sparse_aliased,temporal_full,0.5,one_hot,0,lin_sequence_front_bands_r5_l2,5,2,6,front_bands,11,5689,199,85,6,0.5058823529411764,nan,nan,0.49411764705882355
long_aliased_t_maze,long_cue_dependent_navigation,long_delayed_landmark_choice,sparse_aliased,temporal_full,0.5,one_hot,0,lin_sequence_front_bands_r5_l2,5,2,6,front_bands,11,5695,199,85,6,0.5058823529411764,nan,nan,0.4823529411764706
long_aliased_t_maze,long_cue_dependent_navigation,long_delayed_landmark_choice,sparse_aliased,temporal_full,0.5,one_hot,0,lin_sequence_front_bands_r5_l2,5,2,6,front_bands,11,5699,199,85,6,0.5058823529411764,nan,nan,0.4823529411764706
long_aliased_t_maze,long_cue_dependent_navigation,long_delayed_landmark_choice,sparse_aliased,temporal_full,0.5,one_hot,0,lin_sequence_front_bands_r5_l4,5,4,8,front_bands,11,5751,199,85,6,0.49411764705882355,nan,nan,0.4823529411764706
long_aliased_t_maze,long_cue_dependent_navigation,long_delayed_landmark_choice,sparse_aliased,temporal_full,0.5,one_hot,0,lin_sequence_front_bands_r5_l4,5,4,8,front_bands,11,5757,199,85,6,0.5058823529411764,nan,nan,0.4823529411764706
long_aliased_t_maze,long_cue_dependent_navigation,long_delayed_landmark_choice,sparse_aliased,temporal_full,0.5,one_hot,0,lin_sequence_front_bands_r5_l4,5,4,8,front_bands,11,5761,199,85,6,0.49411764705882355,nan,nan,0.49411764705882355
long_aliased_t_maze,long_cue_dependent_navigation,long_delayed_landmark_choice,sparse_aliased,temporal_full,0.5,one_hot,0,lin_sequence_front_bands_r5_l8,5,8,12,front_bands,11,5875,199,85,6,0.5058823529411764,nan,nan,0.4823529411764706
long_aliased_t_maze,long_cue_dependent_navigation,long_delayed_landmark_choice,sparse_aliased,temporal_full,0.5,one_hot,0,lin_sequence_front_bands_r5_l8,5,8,12,front_bands,11,5881,199,85,6,0.5058823529411764,nan,nan,0.47058823529411764
long_aliased_t_maze,long_cue_dependent_navigation,long_delayed_landmark_choice,sparse_aliased,temporal_full,0.5,one_hot,0,lin_sequence_front_bands_r5_l8,5,8,12,front_bands,11,5885,199,85,6,0.4588235294117647,nan,nan,0.4823529411764706
long_aliased_t_maze,long_cue_dependent_navigation,long_delayed_landmark_choice,sparse_aliased,temporal_full,0.5,one_hot,0,lin_sequence_all_units_r3_l4,3,4,6,all_units,11,5717,199,85,6,0.49411764705882355,nan,nan,0.49411764705882355
long_aliased_t_maze,long_cue_dependent_navigation,long_delayed_landmark_choice,sparse_aliased,temporal_full,0.5,one_hot,0,lin_sequence_all_units_r3_l4,3,4,6,all_units,11,5723,199,85,6,0.49411764705882355,nan,nan,0.49411764705882355
long_aliased_t_maze,long_cue_dependent_navigation,long_delayed_landmark_choice,sparse_aliased,temporal_full,0.5,one_hot,0,lin_sequence_all_units_r3_l4,3,4,6,all_units,11,5727,199,85,6,0.5058823529411764,nan,nan,0.49411764705882355
long_aliased_t_maze,long_cue_dependent_navigation,long_delayed_landmark_choice,sparse_aliased,temporal_full,0.5,one_hot,0,lin_block_r1_l4,1,4,4,independent_blocks,11,5011,199,85,6,0.5058823529411764,nan,nan,0.4823529411764706
long_aliased_t_maze,long_cue_dependent_navigation,long_delayed_landmark_choice,sparse_aliased,temporal_full,0.5,one_hot,0,lin_block_r1_l16,1,16,16,independent_blocks,11,5011,199,85,6,0.5058823529411764,nan,nan,0.47058823529411764
long_aliased_t_maze,long_cue_dependent_navigation,long_delayed_landmark_choice,sparse_aliased,temporal_full,0.5,one_hot,0,lin_block_r1_l64,1,64,64,independent_blocks,11,5011,199,85,6,0.7176470588235294,nan,nan,0.3764705882352941
long_aliased_t_maze,long_cue_dependent_navigation,long_delayed_landmark_choice,sparse_aliased,temporal_full,0.5,one_hot,0,lin_block_r3_l4,3,4,6,independent_blocks,11,5011,199,85,6,0.5058823529411764,nan,nan,0.5058823529411764
long_aliased_t_maze,long_cue_dependent_navigation,long_delayed_landmark_choice,sparse_aliased,temporal_full,0.5,one_hot,0,lin_block_r3_l16,3,16,18,independent_blocks,11,5011,199,85,6,0.5058823529411764,nan,nan,0.5529411764705883
long_aliased_t_maze,long_cue_dependent_navigation,long_delayed_landmark_choice,sparse_aliased,temporal_full,0.5,one_hot,0,lin_block_r3_l64,3,64,66,independent_blocks,11,5011,199,85,6,0.7294117647058823,nan,nan,0.6705882352941176
long_aliased_t_maze,long_cue_dependent_navigation,long_delayed_landmark_choice,sparse_aliased,temporal_full,0.5,one_hot,0,lin_block_r5_l4,5,4,8,independent_blocks,11,5011,199,85,6,0.5058823529411764,nan,nan,0.5058823529411764
long_aliased_t_maze,long_cue_dependent_navigation,long_delayed_landmark_choice,sparse_aliased,temporal_full,0.5,one_hot,0,lin_block_r5_l16,5,16,20,independent_blocks,11,5011,199,85,6,0.5058823529411764,nan,nan,0.5764705882352941
long_aliased_t_maze,long_cue_dependent_navigation,long_delayed_landmark_choice,sparse_aliased,temporal_full,0.5,one_hot,0,lin_block_r5_l64,5,64,68,independent_blocks,11,5011,199,85,6,0.7294117647058823,nan,nan,0.7411764705882353
long_aliased_t_maze,long_cue_dependent_navigation,long_delayed_landmark_choice,sparse_aliased,temporal_full,0.5,one_hot,0,memoryless_linear,,,,,17,5017,199,85,6,0.5058823529411764,nan,nan,0.49411764705882355
long_aliased_t_maze,long_cue_dependent_navigation,long_delayed_landmark_choice,sparse_aliased,temporal_full,0.5,one_hot,0,memoryless_mlp,,,,,17,5017,199,85,6,0.5058823529411764,nan,nan,0.49411764705882355
long_aliased_t_maze,long_cue_dependent_navigation,long_delayed_landmark_choice,sparse_aliased,temporal_full,0.5,one_hot,0,history_linear_h4,,,,,17,5017,199,85,6,0.5058823529411764,nan,nan,0.49411764705882355
long_aliased_t_maze,long_cue_dependent_navigation,long_delayed_landmark_choice,sparse_aliased,temporal_full,0.5,one_hot,0,history_linear_h16,,,,,17,5017,199,85,6,0.4,nan,nan,0.47058823529411764
long_aliased_t_maze,long_cue_dependent_navigation,long_delayed_landmark_choice,sparse_aliased,temporal_full,0.5,one_hot,0,history_linear_h64,,,,,17,5017,199,85,6,0.6941176470588235,nan,nan,0.38823529411764707
long_aliased_t_maze,long_cue_dependent_navigation,long_delayed_landmark_choice,sparse_aliased,temporal_full,0.5,one_hot,0,history_linear_h80,,,,,17,5017,199,85,6,1.0,nan,nan,0.6
long_aliased_t_maze,long_cue_dependent_navigation,long_delayed_landmark_choice,sparse_aliased,temporal_full,0.5,one_hot,0,numpy_rnn,,,,,17,5017,199,85,6,0.5058823529411764,nan,1.0756639405411093,0.5058823529411764
long_aliased_t_maze,long_cue_dependent_navigation,long_delayed_landmark_choice,sparse_aliased,temporal_full,0.5,one_hot,0,reservoir_random,,,,all_units,17,5048,199,85,6,0.5058823529411764,nan,nan,0.4470588235294118
long_aliased_t_maze,long_cue_dependent_navigation,long_delayed_landmark_choice,sparse_aliased,temporal_full,0.5,one_hot,0,reservoir_random,,,,all_units,17,5054,199,85,6,0.4588235294117647,nan,nan,0.4823529411764706
long_aliased_t_maze,long_cue_dependent_navigation,long_delayed_landmark_choice,sparse_aliased,temporal_full,0.5,one_hot,0,reservoir_random,,,,all_units,17,5058,199,85,6,0.5058823529411764,nan,nan,0.47058823529411764
long_aliased_t_maze,long_cue_dependent_navigation,long_delayed_landmark_choice,sparse_aliased,temporal_full,0.5,one_hot,0,reservoir_symmetric,,,,all_units,17,5048,199,85,6,0.5058823529411764,nan,nan,0.5176470588235295
long_aliased_t_maze,long_cue_dependent_navigation,long_delayed_landmark_choice,sparse_aliased,temporal_full,0.5,one_hot,0,reservoir_symmetric,,,,all_units,17,5054,199,85,6,0.5058823529411764,nan,nan,0.5294117647058824
long_aliased_t_maze,long_cue_dependent_navigation,long_delayed_landmark_choice,sparse_aliased,temporal_full,0.5,one_hot,0,reservoir_symmetric,,,,all_units,17,5058,199,85,6,0.5058823529411764,nan,nan,0.5176470588235295
long_aliased_t_maze,long_cue_dependent_navigation,long_delayed_landmark_choice,sparse_aliased,temporal_full,0.5,one_hot,0,reservoir_oscillatory,,,,all_units,17,5048,199,85,6,0.43529411764705883,nan,nan,0.4117647058823529
long_aliased_t_maze,long_cue_dependent_navigation,long_delayed_landmark_choice,sparse_aliased,temporal_full,0.5,one_hot,0,reservoir_oscillatory,,,,all_units,17,5054,199,85,6,0.43529411764705883,nan,nan,0.47058823529411764
long_aliased_t_maze,long_cue_dependent_navigation,long_delayed_landmark_choice,sparse_aliased,temporal_full,0.5,one_hot,0,reservoir_oscillatory,,,,all_units,17,5058,199,85,6,0.43529411764705883,nan,nan,0.49411764705882355
long_aliased_t_maze,long_cue_dependent_navigation,long_delayed_landmark_choice,sparse_aliased,temporal_full,0.5,one_hot,0,reservoir_orthogonal,,,,all_units,17,5048,199,85,6,0.47058823529411764,nan,nan,0.4588235294117647
long_aliased_t_maze,long_cue_dependent_navigation,long_delayed_landmark_choice,sparse_aliased,temporal_full,0.5,one_hot,0,reservoir_orthogonal,,,,all_units,17,5054,199,85,6,0.4588235294117647,nan,nan,0.4823529411764706
long_aliased_t_maze,long_cue_dependent_navigation,long_delayed_landmark_choice,sparse_aliased,temporal_full,0.5,one_hot,0,reservoir_orthogonal,,,,all_units,17,5058,199,85,6,0.38823529411764707,nan,nan,0.6235294117647059
long_aliased_t_maze,long_cue_dependent_navigation,long_delayed_landmark_choice,sparse_aliased,temporal_full,0.5,one_hot,0,reservoir_nilpotent,,,,all_units,17,5048,199,85,6,0.4823529411764706,nan,nan,0.4470588235294118
long_aliased_t_maze,long_cue_dependent_navigation,long_delayed_landmark_choice,sparse_aliased,temporal_full,0.5,one_hot,0,reservoir_nilpotent,,,,all_units,17,5054,199,85,6,0.47058823529411764,nan,nan,0.4588235294117647
long_aliased_t_maze,long_cue_dependent_navigation,long_delayed_landmark_choice,sparse_aliased,temporal_full,0.5,one_hot,0,reservoir_nilpotent,,,,all_units,17,5058,199,85,6,0.4823529411764706,nan,nan,0.4588235294117647
long_aliased_t_maze,long_cue_dependent_navigation,long_delayed_landmark_choice,sparse_aliased,temporal_full,0.5,one_hot,0,reservoir_diagonal,,,,all_units,17,5048,199,85,6,0.5058823529411764,nan,nan,0.5764705882352941
long_aliased_t_maze,long_cue_dependent_navigation,long_delayed_landmark_choice,sparse_aliased,temporal_full,0.5,one_hot,0,reservoir_diagonal,,,,all_units,17,5054,199,85,6,0.5058823529411764,nan,nan,0.5764705882352941
long_aliased_t_maze,long_cue_dependent_navigation,long_delayed_landmark_choice,sparse_aliased,temporal_full,0.5,one_hot,0,reservoir_diagonal,,,,all_units,17,5058,199,85,6,0.5058823529411764,nan,nan,0.5882352941176471
long_aliased_t_maze,long_cue_dependent_navigation,long_delayed_landmark_choice,sparse_aliased,temporal_full,0.5,one_hot,0,reservoir_low_rank,,,,all_units,17,5048,199,85,6,0.4823529411764706,nan,nan,0.5294117647058824
long_aliased_t_maze,long_cue_dependent_navigation,long_delayed_landmark_choice,sparse_aliased,temporal_full,0.5,one_hot,0,reservoir_low_rank,,,,all_units,17,5054,199,85,6,0.49411764705882355,nan,nan,0.49411764705882355
long_aliased_t_maze,long_cue_dependent_navigation,long_delayed_landmark_choice,sparse_aliased,temporal_full,0.5,one_hot,0,reservoir_low_rank,,,,all_units,17,5058,199,85,6,0.5058823529411764,nan,nan,0.4823529411764706
long_aliased_t_maze,long_cue_dependent_navigation,long_delayed_landmark_choice,sparse_aliased,temporal_full,0.5,one_hot,0,reservoir_sparse,,,,all_units,17,5048,199,85,6,0.5058823529411764,nan,nan,0.4823529411764706
long_aliased_t_maze,long_cue_dependent_navigation,long_delayed_landmark_choice,sparse_aliased,temporal_full,0.5,one_hot,0,reservoir_sparse,,,,all_units,17,5054,199,85,6,0.49411764705882355,nan,nan,0.47058823529411764
long_aliased_t_maze,long_cue_dependent_navigation,long_delayed_landmark_choice,sparse_aliased,temporal_full,0.5,one_hot,0,reservoir_sparse,,,,all_units,17,5058,199,85,6,0.47058823529411764,nan,nan,0.4823529411764706
long_aliased_t_maze,long_cue_dependent_navigation,long_delayed_landmark_choice,sparse_aliased,temporal_full,0.5,one_hot,0,reservoir_block_hybrid,,,,all_units,17,5048,199,85,6,0.4470588235294118,nan,nan,0.4823529411764706
long_aliased_t_maze,long_cue_dependent_navigation,long_delayed_landmark_choice,sparse_aliased,temporal_full,0.5,one_hot,0,reservoir_block_hybrid,,,,all_units,17,5054,199,85,6,0.5058823529411764,nan,nan,0.4588235294117647
long_aliased_t_maze,long_cue_dependent_navigation,long_delayed_landmark_choice,sparse_aliased,temporal_full,0.5,one_hot,0,reservoir_block_hybrid,,,,all_units,17,5058,199,85,6,0.47058823529411764,nan,nan,0.5176470588235295
long_aliased_t_maze,long_cue_dependent_navigation,long_delayed_landmark_choice,sparse_aliased,temporal_full,0.5,one_hot,0,lin_sequence_front_bands_r1_l2,1,2,2,front_bands,17,5627,199,85,6,0.5058823529411764,nan,nan,0.49411764705882355
long_aliased_t_maze,long_cue_dependent_navigation,long_delayed_landmark_choice,sparse_aliased,temporal_full,0.5,one_hot,0,lin_sequence_front_bands_r1_l2,1,2,2,front_bands,17,5633,199,85,6,0.5058823529411764,nan,nan,0.49411764705882355
long_aliased_t_maze,long_cue_dependent_navigation,long_delayed_landmark_choice,sparse_aliased,temporal_full,0.5,one_hot,0,lin_sequence_front_bands_r1_l2,1,2,2,front_bands,17,5637,199,85,6,0.5058823529411764,nan,nan,0.49411764705882355
long_aliased_t_maze,long_cue_dependent_navigation,long_delayed_landmark_choice,sparse_aliased,temporal_full,0.5,one_hot,0,lin_sequence_front_bands_r1_l4,1,4,4,front_bands,17,5689,199,85,6,0.5058823529411764,nan,nan,0.49411764705882355
long_aliased_t_maze,long_cue_dependent_navigation,long_delayed_landmark_choice,sparse_aliased,temporal_full,0.5,one_hot,0,lin_sequence_front_bands_r1_l4,1,4,4,front_bands,17,5695,199,85,6,0.5058823529411764,nan,nan,0.49411764705882355
long_aliased_t_maze,long_cue_dependent_navigation,long_delayed_landmark_choice,sparse_aliased,temporal_full,0.5,one_hot,0,lin_sequence_front_bands_r1_l4,1,4,4,front_bands,17,5699,199,85,6,0.5058823529411764,nan,nan,0.49411764705882355
long_aliased_t_maze,long_cue_dependent_navigation,long_delayed_landmark_choice,sparse_aliased,temporal_full,0.5,one_hot,0,lin_sequence_front_bands_r1_l8,1,8,8,front_bands,17,5813,199,85,6,0.5058823529411764,nan,nan,0.4823529411764706
long_aliased_t_maze,long_cue_dependent_navigation,long_delayed_landmark_choice,sparse_aliased,temporal_full,0.5,one_hot,0,lin_sequence_front_bands_r1_l8,1,8,8,front_bands,17,5819,199,85,6,0.5058823529411764,nan,nan,0.4823529411764706
long_aliased_t_maze,long_cue_dependent_navigation,long_delayed_landmark_choice,sparse_aliased,temporal_full,0.5,one_hot,0,lin_sequence_front_bands_r1_l8,1,8,8,front_bands,17,5823,199,85,6,0.5058823529411764,nan,nan,0.47058823529411764
long_aliased_t_maze,long_cue_dependent_navigation,long_delayed_landmark_choice,sparse_aliased,temporal_full,0.5,one_hot,0,lin_sequence_front_bands_r3_l2,3,2,4,front_bands,17,5661,199,85,6,0.5058823529411764,nan,nan,0.49411764705882355
long_aliased_t_maze,long_cue_dependent_navigation,long_delayed_landmark_choice,sparse_aliased,temporal_full,0.5,one_hot,0,lin_sequence_front_bands_r3_l2,3,2,4,front_bands,17,5667,199,85,6,0.5058823529411764,nan,nan,0.49411764705882355
long_aliased_t_maze,long_cue_dependent_navigation,long_delayed_landmark_choice,sparse_aliased,temporal_full,0.5,one_hot,0,lin_sequence_front_bands_r3_l2,3,2,4,front_bands,17,5671,199,85,6,0.5058823529411764,nan,nan,0.5058823529411764
long_aliased_t_maze,long_cue_dependent_navigation,long_delayed_landmark_choice,sparse_aliased,temporal_full,0.5,one_hot,0,lin_sequence_front_bands_r3_l4,3,4,6,front_bands,17,5723,199,85,6,0.5058823529411764,nan,nan,0.47058823529411764
long_aliased_t_maze,long_cue_dependent_navigation,long_delayed_landmark_choice,sparse_aliased,temporal_full,0.5,one_hot,0,lin_sequence_front_bands_r3_l4,3,4,6,front_bands,17,5729,199,85,6,0.5058823529411764,nan,nan,0.4823529411764706
long_aliased_t_maze,long_cue_dependent_navigation,long_delayed_landmark_choice,sparse_aliased,temporal_full,0.5,one_hot,0,lin_sequence_front_bands_r3_l4,3,4,6,front_bands,17,5733,199,85,6,0.5058823529411764,nan,nan,0.47058823529411764
long_aliased_t_maze,long_cue_dependent_navigation,long_delayed_landmark_choice,sparse_aliased,temporal_full,0.5,one_hot,0,lin_sequence_front_bands_r3_l8,3,8,10,front_bands,17,5847,199,85,6,0.5058823529411764,nan,nan,0.4823529411764706
long_aliased_t_maze,long_cue_dependent_navigation,long_delayed_landmark_choice,sparse_aliased,temporal_full,0.5,one_hot,0,lin_sequence_front_bands_r3_l8,3,8,10,front_bands,17,5853,199,85,6,0.5058823529411764,nan,nan,0.47058823529411764
long_aliased_t_maze,long_cue_dependent_navigation,long_delayed_landmark_choice,sparse_aliased,temporal_full,0.5,one_hot,0,lin_sequence_front_bands_r3_l8,3,8,10,front_bands,17,5857,199,85,6,0.5058823529411764,nan,nan,0.4588235294117647
long_aliased_t_maze,long_cue_dependent_navigation,long_delayed_landmark_choice,sparse_aliased,temporal_full,0.5,one_hot,0,lin_sequence_front_bands_r5_l2,5,2,6,front_bands,17,5695,199,85,6,0.5058823529411764,nan,nan,0.49411764705882355
long_aliased_t_maze,long_cue_dependent_navigation,long_delayed_landmark_choice,sparse_aliased,temporal_full,0.5,one_hot,0,lin_sequence_front_bands_r5_l2,5,2,6,front_bands,17,5701,199,85,6,0.5058823529411764,nan,nan,0.4823529411764706
long_aliased_t_maze,long_cue_dependent_navigation,long_delayed_landmark_choice,sparse_aliased,temporal_full,0.5,one_hot,0,lin_sequence_front_bands_r5_l2,5,2,6,front_bands,17,5705,199,85,6,0.4823529411764706,nan,nan,0.4823529411764706
long_aliased_t_maze,long_cue_dependent_navigation,long_delayed_landmark_choice,sparse_aliased,temporal_full,0.5,one_hot,0,lin_sequence_front_bands_r5_l4,5,4,8,front_bands,17,5757,199,85,6,0.5058823529411764,nan,nan,0.4823529411764706
long_aliased_t_maze,long_cue_dependent_navigation,long_delayed_landmark_choice,sparse_aliased,temporal_full,0.5,one_hot,0,lin_sequence_front_bands_r5_l4,5,4,8,front_bands,17,5763,199,85,6,0.4823529411764706,nan,nan,0.49411764705882355
long_aliased_t_maze,long_cue_dependent_navigation,long_delayed_landmark_choice,sparse_aliased,temporal_full,0.5,one_hot,0,lin_sequence_front_bands_r5_l4,5,4,8,front_bands,17,5767,199,85,6,0.5058823529411764,nan,nan,0.49411764705882355
long_aliased_t_maze,long_cue_dependent_navigation,long_delayed_landmark_choice,sparse_aliased,temporal_full,0.5,one_hot,0,lin_sequence_front_bands_r5_l8,5,8,12,front_bands,17,5881,199,85,6,0.5058823529411764,nan,nan,0.47058823529411764
long_aliased_t_maze,long_cue_dependent_navigation,long_delayed_landmark_choice,sparse_aliased,temporal_full,0.5,one_hot,0,lin_sequence_front_bands_r5_l8,5,8,12,front_bands,17,5887,199,85,6,0.4588235294117647,nan,nan,0.5411764705882353
long_aliased_t_maze,long_cue_dependent_navigation,long_delayed_landmark_choice,sparse_aliased,temporal_full,0.5,one_hot,0,lin_sequence_front_bands_r5_l8,5,8,12,front_bands,17,5891,199,85,6,0.4588235294117647,nan,nan,0.5176470588235295
long_aliased_t_maze,long_cue_dependent_navigation,long_delayed_landmark_choice,sparse_aliased,temporal_full,0.5,one_hot,0,lin_sequence_all_units_r3_l4,3,4,6,all_units,17,5723,199,85,6,0.5058823529411764,nan,nan,0.4823529411764706
long_aliased_t_maze,long_cue_dependent_navigation,long_delayed_landmark_choice,sparse_aliased,temporal_full,0.5,one_hot,0,lin_sequence_all_units_r3_l4,3,4,6,all_units,17,5729,199,85,6,0.5058823529411764,nan,nan,0.49411764705882355
long_aliased_t_maze,long_cue_dependent_navigation,long_delayed_landmark_choice,sparse_aliased,temporal_full,0.5,one_hot,0,lin_sequence_all_units_r3_l4,3,4,6,all_units,17,5733,199,85,6,0.5058823529411764,nan,nan,0.4823529411764706
long_aliased_t_maze,long_cue_dependent_navigation,long_delayed_landmark_choice,sparse_aliased,temporal_full,0.5,one_hot,0,lin_block_r1_l4,1,4,4,independent_blocks,17,5017,199,85,6,0.5058823529411764,nan,nan,0.49411764705882355
long_aliased_t_maze,long_cue_dependent_navigation,long_delayed_landmark_choice,sparse_aliased,temporal_full,0.5,one_hot,0,lin_block_r1_l16,1,16,16,independent_blocks,17,5017,199,85,6,0.5058823529411764,nan,nan,0.47058823529411764
long_aliased_t_maze,long_cue_dependent_navigation,long_delayed_landmark_choice,sparse_aliased,temporal_full,0.5,one_hot,0,lin_block_r1_l64,1,64,64,independent_blocks,17,5017,199,85,6,0.7058823529411765,nan,nan,0.36470588235294116
long_aliased_t_maze,long_cue_dependent_navigation,long_delayed_landmark_choice,sparse_aliased,temporal_full,0.5,one_hot,0,lin_block_r3_l4,3,4,6,independent_blocks,17,5017,199,85,6,0.5058823529411764,nan,nan,0.5176470588235295
long_aliased_t_maze,long_cue_dependent_navigation,long_delayed_landmark_choice,sparse_aliased,temporal_full,0.5,one_hot,0,lin_block_r3_l16,3,16,18,independent_blocks,17,5017,199,85,6,0.5058823529411764,nan,nan,0.5882352941176471
long_aliased_t_maze,long_cue_dependent_navigation,long_delayed_landmark_choice,sparse_aliased,temporal_full,0.5,one_hot,0,lin_block_r3_l64,3,64,66,independent_blocks,17,5017,199,85,6,0.7176470588235294,nan,nan,0.7411764705882353
long_aliased_t_maze,long_cue_dependent_navigation,long_delayed_landmark_choice,sparse_aliased,temporal_full,0.5,one_hot,0,lin_block_r5_l4,5,4,8,independent_blocks,17,5017,199,85,6,0.5058823529411764,nan,nan,0.5294117647058824
long_aliased_t_maze,long_cue_dependent_navigation,long_delayed_landmark_choice,sparse_aliased,temporal_full,0.5,one_hot,0,lin_block_r5_l16,5,16,20,independent_blocks,17,5017,199,85,6,0.5058823529411764,nan,nan,0.5529411764705883
long_aliased_t_maze,long_cue_dependent_navigation,long_delayed_landmark_choice,sparse_aliased,temporal_full,0.5,one_hot,0,lin_block_r5_l64,5,64,68,independent_blocks,17,5017,199,85,6,0.7411764705882353,nan,nan,0.7411764705882353
long_aliased_t_maze,long_cue_dependent_navigation,long_delayed_landmark_choice,sparse_aliased,temporal_full,0.5,one_hot,0,memoryless_linear,,,,,23,5023,199,85,6,0.5058823529411764,nan,nan,0.4823529411764706
long_aliased_t_maze,long_cue_dependent_navigation,long_delayed_landmark_choice,sparse_aliased,temporal_full,0.5,one_hot,0,memoryless_mlp,,,,,23,5023,199,85,6,0.5058823529411764,nan,nan,0.4823529411764706
long_aliased_t_maze,long_cue_dependent_navigation,long_delayed_landmark_choice,sparse_aliased,temporal_full,0.5,one_hot,0,history_linear_h4,,,,,23,5023,199,85,6,0.5058823529411764,nan,nan,0.47058823529411764
long_aliased_t_maze,long_cue_dependent_navigation,long_delayed_landmark_choice,sparse_aliased,temporal_full,0.5,one_hot,0,history_linear_h16,,,,,23,5023,199,85,6,0.5058823529411764,nan,nan,0.4588235294117647
long_aliased_t_maze,long_cue_dependent_navigation,long_delayed_landmark_choice,sparse_aliased,temporal_full,0.5,one_hot,0,history_linear_h64,,,,,23,5023,199,85,6,0.7176470588235294,nan,nan,0.4117647058823529
long_aliased_t_maze,long_cue_dependent_navigation,long_delayed_landmark_choice,sparse_aliased,temporal_full,0.5,one_hot,0,history_linear_h80,,,,,23,5023,199,85,6,1.0,nan,nan,0.5411764705882353
long_aliased_t_maze,long_cue_dependent_navigation,long_delayed_landmark_choice,sparse_aliased,temporal_full,0.5,one_hot,0,numpy_rnn,,,,,23,5023,199,85,6,0.5058823529411764,nan,1.086316690672582,0.47058823529411764
long_aliased_t_maze,long_cue_dependent_navigation,long_delayed_landmark_choice,sparse_aliased,temporal_full,0.5,one_hot,0,reservoir_random,,,,all_units,23,5054,199,85,6,0.5058823529411764,nan,nan,0.4470588235294118
long_aliased_t_maze,long_cue_dependent_navigation,long_delayed_landmark_choice,sparse_aliased,temporal_full,0.5,one_hot,0,reservoir_random,,,,all_units,23,5060,199,85,6,0.47058823529411764,nan,nan,0.4823529411764706
long_aliased_t_maze,long_cue_dependent_navigation,long_delayed_landmark_choice,sparse_aliased,temporal_full,0.5,one_hot,0,reservoir_random,,,,all_units,23,5064,199,85,6,0.4235294117647059,nan,nan,0.47058823529411764
long_aliased_t_maze,long_cue_dependent_navigation,long_delayed_landmark_choice,sparse_aliased,temporal_full,0.5,one_hot,0,reservoir_symmetric,,,,all_units,23,5054,199,85,6,0.5058823529411764,nan,nan,0.5058823529411764
long_aliased_t_maze,long_cue_dependent_navigation,long_delayed_landmark_choice,sparse_aliased,temporal_full,0.5,one_hot,0,reservoir_symmetric,,,,all_units,23,5060,199,85,6,0.49411764705882355,nan,nan,0.5294117647058824
long_aliased_t_maze,long_cue_dependent_navigation,long_delayed_landmark_choice,sparse_aliased,temporal_full,0.5,one_hot,0,reservoir_symmetric,,,,all_units,23,5064,199,85,6,0.49411764705882355,nan,nan,0.5176470588235295
long_aliased_t_maze,long_cue_dependent_navigation,long_delayed_landmark_choice,sparse_aliased,temporal_full,0.5,one_hot,0,reservoir_oscillatory,,,,all_units,23,5054,199,85,6,0.4588235294117647,nan,nan,0.47058823529411764
long_aliased_t_maze,long_cue_dependent_navigation,long_delayed_landmark_choice,sparse_aliased,temporal_full,0.5,one_hot,0,reservoir_oscillatory,,,,all_units,23,5060,199,85,6,0.4588235294117647,nan,nan,0.47058823529411764
long_aliased_t_maze,long_cue_dependent_navigation,long_delayed_landmark_choice,sparse_aliased,temporal_full,0.5,one_hot,0,reservoir_oscillatory,,,,all_units,23,5064,199,85,6,0.4588235294117647,nan,nan,0.4588235294117647
long_aliased_t_maze,long_cue_dependent_navigation,long_delayed_landmark_choice,sparse_aliased,temporal_full,0.5,one_hot,0,reservoir_orthogonal,,,,all_units,23,5054,199,85,6,0.4823529411764706,nan,nan,0.5058823529411764
long_aliased_t_maze,long_cue_dependent_navigation,long_delayed_landmark_choice,sparse_aliased,temporal_full,0.5,one_hot,0,reservoir_orthogonal,,,,all_units,23,5060,199,85,6,0.49411764705882355,nan,nan,0.4117647058823529
long_aliased_t_maze,long_cue_dependent_navigation,long_delayed_landmark_choice,sparse_aliased,temporal_full,0.5,one_hot,0,reservoir_orthogonal,,,,all_units,23,5064,199,85,6,0.43529411764705883,nan,nan,0.47058823529411764
long_aliased_t_maze,long_cue_dependent_navigation,long_delayed_landmark_choice,sparse_aliased,temporal_full,0.5,one_hot,0,reservoir_nilpotent,,,,all_units,23,5054,199,85,6,0.4823529411764706,nan,nan,0.4470588235294118
long_aliased_t_maze,long_cue_dependent_navigation,long_delayed_landmark_choice,sparse_aliased,temporal_full,0.5,one_hot,0,reservoir_nilpotent,,,,all_units,23,5060,199,85,6,0.4823529411764706,nan,nan,0.4588235294117647
long_aliased_t_maze,long_cue_dependent_navigation,long_delayed_landmark_choice,sparse_aliased,temporal_full,0.5,one_hot,0,reservoir_nilpotent,,,,all_units,23,5064,199,85,6,0.4823529411764706,nan,nan,0.43529411764705883
long_aliased_t_maze,long_cue_dependent_navigation,long_delayed_landmark_choice,sparse_aliased,temporal_full,0.5,one_hot,0,reservoir_diagonal,,,,all_units,23,5054,199,85,6,0.4823529411764706,nan,nan,0.5882352941176471
long_aliased_t_maze,long_cue_dependent_navigation,long_delayed_landmark_choice,sparse_aliased,temporal_full,0.5,one_hot,0,reservoir_diagonal,,,,all_units,23,5060,199,85,6,0.5058823529411764,nan,nan,0.5529411764705883
long_aliased_t_maze,long_cue_dependent_navigation,long_delayed_landmark_choice,sparse_aliased,temporal_full,0.5,one_hot,0,reservoir_diagonal,,,,all_units,23,5064,199,85,6,0.5058823529411764,nan,nan,0.5764705882352941
long_aliased_t_maze,long_cue_dependent_navigation,long_delayed_landmark_choice,sparse_aliased,temporal_full,0.5,one_hot,0,reservoir_low_rank,,,,all_units,23,5054,199,85,6,0.5058823529411764,nan,nan,0.43529411764705883
long_aliased_t_maze,long_cue_dependent_navigation,long_delayed_landmark_choice,sparse_aliased,temporal_full,0.5,one_hot,0,reservoir_low_rank,,,,all_units,23,5060,199,85,6,0.5058823529411764,nan,nan,0.47058823529411764
long_aliased_t_maze,long_cue_dependent_navigation,long_delayed_landmark_choice,sparse_aliased,temporal_full,0.5,one_hot,0,reservoir_low_rank,,,,all_units,23,5064,199,85,6,0.49411764705882355,nan,nan,0.47058823529411764
long_aliased_t_maze,long_cue_dependent_navigation,long_delayed_landmark_choice,sparse_aliased,temporal_full,0.5,one_hot,0,reservoir_sparse,,,,all_units,23,5054,199,85,6,0.49411764705882355,nan,nan,0.49411764705882355
long_aliased_t_maze,long_cue_dependent_navigation,long_delayed_landmark_choice,sparse_aliased,temporal_full,0.5,one_hot,0,reservoir_sparse,,,,all_units,23,5060,199,85,6,0.4823529411764706,nan,nan,0.4588235294117647
long_aliased_t_maze,long_cue_dependent_navigation,long_delayed_landmark_choice,sparse_aliased,temporal_full,0.5,one_hot,0,reservoir_sparse,,,,all_units,23,5064,199,85,6,0.4588235294117647,nan,nan,0.4470588235294118
long_aliased_t_maze,long_cue_dependent_navigation,long_delayed_landmark_choice,sparse_aliased,temporal_full,0.5,one_hot,0,reservoir_block_hybrid,,,,all_units,23,5054,199,85,6,0.49411764705882355,nan,nan,0.4823529411764706
long_aliased_t_maze,long_cue_dependent_navigation,long_delayed_landmark_choice,sparse_aliased,temporal_full,0.5,one_hot,0,reservoir_block_hybrid,,,,all_units,23,5060,199,85,6,0.4588235294117647,nan,nan,0.47058823529411764
long_aliased_t_maze,long_cue_dependent_navigation,long_delayed_landmark_choice,sparse_aliased,temporal_full,0.5,one_hot,0,reservoir_block_hybrid,,,,all_units,23,5064,199,85,6,0.47058823529411764,nan,nan,0.49411764705882355
long_aliased_t_maze,long_cue_dependent_navigation,long_delayed_landmark_choice,sparse_aliased,temporal_full,0.5,one_hot,0,lin_sequence_front_bands_r1_l2,1,2,2,front_bands,23,5633,199,85,6,0.5058823529411764,nan,nan,0.47058823529411764
long_aliased_t_maze,long_cue_dependent_navigation,long_delayed_landmark_choice,sparse_aliased,temporal_full,0.5,one_hot,0,lin_sequence_front_bands_r1_l2,1,2,2,front_bands,23,5639,199,85,6,0.5058823529411764,nan,nan,0.47058823529411764
long_aliased_t_maze,long_cue_dependent_navigation,long_delayed_landmark_choice,sparse_aliased,temporal_full,0.5,one_hot,0,lin_sequence_front_bands_r1_l2,1,2,2,front_bands,23,5643,199,85,6,0.5058823529411764,nan,nan,0.47058823529411764
long_aliased_t_maze,long_cue_dependent_navigation,long_delayed_landmark_choice,sparse_aliased,temporal_full,0.5,one_hot,0,lin_sequence_front_bands_r1_l4,1,4,4,front_bands,23,5695,199,85,6,0.5058823529411764,nan,nan,0.47058823529411764
long_aliased_t_maze,long_cue_dependent_navigation,long_delayed_landmark_choice,sparse_aliased,temporal_full,0.5,one_hot,0,lin_sequence_front_bands_r1_l4,1,4,4,front_bands,23,5701,199,85,6,0.5058823529411764,nan,nan,0.47058823529411764
long_aliased_t_maze,long_cue_dependent_navigation,long_delayed_landmark_choice,sparse_aliased,temporal_full,0.5,one_hot,0,lin_sequence_front_bands_r1_l4,1,4,4,front_bands,23,5705,199,85,6,0.5058823529411764,nan,nan,0.47058823529411764
long_aliased_t_maze,long_cue_dependent_navigation,long_delayed_landmark_choice,sparse_aliased,temporal_full,0.5,one_hot,0,lin_sequence_front_bands_r1_l8,1,8,8,front_bands,23,5819,199,85,6,0.5058823529411764,nan,nan,0.4588235294117647
long_aliased_t_maze,long_cue_dependent_navigation,long_delayed_landmark_choice,sparse_aliased,temporal_full,0.5,one_hot,0,lin_sequence_front_bands_r1_l8,1,8,8,front_bands,23,5825,199,85,6,0.5058823529411764,nan,nan,0.47058823529411764
long_aliased_t_maze,long_cue_dependent_navigation,long_delayed_landmark_choice,sparse_aliased,temporal_full,0.5,one_hot,0,lin_sequence_front_bands_r1_l8,1,8,8,front_bands,23,5829,199,85,6,0.49411764705882355,nan,nan,0.4588235294117647
long_aliased_t_maze,long_cue_dependent_navigation,long_delayed_landmark_choice,sparse_aliased,temporal_full,0.5,one_hot,0,lin_sequence_front_bands_r3_l2,3,2,4,front_bands,23,5667,199,85,6,0.49411764705882355,nan,nan,0.47058823529411764
long_aliased_t_maze,long_cue_dependent_navigation,long_delayed_landmark_choice,sparse_aliased,temporal_full,0.5,one_hot,0,lin_sequence_front_bands_r3_l2,3,2,4,front_bands,23,5673,199,85,6,0.5058823529411764,nan,nan,0.47058823529411764
long_aliased_t_maze,long_cue_dependent_navigation,long_delayed_landmark_choice,sparse_aliased,temporal_full,0.5,one_hot,0,lin_sequence_front_bands_r3_l2,3,2,4,front_bands,23,5677,199,85,6,0.49411764705882355,nan,nan,0.4823529411764706
long_aliased_t_maze,long_cue_dependent_navigation,long_delayed_landmark_choice,sparse_aliased,temporal_full,0.5,one_hot,0,lin_sequence_front_bands_r3_l4,3,4,6,front_bands,23,5729,199,85,6,0.5058823529411764,nan,nan,0.47058823529411764
long_aliased_t_maze,long_cue_dependent_navigation,long_delayed_landmark_choice,sparse_aliased,temporal_full,0.5,one_hot,0,lin_sequence_front_bands_r3_l4,3,4,6,front_bands,23,5735,199,85,6,0.5058823529411764,nan,nan,0.47058823529411764
long_aliased_t_maze,long_cue_dependent_navigation,long_delayed_landmark_choice,sparse_aliased,temporal_full,0.5,one_hot,0,lin_sequence_front_bands_r3_l4,3,4,6,front_bands,23,5739,199,85,6,0.5058823529411764,nan,nan,0.47058823529411764
long_aliased_t_maze,long_cue_dependent_navigation,long_delayed_landmark_choice,sparse_aliased,temporal_full,0.5,one_hot,0,lin_sequence_front_bands_r3_l8,3,8,10,front_bands,23,5853,199,85,6,0.5058823529411764,nan,nan,0.4588235294117647
long_aliased_t_maze,long_cue_dependent_navigation,long_delayed_landmark_choice,sparse_aliased,temporal_full,0.5,one_hot,0,lin_sequence_front_bands_r3_l8,3,8,10,front_bands,23,5859,199,85,6,0.4823529411764706,nan,nan,0.4823529411764706
long_aliased_t_maze,long_cue_dependent_navigation,long_delayed_landmark_choice,sparse_aliased,temporal_full,0.5,one_hot,0,lin_sequence_front_bands_r3_l8,3,8,10,front_bands,23,5863,199,85,6,0.5058823529411764,nan,nan,0.4823529411764706
long_aliased_t_maze,long_cue_dependent_navigation,long_delayed_landmark_choice,sparse_aliased,temporal_full,0.5,one_hot,0,lin_sequence_front_bands_r5_l2,5,2,6,front_bands,23,5701,199,85,6,0.5058823529411764,nan,nan,0.4588235294117647
long_aliased_t_maze,long_cue_dependent_navigation,long_delayed_landmark_choice,sparse_aliased,temporal_full,0.5,one_hot,0,lin_sequence_front_bands_r5_l2,5,2,6,front_bands,23,5707,199,85,6,0.5058823529411764,nan,nan,0.4588235294117647
long_aliased_t_maze,long_cue_dependent_navigation,long_delayed_landmark_choice,sparse_aliased,temporal_full,0.5,one_hot,0,lin_sequence_front_bands_r5_l2,5,2,6,front_bands,23,5711,199,85,6,0.5058823529411764,nan,nan,0.47058823529411764
long_aliased_t_maze,long_cue_dependent_navigation,long_delayed_landmark_choice,sparse_aliased,temporal_full,0.5,one_hot,0,lin_sequence_front_bands_r5_l4,5,4,8,front_bands,23,5763,199,85,6,0.5058823529411764,nan,nan,0.4823529411764706
long_aliased_t_maze,long_cue_dependent_navigation,long_delayed_landmark_choice,sparse_aliased,temporal_full,0.5,one_hot,0,lin_sequence_front_bands_r5_l4,5,4,8,front_bands,23,5769,199,85,6,0.5058823529411764,nan,nan,0.49411764705882355
long_aliased_t_maze,long_cue_dependent_navigation,long_delayed_landmark_choice,sparse_aliased,temporal_full,0.5,one_hot,0,lin_sequence_front_bands_r5_l4,5,4,8,front_bands,23,5773,199,85,6,0.5058823529411764,nan,nan,0.4823529411764706
long_aliased_t_maze,long_cue_dependent_navigation,long_delayed_landmark_choice,sparse_aliased,temporal_full,0.5,one_hot,0,lin_sequence_front_bands_r5_l8,5,8,12,front_bands,23,5887,199,85,6,0.4823529411764706,nan,nan,0.4823529411764706
long_aliased_t_maze,long_cue_dependent_navigation,long_delayed_landmark_choice,sparse_aliased,temporal_full,0.5,one_hot,0,lin_sequence_front_bands_r5_l8,5,8,12,front_bands,23,5893,199,85,6,0.5058823529411764,nan,nan,0.47058823529411764
long_aliased_t_maze,long_cue_dependent_navigation,long_delayed_landmark_choice,sparse_aliased,temporal_full,0.5,one_hot,0,lin_sequence_front_bands_r5_l8,5,8,12,front_bands,23,5897,199,85,6,0.4823529411764706,nan,nan,0.4470588235294118
long_aliased_t_maze,long_cue_dependent_navigation,long_delayed_landmark_choice,sparse_aliased,temporal_full,0.5,one_hot,0,lin_sequence_all_units_r3_l4,3,4,6,all_units,23,5729,199,85,6,0.5058823529411764,nan,nan,0.4588235294117647
long_aliased_t_maze,long_cue_dependent_navigation,long_delayed_landmark_choice,sparse_aliased,temporal_full,0.5,one_hot,0,lin_sequence_all_units_r3_l4,3,4,6,all_units,23,5735,199,85,6,0.5058823529411764,nan,nan,0.47058823529411764
long_aliased_t_maze,long_cue_dependent_navigation,long_delayed_landmark_choice,sparse_aliased,temporal_full,0.5,one_hot,0,lin_sequence_all_units_r3_l4,3,4,6,all_units,23,5739,199,85,6,0.5058823529411764,nan,nan,0.4588235294117647
long_aliased_t_maze,long_cue_dependent_navigation,long_delayed_landmark_choice,sparse_aliased,temporal_full,0.5,one_hot,0,lin_block_r1_l4,1,4,4,independent_blocks,23,5023,199,85,6,0.5058823529411764,nan,nan,0.47058823529411764
long_aliased_t_maze,long_cue_dependent_navigation,long_delayed_landmark_choice,sparse_aliased,temporal_full,0.5,one_hot,0,lin_block_r1_l16,1,16,16,independent_blocks,23,5023,199,85,6,0.5058823529411764,nan,nan,0.4470588235294118
long_aliased_t_maze,long_cue_dependent_navigation,long_delayed_landmark_choice,sparse_aliased,temporal_full,0.5,one_hot,0,lin_block_r1_l64,1,64,64,independent_blocks,23,5023,199,85,6,0.7176470588235294,nan,nan,0.3058823529411765
long_aliased_t_maze,long_cue_dependent_navigation,long_delayed_landmark_choice,sparse_aliased,temporal_full,0.5,one_hot,0,lin_block_r3_l4,3,4,6,independent_blocks,23,5023,199,85,6,0.5058823529411764,nan,nan,0.49411764705882355
long_aliased_t_maze,long_cue_dependent_navigation,long_delayed_landmark_choice,sparse_aliased,temporal_full,0.5,one_hot,0,lin_block_r3_l16,3,16,18,independent_blocks,23,5023,199,85,6,0.5058823529411764,nan,nan,0.5529411764705883
long_aliased_t_maze,long_cue_dependent_navigation,long_delayed_landmark_choice,sparse_aliased,temporal_full,0.5,one_hot,0,lin_block_r3_l64,3,64,66,independent_blocks,23,5023,199,85,6,0.7176470588235294,nan,nan,0.6941176470588235
long_aliased_t_maze,long_cue_dependent_navigation,long_delayed_landmark_choice,sparse_aliased,temporal_full,0.5,one_hot,0,lin_block_r5_l4,5,4,8,independent_blocks,23,5023,199,85,6,0.5058823529411764,nan,nan,0.5176470588235295
long_aliased_t_maze,long_cue_dependent_navigation,long_delayed_landmark_choice,sparse_aliased,temporal_full,0.5,one_hot,0,lin_block_r5_l16,5,16,20,independent_blocks,23,5023,199,85,6,0.5058823529411764,nan,nan,0.5647058823529412
long_aliased_t_maze,long_cue_dependent_navigation,long_delayed_landmark_choice,sparse_aliased,temporal_full,0.5,one_hot,0,lin_block_r5_l64,5,64,68,independent_blocks,23,5023,199,85,6,0.7294117647058823,nan,nan,0.7529411764705882
long_aliased_t_maze,long_cue_dependent_navigation,long_delayed_landmark_choice,sparse_aliased,temporal_cue_then_blank,0.5,one_hot,0,memoryless_linear,,,,,11,6011,199,85,6,0.5058823529411764,nan,nan,0.4823529411764706
long_aliased_t_maze,long_cue_dependent_navigation,long_delayed_landmark_choice,sparse_aliased,temporal_cue_then_blank,0.5,one_hot,0,memoryless_mlp,,,,,11,6011,199,85,6,0.5058823529411764,nan,nan,0.4823529411764706
long_aliased_t_maze,long_cue_dependent_navigation,long_delayed_landmark_choice,sparse_aliased,temporal_cue_then_blank,0.5,one_hot,0,history_linear_h4,,,,,11,6011,199,85,6,0.5058823529411764,nan,nan,0.4823529411764706
long_aliased_t_maze,long_cue_dependent_navigation,long_delayed_landmark_choice,sparse_aliased,temporal_cue_then_blank,0.5,one_hot,0,history_linear_h16,,,,,11,6011,199,85,6,0.3411764705882353,nan,nan,0.47058823529411764
long_aliased_t_maze,long_cue_dependent_navigation,long_delayed_landmark_choice,sparse_aliased,temporal_cue_then_blank,0.5,one_hot,0,history_linear_h64,,,,,11,6011,199,85,6,0.7176470588235294,nan,nan,0.36470588235294116
long_aliased_t_maze,long_cue_dependent_navigation,long_delayed_landmark_choice,sparse_aliased,temporal_cue_then_blank,0.5,one_hot,0,history_linear_h80,,,,,11,6011,199,85,6,1.0,nan,nan,0.6
long_aliased_t_maze,long_cue_dependent_navigation,long_delayed_landmark_choice,sparse_aliased,temporal_cue_then_blank,0.5,one_hot,0,numpy_rnn,,,,,11,6011,199,85,6,0.5058823529411764,nan,1.0629006594269719,0.4823529411764706
long_aliased_t_maze,long_cue_dependent_navigation,long_delayed_landmark_choice,sparse_aliased,temporal_cue_then_blank,0.5,one_hot,0,reservoir_random,,,,all_units,11,6042,199,85,6,0.49411764705882355,nan,nan,0.4823529411764706
long_aliased_t_maze,long_cue_dependent_navigation,long_delayed_landmark_choice,sparse_aliased,temporal_cue_then_blank,0.5,one_hot,0,reservoir_random,,,,all_units,11,6048,199,85,6,0.4823529411764706,nan,nan,0.49411764705882355
long_aliased_t_maze,long_cue_dependent_navigation,long_delayed_landmark_choice,sparse_aliased,temporal_cue_then_blank,0.5,one_hot,0,reservoir_random,,,,all_units,11,6052,199,85,6,0.47058823529411764,nan,nan,0.5176470588235295
long_aliased_t_maze,long_cue_dependent_navigation,long_delayed_landmark_choice,sparse_aliased,temporal_cue_then_blank,0.5,one_hot,0,reservoir_symmetric,,,,all_units,11,6042,199,85,6,0.5058823529411764,nan,nan,0.5058823529411764
long_aliased_t_maze,long_cue_dependent_navigation,long_delayed_landmark_choice,sparse_aliased,temporal_cue_then_blank,0.5,one_hot,0,reservoir_symmetric,,,,all_units,11,6048,199,85,6,0.5058823529411764,nan,nan,0.5294117647058824
long_aliased_t_maze,long_cue_dependent_navigation,long_delayed_landmark_choice,sparse_aliased,temporal_cue_then_blank,0.5,one_hot,0,reservoir_symmetric,,,,all_units,11,6052,199,85,6,0.5058823529411764,nan,nan,0.5058823529411764
long_aliased_t_maze,long_cue_dependent_navigation,long_delayed_landmark_choice,sparse_aliased,temporal_cue_then_blank,0.5,one_hot,0,reservoir_oscillatory,,,,all_units,11,6042,199,85,6,0.49411764705882355,nan,nan,0.43529411764705883
long_aliased_t_maze,long_cue_dependent_navigation,long_delayed_landmark_choice,sparse_aliased,temporal_cue_then_blank,0.5,one_hot,0,reservoir_oscillatory,,,,all_units,11,6048,199,85,6,0.49411764705882355,nan,nan,0.5176470588235295
long_aliased_t_maze,long_cue_dependent_navigation,long_delayed_landmark_choice,sparse_aliased,temporal_cue_then_blank,0.5,one_hot,0,reservoir_oscillatory,,,,all_units,11,6052,199,85,6,0.49411764705882355,nan,nan,0.4823529411764706
long_aliased_t_maze,long_cue_dependent_navigation,long_delayed_landmark_choice,sparse_aliased,temporal_cue_then_blank,0.5,one_hot,0,reservoir_orthogonal,,,,all_units,11,6042,199,85,6,0.43529411764705883,nan,nan,0.4
long_aliased_t_maze,long_cue_dependent_navigation,long_delayed_landmark_choice,sparse_aliased,temporal_cue_then_blank,0.5,one_hot,0,reservoir_orthogonal,,,,all_units,11,6048,199,85,6,0.4470588235294118,nan,nan,0.47058823529411764
long_aliased_t_maze,long_cue_dependent_navigation,long_delayed_landmark_choice,sparse_aliased,temporal_cue_then_blank,0.5,one_hot,0,reservoir_orthogonal,,,,all_units,11,6052,199,85,6,0.47058823529411764,nan,nan,0.5647058823529412
long_aliased_t_maze,long_cue_dependent_navigation,long_delayed_landmark_choice,sparse_aliased,temporal_cue_then_blank,0.5,one_hot,0,reservoir_nilpotent,,,,all_units,11,6042,199,85,6,0.4823529411764706,nan,nan,0.4588235294117647
long_aliased_t_maze,long_cue_dependent_navigation,long_delayed_landmark_choice,sparse_aliased,temporal_cue_then_blank,0.5,one_hot,0,reservoir_nilpotent,,,,all_units,11,6048,199,85,6,0.47058823529411764,nan,nan,0.4470588235294118
long_aliased_t_maze,long_cue_dependent_navigation,long_delayed_landmark_choice,sparse_aliased,temporal_cue_then_blank,0.5,one_hot,0,reservoir_nilpotent,,,,all_units,11,6052,199,85,6,0.5058823529411764,nan,nan,0.4823529411764706
long_aliased_t_maze,long_cue_dependent_navigation,long_delayed_landmark_choice,sparse_aliased,temporal_cue_then_blank,0.5,one_hot,0,reservoir_diagonal,,,,all_units,11,6042,199,85,6,0.5058823529411764,nan,nan,0.5176470588235295
long_aliased_t_maze,long_cue_dependent_navigation,long_delayed_landmark_choice,sparse_aliased,temporal_cue_then_blank,0.5,one_hot,0,reservoir_diagonal,,,,all_units,11,6048,199,85,6,0.5058823529411764,nan,nan,0.5764705882352941
long_aliased_t_maze,long_cue_dependent_navigation,long_delayed_landmark_choice,sparse_aliased,temporal_cue_then_blank,0.5,one_hot,0,reservoir_diagonal,,,,all_units,11,6052,199,85,6,0.5058823529411764,nan,nan,0.6
long_aliased_t_maze,long_cue_dependent_navigation,long_delayed_landmark_choice,sparse_aliased,temporal_cue_then_blank,0.5,one_hot,0,reservoir_low_rank,,,,all_units,11,6042,199,85,6,0.5058823529411764,nan,nan,0.49411764705882355
long_aliased_t_maze,long_cue_dependent_navigation,long_delayed_landmark_choice,sparse_aliased,temporal_cue_then_blank,0.5,one_hot,0,reservoir_low_rank,,,,all_units,11,6048,199,85,6,0.5647058823529412,nan,nan,0.4470588235294118
long_aliased_t_maze,long_cue_dependent_navigation,long_delayed_landmark_choice,sparse_aliased,temporal_cue_then_blank,0.5,one_hot,0,reservoir_low_rank,,,,all_units,11,6052,199,85,6,0.5058823529411764,nan,nan,0.5058823529411764
long_aliased_t_maze,long_cue_dependent_navigation,long_delayed_landmark_choice,sparse_aliased,temporal_cue_then_blank,0.5,one_hot,0,reservoir_sparse,,,,all_units,11,6042,199,85,6,0.49411764705882355,nan,nan,0.4823529411764706
long_aliased_t_maze,long_cue_dependent_navigation,long_delayed_landmark_choice,sparse_aliased,temporal_cue_then_blank,0.5,one_hot,0,reservoir_sparse,,,,all_units,11,6048,199,85,6,0.5058823529411764,nan,nan,0.47058823529411764
long_aliased_t_maze,long_cue_dependent_navigation,long_delayed_landmark_choice,sparse_aliased,temporal_cue_then_blank,0.5,one_hot,0,reservoir_sparse,,,,all_units,11,6052,199,85,6,0.49411764705882355,nan,nan,0.49411764705882355
long_aliased_t_maze,long_cue_dependent_navigation,long_delayed_landmark_choice,sparse_aliased,temporal_cue_then_blank,0.5,one_hot,0,reservoir_block_hybrid,,,,all_units,11,6042,199,85,6,0.5058823529411764,nan,nan,0.5058823529411764
long_aliased_t_maze,long_cue_dependent_navigation,long_delayed_landmark_choice,sparse_aliased,temporal_cue_then_blank,0.5,one_hot,0,reservoir_block_hybrid,,,,all_units,11,6048,199,85,6,0.4823529411764706,nan,nan,0.47058823529411764
long_aliased_t_maze,long_cue_dependent_navigation,long_delayed_landmark_choice,sparse_aliased,temporal_cue_then_blank,0.5,one_hot,0,reservoir_block_hybrid,,,,all_units,11,6052,199,85,6,0.5058823529411764,nan,nan,0.5176470588235295
long_aliased_t_maze,long_cue_dependent_navigation,long_delayed_landmark_choice,sparse_aliased,temporal_cue_then_blank,0.5,one_hot,0,lin_sequence_front_bands_r1_l2,1,2,2,front_bands,11,6621,199,85,6,0.5058823529411764,nan,nan,0.4823529411764706
long_aliased_t_maze,long_cue_dependent_navigation,long_delayed_landmark_choice,sparse_aliased,temporal_cue_then_blank,0.5,one_hot,0,lin_sequence_front_bands_r1_l2,1,2,2,front_bands,11,6627,199,85,6,0.5058823529411764,nan,nan,0.4823529411764706
long_aliased_t_maze,long_cue_dependent_navigation,long_delayed_landmark_choice,sparse_aliased,temporal_cue_then_blank,0.5,one_hot,0,lin_sequence_front_bands_r1_l2,1,2,2,front_bands,11,6631,199,85,6,0.5058823529411764,nan,nan,0.4823529411764706
long_aliased_t_maze,long_cue_dependent_navigation,long_delayed_landmark_choice,sparse_aliased,temporal_cue_then_blank,0.5,one_hot,0,lin_sequence_front_bands_r1_l4,1,4,4,front_bands,11,6683,199,85,6,0.5058823529411764,nan,nan,0.4823529411764706
long_aliased_t_maze,long_cue_dependent_navigation,long_delayed_landmark_choice,sparse_aliased,temporal_cue_then_blank,0.5,one_hot,0,lin_sequence_front_bands_r1_l4,1,4,4,front_bands,11,6689,199,85,6,0.5058823529411764,nan,nan,0.4823529411764706
long_aliased_t_maze,long_cue_dependent_navigation,long_delayed_landmark_choice,sparse_aliased,temporal_cue_then_blank,0.5,one_hot,0,lin_sequence_front_bands_r1_l4,1,4,4,front_bands,11,6693,199,85,6,0.5058823529411764,nan,nan,0.4823529411764706
long_aliased_t_maze,long_cue_dependent_navigation,long_delayed_landmark_choice,sparse_aliased,temporal_cue_then_blank,0.5,one_hot,0,lin_sequence_front_bands_r1_l8,1,8,8,front_bands,11,6807,199,85,6,0.5058823529411764,nan,nan,0.49411764705882355
long_aliased_t_maze,long_cue_dependent_navigation,long_delayed_landmark_choice,sparse_aliased,temporal_cue_then_blank,0.5,one_hot,0,lin_sequence_front_bands_r1_l8,1,8,8,front_bands,11,6813,199,85,6,0.5058823529411764,nan,nan,0.4823529411764706
long_aliased_t_maze,long_cue_dependent_navigation,long_delayed_landmark_choice,sparse_aliased,temporal_cue_then_blank,0.5,one_hot,0,lin_sequence_front_bands_r1_l8,1,8,8,front_bands,11,6817,199,85,6,0.5058823529411764,nan,nan,0.4823529411764706
long_aliased_t_maze,long_cue_dependent_navigation,long_delayed_landmark_choice,sparse_aliased,temporal_cue_then_blank,0.5,one_hot,0,lin_sequence_front_bands_r3_l2,3,2,4,front_bands,11,6655,199,85,6,0.5058823529411764,nan,nan,0.4823529411764706
long_aliased_t_maze,long_cue_dependent_navigation,long_delayed_landmark_choice,sparse_aliased,temporal_cue_then_blank,0.5,one_hot,0,lin_sequence_front_bands_r3_l2,3,2,4,front_bands,11,6661,199,85,6,0.5058823529411764,nan,nan,0.4823529411764706
long_aliased_t_maze,long_cue_dependent_navigation,long_delayed_landmark_choice,sparse_aliased,temporal_cue_then_blank,0.5,one_hot,0,lin_sequence_front_bands_r3_l2,3,2,4,front_bands,11,6665,199,85,6,0.5058823529411764,nan,nan,0.4823529411764706
long_aliased_t_maze,long_cue_dependent_navigation,long_delayed_landmark_choice,sparse_aliased,temporal_cue_then_blank,0.5,one_hot,0,lin_sequence_front_bands_r3_l4,3,4,6,front_bands,11,6717,199,85,6,0.5058823529411764,nan,nan,0.49411764705882355
long_aliased_t_maze,long_cue_dependent_navigation,long_delayed_landmark_choice,sparse_aliased,temporal_cue_then_blank,0.5,one_hot,0,lin_sequence_front_bands_r3_l4,3,4,6,front_bands,11,6723,199,85,6,0.5058823529411764,nan,nan,0.4823529411764706
long_aliased_t_maze,long_cue_dependent_navigation,long_delayed_landmark_choice,sparse_aliased,temporal_cue_then_blank,0.5,one_hot,0,lin_sequence_front_bands_r3_l4,3,4,6,front_bands,11,6727,199,85,6,0.5058823529411764,nan,nan,0.49411764705882355
long_aliased_t_maze,long_cue_dependent_navigation,long_delayed_landmark_choice,sparse_aliased,temporal_cue_then_blank,0.5,one_hot,0,lin_sequence_front_bands_r3_l8,3,8,10,front_bands,11,6841,199,85,6,0.5058823529411764,nan,nan,0.5058823529411764
long_aliased_t_maze,long_cue_dependent_navigation,long_delayed_landmark_choice,sparse_aliased,temporal_cue_then_blank,0.5,one_hot,0,lin_sequence_front_bands_r3_l8,3,8,10,front_bands,11,6847,199,85,6,0.49411764705882355,nan,nan,0.4823529411764706
long_aliased_t_maze,long_cue_dependent_navigation,long_delayed_landmark_choice,sparse_aliased,temporal_cue_then_blank,0.5,one_hot,0,lin_sequence_front_bands_r3_l8,3,8,10,front_bands,11,6851,199,85,6,0.5058823529411764,nan,nan,0.5058823529411764
long_aliased_t_maze,long_cue_dependent_navigation,long_delayed_landmark_choice,sparse_aliased,temporal_cue_then_blank,0.5,one_hot,0,lin_sequence_front_bands_r5_l2,5,2,6,front_bands,11,6689,199,85,6,0.49411764705882355,nan,nan,0.49411764705882355
long_aliased_t_maze,long_cue_dependent_navigation,long_delayed_landmark_choice,sparse_aliased,temporal_cue_then_blank,0.5,one_hot,0,lin_sequence_front_bands_r5_l2,5,2,6,front_bands,11,6695,199,85,6,0.49411764705882355,nan,nan,0.4823529411764706
long_aliased_t_maze,long_cue_dependent_navigation,long_delayed_landmark_choice,sparse_aliased,temporal_cue_then_blank,0.5,one_hot,0,lin_sequence_front_bands_r5_l2,5,2,6,front_bands,11,6699,199,85,6,0.49411764705882355,nan,nan,0.49411764705882355
long_aliased_t_maze,long_cue_dependent_navigation,long_delayed_landmark_choice,sparse_aliased,temporal_cue_then_blank,0.5,one_hot,0,lin_sequence_front_bands_r5_l4,5,4,8,front_bands,11,6751,199,85,6,0.5058823529411764,nan,nan,0.5058823529411764
long_aliased_t_maze,long_cue_dependent_navigation,long_delayed_landmark_choice,sparse_aliased,temporal_cue_then_blank,0.5,one_hot,0,lin_sequence_front_bands_r5_l4,5,4,8,front_bands,11,6757,199,85,6,0.49411764705882355,nan,nan,0.4823529411764706
long_aliased_t_maze,long_cue_dependent_navigation,long_delayed_landmark_choice,sparse_aliased,temporal_cue_then_blank,0.5,one_hot,0,lin_sequence_front_bands_r5_l4,5,4,8,front_bands,11,6761,199,85,6,0.5058823529411764,nan,nan,0.49411764705882355
long_aliased_t_maze,long_cue_dependent_navigation,long_delayed_landmark_choice,sparse_aliased,temporal_cue_then_blank,0.5,one_hot,0,lin_sequence_front_bands_r5_l8,5,8,12,front_bands,11,6875,199,85,6,0.49411764705882355,nan,nan,0.4588235294117647
long_aliased_t_maze,long_cue_dependent_navigation,long_delayed_landmark_choice,sparse_aliased,temporal_cue_then_blank,0.5,one_hot,0,lin_sequence_front_bands_r5_l8,5,8,12,front_bands,11,6881,199,85,6,0.5058823529411764,nan,nan,0.4588235294117647
long_aliased_t_maze,long_cue_dependent_navigation,long_delayed_landmark_choice,sparse_aliased,temporal_cue_then_blank,0.5,one_hot,0,lin_sequence_front_bands_r5_l8,5,8,12,front_bands,11,6885,199,85,6,0.47058823529411764,nan,nan,0.4823529411764706
long_aliased_t_maze,long_cue_dependent_navigation,long_delayed_landmark_choice,sparse_aliased,temporal_cue_then_blank,0.5,one_hot,0,lin_sequence_all_units_r3_l4,3,4,6,all_units,11,6717,199,85,6,0.5058823529411764,nan,nan,0.4823529411764706
long_aliased_t_maze,long_cue_dependent_navigation,long_delayed_landmark_choice,sparse_aliased,temporal_cue_then_blank,0.5,one_hot,0,lin_sequence_all_units_r3_l4,3,4,6,all_units,11,6723,199,85,6,0.49411764705882355,nan,nan,0.4823529411764706
long_aliased_t_maze,long_cue_dependent_navigation,long_delayed_landmark_choice,sparse_aliased,temporal_cue_then_blank,0.5,one_hot,0,lin_sequence_all_units_r3_l4,3,4,6,all_units,11,6727,199,85,6,0.5058823529411764,nan,nan,0.5058823529411764
long_aliased_t_maze,long_cue_dependent_navigation,long_delayed_landmark_choice,sparse_aliased,temporal_cue_then_blank,0.5,one_hot,0,lin_block_r1_l4,1,4,4,independent_blocks,11,6011,199,85,6,0.5058823529411764,nan,nan,0.4823529411764706
long_aliased_t_maze,long_cue_dependent_navigation,long_delayed_landmark_choice,sparse_aliased,temporal_cue_then_blank,0.5,one_hot,0,lin_block_r1_l16,1,16,16,independent_blocks,11,6011,199,85,6,0.5058823529411764,nan,nan,0.47058823529411764
long_aliased_t_maze,long_cue_dependent_navigation,long_delayed_landmark_choice,sparse_aliased,temporal_cue_then_blank,0.5,one_hot,0,lin_block_r1_l64,1,64,64,independent_blocks,11,6011,199,85,6,0.7176470588235294,nan,nan,0.36470588235294116
long_aliased_t_maze,long_cue_dependent_navigation,long_delayed_landmark_choice,sparse_aliased,temporal_cue_then_blank,0.5,one_hot,0,lin_block_r3_l4,3,4,6,independent_blocks,11,6011,199,85,6,0.5058823529411764,nan,nan,0.5058823529411764
long_aliased_t_maze,long_cue_dependent_navigation,long_delayed_landmark_choice,sparse_aliased,temporal_cue_then_blank,0.5,one_hot,0,lin_block_r3_l16,3,16,18,independent_blocks,11,6011,199,85,6,0.5058823529411764,nan,nan,0.5529411764705883
long_aliased_t_maze,long_cue_dependent_navigation,long_delayed_landmark_choice,sparse_aliased,temporal_cue_then_blank,0.5,one_hot,0,lin_block_r3_l64,3,64,66,independent_blocks,11,6011,199,85,6,0.7294117647058823,nan,nan,0.6705882352941176
long_aliased_t_maze,long_cue_dependent_navigation,long_delayed_landmark_choice,sparse_aliased,temporal_cue_then_blank,0.5,one_hot,0,lin_block_r5_l4,5,4,8,independent_blocks,11,6011,199,85,6,0.5058823529411764,nan,nan,0.5058823529411764
long_aliased_t_maze,long_cue_dependent_navigation,long_delayed_landmark_choice,sparse_aliased,temporal_cue_then_blank,0.5,one_hot,0,lin_block_r5_l16,5,16,20,independent_blocks,11,6011,199,85,6,0.5058823529411764,nan,nan,0.5764705882352941
long_aliased_t_maze,long_cue_dependent_navigation,long_delayed_landmark_choice,sparse_aliased,temporal_cue_then_blank,0.5,one_hot,0,lin_block_r5_l64,5,64,68,independent_blocks,11,6011,199,85,6,0.7294117647058823,nan,nan,0.7411764705882353
long_aliased_t_maze,long_cue_dependent_navigation,long_delayed_landmark_choice,sparse_aliased,temporal_cue_then_blank,0.5,one_hot,0,memoryless_linear,,,,,17,6017,199,85,6,0.5058823529411764,nan,nan,0.49411764705882355
long_aliased_t_maze,long_cue_dependent_navigation,long_delayed_landmark_choice,sparse_aliased,temporal_cue_then_blank,0.5,one_hot,0,memoryless_mlp,,,,,17,6017,199,85,6,0.5058823529411764,nan,nan,0.49411764705882355
long_aliased_t_maze,long_cue_dependent_navigation,long_delayed_landmark_choice,sparse_aliased,temporal_cue_then_blank,0.5,one_hot,0,history_linear_h4,,,,,17,6017,199,85,6,0.5058823529411764,nan,nan,0.49411764705882355
long_aliased_t_maze,long_cue_dependent_navigation,long_delayed_landmark_choice,sparse_aliased,temporal_cue_then_blank,0.5,one_hot,0,history_linear_h16,,,,,17,6017,199,85,6,0.5058823529411764,nan,nan,0.47058823529411764
long_aliased_t_maze,long_cue_dependent_navigation,long_delayed_landmark_choice,sparse_aliased,temporal_cue_then_blank,0.5,one_hot,0,history_linear_h64,,,,,17,6017,199,85,6,0.7058823529411765,nan,nan,0.3764705882352941
long_aliased_t_maze,long_cue_dependent_navigation,long_delayed_landmark_choice,sparse_aliased,temporal_cue_then_blank,0.5,one_hot,0,history_linear_h80,,,,,17,6017,199,85,6,1.0,nan,nan,0.6
long_aliased_t_maze,long_cue_dependent_navigation,long_delayed_landmark_choice,sparse_aliased,temporal_cue_then_blank,0.5,one_hot,0,numpy_rnn,,,,,17,6017,199,85,6,0.5058823529411764,nan,1.0689424617805672,0.5176470588235295
long_aliased_t_maze,long_cue_dependent_navigation,long_delayed_landmark_choice,sparse_aliased,temporal_cue_then_blank,0.5,one_hot,0,reservoir_random,,,,all_units,17,6048,199,85,6,0.4823529411764706,nan,nan,0.4470588235294118
long_aliased_t_maze,long_cue_dependent_navigation,long_delayed_landmark_choice,sparse_aliased,temporal_cue_then_blank,0.5,one_hot,0,reservoir_random,,,,all_units,17,6054,199,85,6,0.4117647058823529,nan,nan,0.4823529411764706
long_aliased_t_maze,long_cue_dependent_navigation,long_delayed_landmark_choice,sparse_aliased,temporal_cue_then_blank,0.5,one_hot,0,reservoir_random,,,,all_units,17,6058,199,85,6,0.4470588235294118,nan,nan,0.5764705882352941
long_aliased_t_maze,long_cue_dependent_navigation,long_delayed_landmark_choice,sparse_aliased,temporal_cue_then_blank,0.5,one_hot,0,reservoir_symmetric,,,,all_units,17,6048,199,85,6,0.49411764705882355,nan,nan,0.5411764705882353
long_aliased_t_maze,long_cue_dependent_navigation,long_delayed_landmark_choice,sparse_aliased,temporal_cue_then_blank,0.5,one_hot,0,reservoir_symmetric,,,,all_units,17,6054,199,85,6,0.49411764705882355,nan,nan,0.5294117647058824
long_aliased_t_maze,long_cue_dependent_navigation,long_delayed_landmark_choice,sparse_aliased,temporal_cue_then_blank,0.5,one_hot,0,reservoir_symmetric,,,,all_units,17,6058,199,85,6,0.5058823529411764,nan,nan,0.5529411764705883
long_aliased_t_maze,long_cue_dependent_navigation,long_delayed_landmark_choice,sparse_aliased,temporal_cue_then_blank,0.5,one_hot,0,reservoir_oscillatory,,,,all_units,17,6048,199,85,6,0.4235294117647059,nan,nan,0.4470588235294118
long_aliased_t_maze,long_cue_dependent_navigation,long_delayed_landmark_choice,sparse_aliased,temporal_cue_then_blank,0.5,one_hot,0,reservoir_oscillatory,,,,all_units,17,6054,199,85,6,0.4235294117647059,nan,nan,0.4588235294117647
long_aliased_t_maze,long_cue_dependent_navigation,long_delayed_landmark_choice,sparse_aliased,temporal_cue_then_blank,0.5,one_hot,0,reservoir_oscillatory,,,,all_units,17,6058,199,85,6,0.43529411764705883,nan,nan,0.4117647058823529
long_aliased_t_maze,long_cue_dependent_navigation,long_delayed_landmark_choice,sparse_aliased,temporal_cue_then_blank,0.5,one_hot,0,reservoir_orthogonal,,,,all_units,17,6048,199,85,6,0.43529411764705883,nan,nan,0.4823529411764706
long_aliased_t_maze,long_cue_dependent_navigation,long_delayed_landmark_choice,sparse_aliased,temporal_cue_then_blank,0.5,one_hot,0,reservoir_orthogonal,,,,all_units,17,6054,199,85,6,0.47058823529411764,nan,nan,0.4470588235294118
long_aliased_t_maze,long_cue_dependent_navigation,long_delayed_landmark_choice,sparse_aliased,temporal_cue_then_blank,0.5,one_hot,0,reservoir_orthogonal,,,,all_units,17,6058,199,85,6,0.4470588235294118,nan,nan,0.4235294117647059
long_aliased_t_maze,long_cue_dependent_navigation,long_delayed_landmark_choice,sparse_aliased,temporal_cue_then_blank,0.5,one_hot,0,reservoir_nilpotent,,,,all_units,17,6048,199,85,6,0.4588235294117647,nan,nan,0.43529411764705883
long_aliased_t_maze,long_cue_dependent_navigation,long_delayed_landmark_choice,sparse_aliased,temporal_cue_then_blank,0.5,one_hot,0,reservoir_nilpotent,,,,all_units,17,6054,199,85,6,0.4588235294117647,nan,nan,0.47058823529411764
long_aliased_t_maze,long_cue_dependent_navigation,long_delayed_landmark_choice,sparse_aliased,temporal_cue_then_blank,0.5,one_hot,0,reservoir_nilpotent,,,,all_units,17,6058,199,85,6,0.47058823529411764,nan,nan,0.4470588235294118
long_aliased_t_maze,long_cue_dependent_navigation,long_delayed_landmark_choice,sparse_aliased,temporal_cue_then_blank,0.5,one_hot,0,reservoir_diagonal,,,,all_units,17,6048,199,85,6,0.5058823529411764,nan,nan,0.6
long_aliased_t_maze,long_cue_dependent_navigation,long_delayed_landmark_choice,sparse_aliased,temporal_cue_then_blank,0.5,one_hot,0,reservoir_diagonal,,,,all_units,17,6054,199,85,6,0.5058823529411764,nan,nan,0.6352941176470588
long_aliased_t_maze,long_cue_dependent_navigation,long_delayed_landmark_choice,sparse_aliased,temporal_cue_then_blank,0.5,one_hot,0,reservoir_diagonal,,,,all_units,17,6058,199,85,6,0.5058823529411764,nan,nan,0.5764705882352941
long_aliased_t_maze,long_cue_dependent_navigation,long_delayed_landmark_choice,sparse_aliased,temporal_cue_then_blank,0.5,one_hot,0,reservoir_low_rank,,,,all_units,17,6048,199,85,6,0.49411764705882355,nan,nan,0.5176470588235295
long_aliased_t_maze,long_cue_dependent_navigation,long_delayed_landmark_choice,sparse_aliased,temporal_cue_then_blank,0.5,one_hot,0,reservoir_low_rank,,,,all_units,17,6054,199,85,6,0.49411764705882355,nan,nan,0.5058823529411764
long_aliased_t_maze,long_cue_dependent_navigation,long_delayed_landmark_choice,sparse_aliased,temporal_cue_then_blank,0.5,one_hot,0,reservoir_low_rank,,,,all_units,17,6058,199,85,6,0.5058823529411764,nan,nan,0.4588235294117647
long_aliased_t_maze,long_cue_dependent_navigation,long_delayed_landmark_choice,sparse_aliased,temporal_cue_then_blank,0.5,one_hot,0,reservoir_sparse,,,,all_units,17,6048,199,85,6,0.4588235294117647,nan,nan,0.4588235294117647
long_aliased_t_maze,long_cue_dependent_navigation,long_delayed_landmark_choice,sparse_aliased,temporal_cue_then_blank,0.5,one_hot,0,reservoir_sparse,,,,all_units,17,6054,199,85,6,0.4470588235294118,nan,nan,0.6235294117647059
long_aliased_t_maze,long_cue_dependent_navigation,long_delayed_landmark_choice,sparse_aliased,temporal_cue_then_blank,0.5,one_hot,0,reservoir_sparse,,,,all_units,17,6058,199,85,6,0.49411764705882355,nan,nan,0.4588235294117647
long_aliased_t_maze,long_cue_dependent_navigation,long_delayed_landmark_choice,sparse_aliased,temporal_cue_then_blank,0.5,one_hot,0,reservoir_block_hybrid,,,,all_units,17,6048,199,85,6,0.4823529411764706,nan,nan,0.4823529411764706
long_aliased_t_maze,long_cue_dependent_navigation,long_delayed_landmark_choice,sparse_aliased,temporal_cue_then_blank,0.5,one_hot,0,reservoir_block_hybrid,,,,all_units,17,6054,199,85,6,0.4470588235294118,nan,nan,0.43529411764705883
long_aliased_t_maze,long_cue_dependent_navigation,long_delayed_landmark_choice,sparse_aliased,temporal_cue_then_blank,0.5,one_hot,0,reservoir_block_hybrid,,,,all_units,17,6058,199,85,6,0.4470588235294118,nan,nan,0.4588235294117647
long_aliased_t_maze,long_cue_dependent_navigation,long_delayed_landmark_choice,sparse_aliased,temporal_cue_then_blank,0.5,one_hot,0,lin_sequence_front_bands_r1_l2,1,2,2,front_bands,17,6627,199,85,6,0.5058823529411764,nan,nan,0.49411764705882355
long_aliased_t_maze,long_cue_dependent_navigation,long_delayed_landmark_choice,sparse_aliased,temporal_cue_then_blank,0.5,one_hot,0,lin_sequence_front_bands_r1_l2,1,2,2,front_bands,17,6633,199,85,6,0.5058823529411764,nan,nan,0.49411764705882355
long_aliased_t_maze,long_cue_dependent_navigation,long_delayed_landmark_choice,sparse_aliased,temporal_cue_then_blank,0.5,one_hot,0,lin_sequence_front_bands_r1_l2,1,2,2,front_bands,17,6637,199,85,6,0.5058823529411764,nan,nan,0.49411764705882355
long_aliased_t_maze,long_cue_dependent_navigation,long_delayed_landmark_choice,sparse_aliased,temporal_cue_then_blank,0.5,one_hot,0,lin_sequence_front_bands_r1_l4,1,4,4,front_bands,17,6689,199,85,6,0.5058823529411764,nan,nan,0.49411764705882355
long_aliased_t_maze,long_cue_dependent_navigation,long_delayed_landmark_choice,sparse_aliased,temporal_cue_then_blank,0.5,one_hot,0,lin_sequence_front_bands_r1_l4,1,4,4,front_bands,17,6695,199,85,6,0.5058823529411764,nan,nan,0.49411764705882355
long_aliased_t_maze,long_cue_dependent_navigation,long_delayed_landmark_choice,sparse_aliased,temporal_cue_then_blank,0.5,one_hot,0,lin_sequence_front_bands_r1_l4,1,4,4,front_bands,17,6699,199,85,6,0.5058823529411764,nan,nan,0.49411764705882355
long_aliased_t_maze,long_cue_dependent_navigation,long_delayed_landmark_choice,sparse_aliased,temporal_cue_then_blank,0.5,one_hot,0,lin_sequence_front_bands_r1_l8,1,8,8,front_bands,17,6813,199,85,6,0.5058823529411764,nan,nan,0.47058823529411764
long_aliased_t_maze,long_cue_dependent_navigation,long_delayed_landmark_choice,sparse_aliased,temporal_cue_then_blank,0.5,one_hot,0,lin_sequence_front_bands_r1_l8,1,8,8,front_bands,17,6819,199,85,6,0.5058823529411764,nan,nan,0.5058823529411764
long_aliased_t_maze,long_cue_dependent_navigation,long_delayed_landmark_choice,sparse_aliased,temporal_cue_then_blank,0.5,one_hot,0,lin_sequence_front_bands_r1_l8,1,8,8,front_bands,17,6823,199,85,6,0.5058823529411764,nan,nan,0.4823529411764706
long_aliased_t_maze,long_cue_dependent_navigation,long_delayed_landmark_choice,sparse_aliased,temporal_cue_then_blank,0.5,one_hot,0,lin_sequence_front_bands_r3_l2,3,2,4,front_bands,17,6661,199,85,6,0.5058823529411764,nan,nan,0.49411764705882355
long_aliased_t_maze,long_cue_dependent_navigation,long_delayed_landmark_choice,sparse_aliased,temporal_cue_then_blank,0.5,one_hot,0,lin_sequence_front_bands_r3_l2,3,2,4,front_bands,17,6667,199,85,6,0.5058823529411764,nan,nan,0.5058823529411764
long_aliased_t_maze,long_cue_dependent_navigation,long_delayed_landmark_choice,sparse_aliased,temporal_cue_then_blank,0.5,one_hot,0,lin_sequence_front_bands_r3_l2,3,2,4,front_bands,17,6671,199,85,6,0.5058823529411764,nan,nan,0.49411764705882355
long_aliased_t_maze,long_cue_dependent_navigation,long_delayed_landmark_choice,sparse_aliased,temporal_cue_then_blank,0.5,one_hot,0,lin_sequence_front_bands_r3_l4,3,4,6,front_bands,17,6723,199,85,6,0.49411764705882355,nan,nan,0.5058823529411764
long_aliased_t_maze,long_cue_dependent_navigation,long_delayed_landmark_choice,sparse_aliased,temporal_cue_then_blank,0.5,one_hot,0,lin_sequence_front_bands_r3_l4,3,4,6,front_bands,17,6729,199,85,6,0.5058823529411764,nan,nan,0.5058823529411764
long_aliased_t_maze,long_cue_dependent_navigation,long_delayed_landmark_choice,sparse_aliased,temporal_cue_then_blank,0.5,one_hot,0,lin_sequence_front_bands_r3_l4,3,4,6,front_bands,17,6733,199,85,6,0.4823529411764706,nan,nan,0.5058823529411764
long_aliased_t_maze,long_cue_dependent_navigation,long_delayed_landmark_choice,sparse_aliased,temporal_cue_then_blank,0.5,one_hot,0,lin_sequence_front_bands_r3_l8,3,8,10,front_bands,17,6847,199,85,6,0.47058823529411764,nan,nan,0.47058823529411764
long_aliased_t_maze,long_cue_dependent_navigation,long_delayed_landmark_choice,sparse_aliased,temporal_cue_then_blank,0.5,one_hot,0,lin_sequence_front_bands_r3_l8,3,8,10,front_bands,17,6853,199,85,6,0.5058823529411764,nan,nan,0.4823529411764706
long_aliased_t_maze,long_cue_dependent_navigation,long_delayed_landmark_choice,sparse_aliased,temporal_cue_then_blank,0.5,one_hot,0,lin_sequence_front_bands_r3_l8,3,8,10,front_bands,17,6857,199,85,6,0.5058823529411764,nan,nan,0.4823529411764706
long_aliased_t_maze,long_cue_dependent_navigation,long_delayed_landmark_choice,sparse_aliased,temporal_cue_then_blank,0.5,one_hot,0,lin_sequence_front_bands_r5_l2,5,2,6,front_bands,17,6695,199,85,6,0.4823529411764706,nan,nan,0.4823529411764706
long_aliased_t_maze,long_cue_dependent_navigation,long_delayed_landmark_choice,sparse_aliased,temporal_cue_then_blank,0.5,one_hot,0,lin_sequence_front_bands_r5_l2,5,2,6,front_bands,17,6701,199,85,6,0.5058823529411764,nan,nan,0.4823529411764706
long_aliased_t_maze,long_cue_dependent_navigation,long_delayed_landmark_choice,sparse_aliased,temporal_cue_then_blank,0.5,one_hot,0,lin_sequence_front_bands_r5_l2,5,2,6,front_bands,17,6705,199,85,6,0.49411764705882355,nan,nan,0.4823529411764706
long_aliased_t_maze,long_cue_dependent_navigation,long_delayed_landmark_choice,sparse_aliased,temporal_cue_then_blank,0.5,one_hot,0,lin_sequence_front_bands_r5_l4,5,4,8,front_bands,17,6757,199,85,6,0.5058823529411764,nan,nan,0.49411764705882355
long_aliased_t_maze,long_cue_dependent_navigation,long_delayed_landmark_choice,sparse_aliased,temporal_cue_then_blank,0.5,one_hot,0,lin_sequence_front_bands_r5_l4,5,4,8,front_bands,17,6763,199,85,6,0.5058823529411764,nan,nan,0.5058823529411764
long_aliased_t_maze,long_cue_dependent_navigation,long_delayed_landmark_choice,sparse_aliased,temporal_cue_then_blank,0.5,one_hot,0,lin_sequence_front_bands_r5_l4,5,4,8,front_bands,17,6767,199,85,6,0.5058823529411764,nan,nan,0.4823529411764706
long_aliased_t_maze,long_cue_dependent_navigation,long_delayed_landmark_choice,sparse_aliased,temporal_cue_then_blank,0.5,one_hot,0,lin_sequence_front_bands_r5_l8,5,8,12,front_bands,17,6881,199,85,6,0.5058823529411764,nan,nan,0.4823529411764706
long_aliased_t_maze,long_cue_dependent_navigation,long_delayed_landmark_choice,sparse_aliased,temporal_cue_then_blank,0.5,one_hot,0,lin_sequence_front_bands_r5_l8,5,8,12,front_bands,17,6887,199,85,6,0.5058823529411764,nan,nan,0.47058823529411764
long_aliased_t_maze,long_cue_dependent_navigation,long_delayed_landmark_choice,sparse_aliased,temporal_cue_then_blank,0.5,one_hot,0,lin_sequence_front_bands_r5_l8,5,8,12,front_bands,17,6891,199,85,6,0.49411764705882355,nan,nan,0.4823529411764706
long_aliased_t_maze,long_cue_dependent_navigation,long_delayed_landmark_choice,sparse_aliased,temporal_cue_then_blank,0.5,one_hot,0,lin_sequence_all_units_r3_l4,3,4,6,all_units,17,6723,199,85,6,0.49411764705882355,nan,nan,0.5058823529411764
long_aliased_t_maze,long_cue_dependent_navigation,long_delayed_landmark_choice,sparse_aliased,temporal_cue_then_blank,0.5,one_hot,0,lin_sequence_all_units_r3_l4,3,4,6,all_units,17,6729,199,85,6,0.5058823529411764,nan,nan,0.5176470588235295
long_aliased_t_maze,long_cue_dependent_navigation,long_delayed_landmark_choice,sparse_aliased,temporal_cue_then_blank,0.5,one_hot,0,lin_sequence_all_units_r3_l4,3,4,6,all_units,17,6733,199,85,6,0.5058823529411764,nan,nan,0.5176470588235295
long_aliased_t_maze,long_cue_dependent_navigation,long_delayed_landmark_choice,sparse_aliased,temporal_cue_then_blank,0.5,one_hot,0,lin_block_r1_l4,1,4,4,independent_blocks,17,6017,199,85,6,0.5058823529411764,nan,nan,0.49411764705882355
long_aliased_t_maze,long_cue_dependent_navigation,long_delayed_landmark_choice,sparse_aliased,temporal_cue_then_blank,0.5,one_hot,0,lin_block_r1_l16,1,16,16,independent_blocks,17,6017,199,85,6,0.5058823529411764,nan,nan,0.47058823529411764
long_aliased_t_maze,long_cue_dependent_navigation,long_delayed_landmark_choice,sparse_aliased,temporal_cue_then_blank,0.5,one_hot,0,lin_block_r1_l64,1,64,64,independent_blocks,17,6017,199,85,6,0.7058823529411765,nan,nan,0.36470588235294116
long_aliased_t_maze,long_cue_dependent_navigation,long_delayed_landmark_choice,sparse_aliased,temporal_cue_then_blank,0.5,one_hot,0,lin_block_r3_l4,3,4,6,independent_blocks,17,6017,199,85,6,0.5058823529411764,nan,nan,0.5176470588235295
long_aliased_t_maze,long_cue_dependent_navigation,long_delayed_landmark_choice,sparse_aliased,temporal_cue_then_blank,0.5,one_hot,0,lin_block_r3_l16,3,16,18,independent_blocks,17,6017,199,85,6,0.5058823529411764,nan,nan,0.5764705882352941
long_aliased_t_maze,long_cue_dependent_navigation,long_delayed_landmark_choice,sparse_aliased,temporal_cue_then_blank,0.5,one_hot,0,lin_block_r3_l64,3,64,66,independent_blocks,17,6017,199,85,6,0.7176470588235294,nan,nan,0.7411764705882353
long_aliased_t_maze,long_cue_dependent_navigation,long_delayed_landmark_choice,sparse_aliased,temporal_cue_then_blank,0.5,one_hot,0,lin_block_r5_l4,5,4,8,independent_blocks,17,6017,199,85,6,0.5058823529411764,nan,nan,0.5294117647058824
long_aliased_t_maze,long_cue_dependent_navigation,long_delayed_landmark_choice,sparse_aliased,temporal_cue_then_blank,0.5,one_hot,0,lin_block_r5_l16,5,16,20,independent_blocks,17,6017,199,85,6,0.5058823529411764,nan,nan,0.5529411764705883
long_aliased_t_maze,long_cue_dependent_navigation,long_delayed_landmark_choice,sparse_aliased,temporal_cue_then_blank,0.5,one_hot,0,lin_block_r5_l64,5,64,68,independent_blocks,17,6017,199,85,6,0.7411764705882353,nan,nan,0.7411764705882353
long_aliased_t_maze,long_cue_dependent_navigation,long_delayed_landmark_choice,sparse_aliased,temporal_cue_then_blank,0.5,one_hot,0,memoryless_linear,,,,,23,6023,199,85,6,0.5058823529411764,nan,nan,0.4823529411764706
long_aliased_t_maze,long_cue_dependent_navigation,long_delayed_landmark_choice,sparse_aliased,temporal_cue_then_blank,0.5,one_hot,0,memoryless_mlp,,,,,23,6023,199,85,6,0.5058823529411764,nan,nan,0.4823529411764706
long_aliased_t_maze,long_cue_dependent_navigation,long_delayed_landmark_choice,sparse_aliased,temporal_cue_then_blank,0.5,one_hot,0,history_linear_h4,,,,,23,6023,199,85,6,0.5058823529411764,nan,nan,0.47058823529411764
long_aliased_t_maze,long_cue_dependent_navigation,long_delayed_landmark_choice,sparse_aliased,temporal_cue_then_blank,0.5,one_hot,0,history_linear_h16,,,,,23,6023,199,85,6,0.5058823529411764,nan,nan,0.4588235294117647
long_aliased_t_maze,long_cue_dependent_navigation,long_delayed_landmark_choice,sparse_aliased,temporal_cue_then_blank,0.5,one_hot,0,history_linear_h64,,,,,23,6023,199,85,6,0.7176470588235294,nan,nan,0.3176470588235294
long_aliased_t_maze,long_cue_dependent_navigation,long_delayed_landmark_choice,sparse_aliased,temporal_cue_then_blank,0.5,one_hot,0,history_linear_h80,,,,,23,6023,199,85,6,1.0,nan,nan,0.5411764705882353
long_aliased_t_maze,long_cue_dependent_navigation,long_delayed_landmark_choice,sparse_aliased,temporal_cue_then_blank,0.5,one_hot,0,numpy_rnn,,,,,23,6023,199,85,6,0.5058823529411764,nan,1.083773848399445,0.49411764705882355
long_aliased_t_maze,long_cue_dependent_navigation,long_delayed_landmark_choice,sparse_aliased,temporal_cue_then_blank,0.5,one_hot,0,reservoir_random,,,,all_units,23,6054,199,85,6,0.43529411764705883,nan,nan,0.4235294117647059
long_aliased_t_maze,long_cue_dependent_navigation,long_delayed_landmark_choice,sparse_aliased,temporal_cue_then_blank,0.5,one_hot,0,reservoir_random,,,,all_units,23,6060,199,85,6,0.4588235294117647,nan,nan,0.4823529411764706
long_aliased_t_maze,long_cue_dependent_navigation,long_delayed_landmark_choice,sparse_aliased,temporal_cue_then_blank,0.5,one_hot,0,reservoir_random,,,,all_units,23,6064,199,85,6,0.4823529411764706,nan,nan,0.4588235294117647
long_aliased_t_maze,long_cue_dependent_navigation,long_delayed_landmark_choice,sparse_aliased,temporal_cue_then_blank,0.5,one_hot,0,reservoir_symmetric,,,,all_units,23,6054,199,85,6,0.5058823529411764,nan,nan,0.49411764705882355
long_aliased_t_maze,long_cue_dependent_navigation,long_delayed_landmark_choice,sparse_aliased,temporal_cue_then_blank,0.5,one_hot,0,reservoir_symmetric,,,,all_units,23,6060,199,85,6,0.49411764705882355,nan,nan,0.49411764705882355
long_aliased_t_maze,long_cue_dependent_navigation,long_delayed_landmark_choice,sparse_aliased,temporal_cue_then_blank,0.5,one_hot,0,reservoir_symmetric,,,,all_units,23,6064,199,85,6,0.5058823529411764,nan,nan,0.49411764705882355
long_aliased_t_maze,long_cue_dependent_navigation,long_delayed_landmark_choice,sparse_aliased,temporal_cue_then_blank,0.5,one_hot,0,reservoir_oscillatory,,,,all_units,23,6054,199,85,6,0.43529411764705883,nan,nan,0.47058823529411764
long_aliased_t_maze,long_cue_dependent_navigation,long_delayed_landmark_choice,sparse_aliased,temporal_cue_then_blank,0.5,one_hot,0,reservoir_oscillatory,,,,all_units,23,6060,199,85,6,0.4470588235294118,nan,nan,0.47058823529411764
long_aliased_t_maze,long_cue_dependent_navigation,long_delayed_landmark_choice,sparse_aliased,temporal_cue_then_blank,0.5,one_hot,0,reservoir_oscillatory,,,,all_units,23,6064,199,85,6,0.4588235294117647,nan,nan,0.4588235294117647
long_aliased_t_maze,long_cue_dependent_navigation,long_delayed_landmark_choice,sparse_aliased,temporal_cue_then_blank,0.5,one_hot,0,reservoir_orthogonal,,,,all_units,23,6054,199,85,6,0.4823529411764706,nan,nan,0.43529411764705883
long_aliased_t_maze,long_cue_dependent_navigation,long_delayed_landmark_choice,sparse_aliased,temporal_cue_then_blank,0.5,one_hot,0,reservoir_orthogonal,,,,all_units,23,6060,199,85,6,0.4823529411764706,nan,nan,0.4470588235294118
long_aliased_t_maze,long_cue_dependent_navigation,long_delayed_landmark_choice,sparse_aliased,temporal_cue_then_blank,0.5,one_hot,0,reservoir_orthogonal,,,,all_units,23,6064,199,85,6,0.4823529411764706,nan,nan,0.43529411764705883
long_aliased_t_maze,long_cue_dependent_navigation,long_delayed_landmark_choice,sparse_aliased,temporal_cue_then_blank,0.5,one_hot,0,reservoir_nilpotent,,,,all_units,23,6054,199,85,6,0.47058823529411764,nan,nan,0.47058823529411764
long_aliased_t_maze,long_cue_dependent_navigation,long_delayed_landmark_choice,sparse_aliased,temporal_cue_then_blank,0.5,one_hot,0,reservoir_nilpotent,,,,all_units,23,6060,199,85,6,0.4588235294117647,nan,nan,0.47058823529411764
long_aliased_t_maze,long_cue_dependent_navigation,long_delayed_landmark_choice,sparse_aliased,temporal_cue_then_blank,0.5,one_hot,0,reservoir_nilpotent,,,,all_units,23,6064,199,85,6,0.4823529411764706,nan,nan,0.4470588235294118
long_aliased_t_maze,long_cue_dependent_navigation,long_delayed_landmark_choice,sparse_aliased,temporal_cue_then_blank,0.5,one_hot,0,reservoir_diagonal,,,,all_units,23,6054,199,85,6,0.5058823529411764,nan,nan,0.6
long_aliased_t_maze,long_cue_dependent_navigation,long_delayed_landmark_choice,sparse_aliased,temporal_cue_then_blank,0.5,one_hot,0,reservoir_diagonal,,,,all_units,23,6060,199,85,6,0.4823529411764706,nan,nan,0.611764705882353
long_aliased_t_maze,long_cue_dependent_navigation,long_delayed_landmark_choice,sparse_aliased,temporal_cue_then_blank,0.5,one_hot,0,reservoir_diagonal,,,,all_units,23,6064,199,85,6,0.5058823529411764,nan,nan,0.611764705882353
long_aliased_t_maze,long_cue_dependent_navigation,long_delayed_landmark_choice,sparse_aliased,temporal_cue_then_blank,0.5,one_hot,0,reservoir_low_rank,,,,all_units,23,6054,199,85,6,0.5058823529411764,nan,nan,0.49411764705882355
long_aliased_t_maze,long_cue_dependent_navigation,long_delayed_landmark_choice,sparse_aliased,temporal_cue_then_blank,0.5,one_hot,0,reservoir_low_rank,,,,all_units,23,6060,199,85,6,0.5058823529411764,nan,nan,0.6
long_aliased_t_maze,long_cue_dependent_navigation,long_delayed_landmark_choice,sparse_aliased,temporal_cue_then_blank,0.5,one_hot,0,reservoir_low_rank,,,,all_units,23,6064,199,85,6,0.4823529411764706,nan,nan,0.5058823529411764
long_aliased_t_maze,long_cue_dependent_navigation,long_delayed_landmark_choice,sparse_aliased,temporal_cue_then_blank,0.5,one_hot,0,reservoir_sparse,,,,all_units,23,6054,199,85,6,0.4470588235294118,nan,nan,0.5176470588235295
long_aliased_t_maze,long_cue_dependent_navigation,long_delayed_landmark_choice,sparse_aliased,temporal_cue_then_blank,0.5,one_hot,0,reservoir_sparse,,,,all_units,23,6060,199,85,6,0.4823529411764706,nan,nan,0.4588235294117647
long_aliased_t_maze,long_cue_dependent_navigation,long_delayed_landmark_choice,sparse_aliased,temporal_cue_then_blank,0.5,one_hot,0,reservoir_sparse,,,,all_units,23,6064,199,85,6,0.49411764705882355,nan,nan,0.49411764705882355
long_aliased_t_maze,long_cue_dependent_navigation,long_delayed_landmark_choice,sparse_aliased,temporal_cue_then_blank,0.5,one_hot,0,reservoir_block_hybrid,,,,all_units,23,6054,199,85,6,0.4823529411764706,nan,nan,0.49411764705882355
long_aliased_t_maze,long_cue_dependent_navigation,long_delayed_landmark_choice,sparse_aliased,temporal_cue_then_blank,0.5,one_hot,0,reservoir_block_hybrid,,,,all_units,23,6060,199,85,6,0.47058823529411764,nan,nan,0.4588235294117647
long_aliased_t_maze,long_cue_dependent_navigation,long_delayed_landmark_choice,sparse_aliased,temporal_cue_then_blank,0.5,one_hot,0,reservoir_block_hybrid,,,,all_units,23,6064,199,85,6,0.47058823529411764,nan,nan,0.47058823529411764
long_aliased_t_maze,long_cue_dependent_navigation,long_delayed_landmark_choice,sparse_aliased,temporal_cue_then_blank,0.5,one_hot,0,lin_sequence_front_bands_r1_l2,1,2,2,front_bands,23,6633,199,85,6,0.5058823529411764,nan,nan,0.47058823529411764
long_aliased_t_maze,long_cue_dependent_navigation,long_delayed_landmark_choice,sparse_aliased,temporal_cue_then_blank,0.5,one_hot,0,lin_sequence_front_bands_r1_l2,1,2,2,front_bands,23,6639,199,85,6,0.5058823529411764,nan,nan,0.47058823529411764
long_aliased_t_maze,long_cue_dependent_navigation,long_delayed_landmark_choice,sparse_aliased,temporal_cue_then_blank,0.5,one_hot,0,lin_sequence_front_bands_r1_l2,1,2,2,front_bands,23,6643,199,85,6,0.5058823529411764,nan,nan,0.47058823529411764
long_aliased_t_maze,long_cue_dependent_navigation,long_delayed_landmark_choice,sparse_aliased,temporal_cue_then_blank,0.5,one_hot,0,lin_sequence_front_bands_r1_l4,1,4,4,front_bands,23,6695,199,85,6,0.5058823529411764,nan,nan,0.47058823529411764
long_aliased_t_maze,long_cue_dependent_navigation,long_delayed_landmark_choice,sparse_aliased,temporal_cue_then_blank,0.5,one_hot,0,lin_sequence_front_bands_r1_l4,1,4,4,front_bands,23,6701,199,85,6,0.5058823529411764,nan,nan,0.47058823529411764
long_aliased_t_maze,long_cue_dependent_navigation,long_delayed_landmark_choice,sparse_aliased,temporal_cue_then_blank,0.5,one_hot,0,lin_sequence_front_bands_r1_l4,1,4,4,front_bands,23,6705,199,85,6,0.5058823529411764,nan,nan,0.47058823529411764
long_aliased_t_maze,long_cue_dependent_navigation,long_delayed_landmark_choice,sparse_aliased,temporal_cue_then_blank,0.5,one_hot,0,lin_sequence_front_bands_r1_l8,1,8,8,front_bands,23,6819,199,85,6,0.5058823529411764,nan,nan,0.4823529411764706
long_aliased_t_maze,long_cue_dependent_navigation,long_delayed_landmark_choice,sparse_aliased,temporal_cue_then_blank,0.5,one_hot,0,lin_sequence_front_bands_r1_l8,1,8,8,front_bands,23,6825,199,85,6,0.4823529411764706,nan,nan,0.4588235294117647
long_aliased_t_maze,long_cue_dependent_navigation,long_delayed_landmark_choice,sparse_aliased,temporal_cue_then_blank,0.5,one_hot,0,lin_sequence_front_bands_r1_l8,1,8,8,front_bands,23,6829,199,85,6,0.5058823529411764,nan,nan,0.47058823529411764
long_aliased_t_maze,long_cue_dependent_navigation,long_delayed_landmark_choice,sparse_aliased,temporal_cue_then_blank,0.5,one_hot,0,lin_sequence_front_bands_r3_l2,3,2,4,front_bands,23,6667,199,85,6,0.5058823529411764,nan,nan,0.49411764705882355
long_aliased_t_maze,long_cue_dependent_navigation,long_delayed_landmark_choice,sparse_aliased,temporal_cue_then_blank,0.5,one_hot,0,lin_sequence_front_bands_r3_l2,3,2,4,front_bands,23,6673,199,85,6,0.5058823529411764,nan,nan,0.4823529411764706
long_aliased_t_maze,long_cue_dependent_navigation,long_delayed_landmark_choice,sparse_aliased,temporal_cue_then_blank,0.5,one_hot,0,lin_sequence_front_bands_r3_l2,3,2,4,front_bands,23,6677,199,85,6,0.49411764705882355,nan,nan,0.49411764705882355
long_aliased_t_maze,long_cue_dependent_navigation,long_delayed_landmark_choice,sparse_aliased,temporal_cue_then_blank,0.5,one_hot,0,lin_sequence_front_bands_r3_l4,3,4,6,front_bands,23,6729,199,85,6,0.5058823529411764,nan,nan,0.4823529411764706
long_aliased_t_maze,long_cue_dependent_navigation,long_delayed_landmark_choice,sparse_aliased,temporal_cue_then_blank,0.5,one_hot,0,lin_sequence_front_bands_r3_l4,3,4,6,front_bands,23,6735,199,85,6,0.5058823529411764,nan,nan,0.47058823529411764
long_aliased_t_maze,long_cue_dependent_navigation,long_delayed_landmark_choice,sparse_aliased,temporal_cue_then_blank,0.5,one_hot,0,lin_sequence_front_bands_r3_l4,3,4,6,front_bands,23,6739,199,85,6,0.4823529411764706,nan,nan,0.49411764705882355
long_aliased_t_maze,long_cue_dependent_navigation,long_delayed_landmark_choice,sparse_aliased,temporal_cue_then_blank,0.5,one_hot,0,lin_sequence_front_bands_r3_l8,3,8,10,front_bands,23,6853,199,85,6,0.4823529411764706,nan,nan,0.47058823529411764
long_aliased_t_maze,long_cue_dependent_navigation,long_delayed_landmark_choice,sparse_aliased,temporal_cue_then_blank,0.5,one_hot,0,lin_sequence_front_bands_r3_l8,3,8,10,front_bands,23,6859,199,85,6,0.5058823529411764,nan,nan,0.49411764705882355
long_aliased_t_maze,long_cue_dependent_navigation,long_delayed_landmark_choice,sparse_aliased,temporal_cue_then_blank,0.5,one_hot,0,lin_sequence_front_bands_r3_l8,3,8,10,front_bands,23,6863,199,85,6,0.49411764705882355,nan,nan,0.49411764705882355
long_aliased_t_maze,long_cue_dependent_navigation,long_delayed_landmark_choice,sparse_aliased,temporal_cue_then_blank,0.5,one_hot,0,lin_sequence_front_bands_r5_l2,5,2,6,front_bands,23,6701,199,85,6,0.47058823529411764,nan,nan,0.47058823529411764
long_aliased_t_maze,long_cue_dependent_navigation,long_delayed_landmark_choice,sparse_aliased,temporal_cue_then_blank,0.5,one_hot,0,lin_sequence_front_bands_r5_l2,5,2,6,front_bands,23,6707,199,85,6,0.49411764705882355,nan,nan,0.49411764705882355
long_aliased_t_maze,long_cue_dependent_navigation,long_delayed_landmark_choice,sparse_aliased,temporal_cue_then_blank,0.5,one_hot,0,lin_sequence_front_bands_r5_l2,5,2,6,front_bands,23,6711,199,85,6,0.5058823529411764,nan,nan,0.47058823529411764
long_aliased_t_maze,long_cue_dependent_navigation,long_delayed_landmark_choice,sparse_aliased,temporal_cue_then_blank,0.5,one_hot,0,lin_sequence_front_bands_r5_l4,5,4,8,front_bands,23,6763,199,85,6,0.49411764705882355,nan,nan,0.4588235294117647
long_aliased_t_maze,long_cue_dependent_navigation,long_delayed_landmark_choice,sparse_aliased,temporal_cue_then_blank,0.5,one_hot,0,lin_sequence_front_bands_r5_l4,5,4,8,front_bands,23,6769,199,85,6,0.5058823529411764,nan,nan,0.4823529411764706
long_aliased_t_maze,long_cue_dependent_navigation,long_delayed_landmark_choice,sparse_aliased,temporal_cue_then_blank,0.5,one_hot,0,lin_sequence_front_bands_r5_l4,5,4,8,front_bands,23,6773,199,85,6,0.49411764705882355,nan,nan,0.4823529411764706
long_aliased_t_maze,long_cue_dependent_navigation,long_delayed_landmark_choice,sparse_aliased,temporal_cue_then_blank,0.5,one_hot,0,lin_sequence_front_bands_r5_l8,5,8,12,front_bands,23,6887,199,85,6,0.49411764705882355,nan,nan,0.4588235294117647
long_aliased_t_maze,long_cue_dependent_navigation,long_delayed_landmark_choice,sparse_aliased,temporal_cue_then_blank,0.5,one_hot,0,lin_sequence_front_bands_r5_l8,5,8,12,front_bands,23,6893,199,85,6,0.5058823529411764,nan,nan,0.4588235294117647
long_aliased_t_maze,long_cue_dependent_navigation,long_delayed_landmark_choice,sparse_aliased,temporal_cue_then_blank,0.5,one_hot,0,lin_sequence_front_bands_r5_l8,5,8,12,front_bands,23,6897,199,85,6,0.4823529411764706,nan,nan,0.4823529411764706
long_aliased_t_maze,long_cue_dependent_navigation,long_delayed_landmark_choice,sparse_aliased,temporal_cue_then_blank,0.5,one_hot,0,lin_sequence_all_units_r3_l4,3,4,6,all_units,23,6729,199,85,6,0.5058823529411764,nan,nan,0.4823529411764706
long_aliased_t_maze,long_cue_dependent_navigation,long_delayed_landmark_choice,sparse_aliased,temporal_cue_then_blank,0.5,one_hot,0,lin_sequence_all_units_r3_l4,3,4,6,all_units,23,6735,199,85,6,0.5058823529411764,nan,nan,0.49411764705882355
long_aliased_t_maze,long_cue_dependent_navigation,long_delayed_landmark_choice,sparse_aliased,temporal_cue_then_blank,0.5,one_hot,0,lin_sequence_all_units_r3_l4,3,4,6,all_units,23,6739,199,85,6,0.4823529411764706,nan,nan,0.47058823529411764
long_aliased_t_maze,long_cue_dependent_navigation,long_delayed_landmark_choice,sparse_aliased,temporal_cue_then_blank,0.5,one_hot,0,lin_block_r1_l4,1,4,4,independent_blocks,23,6023,199,85,6,0.5058823529411764,nan,nan,0.47058823529411764
long_aliased_t_maze,long_cue_dependent_navigation,long_delayed_landmark_choice,sparse_aliased,temporal_cue_then_blank,0.5,one_hot,0,lin_block_r1_l16,1,16,16,independent_blocks,23,6023,199,85,6,0.5058823529411764,nan,nan,0.4470588235294118
long_aliased_t_maze,long_cue_dependent_navigation,long_delayed_landmark_choice,sparse_aliased,temporal_cue_then_blank,0.5,one_hot,0,lin_block_r1_l64,1,64,64,independent_blocks,23,6023,199,85,6,0.7176470588235294,nan,nan,0.3176470588235294
long_aliased_t_maze,long_cue_dependent_navigation,long_delayed_landmark_choice,sparse_aliased,temporal_cue_then_blank,0.5,one_hot,0,lin_block_r3_l4,3,4,6,independent_blocks,23,6023,199,85,6,0.5058823529411764,nan,nan,0.49411764705882355
long_aliased_t_maze,long_cue_dependent_navigation,long_delayed_landmark_choice,sparse_aliased,temporal_cue_then_blank,0.5,one_hot,0,lin_block_r3_l16,3,16,18,independent_blocks,23,6023,199,85,6,0.5058823529411764,nan,nan,0.5647058823529412
long_aliased_t_maze,long_cue_dependent_navigation,long_delayed_landmark_choice,sparse_aliased,temporal_cue_then_blank,0.5,one_hot,0,lin_block_r3_l64,3,64,66,independent_blocks,23,6023,199,85,6,0.7176470588235294,nan,nan,0.7058823529411765
long_aliased_t_maze,long_cue_dependent_navigation,long_delayed_landmark_choice,sparse_aliased,temporal_cue_then_blank,0.5,one_hot,0,lin_block_r5_l4,5,4,8,independent_blocks,23,6023,199,85,6,0.5058823529411764,nan,nan,0.5176470588235295
long_aliased_t_maze,long_cue_dependent_navigation,long_delayed_landmark_choice,sparse_aliased,temporal_cue_then_blank,0.5,one_hot,0,lin_block_r5_l16,5,16,20,independent_blocks,23,6023,199,85,6,0.5058823529411764,nan,nan,0.6
long_aliased_t_maze,long_cue_dependent_navigation,long_delayed_landmark_choice,sparse_aliased,temporal_cue_then_blank,0.5,one_hot,0,lin_block_r5_l64,5,64,68,independent_blocks,23,6023,199,85,6,0.7294117647058823,nan,nan,0.7529411764705882
long_aliased_t_maze,long_cue_dependent_navigation,long_delayed_landmark_choice,egocentric_landmark,temporal_full,0.5,one_hot,0,memoryless_linear,,,,,11,5111,199,85,6,0.7529411764705882,nan,nan,0.4823529411764706
long_aliased_t_maze,long_cue_dependent_navigation,long_delayed_landmark_choice,egocentric_landmark,temporal_full,0.5,one_hot,0,memoryless_mlp,,,,,11,5111,199,85,6,0.7529411764705882,nan,nan,0.4823529411764706
long_aliased_t_maze,long_cue_dependent_navigation,long_delayed_landmark_choice,egocentric_landmark,temporal_full,0.5,one_hot,0,history_linear_h4,,,,,11,5111,199,85,6,0.7529411764705882,nan,nan,0.4823529411764706
long_aliased_t_maze,long_cue_dependent_navigation,long_delayed_landmark_choice,egocentric_landmark,temporal_full,0.5,one_hot,0,history_linear_h16,,,,,11,5111,199,85,6,0.7529411764705882,nan,nan,0.47058823529411764
long_aliased_t_maze,long_cue_dependent_navigation,long_delayed_landmark_choice,egocentric_landmark,temporal_full,0.5,one_hot,0,history_linear_h64,,,,,11,5111,199,85,6,0.7529411764705882,nan,nan,0.3764705882352941
long_aliased_t_maze,long_cue_dependent_navigation,long_delayed_landmark_choice,egocentric_landmark,temporal_full,0.5,one_hot,0,history_linear_h80,,,,,11,5111,199,85,6,1.0,nan,nan,0.6
long_aliased_t_maze,long_cue_dependent_navigation,long_delayed_landmark_choice,egocentric_landmark,temporal_full,0.5,one_hot,0,numpy_rnn,,,,,11,5111,199,85,6,0.7529411764705882,nan,0.37630169439461814,0.49411764705882355
long_aliased_t_maze,long_cue_dependent_navigation,long_delayed_landmark_choice,egocentric_landmark,temporal_full,0.5,one_hot,0,reservoir_random,,,,all_units,11,5142,199,85,6,0.7529411764705882,nan,nan,0.5058823529411764
long_aliased_t_maze,long_cue_dependent_navigation,long_delayed_landmark_choice,egocentric_landmark,temporal_full,0.5,one_hot,0,reservoir_random,,,,all_units,11,5148,199,85,6,0.7529411764705882,nan,nan,0.4588235294117647
long_aliased_t_maze,long_cue_dependent_navigation,long_delayed_landmark_choice,egocentric_landmark,temporal_full,0.5,one_hot,0,reservoir_random,,,,all_units,11,5152,199,85,6,0.5058823529411764,nan,nan,0.4823529411764706
long_aliased_t_maze,long_cue_dependent_navigation,long_delayed_landmark_choice,egocentric_landmark,temporal_full,0.5,one_hot,0,reservoir_symmetric,,,,all_units,11,5142,199,85,6,0.7529411764705882,nan,nan,0.5058823529411764
long_aliased_t_maze,long_cue_dependent_navigation,long_delayed_landmark_choice,egocentric_landmark,temporal_full,0.5,one_hot,0,reservoir_symmetric,,,,all_units,11,5148,199,85,6,0.7529411764705882,nan,nan,0.5176470588235295
long_aliased_t_maze,long_cue_dependent_navigation,long_delayed_landmark_choice,egocentric_landmark,temporal_full,0.5,one_hot,0,reservoir_symmetric,,,,all_units,11,5152,199,85,6,1.0,nan,nan,0.49411764705882355
long_aliased_t_maze,long_cue_dependent_navigation,long_delayed_landmark_choice,egocentric_landmark,temporal_full,0.5,one_hot,0,reservoir_oscillatory,,,,all_units,11,5142,199,85,6,0.7529411764705882,nan,nan,0.47058823529411764
long_aliased_t_maze,long_cue_dependent_navigation,long_delayed_landmark_choice,egocentric_landmark,temporal_full,0.5,one_hot,0,reservoir_oscillatory,,,,all_units,11,5148,199,85,6,1.0,nan,nan,0.49411764705882355
long_aliased_t_maze,long_cue_dependent_navigation,long_delayed_landmark_choice,egocentric_landmark,temporal_full,0.5,one_hot,0,reservoir_oscillatory,,,,all_units,11,5152,199,85,6,0.7529411764705882,nan,nan,0.4470588235294118
long_aliased_t_maze,long_cue_dependent_navigation,long_delayed_landmark_choice,egocentric_landmark,temporal_full,0.5,one_hot,0,reservoir_orthogonal,,,,all_units,11,5142,199,85,6,1.0,nan,nan,0.47058823529411764
long_aliased_t_maze,long_cue_dependent_navigation,long_delayed_landmark_choice,egocentric_landmark,temporal_full,0.5,one_hot,0,reservoir_orthogonal,,,,all_units,11,5148,199,85,6,1.0,nan,nan,0.4588235294117647
long_aliased_t_maze,long_cue_dependent_navigation,long_delayed_landmark_choice,egocentric_landmark,temporal_full,0.5,one_hot,0,reservoir_orthogonal,,,,all_units,11,5152,199,85,6,0.7529411764705882,nan,nan,0.47058823529411764
long_aliased_t_maze,long_cue_dependent_navigation,long_delayed_landmark_choice,egocentric_landmark,temporal_full,0.5,one_hot,0,reservoir_nilpotent,,,,all_units,11,5142,199,85,6,0.7529411764705882,nan,nan,0.47058823529411764
long_aliased_t_maze,long_cue_dependent_navigation,long_delayed_landmark_choice,egocentric_landmark,temporal_full,0.5,one_hot,0,reservoir_nilpotent,,,,all_units,11,5148,199,85,6,0.7411764705882353,nan,nan,0.4235294117647059
long_aliased_t_maze,long_cue_dependent_navigation,long_delayed_landmark_choice,egocentric_landmark,temporal_full,0.5,one_hot,0,reservoir_nilpotent,,,,all_units,11,5152,199,85,6,0.7529411764705882,nan,nan,0.4823529411764706
long_aliased_t_maze,long_cue_dependent_navigation,long_delayed_landmark_choice,egocentric_landmark,temporal_full,0.5,one_hot,0,reservoir_diagonal,,,,all_units,11,5142,199,85,6,0.7529411764705882,nan,nan,0.5294117647058824
long_aliased_t_maze,long_cue_dependent_navigation,long_delayed_landmark_choice,egocentric_landmark,temporal_full,0.5,one_hot,0,reservoir_diagonal,,,,all_units,11,5148,199,85,6,0.7529411764705882,nan,nan,0.4823529411764706
long_aliased_t_maze,long_cue_dependent_navigation,long_delayed_landmark_choice,egocentric_landmark,temporal_full,0.5,one_hot,0,reservoir_diagonal,,,,all_units,11,5152,199,85,6,0.7529411764705882,nan,nan,0.5529411764705883
long_aliased_t_maze,long_cue_dependent_navigation,long_delayed_landmark_choice,egocentric_landmark,temporal_full,0.5,one_hot,0,reservoir_low_rank,,,,all_units,11,5142,199,85,6,0.7529411764705882,nan,nan,0.47058823529411764
long_aliased_t_maze,long_cue_dependent_navigation,long_delayed_landmark_choice,egocentric_landmark,temporal_full,0.5,one_hot,0,reservoir_low_rank,,,,all_units,11,5148,199,85,6,0.7529411764705882,nan,nan,0.24705882352941178
long_aliased_t_maze,long_cue_dependent_navigation,long_delayed_landmark_choice,egocentric_landmark,temporal_full,0.5,one_hot,0,reservoir_low_rank,,,,all_units,11,5152,199,85,6,0.7529411764705882,nan,nan,0.4823529411764706
long_aliased_t_maze,long_cue_dependent_navigation,long_delayed_landmark_choice,egocentric_landmark,temporal_full,0.5,one_hot,0,reservoir_sparse,,,,all_units,11,5142,199,85,6,0.5058823529411764,nan,nan,0.4823529411764706
long_aliased_t_maze,long_cue_dependent_navigation,long_delayed_landmark_choice,egocentric_landmark,temporal_full,0.5,one_hot,0,reservoir_sparse,,,,all_units,11,5148,199,85,6,0.7529411764705882,nan,nan,0.4823529411764706
long_aliased_t_maze,long_cue_dependent_navigation,long_delayed_landmark_choice,egocentric_landmark,temporal_full,0.5,one_hot,0,reservoir_sparse,,,,all_units,11,5152,199,85,6,0.7529411764705882,nan,nan,0.49411764705882355
long_aliased_t_maze,long_cue_dependent_navigation,long_delayed_landmark_choice,egocentric_landmark,temporal_full,0.5,one_hot,0,reservoir_block_hybrid,,,,all_units,11,5142,199,85,6,1.0,nan,nan,0.5529411764705883
long_aliased_t_maze,long_cue_dependent_navigation,long_delayed_landmark_choice,egocentric_landmark,temporal_full,0.5,one_hot,0,reservoir_block_hybrid,,,,all_units,11,5148,199,85,6,0.7529411764705882,nan,nan,0.47058823529411764
long_aliased_t_maze,long_cue_dependent_navigation,long_delayed_landmark_choice,egocentric_landmark,temporal_full,0.5,one_hot,0,reservoir_block_hybrid,,,,all_units,11,5152,199,85,6,0.7529411764705882,nan,nan,0.49411764705882355
long_aliased_t_maze,long_cue_dependent_navigation,long_delayed_landmark_choice,egocentric_landmark,temporal_full,0.5,one_hot,0,lin_sequence_front_bands_r1_l2,1,2,2,front_bands,11,5721,199,85,6,0.7529411764705882,nan,nan,0.4823529411764706
long_aliased_t_maze,long_cue_dependent_navigation,long_delayed_landmark_choice,egocentric_landmark,temporal_full,0.5,one_hot,0,lin_sequence_front_bands_r1_l2,1,2,2,front_bands,11,5727,199,85,6,0.7529411764705882,nan,nan,0.4823529411764706
long_aliased_t_maze,long_cue_dependent_navigation,long_delayed_landmark_choice,egocentric_landmark,temporal_full,0.5,one_hot,0,lin_sequence_front_bands_r1_l2,1,2,2,front_bands,11,5731,199,85,6,0.7411764705882353,nan,nan,0.4823529411764706
long_aliased_t_maze,long_cue_dependent_navigation,long_delayed_landmark_choice,egocentric_landmark,temporal_full,0.5,one_hot,0,lin_sequence_front_bands_r1_l4,1,4,4,front_bands,11,5783,199,85,6,0.7529411764705882,nan,nan,0.4823529411764706
long_aliased_t_maze,long_cue_dependent_navigation,long_delayed_landmark_choice,egocentric_landmark,temporal_full,0.5,one_hot,0,lin_sequence_front_bands_r1_l4,1,4,4,front_bands,11,5789,199,85,6,0.7529411764705882,nan,nan,0.4823529411764706
long_aliased_t_maze,long_cue_dependent_navigation,long_delayed_landmark_choice,egocentric_landmark,temporal_full,0.5,one_hot,0,lin_sequence_front_bands_r1_l4,1,4,4,front_bands,11,5793,199,85,6,0.7529411764705882,nan,nan,0.4823529411764706
long_aliased_t_maze,long_cue_dependent_navigation,long_delayed_landmark_choice,egocentric_landmark,temporal_full,0.5,one_hot,0,lin_sequence_front_bands_r1_l8,1,8,8,front_bands,11,5907,199,85,6,0.7529411764705882,nan,nan,0.4823529411764706
long_aliased_t_maze,long_cue_dependent_navigation,long_delayed_landmark_choice,egocentric_landmark,temporal_full,0.5,one_hot,0,lin_sequence_front_bands_r1_l8,1,8,8,front_bands,11,5913,199,85,6,0.7529411764705882,nan,nan,0.49411764705882355
long_aliased_t_maze,long_cue_dependent_navigation,long_delayed_landmark_choice,egocentric_landmark,temporal_full,0.5,one_hot,0,lin_sequence_front_bands_r1_l8,1,8,8,front_bands,11,5917,199,85,6,0.7529411764705882,nan,nan,0.4823529411764706
long_aliased_t_maze,long_cue_dependent_navigation,long_delayed_landmark_choice,egocentric_landmark,temporal_full,0.5,one_hot,0,lin_sequence_front_bands_r3_l2,3,2,4,front_bands,11,5755,199,85,6,0.7529411764705882,nan,nan,0.4823529411764706
long_aliased_t_maze,long_cue_dependent_navigation,long_delayed_landmark_choice,egocentric_landmark,temporal_full,0.5,one_hot,0,lin_sequence_front_bands_r3_l2,3,2,4,front_bands,11,5761,199,85,6,0.7529411764705882,nan,nan,0.49411764705882355
long_aliased_t_maze,long_cue_dependent_navigation,long_delayed_landmark_choice,egocentric_landmark,temporal_full,0.5,one_hot,0,lin_sequence_front_bands_r3_l2,3,2,4,front_bands,11,5765,199,85,6,0.7529411764705882,nan,nan,0.4823529411764706
long_aliased_t_maze,long_cue_dependent_navigation,long_delayed_landmark_choice,egocentric_landmark,temporal_full,0.5,one_hot,0,lin_sequence_front_bands_r3_l4,3,4,6,front_bands,11,5817,199,85,6,0.7529411764705882,nan,nan,0.4823529411764706
long_aliased_t_maze,long_cue_dependent_navigation,long_delayed_landmark_choice,egocentric_landmark,temporal_full,0.5,one_hot,0,lin_sequence_front_bands_r3_l4,3,4,6,front_bands,11,5823,199,85,6,0.7529411764705882,nan,nan,0.49411764705882355
long_aliased_t_maze,long_cue_dependent_navigation,long_delayed_landmark_choice,egocentric_landmark,temporal_full,0.5,one_hot,0,lin_sequence_front_bands_r3_l4,3,4,6,front_bands,11,5827,199,85,6,0.7529411764705882,nan,nan,0.4823529411764706
long_aliased_t_maze,long_cue_dependent_navigation,long_delayed_landmark_choice,egocentric_landmark,temporal_full,0.5,one_hot,0,lin_sequence_front_bands_r3_l8,3,8,10,front_bands,11,5941,199,85,6,0.7529411764705882,nan,nan,0.4823529411764706
long_aliased_t_maze,long_cue_dependent_navigation,long_delayed_landmark_choice,egocentric_landmark,temporal_full,0.5,one_hot,0,lin_sequence_front_bands_r3_l8,3,8,10,front_bands,11,5947,199,85,6,0.7411764705882353,nan,nan,0.4823529411764706
long_aliased_t_maze,long_cue_dependent_navigation,long_delayed_landmark_choice,egocentric_landmark,temporal_full,0.5,one_hot,0,lin_sequence_front_bands_r3_l8,3,8,10,front_bands,11,5951,199,85,6,0.7529411764705882,nan,nan,0.4823529411764706
long_aliased_t_maze,long_cue_dependent_navigation,long_delayed_landmark_choice,egocentric_landmark,temporal_full,0.5,one_hot,0,lin_sequence_front_bands_r5_l2,5,2,6,front_bands,11,5789,199,85,6,0.7529411764705882,nan,nan,0.4823529411764706
long_aliased_t_maze,long_cue_dependent_navigation,long_delayed_landmark_choice,egocentric_landmark,temporal_full,0.5,one_hot,0,lin_sequence_front_bands_r5_l2,5,2,6,front_bands,11,5795,199,85,6,0.7529411764705882,nan,nan,0.4823529411764706
long_aliased_t_maze,long_cue_dependent_navigation,long_delayed_landmark_choice,egocentric_landmark,temporal_full,0.5,one_hot,0,lin_sequence_front_bands_r5_l2,5,2,6,front_bands,11,5799,199,85,6,0.7529411764705882,nan,nan,0.4823529411764706
long_aliased_t_maze,long_cue_dependent_navigation,long_delayed_landmark_choice,egocentric_landmark,temporal_full,0.5,one_hot,0,lin_sequence_front_bands_r5_l4,5,4,8,front_bands,11,5851,199,85,6,0.7529411764705882,nan,nan,0.49411764705882355
long_aliased_t_maze,long_cue_dependent_navigation,long_delayed_landmark_choice,egocentric_landmark,temporal_full,0.5,one_hot,0,lin_sequence_front_bands_r5_l4,5,4,8,front_bands,11,5857,199,85,6,0.7529411764705882,nan,nan,0.49411764705882355
long_aliased_t_maze,long_cue_dependent_navigation,long_delayed_landmark_choice,egocentric_landmark,temporal_full,0.5,one_hot,0,lin_sequence_front_bands_r5_l4,5,4,8,front_bands,11,5861,199,85,6,0.7529411764705882,nan,nan,0.4823529411764706
long_aliased_t_maze,long_cue_dependent_navigation,long_delayed_landmark_choice,egocentric_landmark,temporal_full,0.5,one_hot,0,lin_sequence_front_bands_r5_l8,5,8,12,front_bands,11,5975,199,85,6,0.7529411764705882,nan,nan,0.4823529411764706
long_aliased_t_maze,long_cue_dependent_navigation,long_delayed_landmark_choice,egocentric_landmark,temporal_full,0.5,one_hot,0,lin_sequence_front_bands_r5_l8,5,8,12,front_bands,11,5981,199,85,6,0.7529411764705882,nan,nan,0.4823529411764706
long_aliased_t_maze,long_cue_dependent_navigation,long_delayed_landmark_choice,egocentric_landmark,temporal_full,0.5,one_hot,0,lin_sequence_front_bands_r5_l8,5,8,12,front_bands,11,5985,199,85,6,0.7529411764705882,nan,nan,0.47058823529411764
long_aliased_t_maze,long_cue_dependent_navigation,long_delayed_landmark_choice,egocentric_landmark,temporal_full,0.5,one_hot,0,lin_sequence_all_units_r3_l4,3,4,6,all_units,11,5817,199,85,6,0.7529411764705882,nan,nan,0.49411764705882355
long_aliased_t_maze,long_cue_dependent_navigation,long_delayed_landmark_choice,egocentric_landmark,temporal_full,0.5,one_hot,0,lin_sequence_all_units_r3_l4,3,4,6,all_units,11,5823,199,85,6,0.7529411764705882,nan,nan,0.5058823529411764
long_aliased_t_maze,long_cue_dependent_navigation,long_delayed_landmark_choice,egocentric_landmark,temporal_full,0.5,one_hot,0,lin_sequence_all_units_r3_l4,3,4,6,all_units,11,5827,199,85,6,0.7529411764705882,nan,nan,0.4823529411764706
long_aliased_t_maze,long_cue_dependent_navigation,long_delayed_landmark_choice,egocentric_landmark,temporal_full,0.5,one_hot,0,lin_block_r1_l4,1,4,4,independent_blocks,11,5111,199,85,6,0.7529411764705882,nan,nan,0.4823529411764706
long_aliased_t_maze,long_cue_dependent_navigation,long_delayed_landmark_choice,egocentric_landmark,temporal_full,0.5,one_hot,0,lin_block_r1_l16,1,16,16,independent_blocks,11,5111,199,85,6,0.7529411764705882,nan,nan,0.4823529411764706
long_aliased_t_maze,long_cue_dependent_navigation,long_delayed_landmark_choice,egocentric_landmark,temporal_full,0.5,one_hot,0,lin_block_r1_l64,1,64,64,independent_blocks,11,5111,199,85,6,0.7529411764705882,nan,nan,0.36470588235294116
long_aliased_t_maze,long_cue_dependent_navigation,long_delayed_landmark_choice,egocentric_landmark,temporal_full,0.5,one_hot,0,lin_block_r3_l4,3,4,6,independent_blocks,11,5111,199,85,6,0.7529411764705882,nan,nan,0.5058823529411764
long_aliased_t_maze,long_cue_dependent_navigation,long_delayed_landmark_choice,egocentric_landmark,temporal_full,0.5,one_hot,0,lin_block_r3_l16,3,16,18,independent_blocks,11,5111,199,85,6,0.7529411764705882,nan,nan,0.5647058823529412
long_aliased_t_maze,long_cue_dependent_navigation,long_delayed_landmark_choice,egocentric_landmark,temporal_full,0.5,one_hot,0,lin_block_r3_l64,3,64,66,independent_blocks,11,5111,199,85,6,0.7529411764705882,nan,nan,0.6470588235294118
long_aliased_t_maze,long_cue_dependent_navigation,long_delayed_landmark_choice,egocentric_landmark,temporal_full,0.5,one_hot,0,lin_block_r5_l4,5,4,8,independent_blocks,11,5111,199,85,6,0.7529411764705882,nan,nan,0.5058823529411764
long_aliased_t_maze,long_cue_dependent_navigation,long_delayed_landmark_choice,egocentric_landmark,temporal_full,0.5,one_hot,0,lin_block_r5_l16,5,16,20,independent_blocks,11,5111,199,85,6,0.7529411764705882,nan,nan,0.5764705882352941
long_aliased_t_maze,long_cue_dependent_navigation,long_delayed_landmark_choice,egocentric_landmark,temporal_full,0.5,one_hot,0,lin_block_r5_l64,5,64,68,independent_blocks,11,5111,199,85,6,0.7529411764705882,nan,nan,0.7294117647058823
long_aliased_t_maze,long_cue_dependent_navigation,long_delayed_landmark_choice,egocentric_landmark,temporal_full,0.5,one_hot,0,memoryless_linear,,,,,17,5117,199,85,6,0.7529411764705882,nan,nan,0.49411764705882355
long_aliased_t_maze,long_cue_dependent_navigation,long_delayed_landmark_choice,egocentric_landmark,temporal_full,0.5,one_hot,0,memoryless_mlp,,,,,17,5117,199,85,6,0.7529411764705882,nan,nan,0.49411764705882355
long_aliased_t_maze,long_cue_dependent_navigation,long_delayed_landmark_choice,egocentric_landmark,temporal_full,0.5,one_hot,0,history_linear_h4,,,,,17,5117,199,85,6,0.7529411764705882,nan,nan,0.49411764705882355
long_aliased_t_maze,long_cue_dependent_navigation,long_delayed_landmark_choice,egocentric_landmark,temporal_full,0.5,one_hot,0,history_linear_h16,,,,,17,5117,199,85,6,0.7529411764705882,nan,nan,0.47058823529411764
long_aliased_t_maze,long_cue_dependent_navigation,long_delayed_landmark_choice,egocentric_landmark,temporal_full,0.5,one_hot,0,history_linear_h64,,,,,17,5117,199,85,6,0.7529411764705882,nan,nan,0.36470588235294116
long_aliased_t_maze,long_cue_dependent_navigation,long_delayed_landmark_choice,egocentric_landmark,temporal_full,0.5,one_hot,0,history_linear_h80,,,,,17,5117,199,85,6,1.0,nan,nan,0.6
long_aliased_t_maze,long_cue_dependent_navigation,long_delayed_landmark_choice,egocentric_landmark,temporal_full,0.5,one_hot,0,numpy_rnn,,,,,17,5117,199,85,6,0.7529411764705882,nan,0.37967513332227665,0.4823529411764706
long_aliased_t_maze,long_cue_dependent_navigation,long_delayed_landmark_choice,egocentric_landmark,temporal_full,0.5,one_hot,0,reservoir_random,,,,all_units,17,5148,199,85,6,0.7529411764705882,nan,nan,0.49411764705882355
long_aliased_t_maze,long_cue_dependent_navigation,long_delayed_landmark_choice,egocentric_landmark,temporal_full,0.5,one_hot,0,reservoir_random,,,,all_units,17,5154,199,85,6,1.0,nan,nan,0.24705882352941178
long_aliased_t_maze,long_cue_dependent_navigation,long_delayed_landmark_choice,egocentric_landmark,temporal_full,0.5,one_hot,0,reservoir_random,,,,all_units,17,5158,199,85,6,0.7529411764705882,nan,nan,0.4470588235294118
long_aliased_t_maze,long_cue_dependent_navigation,long_delayed_landmark_choice,egocentric_landmark,temporal_full,0.5,one_hot,0,reservoir_symmetric,,,,all_units,17,5148,199,85,6,0.7529411764705882,nan,nan,0.5176470588235295
long_aliased_t_maze,long_cue_dependent_navigation,long_delayed_landmark_choice,egocentric_landmark,temporal_full,0.5,one_hot,0,reservoir_symmetric,,,,all_units,17,5154,199,85,6,0.7529411764705882,nan,nan,0.5647058823529412
long_aliased_t_maze,long_cue_dependent_navigation,long_delayed_landmark_choice,egocentric_landmark,temporal_full,0.5,one_hot,0,reservoir_symmetric,,,,all_units,17,5158,199,85,6,0.7529411764705882,nan,nan,0.5529411764705883
long_aliased_t_maze,long_cue_dependent_navigation,long_delayed_landmark_choice,egocentric_landmark,temporal_full,0.5,one_hot,0,reservoir_oscillatory,,,,all_units,17,5148,199,85,6,0.5058823529411764,nan,nan,0.47058823529411764
long_aliased_t_maze,long_cue_dependent_navigation,long_delayed_landmark_choice,egocentric_landmark,temporal_full,0.5,one_hot,0,reservoir_oscillatory,,,,all_units,17,5154,199,85,6,1.0,nan,nan,0.43529411764705883
long_aliased_t_maze,long_cue_dependent_navigation,long_delayed_landmark_choice,egocentric_landmark,temporal_full,0.5,one_hot,0,reservoir_oscillatory,,,,all_units,17,5158,199,85,6,0.7529411764705882,nan,nan,0.4470588235294118
long_aliased_t_maze,long_cue_dependent_navigation,long_delayed_landmark_choice,egocentric_landmark,temporal_full,0.5,one_hot,0,reservoir_orthogonal,,,,all_units,17,5148,199,85,6,1.0,nan,nan,0.4470588235294118
long_aliased_t_maze,long_cue_dependent_navigation,long_delayed_landmark_choice,egocentric_landmark,temporal_full,0.5,one_hot,0,reservoir_orthogonal,,,,all_units,17,5154,199,85,6,0.5058823529411764,nan,nan,0.4470588235294118
long_aliased_t_maze,long_cue_dependent_navigation,long_delayed_landmark_choice,egocentric_landmark,temporal_full,0.5,one_hot,0,reservoir_orthogonal,,,,all_units,17,5158,199,85,6,0.7529411764705882,nan,nan,0.4588235294117647
long_aliased_t_maze,long_cue_dependent_navigation,long_delayed_landmark_choice,egocentric_landmark,temporal_full,0.5,one_hot,0,reservoir_nilpotent,,,,all_units,17,5148,199,85,6,0.7529411764705882,nan,nan,0.47058823529411764
long_aliased_t_maze,long_cue_dependent_navigation,long_delayed_landmark_choice,egocentric_landmark,temporal_full,0.5,one_hot,0,reservoir_nilpotent,,,,all_units,17,5154,199,85,6,0.7529411764705882,nan,nan,0.4588235294117647
long_aliased_t_maze,long_cue_dependent_navigation,long_delayed_landmark_choice,egocentric_landmark,temporal_full,0.5,one_hot,0,reservoir_nilpotent,,,,all_units,17,5158,199,85,6,0.7529411764705882,nan,nan,0.4823529411764706
long_aliased_t_maze,long_cue_dependent_navigation,long_delayed_landmark_choice,egocentric_landmark,temporal_full,0.5,one_hot,0,reservoir_diagonal,,,,all_units,17,5148,199,85,6,0.7529411764705882,nan,nan,0.49411764705882355
long_aliased_t_maze,long_cue_dependent_navigation,long_delayed_landmark_choice,egocentric_landmark,temporal_full,0.5,one_hot,0,reservoir_diagonal,,,,all_units,17,5154,199,85,6,0.7529411764705882,nan,nan,0.5764705882352941
long_aliased_t_maze,long_cue_dependent_navigation,long_delayed_landmark_choice,egocentric_landmark,temporal_full,0.5,one_hot,0,reservoir_diagonal,,,,all_units,17,5158,199,85,6,0.7529411764705882,nan,nan,0.6352941176470588
long_aliased_t_maze,long_cue_dependent_navigation,long_delayed_landmark_choice,egocentric_landmark,temporal_full,0.5,one_hot,0,reservoir_low_rank,,,,all_units,17,5148,199,85,6,0.7529411764705882,nan,nan,0.49411764705882355
long_aliased_t_maze,long_cue_dependent_navigation,long_delayed_landmark_choice,egocentric_landmark,temporal_full,0.5,one_hot,0,reservoir_low_rank,,,,all_units,17,5154,199,85,6,0.7529411764705882,nan,nan,0.49411764705882355
long_aliased_t_maze,long_cue_dependent_navigation,long_delayed_landmark_choice,egocentric_landmark,temporal_full,0.5,one_hot,0,reservoir_low_rank,,,,all_units,17,5158,199,85,6,1.0,nan,nan,0.7058823529411765
long_aliased_t_maze,long_cue_dependent_navigation,long_delayed_landmark_choice,egocentric_landmark,temporal_full,0.5,one_hot,0,reservoir_sparse,,,,all_units,17,5148,199,85,6,0.7529411764705882,nan,nan,0.49411764705882355
long_aliased_t_maze,long_cue_dependent_navigation,long_delayed_landmark_choice,egocentric_landmark,temporal_full,0.5,one_hot,0,reservoir_sparse,,,,all_units,17,5154,199,85,6,0.7529411764705882,nan,nan,0.4823529411764706
long_aliased_t_maze,long_cue_dependent_navigation,long_delayed_landmark_choice,egocentric_landmark,temporal_full,0.5,one_hot,0,reservoir_sparse,,,,all_units,17,5158,199,85,6,0.7529411764705882,nan,nan,0.5058823529411764
long_aliased_t_maze,long_cue_dependent_navigation,long_delayed_landmark_choice,egocentric_landmark,temporal_full,0.5,one_hot,0,reservoir_block_hybrid,,,,all_units,17,5148,199,85,6,0.7529411764705882,nan,nan,0.4588235294117647
long_aliased_t_maze,long_cue_dependent_navigation,long_delayed_landmark_choice,egocentric_landmark,temporal_full,0.5,one_hot,0,reservoir_block_hybrid,,,,all_units,17,5154,199,85,6,0.7529411764705882,nan,nan,0.47058823529411764
long_aliased_t_maze,long_cue_dependent_navigation,long_delayed_landmark_choice,egocentric_landmark,temporal_full,0.5,one_hot,0,reservoir_block_hybrid,,,,all_units,17,5158,199,85,6,0.7529411764705882,nan,nan,0.47058823529411764
long_aliased_t_maze,long_cue_dependent_navigation,long_delayed_landmark_choice,egocentric_landmark,temporal_full,0.5,one_hot,0,lin_sequence_front_bands_r1_l2,1,2,2,front_bands,17,5727,199,85,6,0.7529411764705882,nan,nan,0.49411764705882355
long_aliased_t_maze,long_cue_dependent_navigation,long_delayed_landmark_choice,egocentric_landmark,temporal_full,0.5,one_hot,0,lin_sequence_front_bands_r1_l2,1,2,2,front_bands,17,5733,199,85,6,0.7529411764705882,nan,nan,0.49411764705882355
long_aliased_t_maze,long_cue_dependent_navigation,long_delayed_landmark_choice,egocentric_landmark,temporal_full,0.5,one_hot,0,lin_sequence_front_bands_r1_l2,1,2,2,front_bands,17,5737,199,85,6,0.7529411764705882,nan,nan,0.49411764705882355
long_aliased_t_maze,long_cue_dependent_navigation,long_delayed_landmark_choice,egocentric_landmark,temporal_full,0.5,one_hot,0,lin_sequence_front_bands_r1_l4,1,4,4,front_bands,17,5789,199,85,6,0.7529411764705882,nan,nan,0.49411764705882355
long_aliased_t_maze,long_cue_dependent_navigation,long_delayed_landmark_choice,egocentric_landmark,temporal_full,0.5,one_hot,0,lin_sequence_front_bands_r1_l4,1,4,4,front_bands,17,5795,199,85,6,0.7529411764705882,nan,nan,0.49411764705882355
long_aliased_t_maze,long_cue_dependent_navigation,long_delayed_landmark_choice,egocentric_landmark,temporal_full,0.5,one_hot,0,lin_sequence_front_bands_r1_l4,1,4,4,front_bands,17,5799,199,85,6,0.7529411764705882,nan,nan,0.49411764705882355
long_aliased_t_maze,long_cue_dependent_navigation,long_delayed_landmark_choice,egocentric_landmark,temporal_full,0.5,one_hot,0,lin_sequence_front_bands_r1_l8,1,8,8,front_bands,17,5913,199,85,6,0.7529411764705882,nan,nan,0.4823529411764706
long_aliased_t_maze,long_cue_dependent_navigation,long_delayed_landmark_choice,egocentric_landmark,temporal_full,0.5,one_hot,0,lin_sequence_front_bands_r1_l8,1,8,8,front_bands,17,5919,199,85,6,0.7529411764705882,nan,nan,0.4823529411764706
long_aliased_t_maze,long_cue_dependent_navigation,long_delayed_landmark_choice,egocentric_landmark,temporal_full,0.5,one_hot,0,lin_sequence_front_bands_r1_l8,1,8,8,front_bands,17,5923,199,85,6,0.7411764705882353,nan,nan,0.4823529411764706
long_aliased_t_maze,long_cue_dependent_navigation,long_delayed_landmark_choice,egocentric_landmark,temporal_full,0.5,one_hot,0,lin_sequence_front_bands_r3_l2,3,2,4,front_bands,17,5761,199,85,6,0.7529411764705882,nan,nan,0.5058823529411764
long_aliased_t_maze,long_cue_dependent_navigation,long_delayed_landmark_choice,egocentric_landmark,temporal_full,0.5,one_hot,0,lin_sequence_front_bands_r3_l2,3,2,4,front_bands,17,5767,199,85,6,0.7529411764705882,nan,nan,0.49411764705882355
long_aliased_t_maze,long_cue_dependent_navigation,long_delayed_landmark_choice,egocentric_landmark,temporal_full,0.5,one_hot,0,lin_sequence_front_bands_r3_l2,3,2,4,front_bands,17,5771,199,85,6,0.7529411764705882,nan,nan,0.49411764705882355
long_aliased_t_maze,long_cue_dependent_navigation,long_delayed_landmark_choice,egocentric_landmark,temporal_full,0.5,one_hot,0,lin_sequence_front_bands_r3_l4,3,4,6,front_bands,17,5823,199,85,6,0.7529411764705882,nan,nan,0.4823529411764706
long_aliased_t_maze,long_cue_dependent_navigation,long_delayed_landmark_choice,egocentric_landmark,temporal_full,0.5,one_hot,0,lin_sequence_front_bands_r3_l4,3,4,6,front_bands,17,5829,199,85,6,0.7529411764705882,nan,nan,0.47058823529411764
long_aliased_t_maze,long_cue_dependent_navigation,long_delayed_landmark_choice,egocentric_landmark,temporal_full,0.5,one_hot,0,lin_sequence_front_bands_r3_l4,3,4,6,front_bands,17,5833,199,85,6,0.7529411764705882,nan,nan,0.4823529411764706
long_aliased_t_maze,long_cue_dependent_navigation,long_delayed_landmark_choice,egocentric_landmark,temporal_full,0.5,one_hot,0,lin_sequence_front_bands_r3_l8,3,8,10,front_bands,17,5947,199,85,6,0.7411764705882353,nan,nan,0.4588235294117647
long_aliased_t_maze,long_cue_dependent_navigation,long_delayed_landmark_choice,egocentric_landmark,temporal_full,0.5,one_hot,0,lin_sequence_front_bands_r3_l8,3,8,10,front_bands,17,5953,199,85,6,0.7529411764705882,nan,nan,0.47058823529411764
long_aliased_t_maze,long_cue_dependent_navigation,long_delayed_landmark_choice,egocentric_landmark,temporal_full,0.5,one_hot,0,lin_sequence_front_bands_r3_l8,3,8,10,front_bands,17,5957,199,85,6,0.7529411764705882,nan,nan,0.49411764705882355
long_aliased_t_maze,long_cue_dependent_navigation,long_delayed_landmark_choice,egocentric_landmark,temporal_full,0.5,one_hot,0,lin_sequence_front_bands_r5_l2,5,2,6,front_bands,17,5795,199,85,6,0.7529411764705882,nan,nan,0.49411764705882355
long_aliased_t_maze,long_cue_dependent_navigation,long_delayed_landmark_choice,egocentric_landmark,temporal_full,0.5,one_hot,0,lin_sequence_front_bands_r5_l2,5,2,6,front_bands,17,5801,199,85,6,0.7529411764705882,nan,nan,0.4823529411764706
long_aliased_t_maze,long_cue_dependent_navigation,long_delayed_landmark_choice,egocentric_landmark,temporal_full,0.5,one_hot,0,lin_sequence_front_bands_r5_l2,5,2,6,front_bands,17,5805,199,85,6,0.7529411764705882,nan,nan,0.49411764705882355
long_aliased_t_maze,long_cue_dependent_navigation,long_delayed_landmark_choice,egocentric_landmark,temporal_full,0.5,one_hot,0,lin_sequence_front_bands_r5_l4,5,4,8,front_bands,17,5857,199,85,6,0.7529411764705882,nan,nan,0.49411764705882355
long_aliased_t_maze,long_cue_dependent_navigation,long_delayed_landmark_choice,egocentric_landmark,temporal_full,0.5,one_hot,0,lin_sequence_front_bands_r5_l4,5,4,8,front_bands,17,5863,199,85,6,0.7529411764705882,nan,nan,0.49411764705882355
long_aliased_t_maze,long_cue_dependent_navigation,long_delayed_landmark_choice,egocentric_landmark,temporal_full,0.5,one_hot,0,lin_sequence_front_bands_r5_l4,5,4,8,front_bands,17,5867,199,85,6,0.7529411764705882,nan,nan,0.4823529411764706
long_aliased_t_maze,long_cue_dependent_navigation,long_delayed_landmark_choice,egocentric_landmark,temporal_full,0.5,one_hot,0,lin_sequence_front_bands_r5_l8,5,8,12,front_bands,17,5981,199,85,6,0.7411764705882353,nan,nan,0.49411764705882355
long_aliased_t_maze,long_cue_dependent_navigation,long_delayed_landmark_choice,egocentric_landmark,temporal_full,0.5,one_hot,0,lin_sequence_front_bands_r5_l8,5,8,12,front_bands,17,5987,199,85,6,0.7529411764705882,nan,nan,0.5058823529411764
long_aliased_t_maze,long_cue_dependent_navigation,long_delayed_landmark_choice,egocentric_landmark,temporal_full,0.5,one_hot,0,lin_sequence_front_bands_r5_l8,5,8,12,front_bands,17,5991,199,85,6,0.7529411764705882,nan,nan,0.49411764705882355
long_aliased_t_maze,long_cue_dependent_navigation,long_delayed_landmark_choice,egocentric_landmark,temporal_full,0.5,one_hot,0,lin_sequence_all_units_r3_l4,3,4,6,all_units,17,5823,199,85,6,0.7529411764705882,nan,nan,0.47058823529411764
long_aliased_t_maze,long_cue_dependent_navigation,long_delayed_landmark_choice,egocentric_landmark,temporal_full,0.5,one_hot,0,lin_sequence_all_units_r3_l4,3,4,6,all_units,17,5829,199,85,6,0.7529411764705882,nan,nan,0.4823529411764706
long_aliased_t_maze,long_cue_dependent_navigation,long_delayed_landmark_choice,egocentric_landmark,temporal_full,0.5,one_hot,0,lin_sequence_all_units_r3_l4,3,4,6,all_units,17,5833,199,85,6,0.7529411764705882,nan,nan,0.4823529411764706
long_aliased_t_maze,long_cue_dependent_navigation,long_delayed_landmark_choice,egocentric_landmark,temporal_full,0.5,one_hot,0,lin_block_r1_l4,1,4,4,independent_blocks,17,5117,199,85,6,0.7529411764705882,nan,nan,0.49411764705882355
long_aliased_t_maze,long_cue_dependent_navigation,long_delayed_landmark_choice,egocentric_landmark,temporal_full,0.5,one_hot,0,lin_block_r1_l16,1,16,16,independent_blocks,17,5117,199,85,6,0.7529411764705882,nan,nan,0.47058823529411764
long_aliased_t_maze,long_cue_dependent_navigation,long_delayed_landmark_choice,egocentric_landmark,temporal_full,0.5,one_hot,0,lin_block_r1_l64,1,64,64,independent_blocks,17,5117,199,85,6,0.7529411764705882,nan,nan,0.36470588235294116
long_aliased_t_maze,long_cue_dependent_navigation,long_delayed_landmark_choice,egocentric_landmark,temporal_full,0.5,one_hot,0,lin_block_r3_l4,3,4,6,independent_blocks,17,5117,199,85,6,0.7529411764705882,nan,nan,0.5176470588235295
long_aliased_t_maze,long_cue_dependent_navigation,long_delayed_landmark_choice,egocentric_landmark,temporal_full,0.5,one_hot,0,lin_block_r3_l16,3,16,18,independent_blocks,17,5117,199,85,6,0.7529411764705882,nan,nan,0.5764705882352941
long_aliased_t_maze,long_cue_dependent_navigation,long_delayed_landmark_choice,egocentric_landmark,temporal_full,0.5,one_hot,0,lin_block_r3_l64,3,64,66,independent_blocks,17,5117,199,85,6,0.7529411764705882,nan,nan,0.7411764705882353
long_aliased_t_maze,long_cue_dependent_navigation,long_delayed_landmark_choice,egocentric_landmark,temporal_full,0.5,one_hot,0,lin_block_r5_l4,5,4,8,independent_blocks,17,5117,199,85,6,0.7529411764705882,nan,nan,0.5294117647058824
long_aliased_t_maze,long_cue_dependent_navigation,long_delayed_landmark_choice,egocentric_landmark,temporal_full,0.5,one_hot,0,lin_block_r5_l16,5,16,20,independent_blocks,17,5117,199,85,6,0.7529411764705882,nan,nan,0.5529411764705883
long_aliased_t_maze,long_cue_dependent_navigation,long_delayed_landmark_choice,egocentric_landmark,temporal_full,0.5,one_hot,0,lin_block_r5_l64,5,64,68,independent_blocks,17,5117,199,85,6,0.7529411764705882,nan,nan,0.7411764705882353
long_aliased_t_maze,long_cue_dependent_navigation,long_delayed_landmark_choice,egocentric_landmark,temporal_full,0.5,one_hot,0,memoryless_linear,,,,,23,5123,199,85,6,0.7529411764705882,nan,nan,0.4823529411764706
long_aliased_t_maze,long_cue_dependent_navigation,long_delayed_landmark_choice,egocentric_landmark,temporal_full,0.5,one_hot,0,memoryless_mlp,,,,,23,5123,199,85,6,0.7529411764705882,nan,nan,0.4823529411764706
long_aliased_t_maze,long_cue_dependent_navigation,long_delayed_landmark_choice,egocentric_landmark,temporal_full,0.5,one_hot,0,history_linear_h4,,,,,23,5123,199,85,6,0.7529411764705882,nan,nan,0.47058823529411764
long_aliased_t_maze,long_cue_dependent_navigation,long_delayed_landmark_choice,egocentric_landmark,temporal_full,0.5,one_hot,0,history_linear_h16,,,,,23,5123,199,85,6,0.7529411764705882,nan,nan,0.4588235294117647
long_aliased_t_maze,long_cue_dependent_navigation,long_delayed_landmark_choice,egocentric_landmark,temporal_full,0.5,one_hot,0,history_linear_h64,,,,,23,5123,199,85,6,0.7529411764705882,nan,nan,0.3176470588235294
long_aliased_t_maze,long_cue_dependent_navigation,long_delayed_landmark_choice,egocentric_landmark,temporal_full,0.5,one_hot,0,history_linear_h80,,,,,23,5123,199,85,6,1.0,nan,nan,0.5411764705882353
long_aliased_t_maze,long_cue_dependent_navigation,long_delayed_landmark_choice,egocentric_landmark,temporal_full,0.5,one_hot,0,numpy_rnn,,,,,23,5123,199,85,6,0.7529411764705882,nan,0.37334196760913535,0.47058823529411764
long_aliased_t_maze,long_cue_dependent_navigation,long_delayed_landmark_choice,egocentric_landmark,temporal_full,0.5,one_hot,0,reservoir_random,,,,all_units,23,5154,199,85,6,1.0,nan,nan,0.4470588235294118
long_aliased_t_maze,long_cue_dependent_navigation,long_delayed_landmark_choice,egocentric_landmark,temporal_full,0.5,one_hot,0,reservoir_random,,,,all_units,23,5160,199,85,6,0.7529411764705882,nan,nan,0.4823529411764706
long_aliased_t_maze,long_cue_dependent_navigation,long_delayed_landmark_choice,egocentric_landmark,temporal_full,0.5,one_hot,0,reservoir_random,,,,all_units,23,5164,199,85,6,0.7529411764705882,nan,nan,0.4470588235294118
long_aliased_t_maze,long_cue_dependent_navigation,long_delayed_landmark_choice,egocentric_landmark,temporal_full,0.5,one_hot,0,reservoir_symmetric,,,,all_units,23,5154,199,85,6,0.7529411764705882,nan,nan,0.5411764705882353
long_aliased_t_maze,long_cue_dependent_navigation,long_delayed_landmark_choice,egocentric_landmark,temporal_full,0.5,one_hot,0,reservoir_symmetric,,,,all_units,23,5160,199,85,6,0.7529411764705882,nan,nan,0.5176470588235295
long_aliased_t_maze,long_cue_dependent_navigation,long_delayed_landmark_choice,egocentric_landmark,temporal_full,0.5,one_hot,0,reservoir_symmetric,,,,all_units,23,5164,199,85,6,1.0,nan,nan,0.49411764705882355
long_aliased_t_maze,long_cue_dependent_navigation,long_delayed_landmark_choice,egocentric_landmark,temporal_full,0.5,one_hot,0,reservoir_oscillatory,,,,all_units,23,5154,199,85,6,0.7529411764705882,nan,nan,0.47058823529411764
long_aliased_t_maze,long_cue_dependent_navigation,long_delayed_landmark_choice,egocentric_landmark,temporal_full,0.5,one_hot,0,reservoir_oscillatory,,,,all_units,23,5160,199,85,6,0.7529411764705882,nan,nan,0.47058823529411764
long_aliased_t_maze,long_cue_dependent_navigation,long_delayed_landmark_choice,egocentric_landmark,temporal_full,0.5,one_hot,0,reservoir_oscillatory,,,,all_units,23,5164,199,85,6,0.7529411764705882,nan,nan,0.47058823529411764
long_aliased_t_maze,long_cue_dependent_navigation,long_delayed_landmark_choice,egocentric_landmark,temporal_full,0.5,one_hot,0,reservoir_orthogonal,,,,all_units,23,5154,199,85,6,0.7529411764705882,nan,nan,0.4235294117647059
long_aliased_t_maze,long_cue_dependent_navigation,long_delayed_landmark_choice,egocentric_landmark,temporal_full,0.5,one_hot,0,reservoir_orthogonal,,,,all_units,23,5160,199,85,6,0.7529411764705882,nan,nan,0.4117647058823529
long_aliased_t_maze,long_cue_dependent_navigation,long_delayed_landmark_choice,egocentric_landmark,temporal_full,0.5,one_hot,0,reservoir_orthogonal,,,,all_units,23,5164,199,85,6,0.7529411764705882,nan,nan,0.17647058823529413
long_aliased_t_maze,long_cue_dependent_navigation,long_delayed_landmark_choice,egocentric_landmark,temporal_full,0.5,one_hot,0,reservoir_nilpotent,,,,all_units,23,5154,199,85,6,0.7529411764705882,nan,nan,0.4470588235294118
long_aliased_t_maze,long_cue_dependent_navigation,long_delayed_landmark_choice,egocentric_landmark,temporal_full,0.5,one_hot,0,reservoir_nilpotent,,,,all_units,23,5160,199,85,6,0.7529411764705882,nan,nan,0.4235294117647059
long_aliased_t_maze,long_cue_dependent_navigation,long_delayed_landmark_choice,egocentric_landmark,temporal_full,0.5,one_hot,0,reservoir_nilpotent,,,,all_units,23,5164,199,85,6,0.7529411764705882,nan,nan,0.4470588235294118
long_aliased_t_maze,long_cue_dependent_navigation,long_delayed_landmark_choice,egocentric_landmark,temporal_full,0.5,one_hot,0,reservoir_diagonal,,,,all_units,23,5154,199,85,6,0.7529411764705882,nan,nan,0.5176470588235295
long_aliased_t_maze,long_cue_dependent_navigation,long_delayed_landmark_choice,egocentric_landmark,temporal_full,0.5,one_hot,0,reservoir_diagonal,,,,all_units,23,5160,199,85,6,0.7529411764705882,nan,nan,0.5411764705882353
long_aliased_t_maze,long_cue_dependent_navigation,long_delayed_landmark_choice,egocentric_landmark,temporal_full,0.5,one_hot,0,reservoir_diagonal,,,,all_units,23,5164,199,85,6,1.0,nan,nan,0.788235294117647
long_aliased_t_maze,long_cue_dependent_navigation,long_delayed_landmark_choice,egocentric_landmark,temporal_full,0.5,one_hot,0,reservoir_low_rank,,,,all_units,23,5154,199,85,6,0.7529411764705882,nan,nan,0.5176470588235295
long_aliased_t_maze,long_cue_dependent_navigation,long_delayed_landmark_choice,egocentric_landmark,temporal_full,0.5,one_hot,0,reservoir_low_rank,,,,all_units,23,5160,199,85,6,0.7529411764705882,nan,nan,0.4470588235294118
long_aliased_t_maze,long_cue_dependent_navigation,long_delayed_landmark_choice,egocentric_landmark,temporal_full,0.5,one_hot,0,reservoir_low_rank,,,,all_units,23,5164,199,85,6,0.7529411764705882,nan,nan,0.49411764705882355
long_aliased_t_maze,long_cue_dependent_navigation,long_delayed_landmark_choice,egocentric_landmark,temporal_full,0.5,one_hot,0,reservoir_sparse,,,,all_units,23,5154,199,85,6,0.7529411764705882,nan,nan,0.5411764705882353
long_aliased_t_maze,long_cue_dependent_navigation,long_delayed_landmark_choice,egocentric_landmark,temporal_full,0.5,one_hot,0,reservoir_sparse,,,,all_units,23,5160,199,85,6,0.7529411764705882,nan,nan,0.4588235294117647
long_aliased_t_maze,long_cue_dependent_navigation,long_delayed_landmark_choice,egocentric_landmark,temporal_full,0.5,one_hot,0,reservoir_sparse,,,,all_units,23,5164,199,85,6,0.7529411764705882,nan,nan,0.4588235294117647
long_aliased_t_maze,long_cue_dependent_navigation,long_delayed_landmark_choice,egocentric_landmark,temporal_full,0.5,one_hot,0,reservoir_block_hybrid,,,,all_units,23,5154,199,85,6,1.0,nan,nan,0.4823529411764706
long_aliased_t_maze,long_cue_dependent_navigation,long_delayed_landmark_choice,egocentric_landmark,temporal_full,0.5,one_hot,0,reservoir_block_hybrid,,,,all_units,23,5160,199,85,6,0.7529411764705882,nan,nan,0.4823529411764706
long_aliased_t_maze,long_cue_dependent_navigation,long_delayed_landmark_choice,egocentric_landmark,temporal_full,0.5,one_hot,0,reservoir_block_hybrid,,,,all_units,23,5164,199,85,6,0.7529411764705882,nan,nan,0.7294117647058823
long_aliased_t_maze,long_cue_dependent_navigation,long_delayed_landmark_choice,egocentric_landmark,temporal_full,0.5,one_hot,0,lin_sequence_front_bands_r1_l2,1,2,2,front_bands,23,5733,199,85,6,0.7529411764705882,nan,nan,0.47058823529411764
long_aliased_t_maze,long_cue_dependent_navigation,long_delayed_landmark_choice,egocentric_landmark,temporal_full,0.5,one_hot,0,lin_sequence_front_bands_r1_l2,1,2,2,front_bands,23,5739,199,85,6,0.7529411764705882,nan,nan,0.47058823529411764
long_aliased_t_maze,long_cue_dependent_navigation,long_delayed_landmark_choice,egocentric_landmark,temporal_full,0.5,one_hot,0,lin_sequence_front_bands_r1_l2,1,2,2,front_bands,23,5743,199,85,6,0.7529411764705882,nan,nan,0.47058823529411764
long_aliased_t_maze,long_cue_dependent_navigation,long_delayed_landmark_choice,egocentric_landmark,temporal_full,0.5,one_hot,0,lin_sequence_front_bands_r1_l4,1,4,4,front_bands,23,5795,199,85,6,0.7529411764705882,nan,nan,0.47058823529411764
long_aliased_t_maze,long_cue_dependent_navigation,long_delayed_landmark_choice,egocentric_landmark,temporal_full,0.5,one_hot,0,lin_sequence_front_bands_r1_l4,1,4,4,front_bands,23,5801,199,85,6,0.7529411764705882,nan,nan,0.47058823529411764
long_aliased_t_maze,long_cue_dependent_navigation,long_delayed_landmark_choice,egocentric_landmark,temporal_full,0.5,one_hot,0,lin_sequence_front_bands_r1_l4,1,4,4,front_bands,23,5805,199,85,6,0.7411764705882353,nan,nan,0.47058823529411764
long_aliased_t_maze,long_cue_dependent_navigation,long_delayed_landmark_choice,egocentric_landmark,temporal_full,0.5,one_hot,0,lin_sequence_front_bands_r1_l8,1,8,8,front_bands,23,5919,199,85,6,0.7529411764705882,nan,nan,0.47058823529411764
long_aliased_t_maze,long_cue_dependent_navigation,long_delayed_landmark_choice,egocentric_landmark,temporal_full,0.5,one_hot,0,lin_sequence_front_bands_r1_l8,1,8,8,front_bands,23,5925,199,85,6,0.7529411764705882,nan,nan,0.47058823529411764
long_aliased_t_maze,long_cue_dependent_navigation,long_delayed_landmark_choice,egocentric_landmark,temporal_full,0.5,one_hot,0,lin_sequence_front_bands_r1_l8,1,8,8,front_bands,23,5929,199,85,6,0.7529411764705882,nan,nan,0.4588235294117647
long_aliased_t_maze,long_cue_dependent_navigation,long_delayed_landmark_choice,egocentric_landmark,temporal_full,0.5,one_hot,0,lin_sequence_front_bands_r3_l2,3,2,4,front_bands,23,5767,199,85,6,0.7529411764705882,nan,nan,0.47058823529411764
long_aliased_t_maze,long_cue_dependent_navigation,long_delayed_landmark_choice,egocentric_landmark,temporal_full,0.5,one_hot,0,lin_sequence_front_bands_r3_l2,3,2,4,front_bands,23,5773,199,85,6,0.7529411764705882,nan,nan,0.4823529411764706
long_aliased_t_maze,long_cue_dependent_navigation,long_delayed_landmark_choice,egocentric_landmark,temporal_full,0.5,one_hot,0,lin_sequence_front_bands_r3_l2,3,2,4,front_bands,23,5777,199,85,6,0.7529411764705882,nan,nan,0.47058823529411764
long_aliased_t_maze,long_cue_dependent_navigation,long_delayed_landmark_choice,egocentric_landmark,temporal_full,0.5,one_hot,0,lin_sequence_front_bands_r3_l4,3,4,6,front_bands,23,5829,199,85,6,0.7529411764705882,nan,nan,0.47058823529411764
long_aliased_t_maze,long_cue_dependent_navigation,long_delayed_landmark_choice,egocentric_landmark,temporal_full,0.5,one_hot,0,lin_sequence_front_bands_r3_l4,3,4,6,front_bands,23,5835,199,85,6,0.7529411764705882,nan,nan,0.4823529411764706
long_aliased_t_maze,long_cue_dependent_navigation,long_delayed_landmark_choice,egocentric_landmark,temporal_full,0.5,one_hot,0,lin_sequence_front_bands_r3_l4,3,4,6,front_bands,23,5839,199,85,6,0.7529411764705882,nan,nan,0.47058823529411764
long_aliased_t_maze,long_cue_dependent_navigation,long_delayed_landmark_choice,egocentric_landmark,temporal_full,0.5,one_hot,0,lin_sequence_front_bands_r3_l8,3,8,10,front_bands,23,5953,199,85,6,0.7529411764705882,nan,nan,0.4588235294117647
long_aliased_t_maze,long_cue_dependent_navigation,long_delayed_landmark_choice,egocentric_landmark,temporal_full,0.5,one_hot,0,lin_sequence_front_bands_r3_l8,3,8,10,front_bands,23,5959,199,85,6,0.7529411764705882,nan,nan,0.4588235294117647
long_aliased_t_maze,long_cue_dependent_navigation,long_delayed_landmark_choice,egocentric_landmark,temporal_full,0.5,one_hot,0,lin_sequence_front_bands_r3_l8,3,8,10,front_bands,23,5963,199,85,6,0.7529411764705882,nan,nan,0.47058823529411764
long_aliased_t_maze,long_cue_dependent_navigation,long_delayed_landmark_choice,egocentric_landmark,temporal_full,0.5,one_hot,0,lin_sequence_front_bands_r5_l2,5,2,6,front_bands,23,5801,199,85,6,0.7529411764705882,nan,nan,0.47058823529411764
long_aliased_t_maze,long_cue_dependent_navigation,long_delayed_landmark_choice,egocentric_landmark,temporal_full,0.5,one_hot,0,lin_sequence_front_bands_r5_l2,5,2,6,front_bands,23,5807,199,85,6,0.7529411764705882,nan,nan,0.47058823529411764
long_aliased_t_maze,long_cue_dependent_navigation,long_delayed_landmark_choice,egocentric_landmark,temporal_full,0.5,one_hot,0,lin_sequence_front_bands_r5_l2,5,2,6,front_bands,23,5811,199,85,6,0.7529411764705882,nan,nan,0.47058823529411764
long_aliased_t_maze,long_cue_dependent_navigation,long_delayed_landmark_choice,egocentric_landmark,temporal_full,0.5,one_hot,0,lin_sequence_front_bands_r5_l4,5,4,8,front_bands,23,5863,199,85,6,0.7529411764705882,nan,nan,0.47058823529411764
long_aliased_t_maze,long_cue_dependent_navigation,long_delayed_landmark_choice,egocentric_landmark,temporal_full,0.5,one_hot,0,lin_sequence_front_bands_r5_l4,5,4,8,front_bands,23,5869,199,85,6,0.7529411764705882,nan,nan,0.4823529411764706
long_aliased_t_maze,long_cue_dependent_navigation,long_delayed_landmark_choice,egocentric_landmark,temporal_full,0.5,one_hot,0,lin_sequence_front_bands_r5_l4,5,4,8,front_bands,23,5873,199,85,6,0.7529411764705882,nan,nan,0.4823529411764706
long_aliased_t_maze,long_cue_dependent_navigation,long_delayed_landmark_choice,egocentric_landmark,temporal_full,0.5,one_hot,0,lin_sequence_front_bands_r5_l8,5,8,12,front_bands,23,5987,199,85,6,0.7529411764705882,nan,nan,0.47058823529411764
long_aliased_t_maze,long_cue_dependent_navigation,long_delayed_landmark_choice,egocentric_landmark,temporal_full,0.5,one_hot,0,lin_sequence_front_bands_r5_l8,5,8,12,front_bands,23,5993,199,85,6,0.7529411764705882,nan,nan,0.4823529411764706
long_aliased_t_maze,long_cue_dependent_navigation,long_delayed_landmark_choice,egocentric_landmark,temporal_full,0.5,one_hot,0,lin_sequence_front_bands_r5_l8,5,8,12,front_bands,23,5997,199,85,6,0.7529411764705882,nan,nan,0.4823529411764706
long_aliased_t_maze,long_cue_dependent_navigation,long_delayed_landmark_choice,egocentric_landmark,temporal_full,0.5,one_hot,0,lin_sequence_all_units_r3_l4,3,4,6,all_units,23,5829,199,85,6,0.7529411764705882,nan,nan,0.47058823529411764
long_aliased_t_maze,long_cue_dependent_navigation,long_delayed_landmark_choice,egocentric_landmark,temporal_full,0.5,one_hot,0,lin_sequence_all_units_r3_l4,3,4,6,all_units,23,5835,199,85,6,0.7529411764705882,nan,nan,0.4823529411764706
long_aliased_t_maze,long_cue_dependent_navigation,long_delayed_landmark_choice,egocentric_landmark,temporal_full,0.5,one_hot,0,lin_sequence_all_units_r3_l4,3,4,6,all_units,23,5839,199,85,6,0.7529411764705882,nan,nan,0.4823529411764706
long_aliased_t_maze,long_cue_dependent_navigation,long_delayed_landmark_choice,egocentric_landmark,temporal_full,0.5,one_hot,0,lin_block_r1_l4,1,4,4,independent_blocks,23,5123,199,85,6,0.7529411764705882,nan,nan,0.47058823529411764
long_aliased_t_maze,long_cue_dependent_navigation,long_delayed_landmark_choice,egocentric_landmark,temporal_full,0.5,one_hot,0,lin_block_r1_l16,1,16,16,independent_blocks,23,5123,199,85,6,0.7529411764705882,nan,nan,0.4470588235294118
long_aliased_t_maze,long_cue_dependent_navigation,long_delayed_landmark_choice,egocentric_landmark,temporal_full,0.5,one_hot,0,lin_block_r1_l64,1,64,64,independent_blocks,23,5123,199,85,6,0.7529411764705882,nan,nan,0.3058823529411765
long_aliased_t_maze,long_cue_dependent_navigation,long_delayed_landmark_choice,egocentric_landmark,temporal_full,0.5,one_hot,0,lin_block_r3_l4,3,4,6,independent_blocks,23,5123,199,85,6,0.7529411764705882,nan,nan,0.4823529411764706
long_aliased_t_maze,long_cue_dependent_navigation,long_delayed_landmark_choice,egocentric_landmark,temporal_full,0.5,one_hot,0,lin_block_r3_l16,3,16,18,independent_blocks,23,5123,199,85,6,0.7529411764705882,nan,nan,0.5529411764705883
long_aliased_t_maze,long_cue_dependent_navigation,long_delayed_landmark_choice,egocentric_landmark,temporal_full,0.5,one_hot,0,lin_block_r3_l64,3,64,66,independent_blocks,23,5123,199,85,6,0.7529411764705882,nan,nan,0.6823529411764706
long_aliased_t_maze,long_cue_dependent_navigation,long_delayed_landmark_choice,egocentric_landmark,temporal_full,0.5,one_hot,0,lin_block_r5_l4,5,4,8,independent_blocks,23,5123,199,85,6,0.7529411764705882,nan,nan,0.5411764705882353
long_aliased_t_maze,long_cue_dependent_navigation,long_delayed_landmark_choice,egocentric_landmark,temporal_full,0.5,one_hot,0,lin_block_r5_l16,5,16,20,independent_blocks,23,5123,199,85,6,0.7529411764705882,nan,nan,0.5647058823529412
long_aliased_t_maze,long_cue_dependent_navigation,long_delayed_landmark_choice,egocentric_landmark,temporal_full,0.5,one_hot,0,lin_block_r5_l64,5,64,68,independent_blocks,23,5123,199,85,6,0.7529411764705882,nan,nan,0.7294117647058823
long_aliased_t_maze,long_cue_dependent_navigation,long_delayed_landmark_choice,egocentric_landmark,temporal_cue_then_blank,0.5,one_hot,0,memoryless_linear,,,,,11,6111,199,85,6,0.5058823529411764,nan,nan,0.4823529411764706
long_aliased_t_maze,long_cue_dependent_navigation,long_delayed_landmark_choice,egocentric_landmark,temporal_cue_then_blank,0.5,one_hot,0,memoryless_mlp,,,,,11,6111,199,85,6,0.5058823529411764,nan,nan,0.4823529411764706
long_aliased_t_maze,long_cue_dependent_navigation,long_delayed_landmark_choice,egocentric_landmark,temporal_cue_then_blank,0.5,one_hot,0,history_linear_h4,,,,,11,6111,199,85,6,0.5058823529411764,nan,nan,0.4823529411764706
long_aliased_t_maze,long_cue_dependent_navigation,long_delayed_landmark_choice,egocentric_landmark,temporal_cue_then_blank,0.5,one_hot,0,history_linear_h16,,,,,11,6111,199,85,6,0.5058823529411764,nan,nan,0.47058823529411764
long_aliased_t_maze,long_cue_dependent_navigation,long_delayed_landmark_choice,egocentric_landmark,temporal_cue_then_blank,0.5,one_hot,0,history_linear_h64,,,,,11,6111,199,85,6,0.7176470588235294,nan,nan,0.4
long_aliased_t_maze,long_cue_dependent_navigation,long_delayed_landmark_choice,egocentric_landmark,temporal_cue_then_blank,0.5,one_hot,0,history_linear_h80,,,,,11,6111,199,85,6,1.0,nan,nan,0.6
long_aliased_t_maze,long_cue_dependent_navigation,long_delayed_landmark_choice,egocentric_landmark,temporal_cue_then_blank,0.5,one_hot,0,numpy_rnn,,,,,11,6111,199,85,6,0.5058823529411764,nan,1.081343535801873,0.4823529411764706
long_aliased_t_maze,long_cue_dependent_navigation,long_delayed_landmark_choice,egocentric_landmark,temporal_cue_then_blank,0.5,one_hot,0,reservoir_random,,,,all_units,11,6142,199,85,6,0.5058823529411764,nan,nan,0.5176470588235295
long_aliased_t_maze,long_cue_dependent_navigation,long_delayed_landmark_choice,egocentric_landmark,temporal_cue_then_blank,0.5,one_hot,0,reservoir_random,,,,all_units,11,6148,199,85,6,0.5058823529411764,nan,nan,0.49411764705882355
long_aliased_t_maze,long_cue_dependent_navigation,long_delayed_landmark_choice,egocentric_landmark,temporal_cue_then_blank,0.5,one_hot,0,reservoir_random,,,,all_units,11,6152,199,85,6,0.4823529411764706,nan,nan,0.4823529411764706
long_aliased_t_maze,long_cue_dependent_navigation,long_delayed_landmark_choice,egocentric_landmark,temporal_cue_then_blank,0.5,one_hot,0,reservoir_symmetric,,,,all_units,11,6142,199,85,6,0.49411764705882355,nan,nan,0.6823529411764706
long_aliased_t_maze,long_cue_dependent_navigation,long_delayed_landmark_choice,egocentric_landmark,temporal_cue_then_blank,0.5,one_hot,0,reservoir_symmetric,,,,all_units,11,6148,199,85,6,0.5058823529411764,nan,nan,0.5294117647058824
long_aliased_t_maze,long_cue_dependent_navigation,long_delayed_landmark_choice,egocentric_landmark,temporal_cue_then_blank,0.5,one_hot,0,reservoir_symmetric,,,,all_units,11,6152,199,85,6,0.5058823529411764,nan,nan,0.6588235294117647
long_aliased_t_maze,long_cue_dependent_navigation,long_delayed_landmark_choice,egocentric_landmark,temporal_cue_then_blank,0.5,one_hot,0,reservoir_oscillatory,,,,all_units,11,6142,199,85,6,0.4823529411764706,nan,nan,0.47058823529411764
long_aliased_t_maze,long_cue_dependent_navigation,long_delayed_landmark_choice,egocentric_landmark,temporal_cue_then_blank,0.5,one_hot,0,reservoir_oscillatory,,,,all_units,11,6148,199,85,6,0.4823529411764706,nan,nan,0.49411764705882355
long_aliased_t_maze,long_cue_dependent_navigation,long_delayed_landmark_choice,egocentric_landmark,temporal_cue_then_blank,0.5,one_hot,0,reservoir_oscillatory,,,,all_units,11,6152,199,85,6,0.49411764705882355,nan,nan,0.47058823529411764
long_aliased_t_maze,long_cue_dependent_navigation,long_delayed_landmark_choice,egocentric_landmark,temporal_cue_then_blank,0.5,one_hot,0,reservoir_orthogonal,,,,all_units,11,6142,199,85,6,0.47058823529411764,nan,nan,0.49411764705882355
long_aliased_t_maze,long_cue_dependent_navigation,long_delayed_landmark_choice,egocentric_landmark,temporal_cue_then_blank,0.5,one_hot,0,reservoir_orthogonal,,,,all_units,11,6148,199,85,6,0.43529411764705883,nan,nan,0.43529411764705883
long_aliased_t_maze,long_cue_dependent_navigation,long_delayed_landmark_choice,egocentric_landmark,temporal_cue_then_blank,0.5,one_hot,0,reservoir_orthogonal,,,,all_units,11,6152,199,85,6,0.43529411764705883,nan,nan,0.43529411764705883
long_aliased_t_maze,long_cue_dependent_navigation,long_delayed_landmark_choice,egocentric_landmark,temporal_cue_then_blank,0.5,one_hot,0,reservoir_nilpotent,,,,all_units,11,6142,199,85,6,0.4470588235294118,nan,nan,0.4588235294117647
long_aliased_t_maze,long_cue_dependent_navigation,long_delayed_landmark_choice,egocentric_landmark,temporal_cue_then_blank,0.5,one_hot,0,reservoir_nilpotent,,,,all_units,11,6148,199,85,6,0.4823529411764706,nan,nan,0.4470588235294118
long_aliased_t_maze,long_cue_dependent_navigation,long_delayed_landmark_choice,egocentric_landmark,temporal_cue_then_blank,0.5,one_hot,0,reservoir_nilpotent,,,,all_units,11,6152,199,85,6,0.47058823529411764,nan,nan,0.43529411764705883
long_aliased_t_maze,long_cue_dependent_navigation,long_delayed_landmark_choice,egocentric_landmark,temporal_cue_then_blank,0.5,one_hot,0,reservoir_diagonal,,,,all_units,11,6142,199,85,6,0.49411764705882355,nan,nan,0.49411764705882355
long_aliased_t_maze,long_cue_dependent_navigation,long_delayed_landmark_choice,egocentric_landmark,temporal_cue_then_blank,0.5,one_hot,0,reservoir_diagonal,,,,all_units,11,6148,199,85,6,0.49411764705882355,nan,nan,0.5176470588235295
long_aliased_t_maze,long_cue_dependent_navigation,long_delayed_landmark_choice,egocentric_landmark,temporal_cue_then_blank,0.5,one_hot,0,reservoir_diagonal,,,,all_units,11,6152,199,85,6,0.49411764705882355,nan,nan,0.49411764705882355
long_aliased_t_maze,long_cue_dependent_navigation,long_delayed_landmark_choice,egocentric_landmark,temporal_cue_then_blank,0.5,one_hot,0,reservoir_low_rank,,,,all_units,11,6142,199,85,6,0.49411764705882355,nan,nan,0.4823529411764706
long_aliased_t_maze,long_cue_dependent_navigation,long_delayed_landmark_choice,egocentric_landmark,temporal_cue_then_blank,0.5,one_hot,0,reservoir_low_rank,,,,all_units,11,6148,199,85,6,0.5058823529411764,nan,nan,0.5176470588235295
long_aliased_t_maze,long_cue_dependent_navigation,long_delayed_landmark_choice,egocentric_landmark,temporal_cue_then_blank,0.5,one_hot,0,reservoir_low_rank,,,,all_units,11,6152,199,85,6,0.5058823529411764,nan,nan,0.49411764705882355
long_aliased_t_maze,long_cue_dependent_navigation,long_delayed_landmark_choice,egocentric_landmark,temporal_cue_then_blank,0.5,one_hot,0,reservoir_sparse,,,,all_units,11,6142,199,85,6,0.49411764705882355,nan,nan,0.49411764705882355
long_aliased_t_maze,long_cue_dependent_navigation,long_delayed_landmark_choice,egocentric_landmark,temporal_cue_then_blank,0.5,one_hot,0,reservoir_sparse,,,,all_units,11,6148,199,85,6,0.4823529411764706,nan,nan,0.5058823529411764
long_aliased_t_maze,long_cue_dependent_navigation,long_delayed_landmark_choice,egocentric_landmark,temporal_cue_then_blank,0.5,one_hot,0,reservoir_sparse,,,,all_units,11,6152,199,85,6,0.5058823529411764,nan,nan,0.5058823529411764
long_aliased_t_maze,long_cue_dependent_navigation,long_delayed_landmark_choice,egocentric_landmark,temporal_cue_then_blank,0.5,one_hot,0,reservoir_block_hybrid,,,,all_units,11,6142,199,85,6,0.4823529411764706,nan,nan,0.5058823529411764
long_aliased_t_maze,long_cue_dependent_navigation,long_delayed_landmark_choice,egocentric_landmark,temporal_cue_then_blank,0.5,one_hot,0,reservoir_block_hybrid,,,,all_units,11,6148,199,85,6,0.47058823529411764,nan,nan,0.5411764705882353
long_aliased_t_maze,long_cue_dependent_navigation,long_delayed_landmark_choice,egocentric_landmark,temporal_cue_then_blank,0.5,one_hot,0,reservoir_block_hybrid,,,,all_units,11,6152,199,85,6,0.49411764705882355,nan,nan,0.5176470588235295
long_aliased_t_maze,long_cue_dependent_navigation,long_delayed_landmark_choice,egocentric_landmark,temporal_cue_then_blank,0.5,one_hot,0,lin_sequence_front_bands_r1_l2,1,2,2,front_bands,11,6721,199,85,6,0.5058823529411764,nan,nan,0.4823529411764706
long_aliased_t_maze,long_cue_dependent_navigation,long_delayed_landmark_choice,egocentric_landmark,temporal_cue_then_blank,0.5,one_hot,0,lin_sequence_front_bands_r1_l2,1,2,2,front_bands,11,6727,199,85,6,0.5058823529411764,nan,nan,0.4823529411764706
long_aliased_t_maze,long_cue_dependent_navigation,long_delayed_landmark_choice,egocentric_landmark,temporal_cue_then_blank,0.5,one_hot,0,lin_sequence_front_bands_r1_l2,1,2,2,front_bands,11,6731,199,85,6,0.5058823529411764,nan,nan,0.4823529411764706
long_aliased_t_maze,long_cue_dependent_navigation,long_delayed_landmark_choice,egocentric_landmark,temporal_cue_then_blank,0.5,one_hot,0,lin_sequence_front_bands_r1_l4,1,4,4,front_bands,11,6783,199,85,6,0.5058823529411764,nan,nan,0.4823529411764706
long_aliased_t_maze,long_cue_dependent_navigation,long_delayed_landmark_choice,egocentric_landmark,temporal_cue_then_blank,0.5,one_hot,0,lin_sequence_front_bands_r1_l4,1,4,4,front_bands,11,6789,199,85,6,0.5058823529411764,nan,nan,0.49411764705882355
long_aliased_t_maze,long_cue_dependent_navigation,long_delayed_landmark_choice,egocentric_landmark,temporal_cue_then_blank,0.5,one_hot,0,lin_sequence_front_bands_r1_l4,1,4,4,front_bands,11,6793,199,85,6,0.5058823529411764,nan,nan,0.4823529411764706
long_aliased_t_maze,long_cue_dependent_navigation,long_delayed_landmark_choice,egocentric_landmark,temporal_cue_then_blank,0.5,one_hot,0,lin_sequence_front_bands_r1_l8,1,8,8,front_bands,11,6907,199,85,6,0.5058823529411764,nan,nan,0.4823529411764706
long_aliased_t_maze,long_cue_dependent_navigation,long_delayed_landmark_choice,egocentric_landmark,temporal_cue_then_blank,0.5,one_hot,0,lin_sequence_front_bands_r1_l8,1,8,8,front_bands,11,6913,199,85,6,0.5058823529411764,nan,nan,0.4823529411764706
long_aliased_t_maze,long_cue_dependent_navigation,long_delayed_landmark_choice,egocentric_landmark,temporal_cue_then_blank,0.5,one_hot,0,lin_sequence_front_bands_r1_l8,1,8,8,front_bands,11,6917,199,85,6,0.5058823529411764,nan,nan,0.4823529411764706
long_aliased_t_maze,long_cue_dependent_navigation,long_delayed_landmark_choice,egocentric_landmark,temporal_cue_then_blank,0.5,one_hot,0,lin_sequence_front_bands_r3_l2,3,2,4,front_bands,11,6755,199,85,6,0.5058823529411764,nan,nan,0.49411764705882355
long_aliased_t_maze,long_cue_dependent_navigation,long_delayed_landmark_choice,egocentric_landmark,temporal_cue_then_blank,0.5,one_hot,0,lin_sequence_front_bands_r3_l2,3,2,4,front_bands,11,6761,199,85,6,0.5058823529411764,nan,nan,0.49411764705882355
long_aliased_t_maze,long_cue_dependent_navigation,long_delayed_landmark_choice,egocentric_landmark,temporal_cue_then_blank,0.5,one_hot,0,lin_sequence_front_bands_r3_l2,3,2,4,front_bands,11,6765,199,85,6,0.5058823529411764,nan,nan,0.4823529411764706
long_aliased_t_maze,long_cue_dependent_navigation,long_delayed_landmark_choice,egocentric_landmark,temporal_cue_then_blank,0.5,one_hot,0,lin_sequence_front_bands_r3_l4,3,4,6,front_bands,11,6817,199,85,6,0.5058823529411764,nan,nan,0.49411764705882355
long_aliased_t_maze,long_cue_dependent_navigation,long_delayed_landmark_choice,egocentric_landmark,temporal_cue_then_blank,0.5,one_hot,0,lin_sequence_front_bands_r3_l4,3,4,6,front_bands,11,6823,199,85,6,0.5058823529411764,nan,nan,0.4823529411764706
long_aliased_t_maze,long_cue_dependent_navigation,long_delayed_landmark_choice,egocentric_landmark,temporal_cue_then_blank,0.5,one_hot,0,lin_sequence_front_bands_r3_l4,3,4,6,front_bands,11,6827,199,85,6,0.5058823529411764,nan,nan,0.4823529411764706
long_aliased_t_maze,long_cue_dependent_navigation,long_delayed_landmark_choice,egocentric_landmark,temporal_cue_then_blank,0.5,one_hot,0,lin_sequence_front_bands_r3_l8,3,8,10,front_bands,11,6941,199,85,6,0.49411764705882355,nan,nan,0.4823529411764706
long_aliased_t_maze,long_cue_dependent_navigation,long_delayed_landmark_choice,egocentric_landmark,temporal_cue_then_blank,0.5,one_hot,0,lin_sequence_front_bands_r3_l8,3,8,10,front_bands,11,6947,199,85,6,0.5058823529411764,nan,nan,0.49411764705882355
long_aliased_t_maze,long_cue_dependent_navigation,long_delayed_landmark_choice,egocentric_landmark,temporal_cue_then_blank,0.5,one_hot,0,lin_sequence_front_bands_r3_l8,3,8,10,front_bands,11,6951,199,85,6,0.4823529411764706,nan,nan,0.49411764705882355
long_aliased_t_maze,long_cue_dependent_navigation,long_delayed_landmark_choice,egocentric_landmark,temporal_cue_then_blank,0.5,one_hot,0,lin_sequence_front_bands_r5_l2,5,2,6,front_bands,11,6789,199,85,6,0.5058823529411764,nan,nan,0.49411764705882355
long_aliased_t_maze,long_cue_dependent_navigation,long_delayed_landmark_choice,egocentric_landmark,temporal_cue_then_blank,0.5,one_hot,0,lin_sequence_front_bands_r5_l2,5,2,6,front_bands,11,6795,199,85,6,0.49411764705882355,nan,nan,0.49411764705882355
long_aliased_t_maze,long_cue_dependent_navigation,long_delayed_landmark_choice,egocentric_landmark,temporal_cue_then_blank,0.5,one_hot,0,lin_sequence_front_bands_r5_l2,5,2,6,front_bands,11,6799,199,85,6,0.5058823529411764,nan,nan,0.4823529411764706
long_aliased_t_maze,long_cue_dependent_navigation,long_delayed_landmark_choice,egocentric_landmark,temporal_cue_then_blank,0.5,one_hot,0,lin_sequence_front_bands_r5_l4,5,4,8,front_bands,11,6851,199,85,6,0.5058823529411764,nan,nan,0.49411764705882355
long_aliased_t_maze,long_cue_dependent_navigation,long_delayed_landmark_choice,egocentric_landmark,temporal_cue_then_blank,0.5,one_hot,0,lin_sequence_front_bands_r5_l4,5,4,8,front_bands,11,6857,199,85,6,0.49411764705882355,nan,nan,0.49411764705882355
long_aliased_t_maze,long_cue_dependent_navigation,long_delayed_landmark_choice,egocentric_landmark,temporal_cue_then_blank,0.5,one_hot,0,lin_sequence_front_bands_r5_l4,5,4,8,front_bands,11,6861,199,85,6,0.5058823529411764,nan,nan,0.49411764705882355
long_aliased_t_maze,long_cue_dependent_navigation,long_delayed_landmark_choice,egocentric_landmark,temporal_cue_then_blank,0.5,one_hot,0,lin_sequence_front_bands_r5_l8,5,8,12,front_bands,11,6975,199,85,6,0.49411764705882355,nan,nan,0.47058823529411764
long_aliased_t_maze,long_cue_dependent_navigation,long_delayed_landmark_choice,egocentric_landmark,temporal_cue_then_blank,0.5,one_hot,0,lin_sequence_front_bands_r5_l8,5,8,12,front_bands,11,6981,199,85,6,0.4823529411764706,nan,nan,0.49411764705882355
long_aliased_t_maze,long_cue_dependent_navigation,long_delayed_landmark_choice,egocentric_landmark,temporal_cue_then_blank,0.5,one_hot,0,lin_sequence_front_bands_r5_l8,5,8,12,front_bands,11,6985,199,85,6,0.5058823529411764,nan,nan,0.5058823529411764
long_aliased_t_maze,long_cue_dependent_navigation,long_delayed_landmark_choice,egocentric_landmark,temporal_cue_then_blank,0.5,one_hot,0,lin_sequence_all_units_r3_l4,3,4,6,all_units,11,6817,199,85,6,0.5058823529411764,nan,nan,0.49411764705882355
long_aliased_t_maze,long_cue_dependent_navigation,long_delayed_landmark_choice,egocentric_landmark,temporal_cue_then_blank,0.5,one_hot,0,lin_sequence_all_units_r3_l4,3,4,6,all_units,11,6823,199,85,6,0.5058823529411764,nan,nan,0.4823529411764706
long_aliased_t_maze,long_cue_dependent_navigation,long_delayed_landmark_choice,egocentric_landmark,temporal_cue_then_blank,0.5,one_hot,0,lin_sequence_all_units_r3_l4,3,4,6,all_units,11,6827,199,85,6,0.5058823529411764,nan,nan,0.49411764705882355
long_aliased_t_maze,long_cue_dependent_navigation,long_delayed_landmark_choice,egocentric_landmark,temporal_cue_then_blank,0.5,one_hot,0,lin_block_r1_l4,1,4,4,independent_blocks,11,6111,199,85,6,0.5058823529411764,nan,nan,0.4823529411764706
long_aliased_t_maze,long_cue_dependent_navigation,long_delayed_landmark_choice,egocentric_landmark,temporal_cue_then_blank,0.5,one_hot,0,lin_block_r1_l16,1,16,16,independent_blocks,11,6111,199,85,6,0.5058823529411764,nan,nan,0.47058823529411764
long_aliased_t_maze,long_cue_dependent_navigation,long_delayed_landmark_choice,egocentric_landmark,temporal_cue_then_blank,0.5,one_hot,0,lin_block_r1_l64,1,64,64,independent_blocks,11,6111,199,85,6,0.7176470588235294,nan,nan,0.36470588235294116
long_aliased_t_maze,long_cue_dependent_navigation,long_delayed_landmark_choice,egocentric_landmark,temporal_cue_then_blank,0.5,one_hot,0,lin_block_r3_l4,3,4,6,independent_blocks,11,6111,199,85,6,0.5058823529411764,nan,nan,0.5058823529411764
long_aliased_t_maze,long_cue_dependent_navigation,long_delayed_landmark_choice,egocentric_landmark,temporal_cue_then_blank,0.5,one_hot,0,lin_block_r3_l16,3,16,18,independent_blocks,11,6111,199,85,6,0.5058823529411764,nan,nan,0.5647058823529412
long_aliased_t_maze,long_cue_dependent_navigation,long_delayed_landmark_choice,egocentric_landmark,temporal_cue_then_blank,0.5,one_hot,0,lin_block_r3_l64,3,64,66,independent_blocks,11,6111,199,85,6,0.7294117647058823,nan,nan,0.6588235294117647
long_aliased_t_maze,long_cue_dependent_navigation,long_delayed_landmark_choice,egocentric_landmark,temporal_cue_then_blank,0.5,one_hot,0,lin_block_r5_l4,5,4,8,independent_blocks,11,6111,199,85,6,0.5058823529411764,nan,nan,0.5058823529411764
long_aliased_t_maze,long_cue_dependent_navigation,long_delayed_landmark_choice,egocentric_landmark,temporal_cue_then_blank,0.5,one_hot,0,lin_block_r5_l16,5,16,20,independent_blocks,11,6111,199,85,6,0.5058823529411764,nan,nan,0.5647058823529412
long_aliased_t_maze,long_cue_dependent_navigation,long_delayed_landmark_choice,egocentric_landmark,temporal_cue_then_blank,0.5,one_hot,0,lin_block_r5_l64,5,64,68,independent_blocks,11,6111,199,85,6,0.7294117647058823,nan,nan,0.7294117647058823
long_aliased_t_maze,long_cue_dependent_navigation,long_delayed_landmark_choice,egocentric_landmark,temporal_cue_then_blank,0.5,one_hot,0,memoryless_linear,,,,,17,6117,199,85,6,0.5058823529411764,nan,nan,0.49411764705882355
long_aliased_t_maze,long_cue_dependent_navigation,long_delayed_landmark_choice,egocentric_landmark,temporal_cue_then_blank,0.5,one_hot,0,memoryless_mlp,,,,,17,6117,199,85,6,0.5058823529411764,nan,nan,0.49411764705882355
long_aliased_t_maze,long_cue_dependent_navigation,long_delayed_landmark_choice,egocentric_landmark,temporal_cue_then_blank,0.5,one_hot,0,history_linear_h4,,,,,17,6117,199,85,6,0.5058823529411764,nan,nan,0.49411764705882355
long_aliased_t_maze,long_cue_dependent_navigation,long_delayed_landmark_choice,egocentric_landmark,temporal_cue_then_blank,0.5,one_hot,0,history_linear_h16,,,,,17,6117,199,85,6,0.5058823529411764,nan,nan,0.47058823529411764
long_aliased_t_maze,long_cue_dependent_navigation,long_delayed_landmark_choice,egocentric_landmark,temporal_cue_then_blank,0.5,one_hot,0,history_linear_h64,,,,,17,6117,199,85,6,0.7058823529411765,nan,nan,0.36470588235294116
long_aliased_t_maze,long_cue_dependent_navigation,long_delayed_landmark_choice,egocentric_landmark,temporal_cue_then_blank,0.5,one_hot,0,history_linear_h80,,,,,17,6117,199,85,6,1.0,nan,nan,0.6
long_aliased_t_maze,long_cue_dependent_navigation,long_delayed_landmark_choice,egocentric_landmark,temporal_cue_then_blank,0.5,one_hot,0,numpy_rnn,,,,,17,6117,199,85,6,0.5058823529411764,nan,1.0845842598071649,0.5176470588235295
long_aliased_t_maze,long_cue_dependent_navigation,long_delayed_landmark_choice,egocentric_landmark,temporal_cue_then_blank,0.5,one_hot,0,reservoir_random,,,,all_units,17,6148,199,85,6,0.5058823529411764,nan,nan,0.4588235294117647
long_aliased_t_maze,long_cue_dependent_navigation,long_delayed_landmark_choice,egocentric_landmark,temporal_cue_then_blank,0.5,one_hot,0,reservoir_random,,,,all_units,17,6154,199,85,6,0.4823529411764706,nan,nan,0.47058823529411764
long_aliased_t_maze,long_cue_dependent_navigation,long_delayed_landmark_choice,egocentric_landmark,temporal_cue_then_blank,0.5,one_hot,0,reservoir_random,,,,all_units,17,6158,199,85,6,0.49411764705882355,nan,nan,0.4588235294117647
long_aliased_t_maze,long_cue_dependent_navigation,long_delayed_landmark_choice,egocentric_landmark,temporal_cue_then_blank,0.5,one_hot,0,reservoir_symmetric,,,,all_units,17,6148,199,85,6,0.5058823529411764,nan,nan,0.5176470588235295
long_aliased_t_maze,long_cue_dependent_navigation,long_delayed_landmark_choice,egocentric_landmark,temporal_cue_then_blank,0.5,one_hot,0,reservoir_symmetric,,,,all_units,17,6154,199,85,6,0.5058823529411764,nan,nan,0.6
long_aliased_t_maze,long_cue_dependent_navigation,long_delayed_landmark_choice,egocentric_landmark,temporal_cue_then_blank,0.5,one_hot,0,reservoir_symmetric,,,,all_units,17,6158,199,85,6,0.5058823529411764,nan,nan,0.5176470588235295
long_aliased_t_maze,long_cue_dependent_navigation,long_delayed_landmark_choice,egocentric_landmark,temporal_cue_then_blank,0.5,one_hot,0,reservoir_oscillatory,,,,all_units,17,6148,199,85,6,0.4470588235294118,nan,nan,0.4470588235294118
long_aliased_t_maze,long_cue_dependent_navigation,long_delayed_landmark_choice,egocentric_landmark,temporal_cue_then_blank,0.5,one_hot,0,reservoir_oscillatory,,,,all_units,17,6154,199,85,6,0.43529411764705883,nan,nan,0.4117647058823529
long_aliased_t_maze,long_cue_dependent_navigation,long_delayed_landmark_choice,egocentric_landmark,temporal_cue_then_blank,0.5,one_hot,0,reservoir_oscillatory,,,,all_units,17,6158,199,85,6,0.4235294117647059,nan,nan,0.47058823529411764
long_aliased_t_maze,long_cue_dependent_navigation,long_delayed_landmark_choice,egocentric_landmark,temporal_cue_then_blank,0.5,one_hot,0,reservoir_orthogonal,,,,all_units,17,6148,199,85,6,0.4470588235294118,nan,nan,0.47058823529411764
long_aliased_t_maze,long_cue_dependent_navigation,long_delayed_landmark_choice,egocentric_landmark,temporal_cue_then_blank,0.5,one_hot,0,reservoir_orthogonal,,,,all_units,17,6154,199,85,6,0.43529411764705883,nan,nan,0.4235294117647059
long_aliased_t_maze,long_cue_dependent_navigation,long_delayed_landmark_choice,egocentric_landmark,temporal_cue_then_blank,0.5,one_hot,0,reservoir_orthogonal,,,,all_units,17,6158,199,85,6,0.43529411764705883,nan,nan,0.47058823529411764
long_aliased_t_maze,long_cue_dependent_navigation,long_delayed_landmark_choice,egocentric_landmark,temporal_cue_then_blank,0.5,one_hot,0,reservoir_nilpotent,,,,all_units,17,6148,199,85,6,0.49411764705882355,nan,nan,0.43529411764705883
long_aliased_t_maze,long_cue_dependent_navigation,long_delayed_landmark_choice,egocentric_landmark,temporal_cue_then_blank,0.5,one_hot,0,reservoir_nilpotent,,,,all_units,17,6154,199,85,6,0.4588235294117647,nan,nan,0.4470588235294118
long_aliased_t_maze,long_cue_dependent_navigation,long_delayed_landmark_choice,egocentric_landmark,temporal_cue_then_blank,0.5,one_hot,0,reservoir_nilpotent,,,,all_units,17,6158,199,85,6,0.4588235294117647,nan,nan,0.5176470588235295
long_aliased_t_maze,long_cue_dependent_navigation,long_delayed_landmark_choice,egocentric_landmark,temporal_cue_then_blank,0.5,one_hot,0,reservoir_diagonal,,,,all_units,17,6148,199,85,6,0.5058823529411764,nan,nan,0.5294117647058824
long_aliased_t_maze,long_cue_dependent_navigation,long_delayed_landmark_choice,egocentric_landmark,temporal_cue_then_blank,0.5,one_hot,0,reservoir_diagonal,,,,all_units,17,6154,199,85,6,0.5058823529411764,nan,nan,0.611764705882353
long_aliased_t_maze,long_cue_dependent_navigation,long_delayed_landmark_choice,egocentric_landmark,temporal_cue_then_blank,0.5,one_hot,0,reservoir_diagonal,,,,all_units,17,6158,199,85,6,0.5058823529411764,nan,nan,0.6
long_aliased_t_maze,long_cue_dependent_navigation,long_delayed_landmark_choice,egocentric_landmark,temporal_cue_then_blank,0.5,one_hot,0,reservoir_low_rank,,,,all_units,17,6148,199,85,6,0.49411764705882355,nan,nan,0.4823529411764706
long_aliased_t_maze,long_cue_dependent_navigation,long_delayed_landmark_choice,egocentric_landmark,temporal_cue_then_blank,0.5,one_hot,0,reservoir_low_rank,,,,all_units,17,6154,199,85,6,0.49411764705882355,nan,nan,0.4470588235294118
long_aliased_t_maze,long_cue_dependent_navigation,long_delayed_landmark_choice,egocentric_landmark,temporal_cue_then_blank,0.5,one_hot,0,reservoir_low_rank,,,,all_units,17,6158,199,85,6,0.4823529411764706,nan,nan,0.5058823529411764
long_aliased_t_maze,long_cue_dependent_navigation,long_delayed_landmark_choice,egocentric_landmark,temporal_cue_then_blank,0.5,one_hot,0,reservoir_sparse,,,,all_units,17,6148,199,85,6,0.5058823529411764,nan,nan,0.5058823529411764
long_aliased_t_maze,long_cue_dependent_navigation,long_delayed_landmark_choice,egocentric_landmark,temporal_cue_then_blank,0.5,one_hot,0,reservoir_sparse,,,,all_units,17,6154,199,85,6,0.4470588235294118,nan,nan,0.5058823529411764
long_aliased_t_maze,long_cue_dependent_navigation,long_delayed_landmark_choice,egocentric_landmark,temporal_cue_then_blank,0.5,one_hot,0,reservoir_sparse,,,,all_units,17,6158,199,85,6,0.49411764705882355,nan,nan,0.47058823529411764
long_aliased_t_maze,long_cue_dependent_navigation,long_delayed_landmark_choice,egocentric_landmark,temporal_cue_then_blank,0.5,one_hot,0,reservoir_block_hybrid,,,,all_units,17,6148,199,85,6,0.43529411764705883,nan,nan,0.47058823529411764
long_aliased_t_maze,long_cue_dependent_navigation,long_delayed_landmark_choice,egocentric_landmark,temporal_cue_then_blank,0.5,one_hot,0,reservoir_block_hybrid,,,,all_units,17,6154,199,85,6,0.4823529411764706,nan,nan,0.4823529411764706
long_aliased_t_maze,long_cue_dependent_navigation,long_delayed_landmark_choice,egocentric_landmark,temporal_cue_then_blank,0.5,one_hot,0,reservoir_block_hybrid,,,,all_units,17,6158,199,85,6,0.4470588235294118,nan,nan,0.47058823529411764
long_aliased_t_maze,long_cue_dependent_navigation,long_delayed_landmark_choice,egocentric_landmark,temporal_cue_then_blank,0.5,one_hot,0,lin_sequence_front_bands_r1_l2,1,2,2,front_bands,17,6727,199,85,6,0.5058823529411764,nan,nan,0.49411764705882355
long_aliased_t_maze,long_cue_dependent_navigation,long_delayed_landmark_choice,egocentric_landmark,temporal_cue_then_blank,0.5,one_hot,0,lin_sequence_front_bands_r1_l2,1,2,2,front_bands,17,6733,199,85,6,0.5058823529411764,nan,nan,0.49411764705882355
long_aliased_t_maze,long_cue_dependent_navigation,long_delayed_landmark_choice,egocentric_landmark,temporal_cue_then_blank,0.5,one_hot,0,lin_sequence_front_bands_r1_l2,1,2,2,front_bands,17,6737,199,85,6,0.5058823529411764,nan,nan,0.49411764705882355
long_aliased_t_maze,long_cue_dependent_navigation,long_delayed_landmark_choice,egocentric_landmark,temporal_cue_then_blank,0.5,one_hot,0,lin_sequence_front_bands_r1_l4,1,4,4,front_bands,17,6789,199,85,6,0.5058823529411764,nan,nan,0.49411764705882355
long_aliased_t_maze,long_cue_dependent_navigation,long_delayed_landmark_choice,egocentric_landmark,temporal_cue_then_blank,0.5,one_hot,0,lin_sequence_front_bands_r1_l4,1,4,4,front_bands,17,6795,199,85,6,0.5058823529411764,nan,nan,0.49411764705882355
long_aliased_t_maze,long_cue_dependent_navigation,long_delayed_landmark_choice,egocentric_landmark,temporal_cue_then_blank,0.5,one_hot,0,lin_sequence_front_bands_r1_l4,1,4,4,front_bands,17,6799,199,85,6,0.5058823529411764,nan,nan,0.49411764705882355
long_aliased_t_maze,long_cue_dependent_navigation,long_delayed_landmark_choice,egocentric_landmark,temporal_cue_then_blank,0.5,one_hot,0,lin_sequence_front_bands_r1_l8,1,8,8,front_bands,17,6913,199,85,6,0.5058823529411764,nan,nan,0.49411764705882355
long_aliased_t_maze,long_cue_dependent_navigation,long_delayed_landmark_choice,egocentric_landmark,temporal_cue_then_blank,0.5,one_hot,0,lin_sequence_front_bands_r1_l8,1,8,8,front_bands,17,6919,199,85,6,0.4823529411764706,nan,nan,0.4823529411764706
long_aliased_t_maze,long_cue_dependent_navigation,long_delayed_landmark_choice,egocentric_landmark,temporal_cue_then_blank,0.5,one_hot,0,lin_sequence_front_bands_r1_l8,1,8,8,front_bands,17,6923,199,85,6,0.5058823529411764,nan,nan,0.5058823529411764
long_aliased_t_maze,long_cue_dependent_navigation,long_delayed_landmark_choice,egocentric_landmark,temporal_cue_then_blank,0.5,one_hot,0,lin_sequence_front_bands_r3_l2,3,2,4,front_bands,17,6761,199,85,6,0.49411764705882355,nan,nan,0.49411764705882355
long_aliased_t_maze,long_cue_dependent_navigation,long_delayed_landmark_choice,egocentric_landmark,temporal_cue_then_blank,0.5,one_hot,0,lin_sequence_front_bands_r3_l2,3,2,4,front_bands,17,6767,199,85,6,0.5058823529411764,nan,nan,0.49411764705882355
long_aliased_t_maze,long_cue_dependent_navigation,long_delayed_landmark_choice,egocentric_landmark,temporal_cue_then_blank,0.5,one_hot,0,lin_sequence_front_bands_r3_l2,3,2,4,front_bands,17,6771,199,85,6,0.5058823529411764,nan,nan,0.5058823529411764
long_aliased_t_maze,long_cue_dependent_navigation,long_delayed_landmark_choice,egocentric_landmark,temporal_cue_then_blank,0.5,one_hot,0,lin_sequence_front_bands_r3_l4,3,4,6,front_bands,17,6823,199,85,6,0.5058823529411764,nan,nan,0.4823529411764706
long_aliased_t_maze,long_cue_dependent_navigation,long_delayed_landmark_choice,egocentric_landmark,temporal_cue_then_blank,0.5,one_hot,0,lin_sequence_front_bands_r3_l4,3,4,6,front_bands,17,6829,199,85,6,0.5058823529411764,nan,nan,0.4823529411764706
long_aliased_t_maze,long_cue_dependent_navigation,long_delayed_landmark_choice,egocentric_landmark,temporal_cue_then_blank,0.5,one_hot,0,lin_sequence_front_bands_r3_l4,3,4,6,front_bands,17,6833,199,85,6,0.4823529411764706,nan,nan,0.4823529411764706
long_aliased_t_maze,long_cue_dependent_navigation,long_delayed_landmark_choice,egocentric_landmark,temporal_cue_then_blank,0.5,one_hot,0,lin_sequence_front_bands_r3_l8,3,8,10,front_bands,17,6947,199,85,6,0.5058823529411764,nan,nan,0.5058823529411764
long_aliased_t_maze,long_cue_dependent_navigation,long_delayed_landmark_choice,egocentric_landmark,temporal_cue_then_blank,0.5,one_hot,0,lin_sequence_front_bands_r3_l8,3,8,10,front_bands,17,6953,199,85,6,0.4823529411764706,nan,nan,0.5058823529411764
long_aliased_t_maze,long_cue_dependent_navigation,long_delayed_landmark_choice,egocentric_landmark,temporal_cue_then_blank,0.5,one_hot,0,lin_sequence_front_bands_r3_l8,3,8,10,front_bands,17,6957,199,85,6,0.5058823529411764,nan,nan,0.47058823529411764
long_aliased_t_maze,long_cue_dependent_navigation,long_delayed_landmark_choice,egocentric_landmark,temporal_cue_then_blank,0.5,one_hot,0,lin_sequence_front_bands_r5_l2,5,2,6,front_bands,17,6795,199,85,6,0.49411764705882355,nan,nan,0.4823529411764706
long_aliased_t_maze,long_cue_dependent_navigation,long_delayed_landmark_choice,egocentric_landmark,temporal_cue_then_blank,0.5,one_hot,0,lin_sequence_front_bands_r5_l2,5,2,6,front_bands,17,6801,199,85,6,0.4823529411764706,nan,nan,0.4823529411764706
long_aliased_t_maze,long_cue_dependent_navigation,long_delayed_landmark_choice,egocentric_landmark,temporal_cue_then_blank,0.5,one_hot,0,lin_sequence_front_bands_r5_l2,5,2,6,front_bands,17,6805,199,85,6,0.5058823529411764,nan,nan,0.49411764705882355
long_aliased_t_maze,long_cue_dependent_navigation,long_delayed_landmark_choice,egocentric_landmark,temporal_cue_then_blank,0.5,one_hot,0,lin_sequence_front_bands_r5_l4,5,4,8,front_bands,17,6857,199,85,6,0.5058823529411764,nan,nan,0.49411764705882355
long_aliased_t_maze,long_cue_dependent_navigation,long_delayed_landmark_choice,egocentric_landmark,temporal_cue_then_blank,0.5,one_hot,0,lin_sequence_front_bands_r5_l4,5,4,8,front_bands,17,6863,199,85,6,0.49411764705882355,nan,nan,0.4823529411764706
long_aliased_t_maze,long_cue_dependent_navigation,long_delayed_landmark_choice,egocentric_landmark,temporal_cue_then_blank,0.5,one_hot,0,lin_sequence_front_bands_r5_l4,5,4,8,front_bands,17,6867,199,85,6,0.4823529411764706,nan,nan,0.5058823529411764
long_aliased_t_maze,long_cue_dependent_navigation,long_delayed_landmark_choice,egocentric_landmark,temporal_cue_then_blank,0.5,one_hot,0,lin_sequence_front_bands_r5_l8,5,8,12,front_bands,17,6981,199,85,6,0.5058823529411764,nan,nan,0.4823529411764706
long_aliased_t_maze,long_cue_dependent_navigation,long_delayed_landmark_choice,egocentric_landmark,temporal_cue_then_blank,0.5,one_hot,0,lin_sequence_front_bands_r5_l8,5,8,12,front_bands,17,6987,199,85,6,0.49411764705882355,nan,nan,0.47058823529411764
long_aliased_t_maze,long_cue_dependent_navigation,long_delayed_landmark_choice,egocentric_landmark,temporal_cue_then_blank,0.5,one_hot,0,lin_sequence_front_bands_r5_l8,5,8,12,front_bands,17,6991,199,85,6,0.5058823529411764,nan,nan,0.5058823529411764
long_aliased_t_maze,long_cue_dependent_navigation,long_delayed_landmark_choice,egocentric_landmark,temporal_cue_then_blank,0.5,one_hot,0,lin_sequence_all_units_r3_l4,3,4,6,all_units,17,6823,199,85,6,0.5058823529411764,nan,nan,0.47058823529411764
long_aliased_t_maze,long_cue_dependent_navigation,long_delayed_landmark_choice,egocentric_landmark,temporal_cue_then_blank,0.5,one_hot,0,lin_sequence_all_units_r3_l4,3,4,6,all_units,17,6829,199,85,6,0.5058823529411764,nan,nan,0.49411764705882355
long_aliased_t_maze,long_cue_dependent_navigation,long_delayed_landmark_choice,egocentric_landmark,temporal_cue_then_blank,0.5,one_hot,0,lin_sequence_all_units_r3_l4,3,4,6,all_units,17,6833,199,85,6,0.4823529411764706,nan,nan,0.4823529411764706
long_aliased_t_maze,long_cue_dependent_navigation,long_delayed_landmark_choice,egocentric_landmark,temporal_cue_then_blank,0.5,one_hot,0,lin_block_r1_l4,1,4,4,independent_blocks,17,6117,199,85,6,0.5058823529411764,nan,nan,0.49411764705882355
long_aliased_t_maze,long_cue_dependent_navigation,long_delayed_landmark_choice,egocentric_landmark,temporal_cue_then_blank,0.5,one_hot,0,lin_block_r1_l16,1,16,16,independent_blocks,17,6117,199,85,6,0.5058823529411764,nan,nan,0.47058823529411764
long_aliased_t_maze,long_cue_dependent_navigation,long_delayed_landmark_choice,egocentric_landmark,temporal_cue_then_blank,0.5,one_hot,0,lin_block_r1_l64,1,64,64,independent_blocks,17,6117,199,85,6,0.7058823529411765,nan,nan,0.36470588235294116
long_aliased_t_maze,long_cue_dependent_navigation,long_delayed_landmark_choice,egocentric_landmark,temporal_cue_then_blank,0.5,one_hot,0,lin_block_r3_l4,3,4,6,independent_blocks,17,6117,199,85,6,0.5058823529411764,nan,nan,0.5058823529411764
long_aliased_t_maze,long_cue_dependent_navigation,long_delayed_landmark_choice,egocentric_landmark,temporal_cue_then_blank,0.5,one_hot,0,lin_block_r3_l16,3,16,18,independent_blocks,17,6117,199,85,6,0.5058823529411764,nan,nan,0.5647058823529412
long_aliased_t_maze,long_cue_dependent_navigation,long_delayed_landmark_choice,egocentric_landmark,temporal_cue_then_blank,0.5,one_hot,0,lin_block_r3_l64,3,64,66,independent_blocks,17,6117,199,85,6,0.7294117647058823,nan,nan,0.7411764705882353
long_aliased_t_maze,long_cue_dependent_navigation,long_delayed_landmark_choice,egocentric_landmark,temporal_cue_then_blank,0.5,one_hot,0,lin_block_r5_l4,5,4,8,independent_blocks,17,6117,199,85,6,0.5058823529411764,nan,nan,0.5294117647058824
long_aliased_t_maze,long_cue_dependent_navigation,long_delayed_landmark_choice,egocentric_landmark,temporal_cue_then_blank,0.5,one_hot,0,lin_block_r5_l16,5,16,20,independent_blocks,17,6117,199,85,6,0.5058823529411764,nan,nan,0.5529411764705883
long_aliased_t_maze,long_cue_dependent_navigation,long_delayed_landmark_choice,egocentric_landmark,temporal_cue_then_blank,0.5,one_hot,0,lin_block_r5_l64,5,64,68,independent_blocks,17,6117,199,85,6,0.7411764705882353,nan,nan,0.7411764705882353
long_aliased_t_maze,long_cue_dependent_navigation,long_delayed_landmark_choice,egocentric_landmark,temporal_cue_then_blank,0.5,one_hot,0,memoryless_linear,,,,,23,6123,199,85,6,0.5058823529411764,nan,nan,0.4823529411764706
long_aliased_t_maze,long_cue_dependent_navigation,long_delayed_landmark_choice,egocentric_landmark,temporal_cue_then_blank,0.5,one_hot,0,memoryless_mlp,,,,,23,6123,199,85,6,0.5058823529411764,nan,nan,0.4823529411764706
long_aliased_t_maze,long_cue_dependent_navigation,long_delayed_landmark_choice,egocentric_landmark,temporal_cue_then_blank,0.5,one_hot,0,history_linear_h4,,,,,23,6123,199,85,6,0.5058823529411764,nan,nan,0.47058823529411764
long_aliased_t_maze,long_cue_dependent_navigation,long_delayed_landmark_choice,egocentric_landmark,temporal_cue_then_blank,0.5,one_hot,0,history_linear_h16,,,,,23,6123,199,85,6,0.5058823529411764,nan,nan,0.4470588235294118
long_aliased_t_maze,long_cue_dependent_navigation,long_delayed_landmark_choice,egocentric_landmark,temporal_cue_then_blank,0.5,one_hot,0,history_linear_h64,,,,,23,6123,199,85,6,0.5058823529411764,nan,nan,0.3058823529411765
long_aliased_t_maze,long_cue_dependent_navigation,long_delayed_landmark_choice,egocentric_landmark,temporal_cue_then_blank,0.5,one_hot,0,history_linear_h80,,,,,23,6123,199,85,6,1.0,nan,nan,0.5411764705882353
long_aliased_t_maze,long_cue_dependent_navigation,long_delayed_landmark_choice,egocentric_landmark,temporal_cue_then_blank,0.5,one_hot,0,numpy_rnn,,,,,23,6123,199,85,6,0.5058823529411764,nan,1.0842196915916462,0.47058823529411764
long_aliased_t_maze,long_cue_dependent_navigation,long_delayed_landmark_choice,egocentric_landmark,temporal_cue_then_blank,0.5,one_hot,0,reservoir_random,,,,all_units,23,6154,199,85,6,0.4823529411764706,nan,nan,0.47058823529411764
long_aliased_t_maze,long_cue_dependent_navigation,long_delayed_landmark_choice,egocentric_landmark,temporal_cue_then_blank,0.5,one_hot,0,reservoir_random,,,,all_units,23,6160,199,85,6,0.4823529411764706,nan,nan,0.43529411764705883
long_aliased_t_maze,long_cue_dependent_navigation,long_delayed_landmark_choice,egocentric_landmark,temporal_cue_then_blank,0.5,one_hot,0,reservoir_random,,,,all_units,23,6164,199,85,6,0.4823529411764706,nan,nan,0.43529411764705883
long_aliased_t_maze,long_cue_dependent_navigation,long_delayed_landmark_choice,egocentric_landmark,temporal_cue_then_blank,0.5,one_hot,0,reservoir_symmetric,,,,all_units,23,6154,199,85,6,0.5058823529411764,nan,nan,0.47058823529411764
long_aliased_t_maze,long_cue_dependent_navigation,long_delayed_landmark_choice,egocentric_landmark,temporal_cue_then_blank,0.5,one_hot,0,reservoir_symmetric,,,,all_units,23,6160,199,85,6,0.5058823529411764,nan,nan,0.5647058823529412
long_aliased_t_maze,long_cue_dependent_navigation,long_delayed_landmark_choice,egocentric_landmark,temporal_cue_then_blank,0.5,one_hot,0,reservoir_symmetric,,,,all_units,23,6164,199,85,6,0.5058823529411764,nan,nan,0.5411764705882353
long_aliased_t_maze,long_cue_dependent_navigation,long_delayed_landmark_choice,egocentric_landmark,temporal_cue_then_blank,0.5,one_hot,0,reservoir_oscillatory,,,,all_units,23,6154,199,85,6,0.43529411764705883,nan,nan,0.4823529411764706
long_aliased_t_maze,long_cue_dependent_navigation,long_delayed_landmark_choice,egocentric_landmark,temporal_cue_then_blank,0.5,one_hot,0,reservoir_oscillatory,,,,all_units,23,6160,199,85,6,0.4235294117647059,nan,nan,0.47058823529411764
long_aliased_t_maze,long_cue_dependent_navigation,long_delayed_landmark_choice,egocentric_landmark,temporal_cue_then_blank,0.5,one_hot,0,reservoir_oscillatory,,,,all_units,23,6164,199,85,6,0.4588235294117647,nan,nan,0.4588235294117647
long_aliased_t_maze,long_cue_dependent_navigation,long_delayed_landmark_choice,egocentric_landmark,temporal_cue_then_blank,0.5,one_hot,0,reservoir_orthogonal,,,,all_units,23,6154,199,85,6,0.4588235294117647,nan,nan,0.4117647058823529
long_aliased_t_maze,long_cue_dependent_navigation,long_delayed_landmark_choice,egocentric_landmark,temporal_cue_then_blank,0.5,one_hot,0,reservoir_orthogonal,,,,all_units,23,6160,199,85,6,0.4823529411764706,nan,nan,0.4235294117647059
long_aliased_t_maze,long_cue_dependent_navigation,long_delayed_landmark_choice,egocentric_landmark,temporal_cue_then_blank,0.5,one_hot,0,reservoir_orthogonal,,,,all_units,23,6164,199,85,6,0.49411764705882355,nan,nan,0.4235294117647059
long_aliased_t_maze,long_cue_dependent_navigation,long_delayed_landmark_choice,egocentric_landmark,temporal_cue_then_blank,0.5,one_hot,0,reservoir_nilpotent,,,,all_units,23,6154,199,85,6,0.47058823529411764,nan,nan,0.4470588235294118
long_aliased_t_maze,long_cue_dependent_navigation,long_delayed_landmark_choice,egocentric_landmark,temporal_cue_then_blank,0.5,one_hot,0,reservoir_nilpotent,,,,all_units,23,6160,199,85,6,0.47058823529411764,nan,nan,0.4588235294117647
long_aliased_t_maze,long_cue_dependent_navigation,long_delayed_landmark_choice,egocentric_landmark,temporal_cue_then_blank,0.5,one_hot,0,reservoir_nilpotent,,,,all_units,23,6164,199,85,6,0.4588235294117647,nan,nan,0.4823529411764706
long_aliased_t_maze,long_cue_dependent_navigation,long_delayed_landmark_choice,egocentric_landmark,temporal_cue_then_blank,0.5,one_hot,0,reservoir_diagonal,,,,all_units,23,6154,199,85,6,0.5058823529411764,nan,nan,0.5529411764705883
long_aliased_t_maze,long_cue_dependent_navigation,long_delayed_landmark_choice,egocentric_landmark,temporal_cue_then_blank,0.5,one_hot,0,reservoir_diagonal,,,,all_units,23,6160,199,85,6,0.5058823529411764,nan,nan,0.5294117647058824
long_aliased_t_maze,long_cue_dependent_navigation,long_delayed_landmark_choice,egocentric_landmark,temporal_cue_then_blank,0.5,one_hot,0,reservoir_diagonal,,,,all_units,23,6164,199,85,6,0.5058823529411764,nan,nan,0.5411764705882353
long_aliased_t_maze,long_cue_dependent_navigation,long_delayed_landmark_choice,egocentric_landmark,temporal_cue_then_blank,0.5,one_hot,0,reservoir_low_rank,,,,all_units,23,6154,199,85,6,0.49411764705882355,nan,nan,0.47058823529411764
long_aliased_t_maze,long_cue_dependent_navigation,long_delayed_landmark_choice,egocentric_landmark,temporal_cue_then_blank,0.5,one_hot,0,reservoir_low_rank,,,,all_units,23,6160,199,85,6,0.47058823529411764,nan,nan,0.7176470588235294
long_aliased_t_maze,long_cue_dependent_navigation,long_delayed_landmark_choice,egocentric_landmark,temporal_cue_then_blank,0.5,one_hot,0,reservoir_low_rank,,,,all_units,23,6164,199,85,6,0.49411764705882355,nan,nan,0.47058823529411764
long_aliased_t_maze,long_cue_dependent_navigation,long_delayed_landmark_choice,egocentric_landmark,temporal_cue_then_blank,0.5,one_hot,0,reservoir_sparse,,,,all_units,23,6154,199,85,6,0.49411764705882355,nan,nan,0.4470588235294118
long_aliased_t_maze,long_cue_dependent_navigation,long_delayed_landmark_choice,egocentric_landmark,temporal_cue_then_blank,0.5,one_hot,0,reservoir_sparse,,,,all_units,23,6160,199,85,6,0.4823529411764706,nan,nan,0.4823529411764706
long_aliased_t_maze,long_cue_dependent_navigation,long_delayed_landmark_choice,egocentric_landmark,temporal_cue_then_blank,0.5,one_hot,0,reservoir_sparse,,,,all_units,23,6164,199,85,6,0.4823529411764706,nan,nan,0.47058823529411764
long_aliased_t_maze,long_cue_dependent_navigation,long_delayed_landmark_choice,egocentric_landmark,temporal_cue_then_blank,0.5,one_hot,0,reservoir_block_hybrid,,,,all_units,23,6154,199,85,6,0.49411764705882355,nan,nan,0.49411764705882355
long_aliased_t_maze,long_cue_dependent_navigation,long_delayed_landmark_choice,egocentric_landmark,temporal_cue_then_blank,0.5,one_hot,0,reservoir_block_hybrid,,,,all_units,23,6160,199,85,6,0.4470588235294118,nan,nan,0.49411764705882355
long_aliased_t_maze,long_cue_dependent_navigation,long_delayed_landmark_choice,egocentric_landmark,temporal_cue_then_blank,0.5,one_hot,0,reservoir_block_hybrid,,,,all_units,23,6164,199,85,6,0.49411764705882355,nan,nan,0.49411764705882355
long_aliased_t_maze,long_cue_dependent_navigation,long_delayed_landmark_choice,egocentric_landmark,temporal_cue_then_blank,0.5,one_hot,0,lin_sequence_front_bands_r1_l2,1,2,2,front_bands,23,6733,199,85,6,0.5058823529411764,nan,nan,0.47058823529411764
long_aliased_t_maze,long_cue_dependent_navigation,long_delayed_landmark_choice,egocentric_landmark,temporal_cue_then_blank,0.5,one_hot,0,lin_sequence_front_bands_r1_l2,1,2,2,front_bands,23,6739,199,85,6,0.5058823529411764,nan,nan,0.47058823529411764
long_aliased_t_maze,long_cue_dependent_navigation,long_delayed_landmark_choice,egocentric_landmark,temporal_cue_then_blank,0.5,one_hot,0,lin_sequence_front_bands_r1_l2,1,2,2,front_bands,23,6743,199,85,6,0.5058823529411764,nan,nan,0.47058823529411764
long_aliased_t_maze,long_cue_dependent_navigation,long_delayed_landmark_choice,egocentric_landmark,temporal_cue_then_blank,0.5,one_hot,0,lin_sequence_front_bands_r1_l4,1,4,4,front_bands,23,6795,199,85,6,0.5058823529411764,nan,nan,0.47058823529411764
long_aliased_t_maze,long_cue_dependent_navigation,long_delayed_landmark_choice,egocentric_landmark,temporal_cue_then_blank,0.5,one_hot,0,lin_sequence_front_bands_r1_l4,1,4,4,front_bands,23,6801,199,85,6,0.5058823529411764,nan,nan,0.47058823529411764
long_aliased_t_maze,long_cue_dependent_navigation,long_delayed_landmark_choice,egocentric_landmark,temporal_cue_then_blank,0.5,one_hot,0,lin_sequence_front_bands_r1_l4,1,4,4,front_bands,23,6805,199,85,6,0.5058823529411764,nan,nan,0.47058823529411764
long_aliased_t_maze,long_cue_dependent_navigation,long_delayed_landmark_choice,egocentric_landmark,temporal_cue_then_blank,0.5,one_hot,0,lin_sequence_front_bands_r1_l8,1,8,8,front_bands,23,6919,199,85,6,0.4823529411764706,nan,nan,0.47058823529411764
long_aliased_t_maze,long_cue_dependent_navigation,long_delayed_landmark_choice,egocentric_landmark,temporal_cue_then_blank,0.5,one_hot,0,lin_sequence_front_bands_r1_l8,1,8,8,front_bands,23,6925,199,85,6,0.4823529411764706,nan,nan,0.47058823529411764
long_aliased_t_maze,long_cue_dependent_navigation,long_delayed_landmark_choice,egocentric_landmark,temporal_cue_then_blank,0.5,one_hot,0,lin_sequence_front_bands_r1_l8,1,8,8,front_bands,23,6929,199,85,6,0.5058823529411764,nan,nan,0.47058823529411764
long_aliased_t_maze,long_cue_dependent_navigation,long_delayed_landmark_choice,egocentric_landmark,temporal_cue_then_blank,0.5,one_hot,0,lin_sequence_front_bands_r3_l2,3,2,4,front_bands,23,6767,199,85,6,0.5058823529411764,nan,nan,0.49411764705882355
long_aliased_t_maze,long_cue_dependent_navigation,long_delayed_landmark_choice,egocentric_landmark,temporal_cue_then_blank,0.5,one_hot,0,lin_sequence_front_bands_r3_l2,3,2,4,front_bands,23,6773,199,85,6,0.5058823529411764,nan,nan,0.47058823529411764
long_aliased_t_maze,long_cue_dependent_navigation,long_delayed_landmark_choice,egocentric_landmark,temporal_cue_then_blank,0.5,one_hot,0,lin_sequence_front_bands_r3_l2,3,2,4,front_bands,23,6777,199,85,6,0.5058823529411764,nan,nan,0.4823529411764706
long_aliased_t_maze,long_cue_dependent_navigation,long_delayed_landmark_choice,egocentric_landmark,temporal_cue_then_blank,0.5,one_hot,0,lin_sequence_front_bands_r3_l4,3,4,6,front_bands,23,6829,199,85,6,0.5058823529411764,nan,nan,0.47058823529411764
long_aliased_t_maze,long_cue_dependent_navigation,long_delayed_landmark_choice,egocentric_landmark,temporal_cue_then_blank,0.5,one_hot,0,lin_sequence_front_bands_r3_l4,3,4,6,front_bands,23,6835,199,85,6,0.5058823529411764,nan,nan,0.47058823529411764
long_aliased_t_maze,long_cue_dependent_navigation,long_delayed_landmark_choice,egocentric_landmark,temporal_cue_then_blank,0.5,one_hot,0,lin_sequence_front_bands_r3_l4,3,4,6,front_bands,23,6839,199,85,6,0.5058823529411764,nan,nan,0.47058823529411764
long_aliased_t_maze,long_cue_dependent_navigation,long_delayed_landmark_choice,egocentric_landmark,temporal_cue_then_blank,0.5,one_hot,0,lin_sequence_front_bands_r3_l8,3,8,10,front_bands,23,6953,199,85,6,0.47058823529411764,nan,nan,0.49411764705882355
long_aliased_t_maze,long_cue_dependent_navigation,long_delayed_landmark_choice,egocentric_landmark,temporal_cue_then_blank,0.5,one_hot,0,lin_sequence_front_bands_r3_l8,3,8,10,front_bands,23,6959,199,85,6,0.4823529411764706,nan,nan,0.4588235294117647
long_aliased_t_maze,long_cue_dependent_navigation,long_delayed_landmark_choice,egocentric_landmark,temporal_cue_then_blank,0.5,one_hot,0,lin_sequence_front_bands_r3_l8,3,8,10,front_bands,23,6963,199,85,6,0.4823529411764706,nan,nan,0.4588235294117647
long_aliased_t_maze,long_cue_dependent_navigation,long_delayed_landmark_choice,egocentric_landmark,temporal_cue_then_blank,0.5,one_hot,0,lin_sequence_front_bands_r5_l2,5,2,6,front_bands,23,6801,199,85,6,0.5058823529411764,nan,nan,0.47058823529411764
long_aliased_t_maze,long_cue_dependent_navigation,long_delayed_landmark_choice,egocentric_landmark,temporal_cue_then_blank,0.5,one_hot,0,lin_sequence_front_bands_r5_l2,5,2,6,front_bands,23,6807,199,85,6,0.5058823529411764,nan,nan,0.47058823529411764
long_aliased_t_maze,long_cue_dependent_navigation,long_delayed_landmark_choice,egocentric_landmark,temporal_cue_then_blank,0.5,one_hot,0,lin_sequence_front_bands_r5_l2,5,2,6,front_bands,23,6811,199,85,6,0.5058823529411764,nan,nan,0.4823529411764706
long_aliased_t_maze,long_cue_dependent_navigation,long_delayed_landmark_choice,egocentric_landmark,temporal_cue_then_blank,0.5,one_hot,0,lin_sequence_front_bands_r5_l4,5,4,8,front_bands,23,6863,199,85,6,0.47058823529411764,nan,nan,0.4588235294117647
long_aliased_t_maze,long_cue_dependent_navigation,long_delayed_landmark_choice,egocentric_landmark,temporal_cue_then_blank,0.5,one_hot,0,lin_sequence_front_bands_r5_l4,5,4,8,front_bands,23,6869,199,85,6,0.4823529411764706,nan,nan,0.4588235294117647
long_aliased_t_maze,long_cue_dependent_navigation,long_delayed_landmark_choice,egocentric_landmark,temporal_cue_then_blank,0.5,one_hot,0,lin_sequence_front_bands_r5_l4,5,4,8,front_bands,23,6873,199,85,6,0.5058823529411764,nan,nan,0.47058823529411764
long_aliased_t_maze,long_cue_dependent_navigation,long_delayed_landmark_choice,egocentric_landmark,temporal_cue_then_blank,0.5,one_hot,0,lin_sequence_front_bands_r5_l8,5,8,12,front_bands,23,6987,199,85,6,0.5058823529411764,nan,nan,0.4588235294117647
long_aliased_t_maze,long_cue_dependent_navigation,long_delayed_landmark_choice,egocentric_landmark,temporal_cue_then_blank,0.5,one_hot,0,lin_sequence_front_bands_r5_l8,5,8,12,front_bands,23,6993,199,85,6,0.4588235294117647,nan,nan,0.49411764705882355
long_aliased_t_maze,long_cue_dependent_navigation,long_delayed_landmark_choice,egocentric_landmark,temporal_cue_then_blank,0.5,one_hot,0,lin_sequence_front_bands_r5_l8,5,8,12,front_bands,23,6997,199,85,6,0.4470588235294118,nan,nan,0.49411764705882355
long_aliased_t_maze,long_cue_dependent_navigation,long_delayed_landmark_choice,egocentric_landmark,temporal_cue_then_blank,0.5,one_hot,0,lin_sequence_all_units_r3_l4,3,4,6,all_units,23,6829,199,85,6,0.49411764705882355,nan,nan,0.47058823529411764
long_aliased_t_maze,long_cue_dependent_navigation,long_delayed_landmark_choice,egocentric_landmark,temporal_cue_then_blank,0.5,one_hot,0,lin_sequence_all_units_r3_l4,3,4,6,all_units,23,6835,199,85,6,0.5058823529411764,nan,nan,0.4823529411764706
long_aliased_t_maze,long_cue_dependent_navigation,long_delayed_landmark_choice,egocentric_landmark,temporal_cue_then_blank,0.5,one_hot,0,lin_sequence_all_units_r3_l4,3,4,6,all_units,23,6839,199,85,6,0.5058823529411764,nan,nan,0.4823529411764706
long_aliased_t_maze,long_cue_dependent_navigation,long_delayed_landmark_choice,egocentric_landmark,temporal_cue_then_blank,0.5,one_hot,0,lin_block_r1_l4,1,4,4,independent_blocks,23,6123,199,85,6,0.5058823529411764,nan,nan,0.47058823529411764
long_aliased_t_maze,long_cue_dependent_navigation,long_delayed_landmark_choice,egocentric_landmark,temporal_cue_then_blank,0.5,one_hot,0,lin_block_r1_l16,1,16,16,independent_blocks,23,6123,199,85,6,0.5058823529411764,nan,nan,0.4470588235294118
long_aliased_t_maze,long_cue_dependent_navigation,long_delayed_landmark_choice,egocentric_landmark,temporal_cue_then_blank,0.5,one_hot,0,lin_block_r1_l64,1,64,64,independent_blocks,23,6123,199,85,6,0.7176470588235294,nan,nan,0.3176470588235294
long_aliased_t_maze,long_cue_dependent_navigation,long_delayed_landmark_choice,egocentric_landmark,temporal_cue_then_blank,0.5,one_hot,0,lin_block_r3_l4,3,4,6,independent_blocks,23,6123,199,85,6,0.5058823529411764,nan,nan,0.4823529411764706
long_aliased_t_maze,long_cue_dependent_navigation,long_delayed_landmark_choice,egocentric_landmark,temporal_cue_then_blank,0.5,one_hot,0,lin_block_r3_l16,3,16,18,independent_blocks,23,6123,199,85,6,0.5058823529411764,nan,nan,0.5647058823529412
long_aliased_t_maze,long_cue_dependent_navigation,long_delayed_landmark_choice,egocentric_landmark,temporal_cue_then_blank,0.5,one_hot,0,lin_block_r3_l64,3,64,66,independent_blocks,23,6123,199,85,6,0.7176470588235294,nan,nan,0.6941176470588235
long_aliased_t_maze,long_cue_dependent_navigation,long_delayed_landmark_choice,egocentric_landmark,temporal_cue_then_blank,0.5,one_hot,0,lin_block_r5_l4,5,4,8,independent_blocks,23,6123,199,85,6,0.5058823529411764,nan,nan,0.5176470588235295
long_aliased_t_maze,long_cue_dependent_navigation,long_delayed_landmark_choice,egocentric_landmark,temporal_cue_then_blank,0.5,one_hot,0,lin_block_r5_l16,5,16,20,independent_blocks,23,6123,199,85,6,0.5058823529411764,nan,nan,0.5764705882352941
long_aliased_t_maze,long_cue_dependent_navigation,long_delayed_landmark_choice,egocentric_landmark,temporal_cue_then_blank,0.5,one_hot,0,lin_block_r5_l64,5,64,68,independent_blocks,23,6123,199,85,6,0.7294117647058823,nan,nan,0.7294117647058823
