task,geometry,behavior_family,obs_mode,temporal_mode,action_input,action_embedding_dim,model,sequence_r,sequence_l,sequence_ell,input_injection,n_runs,action_accuracy_mean,action_accuracy_sem,greedy_success_mean,greedy_success_sem,context_accuracy_mean,context_accuracy_sem
aliased_loop_rooms,looped_repeated_rooms,repeated_room_loop,egocentric_landmark,temporal_cue_then_blank,one_hot,0,lin_sequence_all_units_r3_l4,3,4,6,all_units,6,0.26666666666666666,0.04944132324730443,0.16666666666666666,0.03333333333333333,0.8833333333333333,0.08333333333333334
aliased_loop_rooms,looped_repeated_rooms,repeated_room_loop,egocentric_landmark,temporal_cue_then_blank,one_hot,0,lin_sequence_front_bands_r1_l2,1,2,2,front_bands,6,0.3333333333333333,0.03333333333333334,0.25000000000000006,0.042817441928883766,0.8999999999999999,0.04472135954999579
aliased_loop_rooms,looped_repeated_rooms,repeated_room_loop,egocentric_landmark,temporal_cue_then_blank,one_hot,0,lin_sequence_front_bands_r1_l4,1,4,4,front_bands,6,0.3499999999999999,0.09219544457292887,0.3666666666666667,0.021081851067789207,0.9166666666666666,0.04013864859597432
aliased_loop_rooms,looped_repeated_rooms,repeated_room_loop,egocentric_landmark,temporal_cue_then_blank,one_hot,0,lin_sequence_front_bands_r1_l8,1,8,8,front_bands,6,0.30000000000000004,0.07745966692414834,0.25,0.05627314338711378,0.6333333333333333,0.10852547064066474
aliased_loop_rooms,looped_repeated_rooms,repeated_room_loop,egocentric_landmark,temporal_cue_then_blank,one_hot,0,lin_sequence_front_bands_r3_l2,3,2,4,front_bands,6,0.3166666666666667,0.04772607021092118,0.2833333333333333,0.04772607021092118,0.9,0.03651483716701107
aliased_loop_rooms,looped_repeated_rooms,repeated_room_loop,egocentric_landmark,temporal_cue_then_blank,one_hot,0,lin_sequence_front_bands_r3_l4,3,4,6,front_bands,6,0.25,0.042817441928883766,0.21666666666666667,0.07031674369909661,0.7999999999999999,0.06831300510639733
aliased_loop_rooms,looped_repeated_rooms,repeated_room_loop,egocentric_landmark,temporal_cue_then_blank,one_hot,0,lin_sequence_front_bands_r3_l8,3,8,10,front_bands,6,0.26666666666666666,0.04216370213557839,0.23333333333333336,0.03333333333333333,0.7333333333333333,0.0881917103688197
aliased_loop_rooms,looped_repeated_rooms,repeated_room_loop,egocentric_landmark,temporal_cue_then_blank,one_hot,0,lin_sequence_front_bands_r5_l2,5,2,6,front_bands,6,0.26666666666666666,0.0557773351022717,0.26666666666666666,0.06146362971528592,0.9500000000000001,0.03415650255319866
aliased_loop_rooms,looped_repeated_rooms,repeated_room_loop,egocentric_landmark,temporal_cue_then_blank,one_hot,0,lin_sequence_front_bands_r5_l4,5,4,8,front_bands,6,0.2333333333333333,0.06666666666666668,0.19999999999999998,0.08164965809277261,0.7833333333333333,0.060092521257733164
aliased_loop_rooms,looped_repeated_rooms,repeated_room_loop,egocentric_landmark,temporal_cue_then_blank,one_hot,0,lin_sequence_front_bands_r5_l8,5,8,12,front_bands,6,0.26666666666666666,0.04216370213557839,0.25,0.06191391873668904,0.7333333333333334,0.06146362971528593
aliased_loop_rooms,looped_repeated_rooms,repeated_room_loop,egocentric_landmark,temporal_dropout,one_hot,0,lin_sequence_all_units_r3_l4,3,4,6,all_units,6,0.2333333333333333,0.06666666666666668,0.16666666666666666,0.021081851067789197,0.7166666666666667,0.07923242882669809
aliased_loop_rooms,looped_repeated_rooms,repeated_room_loop,egocentric_landmark,temporal_dropout,one_hot,0,lin_sequence_front_bands_r1_l2,1,2,2,front_bands,6,0.2833333333333334,0.04772607021092118,0.26666666666666666,0.04216370213557839,0.8666666666666667,0.033333333333333326
aliased_loop_rooms,looped_repeated_rooms,repeated_room_loop,egocentric_landmark,temporal_dropout,one_hot,0,lin_sequence_front_bands_r1_l4,1,4,4,front_bands,6,0.3666666666666667,0.03333333333333334,0.25,0.022360679774997894,0.6833333333333332,0.08333333333333334
aliased_loop_rooms,looped_repeated_rooms,repeated_room_loop,egocentric_landmark,temporal_dropout,one_hot,0,lin_sequence_front_bands_r1_l8,1,8,8,front_bands,6,0.26666666666666666,0.0760116950066092,0.19999999999999998,0.051639777949432225,0.5166666666666666,0.05426273532033236
aliased_loop_rooms,looped_repeated_rooms,repeated_room_loop,egocentric_landmark,temporal_dropout,one_hot,0,lin_sequence_front_bands_r3_l2,3,2,4,front_bands,6,0.2833333333333333,0.03073181485764296,0.08333333333333333,0.040138648595974324,0.7666666666666666,0.021081851067789217
aliased_loop_rooms,looped_repeated_rooms,repeated_room_loop,egocentric_landmark,temporal_dropout,one_hot,0,lin_sequence_front_bands_r3_l4,3,4,6,front_bands,6,0.2333333333333333,0.06666666666666668,0.11666666666666665,0.060092521257733164,0.6833333333333332,0.06009252125773318
aliased_loop_rooms,looped_repeated_rooms,repeated_room_loop,egocentric_landmark,temporal_dropout,one_hot,0,lin_sequence_front_bands_r3_l8,3,8,10,front_bands,6,0.3333333333333333,0.04216370213557839,0.16666666666666666,0.04944132324730442,0.5499999999999999,0.0718795288428261
aliased_loop_rooms,looped_repeated_rooms,repeated_room_loop,egocentric_landmark,temporal_dropout,one_hot,0,lin_sequence_front_bands_r5_l2,5,2,6,front_bands,6,0.3333333333333333,0.04216370213557839,0.2333333333333333,0.0421637021355784,0.7833333333333333,0.047726070210921186
aliased_loop_rooms,looped_repeated_rooms,repeated_room_loop,egocentric_landmark,temporal_dropout,one_hot,0,lin_sequence_front_bands_r5_l4,5,4,8,front_bands,6,0.31666666666666665,0.07923242882669808,0.15000000000000002,0.06191391873668904,0.65,0.05000000000000002
aliased_loop_rooms,looped_repeated_rooms,repeated_room_loop,egocentric_landmark,temporal_dropout,one_hot,0,lin_sequence_front_bands_r5_l8,5,8,12,front_bands,6,0.25,0.05627314338711378,0.19999999999999998,0.051639777949432225,0.5666666666666665,0.08027729719194865
aliased_loop_rooms,looped_repeated_rooms,repeated_room_loop,egocentric_landmark,temporal_full,one_hot,0,lin_sequence_all_units_r3_l4,3,4,6,all_units,6,0.2833333333333333,0.03073181485764296,0.2833333333333334,0.03073181485764296,0.9333333333333332,0.042163702135578386
aliased_loop_rooms,looped_repeated_rooms,repeated_room_loop,egocentric_landmark,temporal_full,one_hot,0,lin_sequence_front_bands_r1_l2,1,2,2,front_bands,6,0.5166666666666667,0.030731814857642953,0.4666666666666666,0.09189365834726815,0.8833333333333333,0.04013864859597431
aliased_loop_rooms,looped_repeated_rooms,repeated_room_loop,egocentric_landmark,temporal_full,one_hot,0,lin_sequence_front_bands_r1_l4,1,4,4,front_bands,6,0.31666666666666665,0.04772607021092118,0.26666666666666666,0.021081851067789193,0.8166666666666665,0.016666666666666663
aliased_loop_rooms,looped_repeated_rooms,repeated_room_loop,egocentric_landmark,temporal_full,one_hot,0,lin_sequence_front_bands_r1_l8,1,8,8,front_bands,6,0.35000000000000003,0.042817441928883766,0.3666666666666667,0.06666666666666667,0.6333333333333333,0.0557773351022717
aliased_loop_rooms,looped_repeated_rooms,repeated_room_loop,egocentric_landmark,temporal_full,one_hot,0,lin_sequence_front_bands_r3_l2,3,2,4,front_bands,6,0.25,0.022360679774997894,0.3666666666666667,0.07149203529842406,0.8666666666666666,0.042163702135578386
aliased_loop_rooms,looped_repeated_rooms,repeated_room_loop,egocentric_landmark,temporal_full,one_hot,0,lin_sequence_front_bands_r3_l4,3,4,6,front_bands,6,0.3,0.0447213595499958,0.3166666666666667,0.04772607021092118,0.8166666666666668,0.06009252125773318
aliased_loop_rooms,looped_repeated_rooms,repeated_room_loop,egocentric_landmark,temporal_full,one_hot,0,lin_sequence_front_bands_r3_l8,3,8,10,front_bands,6,0.35000000000000003,0.05,0.35000000000000003,0.09916316520429012,0.7166666666666667,0.09098229375970789
aliased_loop_rooms,looped_repeated_rooms,repeated_room_loop,egocentric_landmark,temporal_full,one_hot,0,lin_sequence_front_bands_r5_l2,5,2,6,front_bands,6,0.23333333333333336,0.04216370213557839,0.2333333333333333,0.04216370213557839,0.8166666666666668,0.040138648595974324
aliased_loop_rooms,looped_repeated_rooms,repeated_room_loop,egocentric_landmark,temporal_full,one_hot,0,lin_sequence_front_bands_r5_l4,5,4,8,front_bands,6,0.26666666666666666,0.04216370213557839,0.26666666666666666,0.0760116950066092,0.7999999999999999,0.02581988897471612
aliased_loop_rooms,looped_repeated_rooms,repeated_room_loop,egocentric_landmark,temporal_full,one_hot,0,lin_sequence_front_bands_r5_l8,5,8,12,front_bands,6,0.35000000000000003,0.05,0.39999999999999997,0.05773502691896258,0.5499999999999999,0.06708203932499368
aliased_loop_rooms,looped_repeated_rooms,repeated_room_loop,gaussian_sensory,temporal_cue_then_blank,one_hot,0,lin_sequence_all_units_r3_l4,3,4,6,all_units,6,0.21666666666666667,0.060092521257733164,0.18333333333333335,0.05426273532033237,0.8500000000000001,0.042817441928883766
aliased_loop_rooms,looped_repeated_rooms,repeated_room_loop,gaussian_sensory,temporal_cue_then_blank,one_hot,0,lin_sequence_front_bands_r1_l2,1,2,2,front_bands,6,0.4166666666666667,0.07923242882669808,0.25,0.042817441928883766,0.9333333333333332,0.033333333333333326
aliased_loop_rooms,looped_repeated_rooms,repeated_room_loop,gaussian_sensory,temporal_cue_then_blank,one_hot,0,lin_sequence_front_bands_r1_l4,1,4,4,front_bands,6,0.35000000000000003,0.06708203932499368,0.3,0.03651483716701108,0.7999999999999999,0.0447213595499958
aliased_loop_rooms,looped_repeated_rooms,repeated_room_loop,gaussian_sensory,temporal_cue_then_blank,one_hot,0,lin_sequence_front_bands_r1_l8,1,8,8,front_bands,6,0.35000000000000003,0.042817441928883766,0.2833333333333334,0.040138648595974324,0.7166666666666667,0.08333333333333334
aliased_loop_rooms,looped_repeated_rooms,repeated_room_loop,gaussian_sensory,temporal_cue_then_blank,one_hot,0,lin_sequence_front_bands_r3_l2,3,2,4,front_bands,6,0.2833333333333334,0.06009252125773315,0.2833333333333333,0.04772607021092118,0.8833333333333333,0.04013864859597431
aliased_loop_rooms,looped_repeated_rooms,repeated_room_loop,gaussian_sensory,temporal_cue_then_blank,one_hot,0,lin_sequence_front_bands_r3_l4,3,4,6,front_bands,6,0.3166666666666667,0.030731814857642967,0.26666666666666666,0.04944132324730442,0.75,0.0670820393249937
aliased_loop_rooms,looped_repeated_rooms,repeated_room_loop,gaussian_sensory,temporal_cue_then_blank,one_hot,0,lin_sequence_front_bands_r3_l8,3,8,10,front_bands,6,0.3166666666666667,0.016666666666666673,0.3,0.02581988897471612,0.7833333333333333,0.06540472290116196
aliased_loop_rooms,looped_repeated_rooms,repeated_room_loop,gaussian_sensory,temporal_cue_then_blank,one_hot,0,lin_sequence_front_bands_r5_l2,5,2,6,front_bands,6,0.26666666666666666,0.07149203529842406,0.26666666666666666,0.06146362971528592,0.8666666666666667,0.033333333333333326
aliased_loop_rooms,looped_repeated_rooms,repeated_room_loop,gaussian_sensory,temporal_cue_then_blank,one_hot,0,lin_sequence_front_bands_r5_l4,5,4,8,front_bands,6,0.21666666666666667,0.04772607021092118,0.16666666666666666,0.055777335102271716,0.85,0.042817441928883766
aliased_loop_rooms,looped_repeated_rooms,repeated_room_loop,gaussian_sensory,temporal_cue_then_blank,one_hot,0,lin_sequence_front_bands_r5_l8,5,8,12,front_bands,6,0.2833333333333333,0.07031674369909663,0.25,0.07187952884282608,0.5499999999999999,0.04281744192888376
aliased_loop_rooms,looped_repeated_rooms,repeated_room_loop,gaussian_sensory,temporal_dropout,one_hot,0,lin_sequence_all_units_r3_l4,3,4,6,all_units,6,0.3,0.07302967433402215,0.3,0.0894427190999916,0.7166666666666667,0.030731814857642977
aliased_loop_rooms,looped_repeated_rooms,repeated_room_loop,gaussian_sensory,temporal_dropout,one_hot,0,lin_sequence_front_bands_r1_l2,1,2,2,front_bands,6,0.3,0.0632455532033676,0.21666666666666665,0.04013864859597432,0.8333333333333334,0.04216370213557839
aliased_loop_rooms,looped_repeated_rooms,repeated_room_loop,gaussian_sensory,temporal_dropout,one_hot,0,lin_sequence_front_bands_r1_l4,1,4,4,front_bands,6,0.16666666666666666,0.03333333333333333,0.15,0.042817441928883766,0.5833333333333334,0.04013864859597431
aliased_loop_rooms,looped_repeated_rooms,repeated_room_loop,gaussian_sensory,temporal_dropout,one_hot,0,lin_sequence_front_bands_r1_l8,1,8,8,front_bands,6,0.2833333333333333,0.04772607021092118,0.2333333333333334,0.04944132324730442,0.5833333333333334,0.07923242882669808
aliased_loop_rooms,looped_repeated_rooms,repeated_room_loop,gaussian_sensory,temporal_dropout,one_hot,0,lin_sequence_front_bands_r3_l2,3,2,4,front_bands,6,0.2833333333333334,0.040138648595974324,0.26666666666666666,0.04944132324730442,0.8166666666666668,0.06009252125773318
aliased_loop_rooms,looped_repeated_rooms,repeated_room_loop,gaussian_sensory,temporal_dropout,one_hot,0,lin_sequence_front_bands_r3_l4,3,4,6,front_bands,6,0.21666666666666667,0.05426273532033237,0.18333333333333335,0.060092521257733164,0.75,0.04281744192888378
aliased_loop_rooms,looped_repeated_rooms,repeated_room_loop,gaussian_sensory,temporal_dropout,one_hot,0,lin_sequence_front_bands_r3_l8,3,8,10,front_bands,6,0.25,0.05627314338711378,0.19999999999999998,0.03651483716701107,0.4166666666666667,0.04772607021092118
aliased_loop_rooms,looped_repeated_rooms,repeated_room_loop,gaussian_sensory,temporal_dropout,one_hot,0,lin_sequence_front_bands_r5_l2,5,2,6,front_bands,6,0.35000000000000003,0.06191391873668904,0.18333333333333335,0.047726070210921186,0.6666666666666666,0.06666666666666668
aliased_loop_rooms,looped_repeated_rooms,repeated_room_loop,gaussian_sensory,temporal_dropout,one_hot,0,lin_sequence_front_bands_r5_l4,5,4,8,front_bands,6,0.25,0.022360679774997894,0.23333333333333336,0.06146362971528592,0.6333333333333333,0.08027729719194865
aliased_loop_rooms,looped_repeated_rooms,repeated_room_loop,gaussian_sensory,temporal_dropout,one_hot,0,lin_sequence_front_bands_r5_l8,5,8,12,front_bands,6,0.3,0.03651483716701108,0.3,0.0447213595499958,0.45,0.07187952884282608
aliased_loop_rooms,looped_repeated_rooms,repeated_room_loop,gaussian_sensory,temporal_full,one_hot,0,lin_sequence_all_units_r3_l4,3,4,6,all_units,6,0.19999999999999998,0.051639777949432225,0.2833333333333334,0.07031674369909663,0.8166666666666665,0.05426273532033236
aliased_loop_rooms,looped_repeated_rooms,repeated_room_loop,gaussian_sensory,temporal_full,one_hot,0,lin_sequence_front_bands_r1_l2,1,2,2,front_bands,6,0.3666666666666667,0.06666666666666667,0.31666666666666665,0.06009252125773315,0.9333333333333332,0.042163702135578386
aliased_loop_rooms,looped_repeated_rooms,repeated_room_loop,gaussian_sensory,temporal_full,one_hot,0,lin_sequence_front_bands_r1_l4,1,4,4,front_bands,6,0.3833333333333333,0.07490735018081413,0.3666666666666667,0.08819171036881969,0.7999999999999999,0.057735026918962595
aliased_loop_rooms,looped_repeated_rooms,repeated_room_loop,gaussian_sensory,temporal_full,one_hot,0,lin_sequence_front_bands_r1_l8,1,8,8,front_bands,6,0.3,0.03651483716701108,0.3166666666666667,0.047726070210921186,0.5333333333333333,0.06146362971528592
aliased_loop_rooms,looped_repeated_rooms,repeated_room_loop,gaussian_sensory,temporal_full,one_hot,0,lin_sequence_front_bands_r3_l2,3,2,4,front_bands,6,0.25,0.05627314338711378,0.2333333333333333,0.07149203529842406,0.8666666666666667,0.04944132324730443
aliased_loop_rooms,looped_repeated_rooms,repeated_room_loop,gaussian_sensory,temporal_full,one_hot,0,lin_sequence_front_bands_r3_l4,3,4,6,front_bands,6,0.19999999999999998,0.0447213595499958,0.3166666666666667,0.04772607021092118,0.8833333333333333,0.05426273532033236
aliased_loop_rooms,looped_repeated_rooms,repeated_room_loop,gaussian_sensory,temporal_full,one_hot,0,lin_sequence_front_bands_r3_l8,3,8,10,front_bands,6,0.25,0.05627314338711378,0.2833333333333334,0.03073181485764296,0.6666666666666666,0.055777335102271716
aliased_loop_rooms,looped_repeated_rooms,repeated_room_loop,gaussian_sensory,temporal_full,one_hot,0,lin_sequence_front_bands_r5_l2,5,2,6,front_bands,6,0.16666666666666666,0.04216370213557839,0.21666666666666665,0.06540472290116194,0.8666666666666667,0.033333333333333326
aliased_loop_rooms,looped_repeated_rooms,repeated_room_loop,gaussian_sensory,temporal_full,one_hot,0,lin_sequence_front_bands_r5_l4,5,4,8,front_bands,6,0.26666666666666666,0.0557773351022717,0.25,0.06191391873668904,0.8000000000000002,0.03651483716701109
aliased_loop_rooms,looped_repeated_rooms,repeated_room_loop,gaussian_sensory,temporal_full,one_hot,0,lin_sequence_front_bands_r5_l8,5,8,12,front_bands,6,0.2833333333333334,0.04013864859597432,0.16666666666666666,0.06666666666666668,0.65,0.049999999999999996
aliased_loop_rooms,looped_repeated_rooms,repeated_room_loop,hybrid,temporal_cue_then_blank,one_hot,0,lin_sequence_all_units_r3_l4,3,4,6,all_units,6,0.4000000000000001,0.06831300510639733,0.3333333333333333,0.08027729719194865,0.9333333333333332,0.042163702135578386
aliased_loop_rooms,looped_repeated_rooms,repeated_room_loop,hybrid,temporal_cue_then_blank,one_hot,0,lin_sequence_front_bands_r1_l2,1,2,2,front_bands,6,0.49999999999999994,0.06324555320336758,0.3666666666666667,0.0557773351022717,0.9166666666666666,0.04013864859597431
aliased_loop_rooms,looped_repeated_rooms,repeated_room_loop,hybrid,temporal_cue_then_blank,one_hot,0,lin_sequence_front_bands_r1_l4,1,4,4,front_bands,6,0.3,0.051639777949432225,0.2333333333333333,0.06666666666666668,0.7666666666666666,0.06666666666666668
aliased_loop_rooms,looped_repeated_rooms,repeated_room_loop,hybrid,temporal_cue_then_blank,one_hot,0,lin_sequence_front_bands_r1_l8,1,8,8,front_bands,6,0.31666666666666665,0.030731814857642967,0.2333333333333333,0.021081851067789193,0.75,0.06191391873668904
aliased_loop_rooms,looped_repeated_rooms,repeated_room_loop,hybrid,temporal_cue_then_blank,one_hot,0,lin_sequence_front_bands_r3_l2,3,2,4,front_bands,6,0.21666666666666667,0.03073181485764296,0.13333333333333333,0.021081851067789197,0.9166666666666666,0.04013864859597431
aliased_loop_rooms,looped_repeated_rooms,repeated_room_loop,hybrid,temporal_cue_then_blank,one_hot,0,lin_sequence_front_bands_r3_l4,3,4,6,front_bands,6,0.38333333333333336,0.06540472290116194,0.25,0.06191391873668904,0.8833333333333333,0.04013864859597431
aliased_loop_rooms,looped_repeated_rooms,repeated_room_loop,hybrid,temporal_cue_then_blank,one_hot,0,lin_sequence_front_bands_r3_l8,3,8,10,front_bands,6,0.26666666666666666,0.06146362971528592,0.26666666666666666,0.08432740427115679,0.75,0.0718795288428261
aliased_loop_rooms,looped_repeated_rooms,repeated_room_loop,hybrid,temporal_cue_then_blank,one_hot,0,lin_sequence_front_bands_r5_l2,5,2,6,front_bands,6,0.2833333333333334,0.060092521257733164,0.2833333333333333,0.08724168218868268,0.9500000000000001,0.03415650255319866
aliased_loop_rooms,looped_repeated_rooms,repeated_room_loop,hybrid,temporal_cue_then_blank,one_hot,0,lin_sequence_front_bands_r5_l4,5,4,8,front_bands,6,0.23333333333333336,0.04216370213557839,0.23333333333333336,0.04944132324730442,0.7833333333333333,0.04013864859597433
aliased_loop_rooms,looped_repeated_rooms,repeated_room_loop,hybrid,temporal_cue_then_blank,one_hot,0,lin_sequence_front_bands_r5_l8,5,8,12,front_bands,6,0.3,0.0447213595499958,0.21666666666666667,0.04013864859597432,0.7000000000000001,0.07302967433402216
aliased_loop_rooms,looped_repeated_rooms,repeated_room_loop,hybrid,temporal_dropout,one_hot,0,lin_sequence_all_units_r3_l4,3,4,6,all_units,6,0.25000000000000006,0.05627314338711378,0.09999999999999999,0.03651483716701108,0.6999999999999998,0.06831300510639735
aliased_loop_rooms,looped_repeated_rooms,repeated_room_loop,hybrid,temporal_dropout,one_hot,0,lin_sequence_front_bands_r1_l2,1,2,2,front_bands,6,0.3,0.0,0.09999999999999999,0.03651483716701108,0.8333333333333334,0.0557773351022717
aliased_loop_rooms,looped_repeated_rooms,repeated_room_loop,hybrid,temporal_dropout,one_hot,0,lin_sequence_front_bands_r1_l4,1,4,4,front_bands,6,0.31666666666666665,0.06009252125773315,0.2833333333333333,0.05426273532033237,0.7333333333333334,0.07149203529842407
aliased_loop_rooms,looped_repeated_rooms,repeated_room_loop,hybrid,temporal_dropout,one_hot,0,lin_sequence_front_bands_r1_l8,1,8,8,front_bands,6,0.36666666666666664,0.03333333333333334,0.2333333333333333,0.021081851067789193,0.48333333333333334,0.0749073501808141
aliased_loop_rooms,looped_repeated_rooms,repeated_room_loop,hybrid,temporal_dropout,one_hot,0,lin_sequence_front_bands_r3_l2,3,2,4,front_bands,6,0.2833333333333334,0.040138648595974324,0.15,0.06191391873668904,0.85,0.042817441928883766
aliased_loop_rooms,looped_repeated_rooms,repeated_room_loop,hybrid,temporal_dropout,one_hot,0,lin_sequence_front_bands_r3_l4,3,4,6,front_bands,6,0.2833333333333334,0.06540472290116195,0.23333333333333336,0.07149203529842406,0.7166666666666667,0.04013864859597433
aliased_loop_rooms,looped_repeated_rooms,repeated_room_loop,hybrid,temporal_dropout,one_hot,0,lin_sequence_front_bands_r3_l8,3,8,10,front_bands,6,0.2666666666666667,0.04216370213557839,0.18333333333333335,0.03073181485764296,0.6333333333333333,0.033333333333333326
aliased_loop_rooms,looped_repeated_rooms,repeated_room_loop,hybrid,temporal_dropout,one_hot,0,lin_sequence_front_bands_r5_l2,5,2,6,front_bands,6,0.3666666666666667,0.03333333333333334,0.20000000000000004,0.0632455532033676,0.7166666666666667,0.07923242882669809
aliased_loop_rooms,looped_repeated_rooms,repeated_room_loop,hybrid,temporal_dropout,one_hot,0,lin_sequence_front_bands_r5_l4,5,4,8,front_bands,6,0.35000000000000003,0.06708203932499368,0.24999999999999997,0.022360679774997894,0.7166666666666667,0.07031674369909664
aliased_loop_rooms,looped_repeated_rooms,repeated_room_loop,hybrid,temporal_dropout,one_hot,0,lin_sequence_front_bands_r5_l8,5,8,12,front_bands,6,0.25,0.08062257748298553,0.11666666666666668,0.04772607021092118,0.5499999999999999,0.04281744192888376
aliased_loop_rooms,looped_repeated_rooms,repeated_room_loop,hybrid,temporal_full,one_hot,0,lin_sequence_all_units_r3_l4,3,4,6,all_units,6,0.25,0.08850612031567837,0.3,0.08563488385776753,0.9666666666666667,0.033333333333333326
aliased_loop_rooms,looped_repeated_rooms,repeated_room_loop,hybrid,temporal_full,one_hot,0,lin_sequence_front_bands_r1_l2,1,2,2,front_bands,6,0.49999999999999994,0.06831300510639733,0.46666666666666673,0.06666666666666667,0.9166666666666666,0.04013864859597432
aliased_loop_rooms,looped_repeated_rooms,repeated_room_loop,hybrid,temporal_full,one_hot,0,lin_sequence_front_bands_r1_l4,1,4,4,front_bands,6,0.38333333333333336,0.07923242882669808,0.26666666666666666,0.06146362971528592,0.9333333333333332,0.042163702135578386
aliased_loop_rooms,looped_repeated_rooms,repeated_room_loop,hybrid,temporal_full,one_hot,0,lin_sequence_front_bands_r1_l8,1,8,8,front_bands,6,0.3,0.06831300510639735,0.2333333333333334,0.04944132324730442,0.6166666666666667,0.047726070210921186
aliased_loop_rooms,looped_repeated_rooms,repeated_room_loop,hybrid,temporal_full,one_hot,0,lin_sequence_front_bands_r3_l2,3,2,4,front_bands,6,0.20000000000000004,0.0447213595499958,0.21666666666666667,0.030731814857642953,0.9333333333333332,0.042163702135578386
aliased_loop_rooms,looped_repeated_rooms,repeated_room_loop,hybrid,temporal_full,one_hot,0,lin_sequence_front_bands_r3_l4,3,4,6,front_bands,6,0.2833333333333333,0.03073181485764296,0.26666666666666666,0.04944132324730442,0.9333333333333335,0.033333333333333326
aliased_loop_rooms,looped_repeated_rooms,repeated_room_loop,hybrid,temporal_full,one_hot,0,lin_sequence_front_bands_r3_l8,3,8,10,front_bands,6,0.2833333333333334,0.060092521257733164,0.25,0.10567244989431573,0.6833333333333332,0.047726070210921186
aliased_loop_rooms,looped_repeated_rooms,repeated_room_loop,hybrid,temporal_full,one_hot,0,lin_sequence_front_bands_r5_l2,5,2,6,front_bands,6,0.2833333333333333,0.040138648595974324,0.25,0.03415650255319867,0.8833333333333333,0.04013864859597431
aliased_loop_rooms,looped_repeated_rooms,repeated_room_loop,hybrid,temporal_full,one_hot,0,lin_sequence_front_bands_r5_l4,5,4,8,front_bands,6,0.3333333333333333,0.07149203529842406,0.3333333333333333,0.055777335102271716,0.8833333333333333,0.04013864859597431
aliased_loop_rooms,looped_repeated_rooms,repeated_room_loop,hybrid,temporal_full,one_hot,0,lin_sequence_front_bands_r5_l8,5,8,12,front_bands,6,0.3333333333333333,0.03333333333333334,0.25,0.022360679774997894,0.7833333333333332,0.06009252125773318
aliased_loop_rooms,looped_repeated_rooms,repeated_room_loop,sparse_aliased,temporal_cue_then_blank,one_hot,0,lin_sequence_all_units_r3_l4,3,4,6,all_units,6,0.35000000000000003,0.09219544457292889,0.2333333333333334,0.06666666666666668,0.8833333333333333,0.04013864859597431
aliased_loop_rooms,looped_repeated_rooms,repeated_room_loop,sparse_aliased,temporal_cue_then_blank,one_hot,0,lin_sequence_front_bands_r1_l2,1,2,2,front_bands,6,0.4166666666666667,0.07031674369909663,0.3166666666666667,0.030731814857642967,0.9333333333333332,0.042163702135578386
aliased_loop_rooms,looped_repeated_rooms,repeated_room_loop,sparse_aliased,temporal_cue_then_blank,one_hot,0,lin_sequence_front_bands_r1_l4,1,4,4,front_bands,6,0.3166666666666667,0.030731814857642967,0.26666666666666666,0.03333333333333333,0.8666666666666667,0.04944132324730443
aliased_loop_rooms,looped_repeated_rooms,repeated_room_loop,sparse_aliased,temporal_cue_then_blank,one_hot,0,lin_sequence_front_bands_r1_l8,1,8,8,front_bands,6,0.3666666666666667,0.0557773351022717,0.3166666666666667,0.09098229375970787,0.75,0.07637626158259735
aliased_loop_rooms,looped_repeated_rooms,repeated_room_loop,sparse_aliased,temporal_cue_then_blank,one_hot,0,lin_sequence_front_bands_r3_l2,3,2,4,front_bands,6,0.3,0.05773502691896258,0.26666666666666666,0.0557773351022717,0.8999999999999999,0.04472135954999579
aliased_loop_rooms,looped_repeated_rooms,repeated_room_loop,sparse_aliased,temporal_cue_then_blank,one_hot,0,lin_sequence_front_bands_r3_l4,3,4,6,front_bands,6,0.38333333333333336,0.040138648595974324,0.2833333333333334,0.040138648595974324,0.9166666666666666,0.030731814857642953
aliased_loop_rooms,looped_repeated_rooms,repeated_room_loop,sparse_aliased,temporal_cue_then_blank,one_hot,0,lin_sequence_front_bands_r3_l8,3,8,10,front_bands,6,0.3,0.0447213595499958,0.35000000000000003,0.042817441928883766,0.8833333333333333,0.047726070210921186
aliased_loop_rooms,looped_repeated_rooms,repeated_room_loop,sparse_aliased,temporal_cue_then_blank,one_hot,0,lin_sequence_front_bands_r5_l2,5,2,6,front_bands,6,0.3,0.03651483716701108,0.26666666666666666,0.04944132324730442,0.8666666666666667,0.04944132324730443
aliased_loop_rooms,looped_repeated_rooms,repeated_room_loop,sparse_aliased,temporal_cue_then_blank,one_hot,0,lin_sequence_front_bands_r5_l4,5,4,8,front_bands,6,0.21666666666666667,0.04013864859597432,0.25,0.022360679774997894,0.9166666666666666,0.04013864859597432
aliased_loop_rooms,looped_repeated_rooms,repeated_room_loop,sparse_aliased,temporal_cue_then_blank,one_hot,0,lin_sequence_front_bands_r5_l8,5,8,12,front_bands,6,0.26666666666666666,0.04944132324730443,0.2833333333333333,0.060092521257733164,0.7666666666666666,0.08432740427115679
aliased_loop_rooms,looped_repeated_rooms,repeated_room_loop,sparse_aliased,temporal_dropout,one_hot,0,lin_sequence_all_units_r3_l4,3,4,6,all_units,6,0.3166666666666667,0.07490735018081411,0.1666666666666667,0.04944132324730442,0.7833333333333333,0.047726070210921186
aliased_loop_rooms,looped_repeated_rooms,repeated_room_loop,sparse_aliased,temporal_dropout,one_hot,0,lin_sequence_front_bands_r1_l2,1,2,2,front_bands,6,0.3,0.07745966692414834,0.19999999999999998,0.051639777949432225,0.9166666666666666,0.04013864859597431
aliased_loop_rooms,looped_repeated_rooms,repeated_room_loop,sparse_aliased,temporal_dropout,one_hot,0,lin_sequence_front_bands_r1_l4,1,4,4,front_bands,6,0.25000000000000006,0.05000000000000001,0.13333333333333333,0.04216370213557839,0.6666666666666666,0.0760116950066092
aliased_loop_rooms,looped_repeated_rooms,repeated_room_loop,sparse_aliased,temporal_dropout,one_hot,0,lin_sequence_front_bands_r1_l8,1,8,8,front_bands,6,0.18333333333333332,0.03073181485764296,0.15,0.05000000000000001,0.4666666666666666,0.07149203529842406
aliased_loop_rooms,looped_repeated_rooms,repeated_room_loop,sparse_aliased,temporal_dropout,one_hot,0,lin_sequence_front_bands_r3_l2,3,2,4,front_bands,6,0.35000000000000003,0.03415650255319867,0.18333333333333332,0.04013864859597432,0.8166666666666665,0.060092521257733164
aliased_loop_rooms,looped_repeated_rooms,repeated_room_loop,sparse_aliased,temporal_dropout,one_hot,0,lin_sequence_front_bands_r3_l4,3,4,6,front_bands,6,0.3333333333333333,0.03333333333333334,0.16666666666666666,0.021081851067789197,0.7333333333333333,0.0881917103688197
aliased_loop_rooms,looped_repeated_rooms,repeated_room_loop,sparse_aliased,temporal_dropout,one_hot,0,lin_sequence_front_bands_r3_l8,3,8,10,front_bands,6,0.30000000000000004,0.06831300510639733,0.23333333333333336,0.04216370213557839,0.65,0.07637626158259733
aliased_loop_rooms,looped_repeated_rooms,repeated_room_loop,sparse_aliased,temporal_dropout,one_hot,0,lin_sequence_front_bands_r5_l2,5,2,6,front_bands,6,0.4666666666666666,0.033333333333333326,0.2333333333333334,0.06146362971528593,0.85,0.03415650255319866
aliased_loop_rooms,looped_repeated_rooms,repeated_room_loop,sparse_aliased,temporal_dropout,one_hot,0,lin_sequence_front_bands_r5_l4,5,4,8,front_bands,6,0.3999999999999999,0.0447213595499958,0.13333333333333333,0.021081851067789197,0.6333333333333333,0.0760116950066092
aliased_loop_rooms,looped_repeated_rooms,repeated_room_loop,sparse_aliased,temporal_dropout,one_hot,0,lin_sequence_front_bands_r5_l8,5,8,12,front_bands,6,0.4000000000000001,0.08563488385776753,0.25,0.0670820393249937,0.5166666666666667,0.07923242882669809
aliased_loop_rooms,looped_repeated_rooms,repeated_room_loop,sparse_aliased,temporal_full,one_hot,0,lin_sequence_all_units_r3_l4,3,4,6,all_units,6,0.3333333333333333,0.0760116950066092,0.3166666666666667,0.06540472290116195,0.8999999999999999,0.04472135954999579
aliased_loop_rooms,looped_repeated_rooms,repeated_room_loop,sparse_aliased,temporal_full,one_hot,0,lin_sequence_front_bands_r1_l2,1,2,2,front_bands,6,0.44999999999999996,0.07187952884282608,0.39999999999999997,0.0632455532033676,0.8833333333333333,0.04013864859597431
aliased_loop_rooms,looped_repeated_rooms,repeated_room_loop,sparse_aliased,temporal_full,one_hot,0,lin_sequence_front_bands_r1_l4,1,4,4,front_bands,6,0.3833333333333333,0.07031674369909663,0.3333333333333333,0.04216370213557839,0.8333333333333334,0.06146362971528592
aliased_loop_rooms,looped_repeated_rooms,repeated_room_loop,sparse_aliased,temporal_full,one_hot,0,lin_sequence_front_bands_r1_l8,1,8,8,front_bands,6,0.44999999999999996,0.03415650255319866,0.2833333333333333,0.05426273532033237,0.7666666666666667,0.04944132324730443
aliased_loop_rooms,looped_repeated_rooms,repeated_room_loop,sparse_aliased,temporal_full,one_hot,0,lin_sequence_front_bands_r3_l2,3,2,4,front_bands,6,0.28333333333333327,0.040138648595974324,0.2833333333333334,0.07923242882669808,0.8999999999999999,0.04472135954999579
aliased_loop_rooms,looped_repeated_rooms,repeated_room_loop,sparse_aliased,temporal_full,one_hot,0,lin_sequence_front_bands_r3_l4,3,4,6,front_bands,6,0.35000000000000003,0.042817441928883766,0.36666666666666664,0.08027729719194864,0.9166666666666666,0.04013864859597431
aliased_loop_rooms,looped_repeated_rooms,repeated_room_loop,sparse_aliased,temporal_full,one_hot,0,lin_sequence_front_bands_r3_l8,3,8,10,front_bands,6,0.35000000000000003,0.05627314338711377,0.26666666666666666,0.04944132324730443,0.7999999999999999,0.07302967433402216
aliased_loop_rooms,looped_repeated_rooms,repeated_room_loop,sparse_aliased,temporal_full,one_hot,0,lin_sequence_front_bands_r5_l2,5,2,6,front_bands,6,0.2833333333333333,0.03073181485764296,0.3666666666666667,0.0557773351022717,0.9333333333333332,0.042163702135578386
aliased_loop_rooms,looped_repeated_rooms,repeated_room_loop,sparse_aliased,temporal_full,one_hot,0,lin_sequence_front_bands_r5_l4,5,4,8,front_bands,6,0.3833333333333333,0.040138648595974324,0.31666666666666665,0.06540472290116195,0.8666666666666667,0.021081851067789193
aliased_loop_rooms,looped_repeated_rooms,repeated_room_loop,sparse_aliased,temporal_full,one_hot,0,lin_sequence_front_bands_r5_l8,5,8,12,front_bands,6,0.31666666666666665,0.07490735018081411,0.25,0.08465616732800198,0.6833333333333335,0.07031674369909664
aliased_loop_rooms,looped_repeated_rooms,repeated_room_loop,vector,temporal_cue_then_blank,one_hot,0,lin_sequence_all_units_r3_l4,3,4,6,all_units,6,0.2833333333333333,0.03073181485764296,0.2833333333333334,0.04772607021092118,0.9666666666666667,0.033333333333333326
aliased_loop_rooms,looped_repeated_rooms,repeated_room_loop,vector,temporal_cue_then_blank,one_hot,0,lin_sequence_front_bands_r1_l2,1,2,2,front_bands,6,0.45,0.05627314338711377,0.38333333333333336,0.04772607021092118,0.9833333333333334,0.016666666666666663
aliased_loop_rooms,looped_repeated_rooms,repeated_room_loop,vector,temporal_cue_then_blank,one_hot,0,lin_sequence_front_bands_r1_l4,1,4,4,front_bands,6,0.31666666666666665,0.04772607021092118,0.3,0.051639777949432225,0.8333333333333334,0.08027729719194865
aliased_loop_rooms,looped_repeated_rooms,repeated_room_loop,vector,temporal_cue_then_blank,one_hot,0,lin_sequence_front_bands_r1_l8,1,8,8,front_bands,6,0.38333333333333336,0.07031674369909663,0.3166666666666667,0.016666666666666673,0.6666666666666666,0.08432740427115679
aliased_loop_rooms,looped_repeated_rooms,repeated_room_loop,vector,temporal_cue_then_blank,one_hot,0,lin_sequence_front_bands_r3_l2,3,2,4,front_bands,6,0.2833333333333333,0.03073181485764296,0.3,0.0447213595499958,0.9500000000000001,0.03415650255319866
aliased_loop_rooms,looped_repeated_rooms,repeated_room_loop,vector,temporal_cue_then_blank,one_hot,0,lin_sequence_front_bands_r3_l4,3,4,6,front_bands,6,0.26666666666666666,0.04944132324730443,0.23333333333333336,0.055777335102271716,0.9333333333333332,0.042163702135578386
aliased_loop_rooms,looped_repeated_rooms,repeated_room_loop,vector,temporal_cue_then_blank,one_hot,0,lin_sequence_front_bands_r3_l8,3,8,10,front_bands,6,0.36666666666666664,0.04944132324730442,0.3333333333333333,0.06146362971528592,0.8500000000000001,0.05627314338711378
aliased_loop_rooms,looped_repeated_rooms,repeated_room_loop,vector,temporal_cue_then_blank,one_hot,0,lin_sequence_front_bands_r5_l2,5,2,6,front_bands,6,0.35000000000000003,0.05627314338711377,0.35000000000000003,0.05627314338711377,0.9666666666666667,0.033333333333333326
aliased_loop_rooms,looped_repeated_rooms,repeated_room_loop,vector,temporal_cue_then_blank,one_hot,0,lin_sequence_front_bands_r5_l4,5,4,8,front_bands,6,0.35000000000000003,0.042817441928883766,0.3,0.02581988897471612,0.9333333333333332,0.042163702135578386
aliased_loop_rooms,looped_repeated_rooms,repeated_room_loop,vector,temporal_cue_then_blank,one_hot,0,lin_sequence_front_bands_r5_l8,5,8,12,front_bands,6,0.35000000000000003,0.06191391873668904,0.25,0.042817441928883766,0.9166666666666666,0.030731814857642953
aliased_loop_rooms,looped_repeated_rooms,repeated_room_loop,vector,temporal_dropout,one_hot,0,lin_sequence_all_units_r3_l4,3,4,6,all_units,6,0.31666666666666665,0.04772607021092118,0.25,0.05627314338711378,0.8666666666666667,0.033333333333333326
aliased_loop_rooms,looped_repeated_rooms,repeated_room_loop,vector,temporal_dropout,one_hot,0,lin_sequence_front_bands_r1_l2,1,2,2,front_bands,6,0.35000000000000003,0.06708203932499368,0.35000000000000003,0.03415650255319867,0.9333333333333332,0.042163702135578386
aliased_loop_rooms,looped_repeated_rooms,repeated_room_loop,vector,temporal_dropout,one_hot,0,lin_sequence_front_bands_r1_l4,1,4,4,front_bands,6,0.2833333333333333,0.047726070210921186,0.25,0.0670820393249937,0.8999999999999999,0.05163977794943224
aliased_loop_rooms,looped_repeated_rooms,repeated_room_loop,vector,temporal_dropout,one_hot,0,lin_sequence_front_bands_r1_l8,1,8,8,front_bands,6,0.3,0.0447213595499958,0.21666666666666665,0.060092521257733164,0.7666666666666666,0.0760116950066092
aliased_loop_rooms,looped_repeated_rooms,repeated_room_loop,vector,temporal_dropout,one_hot,0,lin_sequence_front_bands_r3_l2,3,2,4,front_bands,6,0.2666666666666667,0.06146362971528592,0.25,0.022360679774997894,0.9166666666666666,0.04013864859597431
aliased_loop_rooms,looped_repeated_rooms,repeated_room_loop,vector,temporal_dropout,one_hot,0,lin_sequence_front_bands_r3_l4,3,4,6,front_bands,6,0.20000000000000004,0.05773502691896258,0.18333333333333332,0.03073181485764296,0.8500000000000001,0.05000000000000001
aliased_loop_rooms,looped_repeated_rooms,repeated_room_loop,vector,temporal_dropout,one_hot,0,lin_sequence_front_bands_r3_l8,3,8,10,front_bands,6,0.31666666666666665,0.06009252125773315,0.26666666666666666,0.06666666666666668,0.7333333333333333,0.07149203529842406
aliased_loop_rooms,looped_repeated_rooms,repeated_room_loop,vector,temporal_dropout,one_hot,0,lin_sequence_front_bands_r5_l2,5,2,6,front_bands,6,0.25000000000000006,0.05627314338711378,0.16666666666666666,0.04216370213557839,0.8833333333333333,0.04013864859597431
aliased_loop_rooms,looped_repeated_rooms,repeated_room_loop,vector,temporal_dropout,one_hot,0,lin_sequence_front_bands_r5_l4,5,4,8,front_bands,6,0.2833333333333333,0.09457507306074071,0.25000000000000006,0.08850612031567837,0.7666666666666666,0.049441323247304436
aliased_loop_rooms,looped_repeated_rooms,repeated_room_loop,vector,temporal_dropout,one_hot,0,lin_sequence_front_bands_r5_l8,5,8,12,front_bands,6,0.3333333333333333,0.0557773351022717,0.25,0.0670820393249937,0.6499999999999999,0.0670820393249937
aliased_loop_rooms,looped_repeated_rooms,repeated_room_loop,vector,temporal_full,one_hot,0,lin_sequence_all_units_r3_l4,3,4,6,all_units,6,0.26666666666666666,0.055777335102271716,0.23333333333333336,0.04944132324730443,0.9166666666666666,0.04013864859597432
aliased_loop_rooms,looped_repeated_rooms,repeated_room_loop,vector,temporal_full,one_hot,0,lin_sequence_front_bands_r1_l2,1,2,2,front_bands,6,0.49999999999999994,0.06324555320336758,0.2833333333333333,0.040138648595974324,0.9833333333333334,0.016666666666666663
aliased_loop_rooms,looped_repeated_rooms,repeated_room_loop,vector,temporal_full,one_hot,0,lin_sequence_front_bands_r1_l4,1,4,4,front_bands,6,0.46666666666666656,0.06146362971528592,0.3666666666666667,0.0760116950066092,0.9666666666666667,0.033333333333333326
aliased_loop_rooms,looped_repeated_rooms,repeated_room_loop,vector,temporal_full,one_hot,0,lin_sequence_front_bands_r1_l8,1,8,8,front_bands,6,0.4333333333333333,0.033333333333333326,0.3833333333333333,0.060092521257733164,0.8166666666666668,0.047726070210921186
aliased_loop_rooms,looped_repeated_rooms,repeated_room_loop,vector,temporal_full,one_hot,0,lin_sequence_front_bands_r3_l2,3,2,4,front_bands,6,0.35000000000000003,0.05627314338711378,0.3833333333333333,0.10137937550497034,0.9666666666666667,0.033333333333333326
aliased_loop_rooms,looped_repeated_rooms,repeated_room_loop,vector,temporal_full,one_hot,0,lin_sequence_front_bands_r3_l4,3,4,6,front_bands,6,0.39999999999999997,0.1,0.35000000000000003,0.07187952884282608,0.9500000000000001,0.03415650255319866
aliased_loop_rooms,looped_repeated_rooms,repeated_room_loop,vector,temporal_full,one_hot,0,lin_sequence_front_bands_r3_l8,3,8,10,front_bands,6,0.36666666666666664,0.03333333333333334,0.26666666666666666,0.06146362971528592,0.7999999999999999,0.057735026918962595
aliased_loop_rooms,looped_repeated_rooms,repeated_room_loop,vector,temporal_full,one_hot,0,lin_sequence_front_bands_r5_l2,5,2,6,front_bands,6,0.3333333333333333,0.04216370213557839,0.26666666666666666,0.03333333333333333,0.9500000000000001,0.03415650255319866
aliased_loop_rooms,looped_repeated_rooms,repeated_room_loop,vector,temporal_full,one_hot,0,lin_sequence_front_bands_r5_l4,5,4,8,front_bands,6,0.39999999999999997,0.0632455532033676,0.3333333333333333,0.04944132324730442,0.9666666666666667,0.033333333333333326
aliased_loop_rooms,looped_repeated_rooms,repeated_room_loop,vector,temporal_full,one_hot,0,lin_sequence_front_bands_r5_l8,5,8,12,front_bands,6,0.26666666666666666,0.03333333333333333,0.26666666666666666,0.04216370213557839,0.8500000000000001,0.05627314338711378
aliased_rooms,repeated_room_bottleneck,repeated_room,egocentric_landmark,temporal_cue_then_blank,one_hot,0,lin_sequence_all_units_r3_l4,3,4,6,all_units,6,0.5222222222222221,0.06305004870716048,0.26666666666666666,0.06885303726590965,0.9222222222222224,0.03181738014061412
aliased_rooms,repeated_room_bottleneck,repeated_room,egocentric_landmark,temporal_cue_then_blank,one_hot,0,lin_sequence_front_bands_r1_l2,1,2,2,front_bands,6,0.611111111111111,0.02675909906398288,0.25555555555555554,0.0581611214591218,0.6444444444444444,0.02810913475705226
aliased_rooms,repeated_room_bottleneck,repeated_room,egocentric_landmark,temporal_cue_then_blank,one_hot,0,lin_sequence_front_bands_r1_l4,1,4,4,front_bands,6,0.7111111111111111,0.04097575314352396,0.4000000000000001,0.04554200340426488,0.9222222222222224,0.011111111111111108
aliased_rooms,repeated_room_bottleneck,repeated_room,egocentric_landmark,temporal_cue_then_blank,one_hot,0,lin_sequence_front_bands_r1_l8,1,8,8,front_bands,6,0.6777777777777777,0.06065486250647192,0.41111111111111104,0.0718365772233094,1.0,0.0
aliased_rooms,repeated_room_bottleneck,repeated_room,egocentric_landmark,temporal_cue_then_blank,one_hot,0,lin_sequence_front_bands_r3_l2,3,2,4,front_bands,6,0.6,0.02981423969999719,0.3222222222222222,0.07777777777777778,0.9333333333333335,0.03442651863295481
aliased_rooms,repeated_room_bottleneck,repeated_room,egocentric_landmark,temporal_cue_then_blank,one_hot,0,lin_sequence_front_bands_r3_l4,3,4,6,front_bands,6,0.6,0.07503085784948504,0.27777777777777773,0.040061680838488774,0.9333333333333332,0.024343224778007377
aliased_rooms,repeated_room_bottleneck,repeated_room,egocentric_landmark,temporal_cue_then_blank,one_hot,0,lin_sequence_front_bands_r3_l8,3,8,10,front_bands,6,0.5555555555555555,0.05067446333773946,0.27777777777777773,0.040061680838488774,0.8555555555555556,0.07183657722330943
aliased_rooms,repeated_room_bottleneck,repeated_room,egocentric_landmark,temporal_cue_then_blank,one_hot,0,lin_sequence_front_bands_r5_l2,5,2,6,front_bands,6,0.5666666666666667,0.03751542892474251,0.2333333333333333,0.044721359549995794,0.9111111111111113,0.02222222222222222
aliased_rooms,repeated_room_bottleneck,repeated_room,egocentric_landmark,temporal_cue_then_blank,one_hot,0,lin_sequence_front_bands_r5_l4,5,4,8,front_bands,6,0.5111111111111111,0.07825251938515115,0.2111111111111111,0.03617515688022157,0.9222222222222222,0.03617515688022157
aliased_rooms,repeated_room_bottleneck,repeated_room,egocentric_landmark,temporal_cue_then_blank,one_hot,0,lin_sequence_front_bands_r5_l8,5,8,12,front_bands,6,0.5333333333333333,0.10183501544346313,0.3111111111111111,0.056218269514104524,0.9,0.053748384988657
aliased_rooms,repeated_room_bottleneck,repeated_room,egocentric_landmark,temporal_dropout,one_hot,0,lin_sequence_all_units_r3_l4,3,4,6,all_units,6,0.5555555555555555,0.08373974969518566,0.17777777777777778,0.047661356865616046,0.7555555555555555,0.050674463337739485
aliased_rooms,repeated_room_bottleneck,repeated_room,egocentric_landmark,temporal_dropout,one_hot,0,lin_sequence_front_bands_r1_l2,1,2,2,front_bands,6,0.43333333333333335,0.07649739768026004,0.16666666666666666,0.07044829992954382,0.45555555555555555,0.040061680838488774
aliased_rooms,repeated_room_bottleneck,repeated_room,egocentric_landmark,temporal_dropout,one_hot,0,lin_sequence_front_bands_r1_l4,1,4,4,front_bands,6,0.5444444444444444,0.05555555555555557,0.2222222222222222,0.04097575314352394,0.8444444444444444,0.04097575314352396
aliased_rooms,repeated_room_bottleneck,repeated_room,egocentric_landmark,temporal_dropout,one_hot,0,lin_sequence_front_bands_r1_l8,1,8,8,front_bands,6,0.5888888888888889,0.08329628806218362,0.2333333333333333,0.06146362971528592,0.9222222222222222,0.04360314860077464
aliased_rooms,repeated_room_bottleneck,repeated_room,egocentric_landmark,temporal_dropout,one_hot,0,lin_sequence_front_bands_r3_l2,3,2,4,front_bands,6,0.5,0.041275945824459356,0.08888888888888889,0.014054567378526131,0.6333333333333334,0.1
aliased_rooms,repeated_room_bottleneck,repeated_room,egocentric_landmark,temporal_dropout,one_hot,0,lin_sequence_front_bands_r3_l4,3,4,6,front_bands,6,0.6,0.057089922571845024,0.2333333333333333,0.044721359549995794,0.7999999999999999,0.05708992257184503
aliased_rooms,repeated_room_bottleneck,repeated_room,egocentric_landmark,temporal_dropout,one_hot,0,lin_sequence_front_bands_r3_l8,3,8,10,front_bands,6,0.5555555555555556,0.02222222222222222,0.27777777777777773,0.03617515688022157,0.9111111111111111,0.02810913475705226
aliased_rooms,repeated_room_bottleneck,repeated_room,egocentric_landmark,temporal_dropout,one_hot,0,lin_sequence_front_bands_r5_l2,5,2,6,front_bands,6,0.46666666666666673,0.03849001794597505,0.26666666666666666,0.03849001794597506,0.6777777777777779,0.07965977035082188
aliased_rooms,repeated_room_bottleneck,repeated_room,egocentric_landmark,temporal_dropout,one_hot,0,lin_sequence_front_bands_r5_l4,5,4,8,front_bands,6,0.4888888888888889,0.053518198127965766,0.13333333333333333,0.04868644955601477,0.8222222222222223,0.037184890068181146
aliased_rooms,repeated_room_bottleneck,repeated_room,egocentric_landmark,temporal_dropout,one_hot,0,lin_sequence_front_bands_r5_l8,5,8,12,front_bands,6,0.5666666666666668,0.05091750772173155,0.24444444444444444,0.04766135686561603,0.9111111111111111,0.02810913475705226
aliased_rooms,repeated_room_bottleneck,repeated_room,egocentric_landmark,temporal_full,one_hot,0,lin_sequence_all_units_r3_l4,3,4,6,all_units,6,0.5777777777777778,0.047661356865616046,0.3111111111111111,0.06363476028122823,0.9555555555555556,0.02810913475705226
aliased_rooms,repeated_room_bottleneck,repeated_room,egocentric_landmark,temporal_full,one_hot,0,lin_sequence_front_bands_r1_l2,1,2,2,front_bands,6,0.5888888888888889,0.04993823345387608,0.25555555555555554,0.040061680838488774,0.6444444444444444,0.01405456737852613
aliased_rooms,repeated_room_bottleneck,repeated_room,egocentric_landmark,temporal_full,one_hot,0,lin_sequence_front_bands_r1_l4,1,4,4,front_bands,6,0.6666666666666666,0.05443310539518174,0.3,0.03751542892474252,0.9666666666666667,0.022771001702132438
aliased_rooms,repeated_room_bottleneck,repeated_room,egocentric_landmark,temporal_full,one_hot,0,lin_sequence_front_bands_r1_l8,1,8,8,front_bands,6,0.7888888888888889,0.02048787657176199,0.41111111111111104,0.03617515688022158,0.9777777777777779,0.02222222222222222
aliased_rooms,repeated_room_bottleneck,repeated_room,egocentric_landmark,temporal_full,one_hot,0,lin_sequence_front_bands_r3_l2,3,2,4,front_bands,6,0.611111111111111,0.03617515688022157,0.25555555555555554,0.06065486250647193,0.9333333333333332,0.03442651863295481
aliased_rooms,repeated_room_bottleneck,repeated_room,egocentric_landmark,temporal_full,one_hot,0,lin_sequence_front_bands_r3_l4,3,4,6,front_bands,6,0.6444444444444444,0.037184890068181146,0.27777777777777773,0.06305004870716048,0.9555555555555556,0.02810913475705226
aliased_rooms,repeated_room_bottleneck,repeated_room,egocentric_landmark,temporal_full,one_hot,0,lin_sequence_front_bands_r3_l8,3,8,10,front_bands,6,0.5777777777777777,0.04097575314352394,0.38888888888888884,0.06305004870716048,0.9777777777777779,0.02222222222222222
aliased_rooms,repeated_room_bottleneck,repeated_room,egocentric_landmark,temporal_full,one_hot,0,lin_sequence_front_bands_r5_l2,5,2,6,front_bands,6,0.5111111111111111,0.06592176432973924,0.3333333333333333,0.05443310539518175,0.8888888888888888,0.03296088216486961
aliased_rooms,repeated_room_bottleneck,repeated_room,egocentric_landmark,temporal_full,one_hot,0,lin_sequence_front_bands_r5_l4,5,4,8,front_bands,6,0.5444444444444444,0.05282161921779872,0.24444444444444444,0.053518198127965766,0.9888888888888889,0.01111111111111111
aliased_rooms,repeated_room_bottleneck,repeated_room,egocentric_landmark,temporal_full,one_hot,0,lin_sequence_front_bands_r5_l8,5,8,12,front_bands,6,0.6555555555555556,0.06535751631045664,0.37777777777777777,0.04766135686561604,0.9666666666666667,0.033333333333333326
aliased_rooms,repeated_room_bottleneck,repeated_room,gaussian_sensory,temporal_cue_then_blank,one_hot,0,lin_sequence_all_units_r3_l4,3,4,6,all_units,6,0.5777777777777778,0.04097575314352393,0.36666666666666664,0.07841012784167711,0.9333333333333335,0.03442651863295481
aliased_rooms,repeated_room_bottleneck,repeated_room,gaussian_sensory,temporal_cue_then_blank,one_hot,0,lin_sequence_front_bands_r1_l2,1,2,2,front_bands,6,0.6333333333333333,0.014907119849998596,0.14444444444444446,0.04360314860077463,0.6777777777777777,0.026759099063982893
aliased_rooms,repeated_room_bottleneck,repeated_room,gaussian_sensory,temporal_cue_then_blank,one_hot,0,lin_sequence_front_bands_r1_l4,1,4,4,front_bands,6,0.6333333333333333,0.03751542892474251,0.37777777777777777,0.053518198127965766,0.9444444444444445,0.02048787657176197
aliased_rooms,repeated_room_bottleneck,repeated_room,gaussian_sensory,temporal_cue_then_blank,one_hot,0,lin_sequence_front_bands_r1_l8,1,8,8,front_bands,6,0.6888888888888888,0.050674463337739485,0.3888888888888889,0.040061680838488774,0.9555555555555556,0.03296088216486961
aliased_rooms,repeated_room_bottleneck,repeated_room,gaussian_sensory,temporal_cue_then_blank,one_hot,0,lin_sequence_front_bands_r3_l2,3,2,4,front_bands,6,0.6,0.05163977794943222,0.39999999999999997,0.0769800358919501,0.9111111111111111,0.03296088216486961
aliased_rooms,repeated_room_bottleneck,repeated_room,gaussian_sensory,temporal_cue_then_blank,one_hot,0,lin_sequence_front_bands_r3_l4,3,4,6,front_bands,6,0.5666666666666668,0.07044829992954382,0.39999999999999997,0.07097208632298362,0.9444444444444445,0.03181738014061412
aliased_rooms,repeated_room_bottleneck,repeated_room,gaussian_sensory,temporal_cue_then_blank,one_hot,0,lin_sequence_front_bands_r3_l8,3,8,10,front_bands,6,0.6333333333333334,0.074535599249993,0.37777777777777777,0.040975753143523946,0.8666666666666666,0.05708992257184503
aliased_rooms,repeated_room_bottleneck,repeated_room,gaussian_sensory,temporal_cue_then_blank,one_hot,0,lin_sequence_front_bands_r5_l2,5,2,6,front_bands,6,0.5111111111111112,0.04444444444444444,0.3444444444444444,0.031817380140614124,0.8111111111111112,0.05555555555555557
aliased_rooms,repeated_room_bottleneck,repeated_room,gaussian_sensory,temporal_cue_then_blank,one_hot,0,lin_sequence_front_bands_r5_l4,5,4,8,front_bands,6,0.5333333333333333,0.05443310539518173,0.3222222222222222,0.04687782913273109,0.8777777777777779,0.04360314860077463
aliased_rooms,repeated_room_bottleneck,repeated_room,gaussian_sensory,temporal_cue_then_blank,one_hot,0,lin_sequence_front_bands_r5_l8,5,8,12,front_bands,6,0.6333333333333333,0.053748384988657,0.3888888888888889,0.06535751631045662,0.9333333333333335,0.04216370213557841
aliased_rooms,repeated_room_bottleneck,repeated_room,gaussian_sensory,temporal_dropout,one_hot,0,lin_sequence_all_units_r3_l4,3,4,6,all_units,6,0.5222222222222223,0.09335978461155557,0.2111111111111111,0.040061680838488774,0.7666666666666666,0.05091750772173157
aliased_rooms,repeated_room_bottleneck,repeated_room,gaussian_sensory,temporal_dropout,one_hot,0,lin_sequence_front_bands_r1_l2,1,2,2,front_bands,6,0.5777777777777777,0.05067446333773945,0.26666666666666666,0.029814239699997202,0.5888888888888889,0.058161121459121785
aliased_rooms,repeated_room_bottleneck,repeated_room,gaussian_sensory,temporal_dropout,one_hot,0,lin_sequence_front_bands_r1_l4,1,4,4,front_bands,6,0.5333333333333333,0.08777074514725111,0.25555555555555554,0.036175156880221576,0.888888888888889,0.03296088216486961
aliased_rooms,repeated_room_bottleneck,repeated_room,gaussian_sensory,temporal_dropout,one_hot,0,lin_sequence_front_bands_r1_l8,1,8,8,front_bands,6,0.6222222222222222,0.04444444444444444,0.36666666666666664,0.050917507721731564,0.8666666666666667,0.0455420034042649
aliased_rooms,repeated_room_bottleneck,repeated_room,gaussian_sensory,temporal_dropout,one_hot,0,lin_sequence_front_bands_r3_l2,3,2,4,front_bands,6,0.5666666666666668,0.06146362971528592,0.26666666666666666,0.03442651863295482,0.7999999999999999,0.05708992257184503
aliased_rooms,repeated_room_bottleneck,repeated_room,gaussian_sensory,temporal_dropout,one_hot,0,lin_sequence_front_bands_r3_l4,3,4,6,front_bands,6,0.49999999999999994,0.07453559924999299,0.19999999999999998,0.03849001794597505,0.8111111111111112,0.0630500487071605
aliased_rooms,repeated_room_bottleneck,repeated_room,gaussian_sensory,temporal_dropout,one_hot,0,lin_sequence_front_bands_r3_l8,3,8,10,front_bands,6,0.5,0.0784101278416771,0.18888888888888888,0.03181738014061412,0.8444444444444444,0.04097575314352396
aliased_rooms,repeated_room_bottleneck,repeated_room,gaussian_sensory,temporal_dropout,one_hot,0,lin_sequence_front_bands_r5_l2,5,2,6,front_bands,6,0.4444444444444444,0.08720629720154927,0.24444444444444446,0.08549059582965042,0.7777777777777777,0.06126243889817878
aliased_rooms,repeated_room_bottleneck,repeated_room,gaussian_sensory,temporal_dropout,one_hot,0,lin_sequence_front_bands_r5_l4,5,4,8,front_bands,6,0.4444444444444445,0.09054021683317051,0.18888888888888888,0.04687782913273108,0.9111111111111111,0.01405456737852613
aliased_rooms,repeated_room_bottleneck,repeated_room,gaussian_sensory,temporal_dropout,one_hot,0,lin_sequence_front_bands_r5_l8,5,8,12,front_bands,6,0.6,0.05443310539518174,0.24444444444444444,0.040975753143523946,0.8222222222222221,0.02222222222222223
aliased_rooms,repeated_room_bottleneck,repeated_room,gaussian_sensory,temporal_full,one_hot,0,lin_sequence_all_units_r3_l4,3,4,6,all_units,6,0.5444444444444444,0.04993823345387607,0.17777777777777778,0.028109134757052262,0.8111111111111112,0.06974379922877876
aliased_rooms,repeated_room_bottleneck,repeated_room,gaussian_sensory,temporal_full,one_hot,0,lin_sequence_front_bands_r1_l2,1,2,2,front_bands,6,0.5000000000000001,0.04472135954999579,0.19999999999999998,0.051639777949432225,0.688888888888889,0.053518198127965766
aliased_rooms,repeated_room_bottleneck,repeated_room,gaussian_sensory,temporal_full,one_hot,0,lin_sequence_front_bands_r1_l4,1,4,4,front_bands,6,0.7000000000000001,0.03751542892474253,0.27777777777777773,0.046877829132731086,0.9888888888888889,0.01111111111111111
aliased_rooms,repeated_room_bottleneck,repeated_room,gaussian_sensory,temporal_full,one_hot,0,lin_sequence_front_bands_r1_l8,1,8,8,front_bands,6,0.7444444444444445,0.04006168083848879,0.3333333333333333,0.06206328908341752,0.9555555555555556,0.02810913475705226
aliased_rooms,repeated_room_bottleneck,repeated_room,gaussian_sensory,temporal_full,one_hot,0,lin_sequence_front_bands_r3_l2,3,2,4,front_bands,6,0.5888888888888889,0.06758625033664689,0.2333333333333333,0.028544961285922512,0.8777777777777779,0.03181738014061412
aliased_rooms,repeated_room_bottleneck,repeated_room,gaussian_sensory,temporal_full,one_hot,0,lin_sequence_front_bands_r3_l4,3,4,6,front_bands,6,0.6777777777777777,0.0675862503366469,0.3222222222222222,0.040061680838488774,0.9333333333333335,0.04216370213557841
aliased_rooms,repeated_room_bottleneck,repeated_room,gaussian_sensory,temporal_full,one_hot,0,lin_sequence_front_bands_r3_l8,3,8,10,front_bands,6,0.6,0.03442651863295481,0.37777777777777777,0.06592176432973923,0.9555555555555556,0.03296088216486961
aliased_rooms,repeated_room_bottleneck,repeated_room,gaussian_sensory,temporal_full,one_hot,0,lin_sequence_front_bands_r5_l2,5,2,6,front_bands,6,0.5222222222222221,0.09493337494797258,0.25555555555555554,0.08149831475952111,0.8333333333333334,0.05091750772173157
aliased_rooms,repeated_room_bottleneck,repeated_room,gaussian_sensory,temporal_full,one_hot,0,lin_sequence_front_bands_r5_l4,5,4,8,front_bands,6,0.5222222222222223,0.06758625033664688,0.24444444444444446,0.032960882164869615,0.9666666666666668,0.022771001702132438
aliased_rooms,repeated_room_bottleneck,repeated_room,gaussian_sensory,temporal_full,one_hot,0,lin_sequence_front_bands_r5_l8,5,8,12,front_bands,6,0.6666666666666666,0.07097208632298362,0.4666666666666666,0.07097208632298362,0.9777777777777779,0.01405456737852613
aliased_rooms,repeated_room_bottleneck,repeated_room,hybrid,temporal_cue_then_blank,one_hot,0,lin_sequence_all_units_r3_l4,3,4,6,all_units,6,0.4888888888888889,0.04766135686561604,0.24444444444444446,0.044444444444444446,0.9555555555555557,0.02222222222222222
aliased_rooms,repeated_room_bottleneck,repeated_room,hybrid,temporal_cue_then_blank,one_hot,0,lin_sequence_front_bands_r1_l2,1,2,2,front_bands,6,0.6333333333333333,0.03751542892474251,0.25555555555555554,0.036175156880221576,0.6333333333333332,0.014907119849998596
aliased_rooms,repeated_room_bottleneck,repeated_room,hybrid,temporal_cue_then_blank,one_hot,0,lin_sequence_front_bands_r1_l4,1,4,4,front_bands,6,0.6666666666666666,0.03442651863295481,0.25555555555555554,0.05555555555555556,0.9666666666666668,0.014907119849998596
aliased_rooms,repeated_room_bottleneck,repeated_room,hybrid,temporal_cue_then_blank,one_hot,0,lin_sequence_front_bands_r1_l8,1,8,8,front_bands,6,0.6666666666666666,0.06440611887195306,0.37777777777777777,0.05067446333773947,0.9555555555555556,0.04444444444444445
aliased_rooms,repeated_room_bottleneck,repeated_room,hybrid,temporal_cue_then_blank,one_hot,0,lin_sequence_front_bands_r3_l2,3,2,4,front_bands,6,0.6333333333333333,0.06146362971528592,0.2222222222222222,0.06592176432973923,0.888888888888889,0.053518198127965766
aliased_rooms,repeated_room_bottleneck,repeated_room,hybrid,temporal_cue_then_blank,one_hot,0,lin_sequence_front_bands_r3_l4,3,4,6,front_bands,6,0.6222222222222222,0.06363476028122825,0.41111111111111115,0.05282161921779874,0.9,0.0479196858952174
aliased_rooms,repeated_room_bottleneck,repeated_room,hybrid,temporal_cue_then_blank,one_hot,0,lin_sequence_front_bands_r3_l8,3,8,10,front_bands,6,0.7222222222222222,0.06974379922877874,0.4777777777777778,0.0718365772233094,0.9666666666666667,0.033333333333333326
aliased_rooms,repeated_room_bottleneck,repeated_room,hybrid,temporal_cue_then_blank,one_hot,0,lin_sequence_front_bands_r5_l2,5,2,6,front_bands,6,0.6444444444444445,0.06363476028122823,0.3555555555555556,0.05067446333773947,0.9111111111111111,0.037184890068181126
aliased_rooms,repeated_room_bottleneck,repeated_room,hybrid,temporal_cue_then_blank,one_hot,0,lin_sequence_front_bands_r5_l4,5,4,8,front_bands,6,0.4888888888888889,0.08888888888888889,0.25555555555555554,0.07584910295944895,0.9666666666666667,0.033333333333333326
aliased_rooms,repeated_room_bottleneck,repeated_room,hybrid,temporal_cue_then_blank,one_hot,0,lin_sequence_front_bands_r5_l8,5,8,12,front_bands,6,0.6,0.0596284793999944,0.3,0.0479196858952174,0.9777777777777779,0.01405456737852613
aliased_rooms,repeated_room_bottleneck,repeated_room,hybrid,temporal_dropout,one_hot,0,lin_sequence_all_units_r3_l4,3,4,6,all_units,6,0.47777777777777786,0.026759099063982873,0.15555555555555556,0.044444444444444446,0.9333333333333332,0.03442651863295481
aliased_rooms,repeated_room_bottleneck,repeated_room,hybrid,temporal_dropout,one_hot,0,lin_sequence_front_bands_r1_l2,1,2,2,front_bands,6,0.4777777777777778,0.040061680838488774,0.1111111111111111,0.032960882164869615,0.7888888888888888,0.0468778291327311
aliased_rooms,repeated_room_bottleneck,repeated_room,hybrid,temporal_dropout,one_hot,0,lin_sequence_front_bands_r1_l4,1,4,4,front_bands,6,0.6222222222222222,0.05067446333773947,0.17777777777777778,0.03718489006818114,0.9555555555555556,0.01405456737852613
aliased_rooms,repeated_room_bottleneck,repeated_room,hybrid,temporal_dropout,one_hot,0,lin_sequence_front_bands_r1_l8,1,8,8,front_bands,6,0.5777777777777777,0.06363476028122822,0.18888888888888888,0.03617515688022157,0.9333333333333335,0.04216370213557841
aliased_rooms,repeated_room_bottleneck,repeated_room,hybrid,temporal_dropout,one_hot,0,lin_sequence_front_bands_r3_l2,3,2,4,front_bands,6,0.5,0.04472135954999579,0.19999999999999998,0.03849001794597505,0.9111111111111111,0.02222222222222222
aliased_rooms,repeated_room_bottleneck,repeated_room,hybrid,temporal_dropout,one_hot,0,lin_sequence_front_bands_r3_l4,3,4,6,front_bands,6,0.5222222222222223,0.020487876571761966,0.2555555555555556,0.046877829132731086,0.9000000000000002,0.05091750772173157
aliased_rooms,repeated_room_bottleneck,repeated_room,hybrid,temporal_dropout,one_hot,0,lin_sequence_front_bands_r3_l8,3,8,10,front_bands,6,0.6666666666666666,0.05708992257184503,0.26666666666666666,0.04868644955601477,0.9666666666666667,0.022771001702132438
aliased_rooms,repeated_room_bottleneck,repeated_room,hybrid,temporal_dropout,one_hot,0,lin_sequence_front_bands_r5_l2,5,2,6,front_bands,6,0.5444444444444444,0.07965977035082186,0.25555555555555554,0.04687782913273109,0.8222222222222223,0.05879447357921314
aliased_rooms,repeated_room_bottleneck,repeated_room,hybrid,temporal_dropout,one_hot,0,lin_sequence_front_bands_r5_l4,5,4,8,front_bands,6,0.5444444444444444,0.043603148600774626,0.24444444444444444,0.044444444444444446,0.9333333333333335,0.02981423969999719
aliased_rooms,repeated_room_bottleneck,repeated_room,hybrid,temporal_dropout,one_hot,0,lin_sequence_front_bands_r5_l8,5,8,12,front_bands,6,0.688888888888889,0.04444444444444446,0.2333333333333333,0.05091750772173156,0.8666666666666668,0.02981423969999721
aliased_rooms,repeated_room_bottleneck,repeated_room,hybrid,temporal_full,one_hot,0,lin_sequence_all_units_r3_l4,3,4,6,all_units,6,0.5333333333333333,0.02981423969999719,0.3,0.050917507721731564,0.9444444444444445,0.03617515688022157
aliased_rooms,repeated_room_bottleneck,repeated_room,hybrid,temporal_full,one_hot,0,lin_sequence_front_bands_r1_l2,1,2,2,front_bands,6,0.611111111111111,0.04006168083848876,0.28888888888888886,0.07436978013636228,1.0,0.0
aliased_rooms,repeated_room_bottleneck,repeated_room,hybrid,temporal_full,one_hot,0,lin_sequence_front_bands_r1_l4,1,4,4,front_bands,6,0.7333333333333334,0.017213259316477422,0.3333333333333333,0.04554200340426489,0.9888888888888889,0.01111111111111111
aliased_rooms,repeated_room_bottleneck,repeated_room,hybrid,temporal_full,one_hot,0,lin_sequence_front_bands_r1_l8,1,8,8,front_bands,6,0.6666666666666666,0.024343224778007377,0.4222222222222222,0.056218269514104524,1.0,0.0
aliased_rooms,repeated_room_bottleneck,repeated_room,hybrid,temporal_full,one_hot,0,lin_sequence_front_bands_r3_l2,3,2,4,front_bands,6,0.6222222222222222,0.03296088216486961,0.25555555555555554,0.05555555555555556,0.9666666666666667,0.033333333333333326
aliased_rooms,repeated_room_bottleneck,repeated_room,hybrid,temporal_full,one_hot,0,lin_sequence_front_bands_r3_l4,3,4,6,front_bands,6,0.6333333333333333,0.07044829992954382,0.26666666666666666,0.05708992257184503,0.9666666666666667,0.033333333333333326
aliased_rooms,repeated_room_bottleneck,repeated_room,hybrid,temporal_full,one_hot,0,lin_sequence_front_bands_r3_l8,3,8,10,front_bands,6,0.6888888888888888,0.053518198127965766,0.41111111111111104,0.06535751631045662,0.9333333333333332,0.03442651863295481
aliased_rooms,repeated_room_bottleneck,repeated_room,hybrid,temporal_full,one_hot,0,lin_sequence_front_bands_r5_l2,5,2,6,front_bands,6,0.611111111111111,0.058161121459121785,0.26666666666666666,0.029814239699997202,0.9444444444444445,0.03617515688022157
aliased_rooms,repeated_room_bottleneck,repeated_room,hybrid,temporal_full,one_hot,0,lin_sequence_front_bands_r5_l4,5,4,8,front_bands,6,0.5555555555555555,0.05879447357921312,0.25555555555555554,0.052821619217798724,0.9888888888888889,0.01111111111111111
aliased_rooms,repeated_room_bottleneck,repeated_room,hybrid,temporal_full,one_hot,0,lin_sequence_front_bands_r5_l8,5,8,12,front_bands,6,0.7111111111111111,0.03296088216486963,0.3444444444444444,0.02048787657176198,0.9777777777777779,0.02222222222222222
aliased_rooms,repeated_room_bottleneck,repeated_room,sparse_aliased,temporal_cue_then_blank,one_hot,0,lin_sequence_all_units_r3_l4,3,4,6,all_units,6,0.5888888888888889,0.03181738014061412,0.24444444444444444,0.02222222222222222,0.8888888888888888,0.056218269514104524
aliased_rooms,repeated_room_bottleneck,repeated_room,sparse_aliased,temporal_cue_then_blank,one_hot,0,lin_sequence_front_bands_r1_l2,1,2,2,front_bands,6,0.48888888888888893,0.01405456737852613,0.06666666666666667,0.029814239699997202,0.6,0.024343224778007377
aliased_rooms,repeated_room_bottleneck,repeated_room,sparse_aliased,temporal_cue_then_blank,one_hot,0,lin_sequence_front_bands_r1_l4,1,4,4,front_bands,6,0.7000000000000001,0.03333333333333334,0.28888888888888886,0.032960882164869615,0.8444444444444446,0.04444444444444445
aliased_rooms,repeated_room_bottleneck,repeated_room,sparse_aliased,temporal_cue_then_blank,one_hot,0,lin_sequence_front_bands_r1_l8,1,8,8,front_bands,6,0.7111111111111111,0.07436978013636229,0.35555555555555557,0.07235031376044314,1.0,0.0
aliased_rooms,repeated_room_bottleneck,repeated_room,sparse_aliased,temporal_cue_then_blank,one_hot,0,lin_sequence_front_bands_r3_l2,3,2,4,front_bands,6,0.6,0.045542003404264876,0.19999999999999998,0.024343224778007384,0.8777777777777779,0.04993823345387608
aliased_rooms,repeated_room_bottleneck,repeated_room,sparse_aliased,temporal_cue_then_blank,one_hot,0,lin_sequence_front_bands_r3_l4,3,4,6,front_bands,6,0.6,0.017213259316477405,0.19999999999999998,0.024343224778007384,0.9111111111111111,0.03296088216486961
aliased_rooms,repeated_room_bottleneck,repeated_room,sparse_aliased,temporal_cue_then_blank,one_hot,0,lin_sequence_front_bands_r3_l8,3,8,10,front_bands,6,0.6777777777777777,0.06974379922877874,0.3444444444444445,0.05555555555555556,0.9,0.033333333333333326
aliased_rooms,repeated_room_bottleneck,repeated_room,sparse_aliased,temporal_cue_then_blank,one_hot,0,lin_sequence_front_bands_r5_l2,5,2,6,front_bands,6,0.5888888888888889,0.05282161921779874,0.2333333333333333,0.06382847385042255,0.9333333333333335,0.03442651863295481
aliased_rooms,repeated_room_bottleneck,repeated_room,sparse_aliased,temporal_cue_then_blank,one_hot,0,lin_sequence_front_bands_r5_l4,5,4,8,front_bands,6,0.6111111111111112,0.03617515688022157,0.32222222222222224,0.02675909906398289,0.9777777777777779,0.02222222222222222
aliased_rooms,repeated_room_bottleneck,repeated_room,sparse_aliased,temporal_cue_then_blank,one_hot,0,lin_sequence_front_bands_r5_l8,5,8,12,front_bands,6,0.7000000000000001,0.028544961285922515,0.3666666666666667,0.03751542892474252,0.9111111111111111,0.05879447357921312
aliased_rooms,repeated_room_bottleneck,repeated_room,sparse_aliased,temporal_dropout,one_hot,0,lin_sequence_all_units_r3_l4,3,4,6,all_units,6,0.5666666666666667,0.05091750772173154,0.16666666666666666,0.028544961285922515,0.8333333333333334,0.03751542892474253
aliased_rooms,repeated_room_bottleneck,repeated_room,sparse_aliased,temporal_dropout,one_hot,0,lin_sequence_front_bands_r1_l2,1,2,2,front_bands,6,0.39999999999999997,0.06440611887195306,0.2111111111111111,0.05555555555555556,0.6444444444444445,0.053518198127965766
aliased_rooms,repeated_room_bottleneck,repeated_room,sparse_aliased,temporal_dropout,one_hot,0,lin_sequence_front_bands_r1_l4,1,4,4,front_bands,6,0.5444444444444444,0.04687782913273107,0.26666666666666666,0.04216370213557839,0.8777777777777779,0.05282161921779874
aliased_rooms,repeated_room_bottleneck,repeated_room,sparse_aliased,temporal_dropout,one_hot,0,lin_sequence_front_bands_r1_l8,1,8,8,front_bands,6,0.6555555555555556,0.058161121459121785,0.25555555555555554,0.03181738014061412,0.9555555555555556,0.02222222222222222
aliased_rooms,repeated_room_bottleneck,repeated_room,sparse_aliased,temporal_dropout,one_hot,0,lin_sequence_front_bands_r3_l2,3,2,4,front_bands,6,0.3888888888888889,0.04687782913273108,0.17777777777777778,0.053518198127965766,0.811111111111111,0.0468778291327311
aliased_rooms,repeated_room_bottleneck,repeated_room,sparse_aliased,temporal_dropout,one_hot,0,lin_sequence_front_bands_r3_l4,3,4,6,front_bands,6,0.5111111111111111,0.08195150628704789,0.15555555555555556,0.053518198127965766,0.888888888888889,0.03296088216486961
aliased_rooms,repeated_room_bottleneck,repeated_room,sparse_aliased,temporal_dropout,one_hot,0,lin_sequence_front_bands_r3_l8,3,8,10,front_bands,6,0.6555555555555556,0.05555555555555555,0.37777777777777777,0.03296088216486962,0.9111111111111111,0.03296088216486961
aliased_rooms,repeated_room_bottleneck,repeated_room,sparse_aliased,temporal_dropout,one_hot,0,lin_sequence_front_bands_r5_l2,5,2,6,front_bands,6,0.5,0.05643744488533464,0.23333333333333336,0.05091750772173157,0.9222222222222222,0.03181738014061412
aliased_rooms,repeated_room_bottleneck,repeated_room,sparse_aliased,temporal_dropout,one_hot,0,lin_sequence_front_bands_r5_l4,5,4,8,front_bands,6,0.5111111111111112,0.05067446333773947,0.14444444444444443,0.04360314860077463,0.9777777777777779,0.02222222222222222
aliased_rooms,repeated_room_bottleneck,repeated_room,sparse_aliased,temporal_dropout,one_hot,0,lin_sequence_front_bands_r5_l8,5,8,12,front_bands,6,0.5222222222222223,0.04687782913273107,0.26666666666666666,0.07302967433402216,0.9,0.04127594582445936
aliased_rooms,repeated_room_bottleneck,repeated_room,sparse_aliased,temporal_full,one_hot,0,lin_sequence_all_units_r3_l4,3,4,6,all_units,6,0.5888888888888889,0.04006168083848877,0.19999999999999998,0.059628479399994404,0.8777777777777778,0.05816112145912178
aliased_rooms,repeated_room_bottleneck,repeated_room,sparse_aliased,temporal_full,one_hot,0,lin_sequence_front_bands_r1_l2,1,2,2,front_bands,6,0.5666666666666667,0.028544961285922505,0.18888888888888888,0.03181738014061412,0.5333333333333333,0.02981423969999719
aliased_rooms,repeated_room_bottleneck,repeated_room,sparse_aliased,temporal_full,one_hot,0,lin_sequence_front_bands_r1_l4,1,4,4,front_bands,6,0.6777777777777777,0.06065486250647193,0.24444444444444444,0.01405456737852613,0.9777777777777779,0.02222222222222222
aliased_rooms,repeated_room_bottleneck,repeated_room,sparse_aliased,temporal_full,one_hot,0,lin_sequence_front_bands_r1_l8,1,8,8,front_bands,6,0.7888888888888889,0.0267590990639829,0.28888888888888886,0.05879447357921314,1.0,0.0
aliased_rooms,repeated_room_bottleneck,repeated_room,sparse_aliased,temporal_full,one_hot,0,lin_sequence_front_bands_r3_l2,3,2,4,front_bands,6,0.6444444444444444,0.02222222222222222,0.3,0.08388704928078612,0.8666666666666667,0.05443310539518174
aliased_rooms,repeated_room_bottleneck,repeated_room,sparse_aliased,temporal_full,one_hot,0,lin_sequence_front_bands_r3_l4,3,4,6,front_bands,6,0.6,0.045542003404264876,0.18888888888888888,0.049938233453876074,0.9666666666666667,0.033333333333333326
aliased_rooms,repeated_room_bottleneck,repeated_room,sparse_aliased,temporal_full,one_hot,0,lin_sequence_front_bands_r3_l8,3,8,10,front_bands,6,0.688888888888889,0.050674463337739485,0.2888888888888889,0.06592176432973924,0.9555555555555556,0.044444444444444446
aliased_rooms,repeated_room_bottleneck,repeated_room,sparse_aliased,temporal_full,one_hot,0,lin_sequence_front_bands_r5_l2,5,2,6,front_bands,6,0.5444444444444444,0.05282161921779872,0.13333333333333333,0.029814239699997202,0.9666666666666667,0.033333333333333326
aliased_rooms,repeated_room_bottleneck,repeated_room,sparse_aliased,temporal_full,one_hot,0,lin_sequence_front_bands_r5_l4,5,4,8,front_bands,6,0.5666666666666667,0.03751542892474251,0.25555555555555554,0.01111111111111111,0.9666666666666667,0.033333333333333326
aliased_rooms,repeated_room_bottleneck,repeated_room,sparse_aliased,temporal_full,one_hot,0,lin_sequence_front_bands_r5_l8,5,8,12,front_bands,6,0.6666666666666666,0.05708992257184503,0.3444444444444444,0.03617515688022157,0.9,0.04472135954999579
aliased_rooms,repeated_room_bottleneck,repeated_room,vector,temporal_cue_then_blank,one_hot,0,lin_sequence_all_units_r3_l4,3,4,6,all_units,6,0.611111111111111,0.05816112145912178,0.3222222222222222,0.03181738014061412,0.9777777777777779,0.01405456737852613
aliased_rooms,repeated_room_bottleneck,repeated_room,vector,temporal_cue_then_blank,one_hot,0,lin_sequence_front_bands_r1_l2,1,2,2,front_bands,6,0.5888888888888889,0.04006168083848876,0.27777777777777773,0.05555555555555556,0.6444444444444444,0.037184890068181146
aliased_rooms,repeated_room_bottleneck,repeated_room,vector,temporal_cue_then_blank,one_hot,0,lin_sequence_front_bands_r1_l4,1,4,4,front_bands,6,0.7555555555555555,0.03718489006818115,0.3888888888888889,0.06065486250647192,0.9666666666666668,0.014907119849998596
aliased_rooms,repeated_room_bottleneck,repeated_room,vector,temporal_cue_then_blank,one_hot,0,lin_sequence_front_bands_r1_l8,1,8,8,front_bands,6,0.7222222222222223,0.0675862503366469,0.45555555555555555,0.06305004870716047,1.0,0.0
aliased_rooms,repeated_room_bottleneck,repeated_room,vector,temporal_cue_then_blank,one_hot,0,lin_sequence_front_bands_r3_l2,3,2,4,front_bands,6,0.6333333333333334,0.074535599249993,0.39999999999999997,0.04554200340426488,0.9,0.03751542892474251
aliased_rooms,repeated_room_bottleneck,repeated_room,vector,temporal_cue_then_blank,one_hot,0,lin_sequence_front_bands_r3_l4,3,4,6,front_bands,6,0.5888888888888889,0.02675909906398288,0.27777777777777773,0.02675909906398289,0.9555555555555556,0.03296088216486961
aliased_rooms,repeated_room_bottleneck,repeated_room,vector,temporal_cue_then_blank,one_hot,0,lin_sequence_front_bands_r3_l8,3,8,10,front_bands,6,0.6444444444444445,0.06813204318558173,0.41111111111111115,0.06305004870716048,0.9666666666666667,0.022771001702132438
aliased_rooms,repeated_room_bottleneck,repeated_room,vector,temporal_cue_then_blank,one_hot,0,lin_sequence_front_bands_r5_l2,5,2,6,front_bands,6,0.5555555555555556,0.07633584016585629,0.22222222222222224,0.056218269514104524,0.8666666666666666,0.04554200340426489
aliased_rooms,repeated_room_bottleneck,repeated_room,vector,temporal_cue_then_blank,one_hot,0,lin_sequence_front_bands_r5_l4,5,4,8,front_bands,6,0.5555555555555555,0.056218269514104524,0.3111111111111111,0.06126243889817877,0.9333333333333332,0.03442651863295481
aliased_rooms,repeated_room_bottleneck,repeated_room,vector,temporal_cue_then_blank,one_hot,0,lin_sequence_front_bands_r5_l8,5,8,12,front_bands,6,0.7000000000000001,0.0479196858952174,0.4444444444444444,0.06592176432973923,0.9111111111111111,0.05879447357921313
aliased_rooms,repeated_room_bottleneck,repeated_room,vector,temporal_dropout,one_hot,0,lin_sequence_all_units_r3_l4,3,4,6,all_units,6,0.4666666666666666,0.045542003404264876,0.25555555555555554,0.07584910295944894,0.9,0.06382847385042256
aliased_rooms,repeated_room_bottleneck,repeated_room,vector,temporal_dropout,one_hot,0,lin_sequence_front_bands_r1_l2,1,2,2,front_bands,6,0.5444444444444445,0.05555555555555555,0.2111111111111111,0.058161121459121785,0.6666666666666666,0.05443310539518174
aliased_rooms,repeated_room_bottleneck,repeated_room,vector,temporal_dropout,one_hot,0,lin_sequence_front_bands_r1_l4,1,4,4,front_bands,6,0.6333333333333333,0.06146362971528592,0.2555555555555556,0.046877829132731086,0.9111111111111111,0.053518198127965766
aliased_rooms,repeated_room_bottleneck,repeated_room,vector,temporal_dropout,one_hot,0,lin_sequence_front_bands_r1_l8,1,8,8,front_bands,6,0.6222222222222221,0.03296088216486961,0.3111111111111111,0.05879447357921314,0.9111111111111111,0.01405456737852613
aliased_rooms,repeated_room_bottleneck,repeated_room,vector,temporal_dropout,one_hot,0,lin_sequence_front_bands_r3_l2,3,2,4,front_bands,6,0.5444444444444445,0.06535751631045662,0.3222222222222222,0.03181738014061412,0.9,0.03751542892474251
aliased_rooms,repeated_room_bottleneck,repeated_room,vector,temporal_dropout,one_hot,0,lin_sequence_front_bands_r3_l4,3,4,6,front_bands,6,0.48888888888888893,0.02810913475705226,0.27777777777777773,0.04360314860077463,0.8555555555555556,0.07183657722330941
aliased_rooms,repeated_room_bottleneck,repeated_room,vector,temporal_dropout,one_hot,0,lin_sequence_front_bands_r3_l8,3,8,10,front_bands,6,0.6666666666666666,0.04554200340426489,0.37777777777777777,0.044444444444444446,0.9555555555555556,0.03296088216486961
aliased_rooms,repeated_room_bottleneck,repeated_room,vector,temporal_dropout,one_hot,0,lin_sequence_front_bands_r5_l2,5,2,6,front_bands,6,0.46666666666666673,0.045542003404264876,0.2222222222222222,0.03718489006818114,0.8555555555555555,0.0630500487071605
aliased_rooms,repeated_room_bottleneck,repeated_room,vector,temporal_dropout,one_hot,0,lin_sequence_front_bands_r5_l4,5,4,8,front_bands,6,0.6111111111111112,0.09013022129188111,0.22222222222222224,0.053518198127965766,0.8777777777777779,0.04006168083848877
aliased_rooms,repeated_room_bottleneck,repeated_room,vector,temporal_dropout,one_hot,0,lin_sequence_front_bands_r5_l8,5,8,12,front_bands,6,0.6444444444444444,0.03296088216486961,0.36666666666666664,0.05900408021045224,0.888888888888889,0.03296088216486961
aliased_rooms,repeated_room_bottleneck,repeated_room,vector,temporal_full,one_hot,0,lin_sequence_all_units_r3_l4,3,4,6,all_units,6,0.611111111111111,0.11342044582377642,0.3,0.07252075054258099,1.0,0.0
aliased_rooms,repeated_room_bottleneck,repeated_room,vector,temporal_full,one_hot,0,lin_sequence_front_bands_r1_l2,1,2,2,front_bands,6,0.5666666666666668,0.06382847385042256,0.2222222222222222,0.044444444444444446,1.0,0.0
aliased_rooms,repeated_room_bottleneck,repeated_room,vector,temporal_full,one_hot,0,lin_sequence_front_bands_r1_l4,1,4,4,front_bands,6,0.7000000000000001,0.03751542892474253,0.4333333333333334,0.0479196858952174,0.9666666666666667,0.033333333333333326
aliased_rooms,repeated_room_bottleneck,repeated_room,vector,temporal_full,one_hot,0,lin_sequence_front_bands_r1_l8,1,8,8,front_bands,6,0.7222222222222222,0.0675862503366469,0.4222222222222222,0.04766135686561604,0.9777777777777779,0.02222222222222222
aliased_rooms,repeated_room_bottleneck,repeated_room,vector,temporal_full,one_hot,0,lin_sequence_front_bands_r3_l2,3,2,4,front_bands,6,0.6111111111111112,0.0630500487071605,0.3333333333333333,0.04554200340426488,0.9333333333333332,0.042163702135578386
aliased_rooms,repeated_room_bottleneck,repeated_room,vector,temporal_full,one_hot,0,lin_sequence_front_bands_r3_l4,3,4,6,front_bands,6,0.5111111111111111,0.07436978013636225,0.27777777777777773,0.05555555555555556,0.9555555555555556,0.03296088216486961
aliased_rooms,repeated_room_bottleneck,repeated_room,vector,temporal_full,one_hot,0,lin_sequence_front_bands_r3_l8,3,8,10,front_bands,6,0.6444444444444444,0.053518198127965766,0.35555555555555557,0.06813204318558173,0.9666666666666667,0.033333333333333326
aliased_rooms,repeated_room_bottleneck,repeated_room,vector,temporal_full,one_hot,0,lin_sequence_front_bands_r5_l2,5,2,6,front_bands,6,0.5111111111111111,0.04444444444444444,0.2888888888888889,0.044444444444444446,1.0,0.0
aliased_rooms,repeated_room_bottleneck,repeated_room,vector,temporal_full,one_hot,0,lin_sequence_front_bands_r5_l4,5,4,8,front_bands,6,0.5888888888888889,0.043603148600774626,0.2111111111111111,0.03181738014061412,1.0,0.0
aliased_rooms,repeated_room_bottleneck,repeated_room,vector,temporal_full,one_hot,0,lin_sequence_front_bands_r5_l8,5,8,12,front_bands,6,0.6666666666666666,0.07698003589195011,0.26666666666666666,0.07302967433402216,0.9444444444444443,0.04360314860077464
aliased_t_maze,t_maze,delayed_landmark_choice,egocentric_landmark,temporal_cue_then_blank,one_hot,0,lin_sequence_all_units_r3_l4,3,4,6,all_units,6,0.5,0.074535599249993,0.16666666666666666,0.0,0.3055555555555555,0.02777777777777778
aliased_t_maze,t_maze,delayed_landmark_choice,egocentric_landmark,temporal_cue_then_blank,one_hot,0,lin_sequence_front_bands_r1_l2,1,2,2,front_bands,6,0.6666666666666666,0.0,0.0,0.0,0.3333333333333333,0.0
aliased_t_maze,t_maze,delayed_landmark_choice,egocentric_landmark,temporal_cue_then_blank,one_hot,0,lin_sequence_front_bands_r1_l4,1,4,4,front_bands,6,0.6666666666666666,0.0,0.0,0.0,0.2777777777777778,0.03513641844631533
aliased_t_maze,t_maze,delayed_landmark_choice,egocentric_landmark,temporal_cue_then_blank,one_hot,0,lin_sequence_front_bands_r1_l8,1,8,8,front_bands,6,0.8888888888888888,0.07027283689263066,0.8333333333333334,0.105409255338946,0.4166666666666667,0.0372677996249965
aliased_t_maze,t_maze,delayed_landmark_choice,egocentric_landmark,temporal_cue_then_blank,one_hot,0,lin_sequence_front_bands_r3_l2,3,2,4,front_bands,6,0.6666666666666666,0.0,0.0,0.0,0.25000000000000006,0.037267799624996496
aliased_t_maze,t_maze,delayed_landmark_choice,egocentric_landmark,temporal_cue_then_blank,one_hot,0,lin_sequence_front_bands_r3_l4,3,4,6,front_bands,6,0.611111111111111,0.07027283689263067,0.16666666666666666,0.0,0.25000000000000006,0.037267799624996496
aliased_t_maze,t_maze,delayed_landmark_choice,egocentric_landmark,temporal_cue_then_blank,one_hot,0,lin_sequence_front_bands_r3_l8,3,8,10,front_bands,6,1.0,0.0,1.0,0.0,0.5277777777777778,0.10015420209622194
aliased_t_maze,t_maze,delayed_landmark_choice,egocentric_landmark,temporal_cue_then_blank,one_hot,0,lin_sequence_front_bands_r5_l2,5,2,6,front_bands,6,0.5555555555555556,0.07027283689263067,0.16666666666666666,0.0,0.3333333333333333,0.060858061945018464
aliased_t_maze,t_maze,delayed_landmark_choice,egocentric_landmark,temporal_cue_then_blank,one_hot,0,lin_sequence_front_bands_r5_l4,5,4,8,front_bands,6,0.8055555555555555,0.0795434503515353,0.75,0.0937885723118563,0.5,0.07453559924999299
aliased_t_maze,t_maze,delayed_landmark_choice,egocentric_landmark,temporal_cue_then_blank,one_hot,0,lin_sequence_front_bands_r5_l8,5,8,12,front_bands,6,0.9166666666666666,0.056927504255331114,0.8333333333333334,0.105409255338946,0.4444444444444444,0.05555555555555556
aliased_t_maze,t_maze,delayed_landmark_choice,egocentric_landmark,temporal_dropout,one_hot,0,lin_sequence_all_units_r3_l4,3,4,6,all_units,6,0.3611111111111111,0.06689774765995721,0.08333333333333333,0.0372677996249965,0.5,0.07453559924999299
aliased_t_maze,t_maze,delayed_landmark_choice,egocentric_landmark,temporal_dropout,one_hot,0,lin_sequence_front_bands_r1_l2,1,2,2,front_bands,6,0.6944444444444443,0.02777777777777779,0.5555555555555555,0.05555555555555555,0.27777777777777773,0.05555555555555556
aliased_t_maze,t_maze,delayed_landmark_choice,egocentric_landmark,temporal_dropout,one_hot,0,lin_sequence_front_bands_r1_l4,1,4,4,front_bands,6,0.5,0.0,0.24999999999999997,0.037267799624996496,0.4166666666666667,0.0372677996249965
aliased_t_maze,t_maze,delayed_landmark_choice,egocentric_landmark,temporal_dropout,one_hot,0,lin_sequence_front_bands_r1_l8,1,8,8,front_bands,6,0.75,0.03726779962499651,0.4166666666666667,0.11180339887498948,0.25,0.037267799624996496
aliased_t_maze,t_maze,delayed_landmark_choice,egocentric_landmark,temporal_dropout,one_hot,0,lin_sequence_front_bands_r3_l2,3,2,4,front_bands,6,0.4444444444444444,0.10243938285880988,0.2222222222222222,0.03513641844631533,0.4444444444444444,0.05555555555555556
aliased_t_maze,t_maze,delayed_landmark_choice,egocentric_landmark,temporal_dropout,one_hot,0,lin_sequence_front_bands_r3_l4,3,4,6,front_bands,6,0.27777777777777773,0.07027283689263066,0.08333333333333333,0.0372677996249965,0.5,0.04303314829119352
aliased_t_maze,t_maze,delayed_landmark_choice,egocentric_landmark,temporal_dropout,one_hot,0,lin_sequence_front_bands_r3_l8,3,8,10,front_bands,6,0.7777777777777777,0.05555555555555557,0.5277777777777777,0.13205404804449686,0.38888888888888884,0.05555555555555557
aliased_t_maze,t_maze,delayed_landmark_choice,egocentric_landmark,temporal_dropout,one_hot,0,lin_sequence_front_bands_r5_l2,5,2,6,front_bands,6,0.25000000000000006,0.05692750425533112,0.1111111111111111,0.05555555555555556,0.4166666666666667,0.0372677996249965
aliased_t_maze,t_maze,delayed_landmark_choice,egocentric_landmark,temporal_dropout,one_hot,0,lin_sequence_front_bands_r5_l4,5,4,8,front_bands,6,0.2777777777777778,0.05555555555555556,0.027777777777777776,0.02777777777777778,0.47222222222222227,0.051219691429404926
aliased_t_maze,t_maze,delayed_landmark_choice,egocentric_landmark,temporal_dropout,one_hot,0,lin_sequence_front_bands_r5_l8,5,8,12,front_bands,6,0.7777777777777777,0.08240220541217405,0.5277777777777778,0.0795434503515353,0.38888888888888884,0.05555555555555556
aliased_t_maze,t_maze,delayed_landmark_choice,egocentric_landmark,temporal_full,one_hot,0,lin_sequence_all_units_r3_l4,3,4,6,all_units,6,0.8333333333333334,0.0,0.49999999999999994,0.07453559924999299,0.38888888888888884,0.05555555555555556
aliased_t_maze,t_maze,delayed_landmark_choice,egocentric_landmark,temporal_full,one_hot,0,lin_sequence_front_bands_r1_l2,1,2,2,front_bands,6,0.8333333333333334,0.0,0.5555555555555555,0.07027283689263064,0.3333333333333333,0.0
aliased_t_maze,t_maze,delayed_landmark_choice,egocentric_landmark,temporal_full,one_hot,0,lin_sequence_front_bands_r1_l4,1,4,4,front_bands,6,0.8333333333333334,0.0,0.5555555555555555,0.07027283689263066,0.2777777777777778,0.03513641844631533
aliased_t_maze,t_maze,delayed_landmark_choice,egocentric_landmark,temporal_full,one_hot,0,lin_sequence_front_bands_r1_l8,1,8,8,front_bands,6,1.0,0.0,1.0,0.0,0.4166666666666667,0.0372677996249965
aliased_t_maze,t_maze,delayed_landmark_choice,egocentric_landmark,temporal_full,one_hot,0,lin_sequence_front_bands_r3_l2,3,2,4,front_bands,6,0.8333333333333334,0.0,0.611111111111111,0.05555555555555555,0.3611111111111111,0.027777777777777787
aliased_t_maze,t_maze,delayed_landmark_choice,egocentric_landmark,temporal_full,one_hot,0,lin_sequence_front_bands_r3_l4,3,4,6,front_bands,6,0.8333333333333334,0.0,0.5555555555555555,0.07027283689263064,0.3611111111111111,0.027777777777777787
aliased_t_maze,t_maze,delayed_landmark_choice,egocentric_landmark,temporal_full,one_hot,0,lin_sequence_front_bands_r3_l8,3,8,10,front_bands,6,1.0,0.0,1.0,0.0,0.47222222222222215,0.051219691429404926
aliased_t_maze,t_maze,delayed_landmark_choice,egocentric_landmark,temporal_full,one_hot,0,lin_sequence_front_bands_r5_l2,5,2,6,front_bands,6,0.8333333333333334,0.0,0.49999999999999994,0.07453559924999299,0.4444444444444444,0.08240220541217405
aliased_t_maze,t_maze,delayed_landmark_choice,egocentric_landmark,temporal_full,one_hot,0,lin_sequence_front_bands_r5_l4,5,4,8,front_bands,6,0.6944444444444443,0.02777777777777779,0.611111111111111,0.05555555555555556,0.5833333333333334,0.056927504255331114
aliased_t_maze,t_maze,delayed_landmark_choice,egocentric_landmark,temporal_full,one_hot,0,lin_sequence_front_bands_r5_l8,5,8,12,front_bands,6,1.0,0.0,1.0,0.0,0.47222222222222227,0.051219691429404926
aliased_t_maze,t_maze,delayed_landmark_choice,gaussian_sensory,temporal_cue_then_blank,one_hot,0,lin_sequence_all_units_r3_l4,3,4,6,all_units,6,0.5833333333333334,0.07136240321480629,0.3333333333333333,0.0,1.0,0.0
aliased_t_maze,t_maze,delayed_landmark_choice,gaussian_sensory,temporal_cue_then_blank,one_hot,0,lin_sequence_front_bands_r1_l2,1,2,2,front_bands,6,0.4444444444444444,0.05555555555555556,0.13888888888888887,0.02777777777777778,1.0,0.0
aliased_t_maze,t_maze,delayed_landmark_choice,gaussian_sensory,temporal_cue_then_blank,one_hot,0,lin_sequence_front_bands_r1_l4,1,4,4,front_bands,6,0.3333333333333333,0.0,0.25000000000000006,0.037267799624996496,0.9722222222222222,0.027777777777777776
aliased_t_maze,t_maze,delayed_landmark_choice,gaussian_sensory,temporal_cue_then_blank,one_hot,0,lin_sequence_front_bands_r1_l8,1,8,8,front_bands,6,0.9166666666666666,0.056927504255331114,0.8333333333333334,0.105409255338946,0.9722222222222222,0.027777777777777776
aliased_t_maze,t_maze,delayed_landmark_choice,gaussian_sensory,temporal_cue_then_blank,one_hot,0,lin_sequence_front_bands_r3_l2,3,2,4,front_bands,6,0.38888888888888884,0.07027283689263064,0.2777777777777778,0.03513641844631533,1.0,0.0
aliased_t_maze,t_maze,delayed_landmark_choice,gaussian_sensory,temporal_cue_then_blank,one_hot,0,lin_sequence_front_bands_r3_l4,3,4,6,front_bands,6,0.638888888888889,0.07954345035153532,0.3333333333333333,0.0,1.0,0.0
aliased_t_maze,t_maze,delayed_landmark_choice,gaussian_sensory,temporal_cue_then_blank,one_hot,0,lin_sequence_front_bands_r3_l8,3,8,10,front_bands,6,0.9444444444444443,0.05555555555555556,0.9166666666666666,0.08333333333333334,1.0,0.0
aliased_t_maze,t_maze,delayed_landmark_choice,gaussian_sensory,temporal_cue_then_blank,one_hot,0,lin_sequence_front_bands_r5_l2,5,2,6,front_bands,6,0.4444444444444444,0.035136418446315335,0.3333333333333333,0.0,1.0,0.0
aliased_t_maze,t_maze,delayed_landmark_choice,gaussian_sensory,temporal_cue_then_blank,one_hot,0,lin_sequence_front_bands_r5_l4,5,4,8,front_bands,6,0.6944444444444445,0.10015420209622194,0.5833333333333334,0.1031898645611484,1.0,0.0
aliased_t_maze,t_maze,delayed_landmark_choice,gaussian_sensory,temporal_cue_then_blank,one_hot,0,lin_sequence_front_bands_r5_l8,5,8,12,front_bands,6,1.0,0.0,1.0,0.0,0.9722222222222222,0.027777777777777776
aliased_t_maze,t_maze,delayed_landmark_choice,gaussian_sensory,temporal_dropout,one_hot,0,lin_sequence_all_units_r3_l4,3,4,6,all_units,6,0.5277777777777778,0.10015420209622194,0.3611111111111111,0.05121969142940494,0.9722222222222223,0.02777777777777777
aliased_t_maze,t_maze,delayed_landmark_choice,gaussian_sensory,temporal_dropout,one_hot,0,lin_sequence_front_bands_r1_l2,1,2,2,front_bands,6,0.7777777777777778,0.03513641844631535,0.3055555555555556,0.0668977476599572,1.0,0.0
aliased_t_maze,t_maze,delayed_landmark_choice,gaussian_sensory,temporal_dropout,one_hot,0,lin_sequence_front_bands_r1_l4,1,4,4,front_bands,6,0.6388888888888888,0.05121969142940494,0.3611111111111111,0.02777777777777778,1.0,0.0
aliased_t_maze,t_maze,delayed_landmark_choice,gaussian_sensory,temporal_dropout,one_hot,0,lin_sequence_front_bands_r1_l8,1,8,8,front_bands,6,0.888888888888889,0.03513641844631532,0.6388888888888888,0.1171945728318277,0.9444444444444445,0.03513641844631532
aliased_t_maze,t_maze,delayed_landmark_choice,gaussian_sensory,temporal_dropout,one_hot,0,lin_sequence_front_bands_r3_l2,3,2,4,front_bands,6,0.7222222222222223,0.11111111111111112,0.4444444444444444,0.05555555555555556,1.0,0.0
aliased_t_maze,t_maze,delayed_landmark_choice,gaussian_sensory,temporal_dropout,one_hot,0,lin_sequence_front_bands_r3_l4,3,4,6,front_bands,6,0.6666666666666666,0.04303314829119353,0.3611111111111111,0.027777777777777787,0.9722222222222223,0.02777777777777777
aliased_t_maze,t_maze,delayed_landmark_choice,gaussian_sensory,temporal_dropout,one_hot,0,lin_sequence_front_bands_r3_l8,3,8,10,front_bands,6,0.9166666666666666,0.056927504255331114,0.7222222222222223,0.09296222517045286,0.9722222222222223,0.02777777777777777
aliased_t_maze,t_maze,delayed_landmark_choice,gaussian_sensory,temporal_dropout,one_hot,0,lin_sequence_front_bands_r5_l2,5,2,6,front_bands,6,0.6666666666666666,0.08606629658238706,0.3611111111111111,0.05121969142940494,0.9722222222222223,0.02777777777777777
aliased_t_maze,t_maze,delayed_landmark_choice,gaussian_sensory,temporal_dropout,one_hot,0,lin_sequence_front_bands_r5_l4,5,4,8,front_bands,6,0.75,0.08333333333333334,0.4444444444444444,0.08240220541217405,1.0,0.0
aliased_t_maze,t_maze,delayed_landmark_choice,gaussian_sensory,temporal_dropout,one_hot,0,lin_sequence_front_bands_r5_l8,5,8,12,front_bands,6,0.8055555555555555,0.09043789220055393,0.611111111111111,0.07027283689263067,0.9166666666666666,0.056927504255331114
aliased_t_maze,t_maze,delayed_landmark_choice,gaussian_sensory,temporal_full,one_hot,0,lin_sequence_all_units_r3_l4,3,4,6,all_units,6,0.8333333333333334,0.08606629658238704,0.7777777777777777,0.10243938285880988,1.0,0.0
aliased_t_maze,t_maze,delayed_landmark_choice,gaussian_sensory,temporal_full,one_hot,0,lin_sequence_front_bands_r1_l2,1,2,2,front_bands,6,0.8888888888888888,0.05555555555555556,0.8333333333333334,0.08606629658238704,1.0,0.0
aliased_t_maze,t_maze,delayed_landmark_choice,gaussian_sensory,temporal_full,one_hot,0,lin_sequence_front_bands_r1_l4,1,4,4,front_bands,6,0.7777777777777778,0.07027283689263067,0.7777777777777778,0.07027283689263067,1.0,0.0
aliased_t_maze,t_maze,delayed_landmark_choice,gaussian_sensory,temporal_full,one_hot,0,lin_sequence_front_bands_r1_l8,1,8,8,front_bands,6,1.0,0.0,1.0,0.0,1.0,0.0
aliased_t_maze,t_maze,delayed_landmark_choice,gaussian_sensory,temporal_full,one_hot,0,lin_sequence_front_bands_r3_l2,3,2,4,front_bands,6,0.8611111111111112,0.05121969142940494,0.8055555555555557,0.0795434503515353,1.0,0.0
aliased_t_maze,t_maze,delayed_landmark_choice,gaussian_sensory,temporal_full,one_hot,0,lin_sequence_front_bands_r3_l4,3,4,6,front_bands,6,0.8611111111111112,0.05121969142940494,0.7777777777777777,0.08240220541217405,1.0,0.0
aliased_t_maze,t_maze,delayed_landmark_choice,gaussian_sensory,temporal_full,one_hot,0,lin_sequence_front_bands_r3_l8,3,8,10,front_bands,6,0.9722222222222223,0.02777777777777777,0.9722222222222223,0.02777777777777777,0.9722222222222223,0.02777777777777777
aliased_t_maze,t_maze,delayed_landmark_choice,gaussian_sensory,temporal_full,one_hot,0,lin_sequence_front_bands_r5_l2,5,2,6,front_bands,6,0.9444444444444445,0.03513641844631532,0.9444444444444445,0.03513641844631532,1.0,0.0
aliased_t_maze,t_maze,delayed_landmark_choice,gaussian_sensory,temporal_full,one_hot,0,lin_sequence_front_bands_r5_l4,5,4,8,front_bands,6,0.861111111111111,0.06689774765995721,0.8055555555555557,0.10015420209622194,1.0,0.0
aliased_t_maze,t_maze,delayed_landmark_choice,gaussian_sensory,temporal_full,one_hot,0,lin_sequence_front_bands_r5_l8,5,8,12,front_bands,6,1.0,0.0,1.0,0.0,1.0,0.0
aliased_t_maze,t_maze,delayed_landmark_choice,hybrid,temporal_cue_then_blank,one_hot,0,lin_sequence_all_units_r3_l4,3,4,6,all_units,6,0.5,0.074535599249993,0.3333333333333333,0.0,0.8611111111111112,0.06689774765995721
aliased_t_maze,t_maze,delayed_landmark_choice,hybrid,temporal_cue_then_blank,one_hot,0,lin_sequence_front_bands_r1_l2,1,2,2,front_bands,6,0.47222222222222215,0.0668977476599572,0.08333333333333333,0.0372677996249965,0.9444444444444445,0.03513641844631532
aliased_t_maze,t_maze,delayed_landmark_choice,hybrid,temporal_cue_then_blank,one_hot,0,lin_sequence_front_bands_r1_l4,1,4,4,front_bands,6,0.3333333333333333,0.04303314829119352,0.25000000000000006,0.037267799624996496,0.8333333333333334,0.06085806194501848
aliased_t_maze,t_maze,delayed_landmark_choice,hybrid,temporal_cue_then_blank,one_hot,0,lin_sequence_front_bands_r1_l8,1,8,8,front_bands,6,0.8888888888888888,0.05555555555555556,0.75,0.11180339887498948,0.38888888888888884,0.035136418446315335
aliased_t_maze,t_maze,delayed_landmark_choice,hybrid,temporal_cue_then_blank,one_hot,0,lin_sequence_front_bands_r3_l2,3,2,4,front_bands,6,0.3611111111111111,0.05121969142940494,0.25000000000000006,0.037267799624996496,0.9166666666666666,0.03726779962499648
aliased_t_maze,t_maze,delayed_landmark_choice,hybrid,temporal_cue_then_blank,one_hot,0,lin_sequence_front_bands_r3_l4,3,4,6,front_bands,6,0.5555555555555555,0.03513641844631532,0.3333333333333333,0.0,0.8333333333333335,0.060858061945018464
aliased_t_maze,t_maze,delayed_landmark_choice,hybrid,temporal_cue_then_blank,one_hot,0,lin_sequence_front_bands_r3_l8,3,8,10,front_bands,6,0.9444444444444445,0.03513641844631532,0.861111111111111,0.09043789220055394,0.5833333333333334,0.08333333333333334
aliased_t_maze,t_maze,delayed_landmark_choice,hybrid,temporal_cue_then_blank,one_hot,0,lin_sequence_front_bands_r5_l2,5,2,6,front_bands,6,0.5,0.06085806194501845,0.3333333333333333,0.0,0.8888888888888888,0.05555555555555556
aliased_t_maze,t_maze,delayed_landmark_choice,hybrid,temporal_cue_then_blank,one_hot,0,lin_sequence_front_bands_r5_l4,5,4,8,front_bands,6,0.7222222222222222,0.07027283689263067,0.638888888888889,0.09043789220055394,0.6388888888888887,0.027777777777777776
aliased_t_maze,t_maze,delayed_landmark_choice,hybrid,temporal_cue_then_blank,one_hot,0,lin_sequence_front_bands_r5_l8,5,8,12,front_bands,6,0.9722222222222222,0.027777777777777776,0.9166666666666666,0.08333333333333334,0.5,0.04303314829119352
aliased_t_maze,t_maze,delayed_landmark_choice,hybrid,temporal_dropout,one_hot,0,lin_sequence_all_units_r3_l4,3,4,6,all_units,6,0.3333333333333333,0.060858061945018464,0.1111111111111111,0.03513641844631533,0.7222222222222222,0.03513641844631535
aliased_t_maze,t_maze,delayed_landmark_choice,hybrid,temporal_dropout,one_hot,0,lin_sequence_front_bands_r1_l2,1,2,2,front_bands,6,0.5,0.06085806194501845,0.25000000000000006,0.037267799624996496,0.9722222222222222,0.027777777777777776
aliased_t_maze,t_maze,delayed_landmark_choice,hybrid,temporal_dropout,one_hot,0,lin_sequence_front_bands_r1_l4,1,4,4,front_bands,6,0.5555555555555555,0.03513641844631532,0.24999999999999997,0.037267799624996496,0.8611111111111112,0.05121969142940494
aliased_t_maze,t_maze,delayed_landmark_choice,hybrid,temporal_dropout,one_hot,0,lin_sequence_front_bands_r1_l8,1,8,8,front_bands,6,0.8333333333333334,0.04303314829119353,0.5555555555555555,0.07027283689263066,0.47222222222222215,0.10900787150193658
aliased_t_maze,t_maze,delayed_landmark_choice,hybrid,temporal_dropout,one_hot,0,lin_sequence_front_bands_r3_l2,3,2,4,front_bands,6,0.5277777777777778,0.027777777777777776,0.24999999999999997,0.037267799624996496,0.9166666666666666,0.03726779962499648
aliased_t_maze,t_maze,delayed_landmark_choice,hybrid,temporal_dropout,one_hot,0,lin_sequence_front_bands_r3_l4,3,4,6,front_bands,6,0.3611111111111111,0.06689774765995721,0.1111111111111111,0.05555555555555556,0.7222222222222222,0.07027283689263067
aliased_t_maze,t_maze,delayed_landmark_choice,hybrid,temporal_dropout,one_hot,0,lin_sequence_front_bands_r3_l8,3,8,10,front_bands,6,0.8611111111111112,0.02777777777777777,0.6388888888888888,0.05121969142940494,0.47222222222222215,0.0795434503515353
aliased_t_maze,t_maze,delayed_landmark_choice,hybrid,temporal_dropout,one_hot,0,lin_sequence_front_bands_r5_l2,5,2,6,front_bands,6,0.4444444444444444,0.08240220541217405,0.16666666666666666,0.06085806194501845,0.75,0.056927504255331114
aliased_t_maze,t_maze,delayed_landmark_choice,hybrid,temporal_dropout,one_hot,0,lin_sequence_front_bands_r5_l4,5,4,8,front_bands,6,0.47222222222222227,0.10015420209622194,0.16666666666666666,0.06085806194501845,0.5833333333333334,0.0937885723118563
aliased_t_maze,t_maze,delayed_landmark_choice,hybrid,temporal_dropout,one_hot,0,lin_sequence_front_bands_r5_l8,5,8,12,front_bands,6,0.75,0.09378857231185632,0.5277777777777778,0.1388888888888889,0.5277777777777778,0.051219691429404926
aliased_t_maze,t_maze,delayed_landmark_choice,hybrid,temporal_full,one_hot,0,lin_sequence_all_units_r3_l4,3,4,6,all_units,6,0.5555555555555556,0.07027283689263067,0.3611111111111111,0.02777777777777778,0.9444444444444445,0.03513641844631532
aliased_t_maze,t_maze,delayed_landmark_choice,hybrid,temporal_full,one_hot,0,lin_sequence_front_bands_r1_l2,1,2,2,front_bands,6,0.5833333333333333,0.03726779962499648,0.19444444444444442,0.02777777777777778,0.9444444444444445,0.03513641844631532
aliased_t_maze,t_maze,delayed_landmark_choice,hybrid,temporal_full,one_hot,0,lin_sequence_front_bands_r1_l4,1,4,4,front_bands,6,0.5555555555555556,0.07027283689263066,0.3333333333333333,0.0,0.9722222222222222,0.027777777777777776
aliased_t_maze,t_maze,delayed_landmark_choice,hybrid,temporal_full,one_hot,0,lin_sequence_front_bands_r1_l8,1,8,8,front_bands,6,1.0,0.0,1.0,0.0,0.6944444444444445,0.0795434503515353
aliased_t_maze,t_maze,delayed_landmark_choice,hybrid,temporal_full,one_hot,0,lin_sequence_front_bands_r3_l2,3,2,4,front_bands,6,0.611111111111111,0.05555555555555556,0.3333333333333333,0.0,0.9444444444444445,0.03513641844631532
aliased_t_maze,t_maze,delayed_landmark_choice,hybrid,temporal_full,one_hot,0,lin_sequence_front_bands_r3_l4,3,4,6,front_bands,6,0.5277777777777778,0.0795434503515353,0.38888888888888884,0.035136418446315335,0.9444444444444445,0.05555555555555557
aliased_t_maze,t_maze,delayed_landmark_choice,hybrid,temporal_full,one_hot,0,lin_sequence_front_bands_r3_l8,3,8,10,front_bands,6,1.0,0.0,1.0,0.0,0.75,0.09378857231185632
aliased_t_maze,t_maze,delayed_landmark_choice,hybrid,temporal_full,one_hot,0,lin_sequence_front_bands_r5_l2,5,2,6,front_bands,6,0.47222222222222215,0.02777777777777778,0.38888888888888884,0.035136418446315335,0.9444444444444445,0.03513641844631532
aliased_t_maze,t_maze,delayed_landmark_choice,hybrid,temporal_full,one_hot,0,lin_sequence_front_bands_r5_l4,5,4,8,front_bands,6,0.6944444444444445,0.0795434503515353,0.5,0.105409255338946,0.6944444444444445,0.0795434503515353
aliased_t_maze,t_maze,delayed_landmark_choice,hybrid,temporal_full,one_hot,0,lin_sequence_front_bands_r5_l8,5,8,12,front_bands,6,0.9722222222222223,0.02777777777777777,0.9166666666666666,0.08333333333333334,0.6944444444444445,0.1171945728318277
aliased_t_maze,t_maze,delayed_landmark_choice,sparse_aliased,temporal_cue_then_blank,one_hot,0,lin_sequence_all_units_r3_l4,3,4,6,all_units,6,0.638888888888889,0.06689774765995721,0.16666666666666666,0.0,0.3611111111111111,0.0668977476599572
aliased_t_maze,t_maze,delayed_landmark_choice,sparse_aliased,temporal_cue_then_blank,one_hot,0,lin_sequence_front_bands_r1_l2,1,2,2,front_bands,6,0.6666666666666666,0.0,0.0,0.0,0.3333333333333333,0.0
aliased_t_maze,t_maze,delayed_landmark_choice,sparse_aliased,temporal_cue_then_blank,one_hot,0,lin_sequence_front_bands_r1_l4,1,4,4,front_bands,6,0.6666666666666666,0.0,0.0,0.0,0.3055555555555555,0.05121969142940494
aliased_t_maze,t_maze,delayed_landmark_choice,sparse_aliased,temporal_cue_then_blank,one_hot,0,lin_sequence_front_bands_r1_l8,1,8,8,front_bands,6,0.9722222222222223,0.02777777777777777,0.9166666666666666,0.08333333333333334,0.6666666666666666,0.08606629658238704
aliased_t_maze,t_maze,delayed_landmark_choice,sparse_aliased,temporal_cue_then_blank,one_hot,0,lin_sequence_front_bands_r3_l2,3,2,4,front_bands,6,0.6666666666666666,0.0,0.0,0.0,0.25000000000000006,0.037267799624996496
aliased_t_maze,t_maze,delayed_landmark_choice,sparse_aliased,temporal_cue_then_blank,one_hot,0,lin_sequence_front_bands_r3_l4,3,4,6,front_bands,6,0.6666666666666666,0.060858061945018464,0.16666666666666666,0.0,0.38888888888888884,0.035136418446315335
aliased_t_maze,t_maze,delayed_landmark_choice,sparse_aliased,temporal_cue_then_blank,one_hot,0,lin_sequence_front_bands_r3_l8,3,8,10,front_bands,6,0.9722222222222223,0.02777777777777777,0.9722222222222223,0.02777777777777777,0.47222222222222227,0.051219691429404926
aliased_t_maze,t_maze,delayed_landmark_choice,sparse_aliased,temporal_cue_then_blank,one_hot,0,lin_sequence_front_bands_r5_l2,5,2,6,front_bands,6,0.75,0.03726779962499651,0.16666666666666666,0.0,0.3333333333333333,0.04303314829119352
aliased_t_maze,t_maze,delayed_landmark_choice,sparse_aliased,temporal_cue_then_blank,one_hot,0,lin_sequence_front_bands_r5_l4,5,4,8,front_bands,6,0.8333333333333334,0.04303314829119353,0.75,0.08333333333333334,0.7222222222222222,0.05555555555555557
aliased_t_maze,t_maze,delayed_landmark_choice,sparse_aliased,temporal_cue_then_blank,one_hot,0,lin_sequence_front_bands_r5_l8,5,8,12,front_bands,6,0.9722222222222223,0.02777777777777777,0.9444444444444443,0.05555555555555556,0.75,0.09378857231185632
aliased_t_maze,t_maze,delayed_landmark_choice,sparse_aliased,temporal_dropout,one_hot,0,lin_sequence_all_units_r3_l4,3,4,6,all_units,6,0.2222222222222222,0.05555555555555556,0.027777777777777776,0.02777777777777778,0.47222222222222227,0.051219691429404926
aliased_t_maze,t_maze,delayed_landmark_choice,sparse_aliased,temporal_dropout,one_hot,0,lin_sequence_front_bands_r1_l2,1,2,2,front_bands,6,0.3333333333333333,0.074535599249993,0.08333333333333333,0.0372677996249965,0.3611111111111111,0.027777777777777787
aliased_t_maze,t_maze,delayed_landmark_choice,sparse_aliased,temporal_dropout,one_hot,0,lin_sequence_front_bands_r1_l4,1,4,4,front_bands,6,0.3611111111111111,0.05121969142940494,0.08333333333333333,0.0372677996249965,0.4444444444444444,0.10243938285880988
aliased_t_maze,t_maze,delayed_landmark_choice,sparse_aliased,temporal_dropout,one_hot,0,lin_sequence_front_bands_r1_l8,1,8,8,front_bands,6,0.7777777777777777,0.08240220541217405,0.5833333333333334,0.1536590742882148,0.4166666666666667,0.07136240321480627
aliased_t_maze,t_maze,delayed_landmark_choice,sparse_aliased,temporal_dropout,one_hot,0,lin_sequence_front_bands_r3_l2,3,2,4,front_bands,6,0.3333333333333333,0.074535599249993,0.08333333333333333,0.0372677996249965,0.47222222222222227,0.09043789220055393
aliased_t_maze,t_maze,delayed_landmark_choice,sparse_aliased,temporal_dropout,one_hot,0,lin_sequence_front_bands_r3_l4,3,4,6,front_bands,6,0.3888888888888889,0.07027283689263066,0.027777777777777776,0.02777777777777778,0.3611111111111111,0.05121969142940494
aliased_t_maze,t_maze,delayed_landmark_choice,sparse_aliased,temporal_dropout,one_hot,0,lin_sequence_front_bands_r3_l8,3,8,10,front_bands,6,0.9166666666666666,0.056927504255331114,0.8611111111111112,0.0795434503515353,0.611111111111111,0.09296222517045286
aliased_t_maze,t_maze,delayed_landmark_choice,sparse_aliased,temporal_dropout,one_hot,0,lin_sequence_front_bands_r5_l2,5,2,6,front_bands,6,0.27777777777777773,0.08240220541217404,0.08333333333333333,0.0372677996249965,0.4166666666666667,0.07136240321480627
aliased_t_maze,t_maze,delayed_landmark_choice,sparse_aliased,temporal_dropout,one_hot,0,lin_sequence_front_bands_r5_l4,5,4,8,front_bands,6,0.38888888888888884,0.12668615834434868,0.16666666666666666,0.074535599249993,0.5555555555555556,0.07027283689263067
aliased_t_maze,t_maze,delayed_landmark_choice,sparse_aliased,temporal_dropout,one_hot,0,lin_sequence_front_bands_r5_l8,5,8,12,front_bands,6,0.8888888888888888,0.03513641844631532,0.6666666666666666,0.11385500851066223,0.611111111111111,0.09296222517045286
aliased_t_maze,t_maze,delayed_landmark_choice,sparse_aliased,temporal_full,one_hot,0,lin_sequence_all_units_r3_l4,3,4,6,all_units,6,0.5,0.074535599249993,0.16666666666666666,0.0,0.5555555555555555,0.08240220541217405
aliased_t_maze,t_maze,delayed_landmark_choice,sparse_aliased,temporal_full,one_hot,0,lin_sequence_front_bands_r1_l2,1,2,2,front_bands,6,0.6666666666666666,0.0,0.0,0.0,0.3333333333333333,0.0
aliased_t_maze,t_maze,delayed_landmark_choice,sparse_aliased,temporal_full,one_hot,0,lin_sequence_front_bands_r1_l4,1,4,4,front_bands,6,0.611111111111111,0.05555555555555555,0.027777777777777776,0.02777777777777778,0.2777777777777778,0.03513641844631533
aliased_t_maze,t_maze,delayed_landmark_choice,sparse_aliased,temporal_full,one_hot,0,lin_sequence_front_bands_r1_l8,1,8,8,front_bands,6,0.9444444444444445,0.03513641844631532,0.8333333333333334,0.105409255338946,0.5277777777777778,0.0795434503515353
aliased_t_maze,t_maze,delayed_landmark_choice,sparse_aliased,temporal_full,one_hot,0,lin_sequence_front_bands_r3_l2,3,2,4,front_bands,6,0.611111111111111,0.05555555555555555,0.027777777777777776,0.02777777777777778,0.25000000000000006,0.037267799624996496
aliased_t_maze,t_maze,delayed_landmark_choice,sparse_aliased,temporal_full,one_hot,0,lin_sequence_front_bands_r3_l4,3,4,6,front_bands,6,0.5,0.08606629658238706,0.16666666666666666,0.0,0.47222222222222227,0.0668977476599572
aliased_t_maze,t_maze,delayed_landmark_choice,sparse_aliased,temporal_full,one_hot,0,lin_sequence_front_bands_r3_l8,3,8,10,front_bands,6,0.9722222222222223,0.02777777777777777,0.9166666666666666,0.08333333333333334,0.47222222222222215,0.02777777777777778
aliased_t_maze,t_maze,delayed_landmark_choice,sparse_aliased,temporal_full,one_hot,0,lin_sequence_front_bands_r5_l2,5,2,6,front_bands,6,0.5555555555555556,0.10243938285880988,0.16666666666666666,0.0,0.3611111111111111,0.0795434503515353
aliased_t_maze,t_maze,delayed_landmark_choice,sparse_aliased,temporal_full,one_hot,0,lin_sequence_front_bands_r5_l4,5,4,8,front_bands,6,0.75,0.09378857231185632,0.7222222222222222,0.10243938285880988,0.4444444444444444,0.035136418446315335
aliased_t_maze,t_maze,delayed_landmark_choice,sparse_aliased,temporal_full,one_hot,0,lin_sequence_front_bands_r5_l8,5,8,12,front_bands,6,0.861111111111111,0.06689774765995721,0.8055555555555557,0.10015420209622194,0.5833333333333334,0.1031898645611484
aliased_t_maze,t_maze,delayed_landmark_choice,vector,temporal_cue_then_blank,one_hot,0,lin_sequence_all_units_r3_l4,3,4,6,all_units,6,0.5,0.06085806194501845,0.3333333333333333,0.0,0.8888888888888888,0.07027283689263066
aliased_t_maze,t_maze,delayed_landmark_choice,vector,temporal_cue_then_blank,one_hot,0,lin_sequence_front_bands_r1_l2,1,2,2,front_bands,6,0.47222222222222215,0.0668977476599572,0.08333333333333333,0.0372677996249965,0.9444444444444443,0.03513641844631532
aliased_t_maze,t_maze,delayed_landmark_choice,vector,temporal_cue_then_blank,one_hot,0,lin_sequence_front_bands_r1_l4,1,4,4,front_bands,6,0.3611111111111111,0.05121969142940494,0.25000000000000006,0.037267799624996496,0.8611111111111112,0.05121969142940494
aliased_t_maze,t_maze,delayed_landmark_choice,vector,temporal_cue_then_blank,one_hot,0,lin_sequence_front_bands_r1_l8,1,8,8,front_bands,6,0.9166666666666666,0.037267799624996496,0.8055555555555557,0.10015420209622194,0.5555555555555556,0.07027283689263066
aliased_t_maze,t_maze,delayed_landmark_choice,vector,temporal_cue_then_blank,one_hot,0,lin_sequence_front_bands_r3_l2,3,2,4,front_bands,6,0.38888888888888884,0.035136418446315335,0.25000000000000006,0.037267799624996496,0.888888888888889,0.03513641844631532
aliased_t_maze,t_maze,delayed_landmark_choice,vector,temporal_cue_then_blank,one_hot,0,lin_sequence_front_bands_r3_l4,3,4,6,front_bands,6,0.7222222222222222,0.03513641844631534,0.3333333333333333,0.0,0.8333333333333334,0.105409255338946
aliased_t_maze,t_maze,delayed_landmark_choice,vector,temporal_cue_then_blank,one_hot,0,lin_sequence_front_bands_r3_l8,3,8,10,front_bands,6,0.888888888888889,0.03513641844631532,0.6666666666666666,0.10540925533894598,0.5555555555555555,0.05555555555555556
aliased_t_maze,t_maze,delayed_landmark_choice,vector,temporal_cue_then_blank,one_hot,0,lin_sequence_front_bands_r5_l2,5,2,6,front_bands,6,0.5555555555555555,0.03513641844631532,0.3333333333333333,0.0,0.8611111111111112,0.06689774765995721
aliased_t_maze,t_maze,delayed_landmark_choice,vector,temporal_cue_then_blank,one_hot,0,lin_sequence_front_bands_r5_l4,5,4,8,front_bands,6,0.7222222222222222,0.05555555555555557,0.5277777777777778,0.10015420209622194,0.6944444444444443,0.02777777777777779
aliased_t_maze,t_maze,delayed_landmark_choice,vector,temporal_cue_then_blank,one_hot,0,lin_sequence_front_bands_r5_l8,5,8,12,front_bands,6,0.9444444444444445,0.03513641844631532,0.888888888888889,0.08240220541217406,0.5,0.06085806194501845
aliased_t_maze,t_maze,delayed_landmark_choice,vector,temporal_dropout,one_hot,0,lin_sequence_all_units_r3_l4,3,4,6,all_units,6,0.3333333333333333,0.08606629658238704,0.2222222222222222,0.05555555555555556,0.7222222222222222,0.09296222517045286
aliased_t_maze,t_maze,delayed_landmark_choice,vector,temporal_dropout,one_hot,0,lin_sequence_front_bands_r1_l2,1,2,2,front_bands,6,0.3333333333333333,0.074535599249993,0.16666666666666666,0.0,0.9722222222222222,0.027777777777777776
aliased_t_maze,t_maze,delayed_landmark_choice,vector,temporal_dropout,one_hot,0,lin_sequence_front_bands_r1_l4,1,4,4,front_bands,6,0.4166666666666667,0.0372677996249965,0.24999999999999997,0.037267799624996496,0.9166666666666666,0.056927504255331114
aliased_t_maze,t_maze,delayed_landmark_choice,vector,temporal_dropout,one_hot,0,lin_sequence_front_bands_r1_l8,1,8,8,front_bands,6,0.9166666666666666,0.03726779962499648,0.5833333333333334,0.11979921473804349,0.638888888888889,0.11719457283182773
aliased_t_maze,t_maze,delayed_landmark_choice,vector,temporal_dropout,one_hot,0,lin_sequence_front_bands_r3_l2,3,2,4,front_bands,6,0.3611111111111111,0.05121969142940494,0.19444444444444442,0.051219691429404926,1.0,0.0
aliased_t_maze,t_maze,delayed_landmark_choice,vector,temporal_dropout,one_hot,0,lin_sequence_front_bands_r3_l4,3,4,6,front_bands,6,0.3611111111111111,0.14540280364780447,0.1111111111111111,0.05555555555555556,0.611111111111111,0.11111111111111115
aliased_t_maze,t_maze,delayed_landmark_choice,vector,temporal_dropout,one_hot,0,lin_sequence_front_bands_r3_l8,3,8,10,front_bands,6,1.0,0.0,0.861111111111111,0.06689774765995721,0.7222222222222222,0.05555555555555557
aliased_t_maze,t_maze,delayed_landmark_choice,vector,temporal_dropout,one_hot,0,lin_sequence_front_bands_r5_l2,5,2,6,front_bands,6,0.49999999999999994,0.06085806194501845,0.2222222222222222,0.03513641844631533,0.8611111111111112,0.05121969142940494
aliased_t_maze,t_maze,delayed_landmark_choice,vector,temporal_dropout,one_hot,0,lin_sequence_front_bands_r5_l4,5,4,8,front_bands,6,0.4444444444444444,0.09296222517045286,0.2222222222222222,0.05555555555555556,0.6666666666666666,0.08606629658238704
aliased_t_maze,t_maze,delayed_landmark_choice,vector,temporal_dropout,one_hot,0,lin_sequence_front_bands_r5_l8,5,8,12,front_bands,6,0.8611111111111112,0.06689774765995721,0.75,0.11979921473804349,0.638888888888889,0.09043789220055394
aliased_t_maze,t_maze,delayed_landmark_choice,vector,temporal_full,one_hot,0,lin_sequence_all_units_r3_l4,3,4,6,all_units,6,0.6388888888888888,0.0795434503515353,0.47222222222222215,0.0795434503515353,0.9444444444444445,0.03513641844631532
aliased_t_maze,t_maze,delayed_landmark_choice,vector,temporal_full,one_hot,0,lin_sequence_front_bands_r1_l2,1,2,2,front_bands,6,0.5555555555555555,0.03513641844631532,0.19444444444444445,0.02777777777777778,1.0,0.0
aliased_t_maze,t_maze,delayed_landmark_choice,vector,temporal_full,one_hot,0,lin_sequence_front_bands_r1_l4,1,4,4,front_bands,6,0.6666666666666666,0.060858061945018464,0.3333333333333333,0.0,0.9444444444444443,0.03513641844631532
aliased_t_maze,t_maze,delayed_landmark_choice,vector,temporal_full,one_hot,0,lin_sequence_front_bands_r1_l8,1,8,8,front_bands,6,0.9444444444444445,0.03513641844631532,0.8333333333333334,0.105409255338946,0.9444444444444443,0.05555555555555556
aliased_t_maze,t_maze,delayed_landmark_choice,vector,temporal_full,one_hot,0,lin_sequence_front_bands_r3_l2,3,2,4,front_bands,6,0.638888888888889,0.06689774765995721,0.3333333333333333,0.0,0.9722222222222222,0.027777777777777776
aliased_t_maze,t_maze,delayed_landmark_choice,vector,temporal_full,one_hot,0,lin_sequence_front_bands_r3_l4,3,4,6,front_bands,6,0.5833333333333334,0.07136240321480629,0.4166666666666667,0.0569275042553311,0.9166666666666669,0.056927504255331114
aliased_t_maze,t_maze,delayed_landmark_choice,vector,temporal_full,one_hot,0,lin_sequence_front_bands_r3_l8,3,8,10,front_bands,6,0.9722222222222222,0.027777777777777776,0.9166666666666666,0.08333333333333334,0.8055555555555555,0.0795434503515353
aliased_t_maze,t_maze,delayed_landmark_choice,vector,temporal_full,one_hot,0,lin_sequence_front_bands_r5_l2,5,2,6,front_bands,6,0.5833333333333334,0.09378857231185629,0.47222222222222227,0.07954345035153532,0.9722222222222223,0.02777777777777777
aliased_t_maze,t_maze,delayed_landmark_choice,vector,temporal_full,one_hot,0,lin_sequence_front_bands_r5_l4,5,4,8,front_bands,6,0.75,0.07136240321480629,0.5555555555555556,0.09296222517045286,0.8333333333333334,0.04303314829119353
aliased_t_maze,t_maze,delayed_landmark_choice,vector,temporal_full,one_hot,0,lin_sequence_front_bands_r5_l8,5,8,12,front_bands,6,1.0,0.0,1.0,0.0,0.8611111111111112,0.05121969142940494
bottleneck_rooms,local_metric_global_bottleneck,bottleneck_route,egocentric_landmark,temporal_cue_then_blank,one_hot,0,lin_sequence_all_units_r3_l4,3,4,6,all_units,6,0.6,0.042163702135578386,0.24444444444444444,0.07436978013636228,nan,0.0
bottleneck_rooms,local_metric_global_bottleneck,bottleneck_route,egocentric_landmark,temporal_cue_then_blank,one_hot,0,lin_sequence_front_bands_r1_l2,1,2,2,front_bands,6,0.5666666666666668,0.09545214042184237,0.08888888888888889,0.032960882164869615,nan,0.0
bottleneck_rooms,local_metric_global_bottleneck,bottleneck_route,egocentric_landmark,temporal_cue_then_blank,one_hot,0,lin_sequence_front_bands_r1_l4,1,4,4,front_bands,6,0.7777777777777778,0.02222222222222224,0.3333333333333333,0.02434322477800739,nan,0.0
bottleneck_rooms,local_metric_global_bottleneck,bottleneck_route,egocentric_landmark,temporal_cue_then_blank,one_hot,0,lin_sequence_front_bands_r1_l8,1,8,8,front_bands,6,0.6222222222222221,0.03296088216486961,0.37777777777777777,0.05067446333773947,nan,0.0
bottleneck_rooms,local_metric_global_bottleneck,bottleneck_route,egocentric_landmark,temporal_cue_then_blank,one_hot,0,lin_sequence_front_bands_r3_l2,3,2,4,front_bands,6,0.7555555555555555,0.06592176432973924,0.27777777777777773,0.05282161921779874,nan,0.0
bottleneck_rooms,local_metric_global_bottleneck,bottleneck_route,egocentric_landmark,temporal_cue_then_blank,one_hot,0,lin_sequence_front_bands_r3_l4,3,4,6,front_bands,6,0.5666666666666667,0.028544961285922505,0.2111111111111111,0.06305004870716048,nan,0.0
bottleneck_rooms,local_metric_global_bottleneck,bottleneck_route,egocentric_landmark,temporal_cue_then_blank,one_hot,0,lin_sequence_front_bands_r3_l8,3,8,10,front_bands,6,0.5777777777777778,0.03296088216486961,0.27777777777777773,0.03181738014061412,nan,0.0
bottleneck_rooms,local_metric_global_bottleneck,bottleneck_route,egocentric_landmark,temporal_cue_then_blank,one_hot,0,lin_sequence_front_bands_r5_l2,5,2,6,front_bands,6,0.6666666666666666,0.024343224778007377,0.41111111111111115,0.03617515688022157,nan,0.0
bottleneck_rooms,local_metric_global_bottleneck,bottleneck_route,egocentric_landmark,temporal_cue_then_blank,one_hot,0,lin_sequence_front_bands_r5_l4,5,4,8,front_bands,6,0.611111111111111,0.02048787657176197,0.2111111111111111,0.03617515688022157,nan,0.0
bottleneck_rooms,local_metric_global_bottleneck,bottleneck_route,egocentric_landmark,temporal_cue_then_blank,one_hot,0,lin_sequence_front_bands_r5_l8,5,8,12,front_bands,6,0.611111111111111,0.03181738014061412,0.31111111111111106,0.04766135686561604,nan,0.0
bottleneck_rooms,local_metric_global_bottleneck,bottleneck_route,egocentric_landmark,temporal_dropout,one_hot,0,lin_sequence_all_units_r3_l4,3,4,6,all_units,6,0.46666666666666673,0.017213259316477405,0.18888888888888888,0.04687782913273109,nan,0.0
bottleneck_rooms,local_metric_global_bottleneck,bottleneck_route,egocentric_landmark,temporal_dropout,one_hot,0,lin_sequence_front_bands_r1_l2,1,2,2,front_bands,6,0.43333333333333335,0.041275945824459356,0.26666666666666666,0.06885303726590965,nan,0.0
bottleneck_rooms,local_metric_global_bottleneck,bottleneck_route,egocentric_landmark,temporal_dropout,one_hot,0,lin_sequence_front_bands_r1_l4,1,4,4,front_bands,6,0.39999999999999997,0.03849001794597506,0.11111111111111112,0.056218269514104524,nan,0.0
bottleneck_rooms,local_metric_global_bottleneck,bottleneck_route,egocentric_landmark,temporal_dropout,one_hot,0,lin_sequence_front_bands_r1_l8,1,8,8,front_bands,6,0.4444444444444445,0.06126243889817877,0.17777777777777778,0.06363476028122823,nan,0.0
bottleneck_rooms,local_metric_global_bottleneck,bottleneck_route,egocentric_landmark,temporal_dropout,one_hot,0,lin_sequence_front_bands_r3_l2,3,2,4,front_bands,6,0.4444444444444445,0.044444444444444446,0.08888888888888889,0.022222222222222223,nan,0.0
bottleneck_rooms,local_metric_global_bottleneck,bottleneck_route,egocentric_landmark,temporal_dropout,one_hot,0,lin_sequence_front_bands_r3_l4,3,4,6,front_bands,6,0.5000000000000001,0.04127594582445936,0.2111111111111111,0.040061680838488774,nan,0.0
bottleneck_rooms,local_metric_global_bottleneck,bottleneck_route,egocentric_landmark,temporal_dropout,one_hot,0,lin_sequence_front_bands_r3_l8,3,8,10,front_bands,6,0.5,0.044721359549995794,0.14444444444444443,0.03181738014061412,nan,0.0
bottleneck_rooms,local_metric_global_bottleneck,bottleneck_route,egocentric_landmark,temporal_dropout,one_hot,0,lin_sequence_front_bands_r5_l2,5,2,6,front_bands,6,0.5000000000000001,0.028544961285922505,0.17777777777777778,0.05067446333773947,nan,0.0
bottleneck_rooms,local_metric_global_bottleneck,bottleneck_route,egocentric_landmark,temporal_dropout,one_hot,0,lin_sequence_front_bands_r5_l4,5,4,8,front_bands,6,0.3888888888888889,0.05555555555555556,0.15555555555555556,0.05067446333773947,nan,0.0
bottleneck_rooms,local_metric_global_bottleneck,bottleneck_route,egocentric_landmark,temporal_dropout,one_hot,0,lin_sequence_front_bands_r5_l8,5,8,12,front_bands,6,0.5111111111111111,0.02810913475705226,0.12222222222222222,0.020487876571761977,nan,0.0
bottleneck_rooms,local_metric_global_bottleneck,bottleneck_route,egocentric_landmark,temporal_full,one_hot,0,lin_sequence_all_units_r3_l4,3,4,6,all_units,6,0.5888888888888889,0.04687782913273107,0.2333333333333333,0.074535599249993,nan,0.0
bottleneck_rooms,local_metric_global_bottleneck,bottleneck_route,egocentric_landmark,temporal_full,one_hot,0,lin_sequence_front_bands_r1_l2,1,2,2,front_bands,6,0.5888888888888889,0.04993823345387606,0.35555555555555557,0.08720629720154927,nan,0.0
bottleneck_rooms,local_metric_global_bottleneck,bottleneck_route,egocentric_landmark,temporal_full,one_hot,0,lin_sequence_front_bands_r1_l4,1,4,4,front_bands,6,0.7111111111111111,0.04444444444444446,0.4444444444444444,0.05879447357921312,nan,0.0
bottleneck_rooms,local_metric_global_bottleneck,bottleneck_route,egocentric_landmark,temporal_full,one_hot,0,lin_sequence_front_bands_r1_l8,1,8,8,front_bands,6,0.6777777777777777,0.03181738014061412,0.4444444444444444,0.056218269514104524,nan,0.0
bottleneck_rooms,local_metric_global_bottleneck,bottleneck_route,egocentric_landmark,temporal_full,one_hot,0,lin_sequence_front_bands_r3_l2,3,2,4,front_bands,6,0.6222222222222221,0.03296088216486961,0.2222222222222222,0.044444444444444446,nan,0.0
bottleneck_rooms,local_metric_global_bottleneck,bottleneck_route,egocentric_landmark,temporal_full,one_hot,0,lin_sequence_front_bands_r3_l4,3,4,6,front_bands,6,0.6888888888888888,0.03296088216486962,0.4222222222222222,0.044444444444444446,nan,0.0
bottleneck_rooms,local_metric_global_bottleneck,bottleneck_route,egocentric_landmark,temporal_full,one_hot,0,lin_sequence_front_bands_r3_l8,3,8,10,front_bands,6,0.6444444444444444,0.02810913475705226,0.3333333333333333,0.06885303726590965,nan,0.0
bottleneck_rooms,local_metric_global_bottleneck,bottleneck_route,egocentric_landmark,temporal_full,one_hot,0,lin_sequence_front_bands_r5_l2,5,2,6,front_bands,6,0.611111111111111,0.03181738014061412,0.35555555555555557,0.07027283689263066,nan,0.0
bottleneck_rooms,local_metric_global_bottleneck,bottleneck_route,egocentric_landmark,temporal_full,one_hot,0,lin_sequence_front_bands_r5_l4,5,4,8,front_bands,6,0.611111111111111,0.03181738014061412,0.28888888888888886,0.032960882164869615,nan,0.0
bottleneck_rooms,local_metric_global_bottleneck,bottleneck_route,egocentric_landmark,temporal_full,one_hot,0,lin_sequence_front_bands_r5_l8,5,8,12,front_bands,6,0.6222222222222222,0.037184890068181126,0.36666666666666664,0.041275945824459356,nan,0.0
bottleneck_rooms,local_metric_global_bottleneck,bottleneck_route,gaussian_sensory,temporal_cue_then_blank,one_hot,0,lin_sequence_all_units_r3_l4,3,4,6,all_units,6,0.5222222222222223,0.052821619217798724,0.19999999999999998,0.062063289083417524,nan,0.0
bottleneck_rooms,local_metric_global_bottleneck,bottleneck_route,gaussian_sensory,temporal_cue_then_blank,one_hot,0,lin_sequence_front_bands_r1_l2,1,2,2,front_bands,6,0.5777777777777777,0.08195150628704789,0.09999999999999999,0.02277100170213244,nan,0.0
bottleneck_rooms,local_metric_global_bottleneck,bottleneck_route,gaussian_sensory,temporal_cue_then_blank,one_hot,0,lin_sequence_front_bands_r1_l4,1,4,4,front_bands,6,0.7777777777777777,0.06592176432973923,0.24444444444444446,0.07436978013636229,nan,0.0
bottleneck_rooms,local_metric_global_bottleneck,bottleneck_route,gaussian_sensory,temporal_cue_then_blank,one_hot,0,lin_sequence_front_bands_r1_l8,1,8,8,front_bands,6,0.5222222222222221,0.03617515688022157,0.35555555555555557,0.06592176432973923,nan,0.0
bottleneck_rooms,local_metric_global_bottleneck,bottleneck_route,gaussian_sensory,temporal_cue_then_blank,one_hot,0,lin_sequence_front_bands_r3_l2,3,2,4,front_bands,6,0.7000000000000001,0.07252075054258098,0.19999999999999998,0.06440611887195306,nan,0.0
bottleneck_rooms,local_metric_global_bottleneck,bottleneck_route,gaussian_sensory,temporal_cue_then_blank,one_hot,0,lin_sequence_front_bands_r3_l4,3,4,6,front_bands,6,0.5555555555555555,0.037184890068181126,0.24444444444444444,0.08373974969518566,nan,0.0
bottleneck_rooms,local_metric_global_bottleneck,bottleneck_route,gaussian_sensory,temporal_cue_then_blank,one_hot,0,lin_sequence_front_bands_r3_l8,3,8,10,front_bands,6,0.6333333333333333,0.033333333333333326,0.32222222222222224,0.03617515688022158,nan,0.0
bottleneck_rooms,local_metric_global_bottleneck,bottleneck_route,gaussian_sensory,temporal_cue_then_blank,one_hot,0,lin_sequence_front_bands_r5_l2,5,2,6,front_bands,6,0.5666666666666667,0.033333333333333326,0.2111111111111111,0.026759099063982883,nan,0.0
bottleneck_rooms,local_metric_global_bottleneck,bottleneck_route,gaussian_sensory,temporal_cue_then_blank,one_hot,0,lin_sequence_front_bands_r5_l4,5,4,8,front_bands,6,0.5666666666666665,0.04791968589521738,0.18888888888888888,0.03181738014061412,nan,0.0
bottleneck_rooms,local_metric_global_bottleneck,bottleneck_route,gaussian_sensory,temporal_cue_then_blank,one_hot,0,lin_sequence_front_bands_r5_l8,5,8,12,front_bands,6,0.5777777777777777,0.03296088216486961,0.2333333333333333,0.0969917904124231,nan,0.0
bottleneck_rooms,local_metric_global_bottleneck,bottleneck_route,gaussian_sensory,temporal_dropout,one_hot,0,lin_sequence_all_units_r3_l4,3,4,6,all_units,6,0.48888888888888893,0.05879447357921312,0.08888888888888889,0.03718489006818114,nan,0.0
bottleneck_rooms,local_metric_global_bottleneck,bottleneck_route,gaussian_sensory,temporal_dropout,one_hot,0,lin_sequence_front_bands_r1_l2,1,2,2,front_bands,6,0.6444444444444445,0.05879447357921312,0.17777777777777778,0.053518198127965766,nan,0.0
bottleneck_rooms,local_metric_global_bottleneck,bottleneck_route,gaussian_sensory,temporal_dropout,one_hot,0,lin_sequence_front_bands_r1_l4,1,4,4,front_bands,6,0.5555555555555555,0.01405456737852613,0.12222222222222223,0.020487876571761973,nan,0.0
bottleneck_rooms,local_metric_global_bottleneck,bottleneck_route,gaussian_sensory,temporal_dropout,one_hot,0,lin_sequence_front_bands_r1_l8,1,8,8,front_bands,6,0.5111111111111112,0.04444444444444444,0.24444444444444444,0.04097575314352394,nan,0.0
bottleneck_rooms,local_metric_global_bottleneck,bottleneck_route,gaussian_sensory,temporal_dropout,one_hot,0,lin_sequence_front_bands_r3_l2,3,2,4,front_bands,6,0.5888888888888889,0.04687782913273107,0.15555555555555556,0.07436978013636229,nan,0.0
bottleneck_rooms,local_metric_global_bottleneck,bottleneck_route,gaussian_sensory,temporal_dropout,one_hot,0,lin_sequence_front_bands_r3_l4,3,4,6,front_bands,6,0.6,0.042163702135578386,0.11111111111111112,0.040975753143523946,nan,0.0
bottleneck_rooms,local_metric_global_bottleneck,bottleneck_route,gaussian_sensory,temporal_dropout,one_hot,0,lin_sequence_front_bands_r3_l8,3,8,10,front_bands,6,0.5777777777777778,0.04444444444444444,0.14444444444444443,0.03181738014061412,nan,0.0
bottleneck_rooms,local_metric_global_bottleneck,bottleneck_route,gaussian_sensory,temporal_dropout,one_hot,0,lin_sequence_front_bands_r5_l2,5,2,6,front_bands,6,0.5333333333333333,0.06666666666666667,0.14444444444444446,0.049938233453876074,nan,0.0
bottleneck_rooms,local_metric_global_bottleneck,bottleneck_route,gaussian_sensory,temporal_dropout,one_hot,0,lin_sequence_front_bands_r5_l4,5,4,8,front_bands,6,0.5555555555555556,0.05621826951410452,0.19999999999999998,0.024343224778007384,nan,0.0
bottleneck_rooms,local_metric_global_bottleneck,bottleneck_route,gaussian_sensory,temporal_dropout,one_hot,0,lin_sequence_front_bands_r5_l8,5,8,12,front_bands,6,0.4777777777777778,0.020487876571761966,0.09999999999999999,0.028544961285922515,nan,0.0
bottleneck_rooms,local_metric_global_bottleneck,bottleneck_route,gaussian_sensory,temporal_full,one_hot,0,lin_sequence_all_units_r3_l4,3,4,6,all_units,6,0.4777777777777778,0.05816112145912178,0.2222222222222222,0.05879447357921313,nan,0.0
bottleneck_rooms,local_metric_global_bottleneck,bottleneck_route,gaussian_sensory,temporal_full,one_hot,0,lin_sequence_front_bands_r1_l2,1,2,2,front_bands,6,0.5888888888888889,0.04687782913273107,0.28888888888888886,0.028109134757052262,nan,0.0
bottleneck_rooms,local_metric_global_bottleneck,bottleneck_route,gaussian_sensory,temporal_full,one_hot,0,lin_sequence_front_bands_r1_l4,1,4,4,front_bands,6,0.6333333333333333,0.028544961285922505,0.27777777777777773,0.0718365772233094,nan,0.0
bottleneck_rooms,local_metric_global_bottleneck,bottleneck_route,gaussian_sensory,temporal_full,one_hot,0,lin_sequence_front_bands_r1_l8,1,8,8,front_bands,6,0.5555555555555556,0.037184890068181126,0.3,0.04127594582445936,nan,0.0
bottleneck_rooms,local_metric_global_bottleneck,bottleneck_route,gaussian_sensory,temporal_full,one_hot,0,lin_sequence_front_bands_r3_l2,3,2,4,front_bands,6,0.6,0.048686449556014755,0.3333333333333333,0.07503085784948503,nan,0.0
bottleneck_rooms,local_metric_global_bottleneck,bottleneck_route,gaussian_sensory,temporal_full,one_hot,0,lin_sequence_front_bands_r3_l4,3,4,6,front_bands,6,0.6,0.042163702135578386,0.2333333333333333,0.050917507721731564,nan,0.0
bottleneck_rooms,local_metric_global_bottleneck,bottleneck_route,gaussian_sensory,temporal_full,one_hot,0,lin_sequence_front_bands_r3_l8,3,8,10,front_bands,6,0.5888888888888889,0.04006168083848877,0.3111111111111111,0.07235031376044314,nan,0.0
bottleneck_rooms,local_metric_global_bottleneck,bottleneck_route,gaussian_sensory,temporal_full,one_hot,0,lin_sequence_front_bands_r5_l2,5,2,6,front_bands,6,0.5666666666666668,0.05643744488533465,0.35555555555555557,0.044444444444444446,nan,0.0
bottleneck_rooms,local_metric_global_bottleneck,bottleneck_route,gaussian_sensory,temporal_full,one_hot,0,lin_sequence_front_bands_r5_l4,5,4,8,front_bands,6,0.5111111111111112,0.04766135686561603,0.2111111111111111,0.03181738014061412,nan,0.0
bottleneck_rooms,local_metric_global_bottleneck,bottleneck_route,gaussian_sensory,temporal_full,one_hot,0,lin_sequence_front_bands_r5_l8,5,8,12,front_bands,6,0.5777777777777778,0.03296088216486961,0.27777777777777773,0.040061680838488774,nan,0.0
bottleneck_rooms,local_metric_global_bottleneck,bottleneck_route,hybrid,temporal_cue_then_blank,one_hot,0,lin_sequence_all_units_r3_l4,3,4,6,all_units,6,0.6,0.03849001794597505,0.27777777777777773,0.0718365772233094,nan,0.0
bottleneck_rooms,local_metric_global_bottleneck,bottleneck_route,hybrid,temporal_cue_then_blank,one_hot,0,lin_sequence_front_bands_r1_l2,1,2,2,front_bands,6,0.5777777777777777,0.09054021683317051,0.14444444444444446,0.03181738014061412,nan,0.0
bottleneck_rooms,local_metric_global_bottleneck,bottleneck_route,hybrid,temporal_cue_then_blank,one_hot,0,lin_sequence_front_bands_r1_l4,1,4,4,front_bands,6,0.7555555555555555,0.05351819812796578,0.32222222222222224,0.040061680838488774,nan,0.0
bottleneck_rooms,local_metric_global_bottleneck,bottleneck_route,hybrid,temporal_cue_then_blank,one_hot,0,lin_sequence_front_bands_r1_l8,1,8,8,front_bands,6,0.6555555555555556,0.02048787657176197,0.47777777777777786,0.03181738014061411,nan,0.0
bottleneck_rooms,local_metric_global_bottleneck,bottleneck_route,hybrid,temporal_cue_then_blank,one_hot,0,lin_sequence_front_bands_r3_l2,3,2,4,front_bands,6,0.7333333333333333,0.042163702135578414,0.25555555555555554,0.06535751631045664,nan,0.0
bottleneck_rooms,local_metric_global_bottleneck,bottleneck_route,hybrid,temporal_cue_then_blank,one_hot,0,lin_sequence_front_bands_r3_l4,3,4,6,front_bands,6,0.6,0.017213259316477405,0.26666666666666666,0.05443310539518175,nan,0.0
bottleneck_rooms,local_metric_global_bottleneck,bottleneck_route,hybrid,temporal_cue_then_blank,one_hot,0,lin_sequence_front_bands_r3_l8,3,8,10,front_bands,6,0.5777777777777778,0.056218269514104524,0.28888888888888886,0.0763358401658563,nan,0.0
bottleneck_rooms,local_metric_global_bottleneck,bottleneck_route,hybrid,temporal_cue_then_blank,one_hot,0,lin_sequence_front_bands_r5_l2,5,2,6,front_bands,6,0.6222222222222222,0.037184890068181126,0.28888888888888886,0.056218269514104524,nan,0.0
bottleneck_rooms,local_metric_global_bottleneck,bottleneck_route,hybrid,temporal_cue_then_blank,one_hot,0,lin_sequence_front_bands_r5_l4,5,4,8,front_bands,6,0.6444444444444445,0.05351819812796576,0.19999999999999998,0.059628479399994404,nan,0.0
bottleneck_rooms,local_metric_global_bottleneck,bottleneck_route,hybrid,temporal_cue_then_blank,one_hot,0,lin_sequence_front_bands_r5_l8,5,8,12,front_bands,6,0.5666666666666667,0.037515428924742515,0.3222222222222222,0.026759099063982883,nan,0.0
bottleneck_rooms,local_metric_global_bottleneck,bottleneck_route,hybrid,temporal_dropout,one_hot,0,lin_sequence_all_units_r3_l4,3,4,6,all_units,6,0.5111111111111112,0.03296088216486961,0.17777777777777778,0.05879447357921312,nan,0.0
bottleneck_rooms,local_metric_global_bottleneck,bottleneck_route,hybrid,temporal_dropout,one_hot,0,lin_sequence_front_bands_r1_l2,1,2,2,front_bands,6,0.5000000000000001,0.033333333333333326,0.18888888888888888,0.06065486250647192,nan,0.0
bottleneck_rooms,local_metric_global_bottleneck,bottleneck_route,hybrid,temporal_dropout,one_hot,0,lin_sequence_front_bands_r1_l4,1,4,4,front_bands,6,0.5111111111111112,0.02222222222222222,0.15555555555555556,0.03718489006818114,nan,0.0
bottleneck_rooms,local_metric_global_bottleneck,bottleneck_route,hybrid,temporal_dropout,one_hot,0,lin_sequence_front_bands_r1_l8,1,8,8,front_bands,6,0.5222222222222223,0.03181738014061412,0.2333333333333333,0.0479196858952174,nan,0.0
bottleneck_rooms,local_metric_global_bottleneck,bottleneck_route,hybrid,temporal_dropout,one_hot,0,lin_sequence_front_bands_r3_l2,3,2,4,front_bands,6,0.5222222222222223,0.02675909906398288,0.19999999999999998,0.062063289083417524,nan,0.0
bottleneck_rooms,local_metric_global_bottleneck,bottleneck_route,hybrid,temporal_dropout,one_hot,0,lin_sequence_front_bands_r3_l4,3,4,6,front_bands,6,0.5555555555555556,0.04097575314352393,0.26666666666666666,0.062063289083417524,nan,0.0
bottleneck_rooms,local_metric_global_bottleneck,bottleneck_route,hybrid,temporal_dropout,one_hot,0,lin_sequence_front_bands_r3_l8,3,8,10,front_bands,6,0.5222222222222223,0.03181738014061412,0.2222222222222222,0.04097575314352395,nan,0.0
bottleneck_rooms,local_metric_global_bottleneck,bottleneck_route,hybrid,temporal_dropout,one_hot,0,lin_sequence_front_bands_r5_l2,5,2,6,front_bands,6,0.4666666666666666,0.03442651863295481,0.14444444444444446,0.03617515688022157,nan,0.0
bottleneck_rooms,local_metric_global_bottleneck,bottleneck_route,hybrid,temporal_dropout,one_hot,0,lin_sequence_front_bands_r5_l4,5,4,8,front_bands,6,0.5333333333333333,0.057089922571845024,0.18888888888888888,0.05555555555555555,nan,0.0
bottleneck_rooms,local_metric_global_bottleneck,bottleneck_route,hybrid,temporal_dropout,one_hot,0,lin_sequence_front_bands_r5_l8,5,8,12,front_bands,6,0.6444444444444444,0.05067446333773947,0.2222222222222222,0.056218269514104524,nan,0.0
bottleneck_rooms,local_metric_global_bottleneck,bottleneck_route,hybrid,temporal_full,one_hot,0,lin_sequence_all_units_r3_l4,3,4,6,all_units,6,0.6444444444444445,0.03296088216486961,0.24444444444444446,0.07633584016585632,nan,0.0
bottleneck_rooms,local_metric_global_bottleneck,bottleneck_route,hybrid,temporal_full,one_hot,0,lin_sequence_front_bands_r1_l2,1,2,2,front_bands,6,0.6555555555555556,0.046877829132731086,0.4444444444444444,0.04766135686561604,nan,0.0
bottleneck_rooms,local_metric_global_bottleneck,bottleneck_route,hybrid,temporal_full,one_hot,0,lin_sequence_front_bands_r1_l4,1,4,4,front_bands,6,0.7222222222222222,0.03181738014061413,0.48888888888888893,0.06592176432973922,nan,0.0
bottleneck_rooms,local_metric_global_bottleneck,bottleneck_route,hybrid,temporal_full,one_hot,0,lin_sequence_front_bands_r1_l8,1,8,8,front_bands,6,0.5777777777777778,0.037184890068181126,0.3444444444444445,0.04993823345387608,nan,0.0
bottleneck_rooms,local_metric_global_bottleneck,bottleneck_route,hybrid,temporal_full,one_hot,0,lin_sequence_front_bands_r3_l2,3,2,4,front_bands,6,0.6333333333333333,0.03751542892474251,0.35555555555555557,0.053518198127965766,nan,0.0
bottleneck_rooms,local_metric_global_bottleneck,bottleneck_route,hybrid,temporal_full,one_hot,0,lin_sequence_front_bands_r3_l4,3,4,6,front_bands,6,0.611111111111111,0.03181738014061412,0.3222222222222222,0.07387008950486516,nan,0.0
bottleneck_rooms,local_metric_global_bottleneck,bottleneck_route,hybrid,temporal_full,one_hot,0,lin_sequence_front_bands_r3_l8,3,8,10,front_bands,6,0.6666666666666666,0.017213259316477405,0.4222222222222222,0.02810913475705227,nan,0.0
bottleneck_rooms,local_metric_global_bottleneck,bottleneck_route,hybrid,temporal_full,one_hot,0,lin_sequence_front_bands_r5_l2,5,2,6,front_bands,6,0.6444444444444445,0.06126243889817878,0.26666666666666666,0.062063289083417524,nan,0.0
bottleneck_rooms,local_metric_global_bottleneck,bottleneck_route,hybrid,temporal_full,one_hot,0,lin_sequence_front_bands_r5_l4,5,4,8,front_bands,6,0.5333333333333333,0.024343224778007377,0.3111111111111111,0.04766135686561604,nan,0.0
bottleneck_rooms,local_metric_global_bottleneck,bottleneck_route,hybrid,temporal_full,one_hot,0,lin_sequence_front_bands_r5_l8,5,8,12,front_bands,6,0.611111111111111,0.04006168083848876,0.27777777777777773,0.046877829132731086,nan,0.0
bottleneck_rooms,local_metric_global_bottleneck,bottleneck_route,sparse_aliased,temporal_cue_then_blank,one_hot,0,lin_sequence_all_units_r3_l4,3,4,6,all_units,6,0.6333333333333333,0.03751542892474251,0.3444444444444445,0.0581611214591218,nan,0.0
bottleneck_rooms,local_metric_global_bottleneck,bottleneck_route,sparse_aliased,temporal_cue_then_blank,one_hot,0,lin_sequence_front_bands_r1_l2,1,2,2,front_bands,6,0.5888888888888889,0.08505626315113173,0.14444444444444446,0.046877829132731086,nan,0.0
bottleneck_rooms,local_metric_global_bottleneck,bottleneck_route,sparse_aliased,temporal_cue_then_blank,one_hot,0,lin_sequence_front_bands_r1_l4,1,4,4,front_bands,6,0.7444444444444445,0.0581611214591218,0.37777777777777777,0.037184890068181146,nan,0.0
bottleneck_rooms,local_metric_global_bottleneck,bottleneck_route,sparse_aliased,temporal_cue_then_blank,one_hot,0,lin_sequence_front_bands_r1_l8,1,8,8,front_bands,6,0.7333333333333333,0.024343224778007398,0.4777777777777778,0.05816112145912178,nan,0.0
bottleneck_rooms,local_metric_global_bottleneck,bottleneck_route,sparse_aliased,temporal_cue_then_blank,one_hot,0,lin_sequence_front_bands_r3_l2,3,2,4,front_bands,6,0.7000000000000001,0.03751542892474253,0.32222222222222224,0.040061680838488774,nan,0.0
bottleneck_rooms,local_metric_global_bottleneck,bottleneck_route,sparse_aliased,temporal_cue_then_blank,one_hot,0,lin_sequence_front_bands_r3_l4,3,4,6,front_bands,6,0.6888888888888888,0.028109134757052276,0.3666666666666667,0.050917507721731564,nan,0.0
bottleneck_rooms,local_metric_global_bottleneck,bottleneck_route,sparse_aliased,temporal_cue_then_blank,one_hot,0,lin_sequence_front_bands_r3_l8,3,8,10,front_bands,6,0.6888888888888888,0.02222222222222224,0.2888888888888889,0.056218269514104524,nan,0.0
bottleneck_rooms,local_metric_global_bottleneck,bottleneck_route,sparse_aliased,temporal_cue_then_blank,one_hot,0,lin_sequence_front_bands_r5_l2,5,2,6,front_bands,6,0.6222222222222222,0.01405456737852613,0.3111111111111111,0.053518198127965766,nan,0.0
bottleneck_rooms,local_metric_global_bottleneck,bottleneck_route,sparse_aliased,temporal_cue_then_blank,one_hot,0,lin_sequence_front_bands_r5_l4,5,4,8,front_bands,6,0.6666666666666666,0.024343224778007377,0.3444444444444444,0.040061680838488774,nan,0.0
bottleneck_rooms,local_metric_global_bottleneck,bottleneck_route,sparse_aliased,temporal_cue_then_blank,one_hot,0,lin_sequence_front_bands_r5_l8,5,8,12,front_bands,6,0.6888888888888888,0.02810913475705226,0.35555555555555557,0.037184890068181146,nan,0.0
bottleneck_rooms,local_metric_global_bottleneck,bottleneck_route,sparse_aliased,temporal_dropout,one_hot,0,lin_sequence_all_units_r3_l4,3,4,6,all_units,6,0.5777777777777778,0.04444444444444444,0.19999999999999998,0.03442651863295482,nan,0.0
bottleneck_rooms,local_metric_global_bottleneck,bottleneck_route,sparse_aliased,temporal_dropout,one_hot,0,lin_sequence_front_bands_r1_l2,1,2,2,front_bands,6,0.4777777777777778,0.040061680838488774,0.05555555555555556,0.03181738014061412,nan,0.0
bottleneck_rooms,local_metric_global_bottleneck,bottleneck_route,sparse_aliased,temporal_dropout,one_hot,0,lin_sequence_front_bands_r1_l4,1,4,4,front_bands,6,0.611111111111111,0.046877829132731086,0.2333333333333333,0.014907119849998596,nan,0.0
bottleneck_rooms,local_metric_global_bottleneck,bottleneck_route,sparse_aliased,temporal_dropout,one_hot,0,lin_sequence_front_bands_r1_l8,1,8,8,front_bands,6,0.5333333333333333,0.042163702135578386,0.17777777777777778,0.014054567378526134,nan,0.0
bottleneck_rooms,local_metric_global_bottleneck,bottleneck_route,sparse_aliased,temporal_dropout,one_hot,0,lin_sequence_front_bands_r3_l2,3,2,4,front_bands,6,0.6,0.03849001794597505,0.2333333333333333,0.022771001702132438,nan,0.0
bottleneck_rooms,local_metric_global_bottleneck,bottleneck_route,sparse_aliased,temporal_dropout,one_hot,0,lin_sequence_front_bands_r3_l4,3,4,6,front_bands,6,0.48888888888888893,0.037184890068181126,0.2222222222222222,0.040975753143523946,nan,0.0
bottleneck_rooms,local_metric_global_bottleneck,bottleneck_route,sparse_aliased,temporal_dropout,one_hot,0,lin_sequence_front_bands_r3_l8,3,8,10,front_bands,6,0.5333333333333333,0.03849001794597505,0.3,0.03751542892474252,nan,0.0
bottleneck_rooms,local_metric_global_bottleneck,bottleneck_route,sparse_aliased,temporal_dropout,one_hot,0,lin_sequence_front_bands_r5_l2,5,2,6,front_bands,6,0.43333333333333335,0.02277100170213245,0.2333333333333333,0.022771001702132438,nan,0.0
bottleneck_rooms,local_metric_global_bottleneck,bottleneck_route,sparse_aliased,temporal_dropout,one_hot,0,lin_sequence_front_bands_r5_l4,5,4,8,front_bands,6,0.5222222222222223,0.03181738014061412,0.16666666666666666,0.03333333333333333,nan,0.0
bottleneck_rooms,local_metric_global_bottleneck,bottleneck_route,sparse_aliased,temporal_dropout,one_hot,0,lin_sequence_front_bands_r5_l8,5,8,12,front_bands,6,0.5666666666666667,0.028544961285922505,0.2111111111111111,0.04687782913273108,nan,0.0
bottleneck_rooms,local_metric_global_bottleneck,bottleneck_route,sparse_aliased,temporal_full,one_hot,0,lin_sequence_all_units_r3_l4,3,4,6,all_units,6,0.6222222222222222,0.02222222222222222,0.24444444444444444,0.06363476028122823,nan,0.0
bottleneck_rooms,local_metric_global_bottleneck,bottleneck_route,sparse_aliased,temporal_full,one_hot,0,lin_sequence_front_bands_r1_l2,1,2,2,front_bands,6,0.5777777777777777,0.02810913475705226,0.25555555555555554,0.04993823345387608,nan,0.0
bottleneck_rooms,local_metric_global_bottleneck,bottleneck_route,sparse_aliased,temporal_full,one_hot,0,lin_sequence_front_bands_r1_l4,1,4,4,front_bands,6,0.7111111111111111,0.02810913475705227,0.39999999999999997,0.06206328908341752,nan,0.0
bottleneck_rooms,local_metric_global_bottleneck,bottleneck_route,sparse_aliased,temporal_full,one_hot,0,lin_sequence_front_bands_r1_l8,1,8,8,front_bands,6,0.7555555555555556,0.02222222222222224,0.48888888888888893,0.01405456737852613,nan,0.0
bottleneck_rooms,local_metric_global_bottleneck,bottleneck_route,sparse_aliased,temporal_full,one_hot,0,lin_sequence_front_bands_r3_l2,3,2,4,front_bands,6,0.6444444444444444,0.01405456737852613,0.35555555555555557,0.02810913475705227,nan,0.0
bottleneck_rooms,local_metric_global_bottleneck,bottleneck_route,sparse_aliased,temporal_full,one_hot,0,lin_sequence_front_bands_r3_l4,3,4,6,front_bands,6,0.6444444444444445,0.022222222222222216,0.3888888888888889,0.04687782913273108,nan,0.0
bottleneck_rooms,local_metric_global_bottleneck,bottleneck_route,sparse_aliased,temporal_full,one_hot,0,lin_sequence_front_bands_r3_l8,3,8,10,front_bands,6,0.7111111111111111,0.03296088216486963,0.37777777777777777,0.07027283689263066,nan,0.0
bottleneck_rooms,local_metric_global_bottleneck,bottleneck_route,sparse_aliased,temporal_full,one_hot,0,lin_sequence_front_bands_r5_l2,5,2,6,front_bands,6,0.6888888888888888,0.01405456737852613,0.4222222222222222,0.022222222222222227,nan,0.0
bottleneck_rooms,local_metric_global_bottleneck,bottleneck_route,sparse_aliased,temporal_full,one_hot,0,lin_sequence_front_bands_r5_l4,5,4,8,front_bands,6,0.6555555555555556,0.03181738014061412,0.37777777777777777,0.06126243889817877,nan,0.0
bottleneck_rooms,local_metric_global_bottleneck,bottleneck_route,sparse_aliased,temporal_full,one_hot,0,lin_sequence_front_bands_r5_l8,5,8,12,front_bands,6,0.6888888888888888,0.028109134757052276,0.27777777777777773,0.05282161921779874,nan,0.0
bottleneck_rooms,local_metric_global_bottleneck,bottleneck_route,vector,temporal_cue_then_blank,one_hot,0,lin_sequence_all_units_r3_l4,3,4,6,all_units,6,0.6666666666666666,0.03442651863295481,0.3333333333333333,0.05708992257184503,nan,0.0
bottleneck_rooms,local_metric_global_bottleneck,bottleneck_route,vector,temporal_cue_then_blank,one_hot,0,lin_sequence_front_bands_r1_l2,1,2,2,front_bands,6,0.6,0.0894427190999916,0.11111111111111112,0.03718489006818114,nan,0.0
bottleneck_rooms,local_metric_global_bottleneck,bottleneck_route,vector,temporal_cue_then_blank,one_hot,0,lin_sequence_front_bands_r1_l4,1,4,4,front_bands,6,0.7777777777777778,0.04097575314352396,0.2888888888888889,0.07027283689263066,nan,0.0
bottleneck_rooms,local_metric_global_bottleneck,bottleneck_route,vector,temporal_cue_then_blank,one_hot,0,lin_sequence_front_bands_r1_l8,1,8,8,front_bands,6,0.6777777777777777,0.03181738014061412,0.36666666666666664,0.03333333333333335,nan,0.0
bottleneck_rooms,local_metric_global_bottleneck,bottleneck_route,vector,temporal_cue_then_blank,one_hot,0,lin_sequence_front_bands_r3_l2,3,2,4,front_bands,6,0.6666666666666666,0.034426518632954824,0.26666666666666666,0.03442651863295482,nan,0.0
bottleneck_rooms,local_metric_global_bottleneck,bottleneck_route,vector,temporal_cue_then_blank,one_hot,0,lin_sequence_front_bands_r3_l4,3,4,6,front_bands,6,0.6,0.042163702135578386,0.2888888888888889,0.08888888888888889,nan,0.0
bottleneck_rooms,local_metric_global_bottleneck,bottleneck_route,vector,temporal_cue_then_blank,one_hot,0,lin_sequence_front_bands_r3_l8,3,8,10,front_bands,6,0.6,0.024343224778007377,0.35555555555555557,0.02222222222222223,nan,0.0
bottleneck_rooms,local_metric_global_bottleneck,bottleneck_route,vector,temporal_cue_then_blank,one_hot,0,lin_sequence_front_bands_r5_l2,5,2,6,front_bands,6,0.611111111111111,0.043603148600774626,0.28888888888888886,0.037184890068181146,nan,0.0
bottleneck_rooms,local_metric_global_bottleneck,bottleneck_route,vector,temporal_cue_then_blank,one_hot,0,lin_sequence_front_bands_r5_l4,5,4,8,front_bands,6,0.5888888888888889,0.02048787657176197,0.3333333333333333,0.062063289083417524,nan,0.0
bottleneck_rooms,local_metric_global_bottleneck,bottleneck_route,vector,temporal_cue_then_blank,one_hot,0,lin_sequence_front_bands_r5_l8,5,8,12,front_bands,6,0.6,0.03442651863295481,0.3,0.06146362971528592,nan,0.0
bottleneck_rooms,local_metric_global_bottleneck,bottleneck_route,vector,temporal_dropout,one_hot,0,lin_sequence_all_units_r3_l4,3,4,6,all_units,6,0.5111111111111111,0.05351819812796576,0.16666666666666666,0.06146362971528592,nan,0.0
bottleneck_rooms,local_metric_global_bottleneck,bottleneck_route,vector,temporal_dropout,one_hot,0,lin_sequence_front_bands_r1_l2,1,2,2,front_bands,6,0.5222222222222221,0.10098282460001569,0.28888888888888886,0.06126243889817878,nan,0.0
bottleneck_rooms,local_metric_global_bottleneck,bottleneck_route,vector,temporal_dropout,one_hot,0,lin_sequence_front_bands_r1_l4,1,4,4,front_bands,6,0.5222222222222223,0.04360314860077463,0.14444444444444446,0.052821619217798724,nan,0.0
bottleneck_rooms,local_metric_global_bottleneck,bottleneck_route,vector,temporal_dropout,one_hot,0,lin_sequence_front_bands_r1_l8,1,8,8,front_bands,6,0.5666666666666667,0.04472135954999579,0.14444444444444443,0.026759099063982883,nan,0.0
bottleneck_rooms,local_metric_global_bottleneck,bottleneck_route,vector,temporal_dropout,one_hot,0,lin_sequence_front_bands_r3_l2,3,2,4,front_bands,6,0.5555555555555556,0.04097575314352394,0.15555555555555556,0.032960882164869615,nan,0.0
bottleneck_rooms,local_metric_global_bottleneck,bottleneck_route,vector,temporal_dropout,one_hot,0,lin_sequence_front_bands_r3_l4,3,4,6,front_bands,6,0.5444444444444444,0.06758625033664688,0.15555555555555556,0.014054567378526134,nan,0.0
bottleneck_rooms,local_metric_global_bottleneck,bottleneck_route,vector,temporal_dropout,one_hot,0,lin_sequence_front_bands_r3_l8,3,8,10,front_bands,6,0.6333333333333333,0.028544961285922505,0.24444444444444444,0.028109134757052262,nan,0.0
bottleneck_rooms,local_metric_global_bottleneck,bottleneck_route,vector,temporal_dropout,one_hot,0,lin_sequence_front_bands_r5_l2,5,2,6,front_bands,6,0.5111111111111111,0.044444444444444446,0.17777777777777778,0.056218269514104524,nan,0.0
bottleneck_rooms,local_metric_global_bottleneck,bottleneck_route,vector,temporal_dropout,one_hot,0,lin_sequence_front_bands_r5_l4,5,4,8,front_bands,6,0.5111111111111112,0.08012336167697755,0.14444444444444446,0.03181738014061412,nan,0.0
bottleneck_rooms,local_metric_global_bottleneck,bottleneck_route,vector,temporal_dropout,one_hot,0,lin_sequence_front_bands_r5_l8,5,8,12,front_bands,6,0.5777777777777778,0.04444444444444444,0.24444444444444444,0.044444444444444446,nan,0.0
bottleneck_rooms,local_metric_global_bottleneck,bottleneck_route,vector,temporal_full,one_hot,0,lin_sequence_all_units_r3_l4,3,4,6,all_units,6,0.5333333333333333,0.045542003404264876,0.24444444444444444,0.09838197164968292,nan,0.0
bottleneck_rooms,local_metric_global_bottleneck,bottleneck_route,vector,temporal_full,one_hot,0,lin_sequence_front_bands_r1_l2,1,2,2,front_bands,6,0.6333333333333333,0.06382847385042256,0.27777777777777773,0.07965977035082189,nan,0.0
bottleneck_rooms,local_metric_global_bottleneck,bottleneck_route,vector,temporal_full,one_hot,0,lin_sequence_front_bands_r1_l4,1,4,4,front_bands,6,0.6666666666666666,0.04868644955601477,0.35555555555555557,0.04097575314352395,nan,0.0
bottleneck_rooms,local_metric_global_bottleneck,bottleneck_route,vector,temporal_full,one_hot,0,lin_sequence_front_bands_r1_l8,1,8,8,front_bands,6,0.6333333333333334,0.022771001702132438,0.3666666666666667,0.06610877680286009,nan,0.0
bottleneck_rooms,local_metric_global_bottleneck,bottleneck_route,vector,temporal_full,one_hot,0,lin_sequence_front_bands_r3_l2,3,2,4,front_bands,6,0.6777777777777777,0.06305004870716047,0.3777777777777778,0.08373974969518566,nan,0.0
bottleneck_rooms,local_metric_global_bottleneck,bottleneck_route,vector,temporal_full,one_hot,0,lin_sequence_front_bands_r3_l4,3,4,6,front_bands,6,0.5,0.044721359549995794,0.2888888888888889,0.07027283689263066,nan,0.0
bottleneck_rooms,local_metric_global_bottleneck,bottleneck_route,vector,temporal_full,one_hot,0,lin_sequence_front_bands_r3_l8,3,8,10,front_bands,6,0.6222222222222222,0.02810913475705226,0.24444444444444444,0.04766135686561603,nan,0.0
bottleneck_rooms,local_metric_global_bottleneck,bottleneck_route,vector,temporal_full,one_hot,0,lin_sequence_front_bands_r5_l2,5,2,6,front_bands,6,0.6000000000000001,0.051639777949432225,0.31111111111111106,0.04097575314352394,nan,0.0
bottleneck_rooms,local_metric_global_bottleneck,bottleneck_route,vector,temporal_full,one_hot,0,lin_sequence_front_bands_r5_l4,5,4,8,front_bands,6,0.5888888888888889,0.03181738014061412,0.3666666666666667,0.05643744488533465,nan,0.0
bottleneck_rooms,local_metric_global_bottleneck,bottleneck_route,vector,temporal_full,one_hot,0,lin_sequence_front_bands_r5_l8,5,8,12,front_bands,6,0.5777777777777778,0.02810913475705226,0.3333333333333333,0.06440611887195306,nan,0.0
clamped_lattice,locally_metric_bounded,metric_landmark,egocentric_landmark,temporal_cue_then_blank,one_hot,0,lin_sequence_all_units_r3_l4,3,4,6,all_units,6,0.8030303030303031,0.04791329788133909,0.45,0.0632455532033676,nan,0.0
clamped_lattice,locally_metric_bounded,metric_landmark,egocentric_landmark,temporal_cue_then_blank,one_hot,0,lin_sequence_front_bands_r1_l2,1,2,2,front_bands,6,0.7575757575757577,0.030303030303030314,0.125,0.011180339887498947,nan,0.0
clamped_lattice,locally_metric_bounded,metric_landmark,egocentric_landmark,temporal_cue_then_blank,one_hot,0,lin_sequence_front_bands_r1_l4,1,4,4,front_bands,6,0.962121212121212,0.013969006753474074,0.8333333333333334,0.03574601764921204,nan,0.0
clamped_lattice,locally_metric_bounded,metric_landmark,egocentric_landmark,temporal_cue_then_blank,one_hot,0,lin_sequence_front_bands_r1_l8,1,8,8,front_bands,6,0.893939393939394,0.019165319152535627,0.5750000000000001,0.058807595881257835,nan,0.0
clamped_lattice,locally_metric_bounded,metric_landmark,egocentric_landmark,temporal_cue_then_blank,one_hot,0,lin_sequence_front_bands_r3_l2,3,2,4,front_bands,6,0.8106060606060606,0.051715297472351554,0.5916666666666667,0.08700255424092126,nan,0.0
clamped_lattice,locally_metric_bounded,metric_landmark,egocentric_landmark,temporal_cue_then_blank,one_hot,0,lin_sequence_front_bands_r3_l4,3,4,6,front_bands,6,0.8636363636363636,0.04231587892051195,0.5166666666666666,0.08130873945100313,nan,0.0
clamped_lattice,locally_metric_bounded,metric_landmark,egocentric_landmark,temporal_cue_then_blank,one_hot,0,lin_sequence_front_bands_r3_l8,3,8,10,front_bands,6,0.787878787878788,0.0417698447033037,0.48333333333333334,0.027888667551135848,nan,0.0
clamped_lattice,locally_metric_bounded,metric_landmark,egocentric_landmark,temporal_cue_then_blank,one_hot,0,lin_sequence_front_bands_r5_l2,5,2,6,front_bands,6,0.8333333333333334,0.03249637968110185,0.6333333333333333,0.06666666666666668,nan,0.0
clamped_lattice,locally_metric_bounded,metric_landmark,egocentric_landmark,temporal_cue_then_blank,one_hot,0,lin_sequence_front_bands_r5_l4,5,4,8,front_bands,6,0.8181818181818182,0.03711348095126029,0.6000000000000001,0.06324555320336758,nan,0.0
clamped_lattice,locally_metric_bounded,metric_landmark,egocentric_landmark,temporal_cue_then_blank,one_hot,0,lin_sequence_front_bands_r5_l8,5,8,12,front_bands,6,0.8181818181818182,0.05628538066971731,0.6000000000000001,0.09486832980505139,nan,0.0
clamped_lattice,locally_metric_bounded,metric_landmark,egocentric_landmark,temporal_dropout,one_hot,0,lin_sequence_all_units_r3_l4,3,4,6,all_units,6,0.7424242424242423,0.05070666827479248,0.3333333333333333,0.07710022337480253,nan,0.0
clamped_lattice,locally_metric_bounded,metric_landmark,egocentric_landmark,temporal_dropout,one_hot,0,lin_sequence_front_bands_r1_l2,1,2,2,front_bands,6,0.6136363636363636,0.04803293177014352,0.24166666666666667,0.030046260628866575,nan,0.0
clamped_lattice,locally_metric_bounded,metric_landmark,egocentric_landmark,temporal_dropout,one_hot,0,lin_sequence_front_bands_r1_l4,1,4,4,front_bands,6,0.7045454545454545,0.0534614508011435,0.3666666666666667,0.040138648595974324,nan,0.0
clamped_lattice,locally_metric_bounded,metric_landmark,egocentric_landmark,temporal_dropout,one_hot,0,lin_sequence_front_bands_r1_l8,1,8,8,front_bands,6,0.712121212121212,0.04494665749754948,0.21666666666666667,0.04594682917363408,nan,0.0
clamped_lattice,locally_metric_bounded,metric_landmark,egocentric_landmark,temporal_dropout,one_hot,0,lin_sequence_front_bands_r3_l2,3,2,4,front_bands,6,0.6666666666666666,0.030303030303030307,0.21666666666666667,0.02788866755113585,nan,0.0
clamped_lattice,locally_metric_bounded,metric_landmark,egocentric_landmark,temporal_dropout,one_hot,0,lin_sequence_front_bands_r3_l4,3,4,6,front_bands,6,0.7121212121212123,0.041769844703303714,0.3416666666666666,0.06247221604663772,nan,0.0
clamped_lattice,locally_metric_bounded,metric_landmark,egocentric_landmark,temporal_dropout,one_hot,0,lin_sequence_front_bands_r3_l8,3,8,10,front_bands,6,0.7803030303030304,0.018244840270897424,0.28333333333333327,0.05868938953886337,nan,0.0
clamped_lattice,locally_metric_bounded,metric_landmark,egocentric_landmark,temporal_dropout,one_hot,0,lin_sequence_front_bands_r5_l2,5,2,6,front_bands,6,0.7500000000000001,0.03664662612862977,0.3416666666666666,0.03270236145058098,nan,0.0
clamped_lattice,locally_metric_bounded,metric_landmark,egocentric_landmark,temporal_dropout,one_hot,0,lin_sequence_front_bands_r5_l4,5,4,8,front_bands,6,0.7045454545454546,0.03471648253754425,0.35833333333333334,0.06112373606964085,nan,0.0
clamped_lattice,locally_metric_bounded,metric_landmark,egocentric_landmark,temporal_dropout,one_hot,0,lin_sequence_front_bands_r5_l8,5,8,12,front_bands,6,0.7196969696969697,0.024664879691060175,0.2916666666666667,0.04166666666666667,nan,0.0
clamped_lattice,locally_metric_bounded,metric_landmark,egocentric_landmark,temporal_full,one_hot,0,lin_sequence_all_units_r3_l4,3,4,6,all_units,6,0.8181818181818182,0.023472626340651014,0.6,0.05477225575051662,nan,0.0
clamped_lattice,locally_metric_bounded,metric_landmark,egocentric_landmark,temporal_full,one_hot,0,lin_sequence_front_bands_r1_l2,1,2,2,front_bands,6,0.8636363636363636,0.031051365957453333,0.5916666666666667,0.037453675090407056,nan,0.0
clamped_lattice,locally_metric_bounded,metric_landmark,egocentric_landmark,temporal_full,one_hot,0,lin_sequence_front_bands_r1_l4,1,4,4,front_bands,6,0.8106060606060607,0.01824484027089742,0.5583333333333335,0.030046260628866582,nan,0.0
clamped_lattice,locally_metric_bounded,metric_landmark,egocentric_landmark,temporal_full,one_hot,0,lin_sequence_front_bands_r1_l8,1,8,8,front_bands,6,0.8484848484848485,0.02793801350694814,0.525,0.038188130791298666,nan,0.0
clamped_lattice,locally_metric_bounded,metric_landmark,egocentric_landmark,temporal_full,one_hot,0,lin_sequence_front_bands_r3_l2,3,2,4,front_bands,6,0.75,0.02557870153959719,0.5166666666666667,0.05109903238918631,nan,0.0
clamped_lattice,locally_metric_bounded,metric_landmark,egocentric_landmark,temporal_full,one_hot,0,lin_sequence_front_bands_r3_l4,3,4,6,front_bands,6,0.8181818181818182,0.01173631317032551,0.5,0.07637626158259735,nan,0.0
clamped_lattice,locally_metric_bounded,metric_landmark,egocentric_landmark,temporal_full,one_hot,0,lin_sequence_front_bands_r3_l8,3,8,10,front_bands,6,0.8484848484848485,0.015151515151515157,0.6416666666666666,0.06112373606964083,nan,0.0
clamped_lattice,locally_metric_bounded,metric_landmark,egocentric_landmark,temporal_full,one_hot,0,lin_sequence_front_bands_r5_l2,5,2,6,front_bands,6,0.8030303030303031,0.027938013506948158,0.5583333333333332,0.04728753653037036,nan,0.0
clamped_lattice,locally_metric_bounded,metric_landmark,egocentric_landmark,temporal_full,one_hot,0,lin_sequence_front_bands_r5_l4,5,4,8,front_bands,6,0.8333333333333334,0.038330638305071274,0.575,0.03354101966249685,nan,0.0
clamped_lattice,locally_metric_bounded,metric_landmark,egocentric_landmark,temporal_full,one_hot,0,lin_sequence_front_bands_r5_l8,5,8,12,front_bands,6,0.8409090909090909,0.025578701539597168,0.5499999999999999,0.06708203932499368,nan,0.0
clamped_lattice,locally_metric_bounded,metric_landmark,gaussian_sensory,temporal_cue_then_blank,one_hot,0,lin_sequence_all_units_r3_l4,3,4,6,all_units,6,0.856060606060606,0.02169366827769144,0.6166666666666666,0.06790516262487788,nan,0.0
clamped_lattice,locally_metric_bounded,metric_landmark,gaussian_sensory,temporal_cue_then_blank,one_hot,0,lin_sequence_front_bands_r1_l2,1,2,2,front_bands,6,0.75,0.019462473604038084,0.09999999999999999,6.206335383118182e-18,nan,0.0
clamped_lattice,locally_metric_bounded,metric_landmark,gaussian_sensory,temporal_cue_then_blank,one_hot,0,lin_sequence_front_bands_r1_l4,1,4,4,front_bands,6,0.9242424242424243,0.022473328748774737,0.7333333333333334,0.05868938953886337,nan,0.0
clamped_lattice,locally_metric_bounded,metric_landmark,gaussian_sensory,temporal_cue_then_blank,one_hot,0,lin_sequence_front_bands_r1_l8,1,8,8,front_bands,6,0.9090909090909092,0.016597653257732315,0.5416666666666666,0.030046260628866582,nan,0.0
clamped_lattice,locally_metric_bounded,metric_landmark,gaussian_sensory,temporal_cue_then_blank,one_hot,0,lin_sequence_front_bands_r3_l2,3,2,4,front_bands,6,0.8257575757575757,0.0319621562268621,0.5750000000000001,0.04232808366400098,nan,0.0
clamped_lattice,locally_metric_bounded,metric_landmark,gaussian_sensory,temporal_cue_then_blank,one_hot,0,lin_sequence_front_bands_r3_l4,3,4,6,front_bands,6,0.8787878787878788,0.01515151515151514,0.5583333333333333,0.049018137232842485,nan,0.0
clamped_lattice,locally_metric_bounded,metric_landmark,gaussian_sensory,temporal_cue_then_blank,one_hot,0,lin_sequence_front_bands_r3_l8,3,8,10,front_bands,6,0.8712121212121212,0.024664879691060154,0.5750000000000001,0.051234753829798,nan,0.0
clamped_lattice,locally_metric_bounded,metric_landmark,gaussian_sensory,temporal_cue_then_blank,one_hot,0,lin_sequence_front_bands_r5_l2,5,2,6,front_bands,6,0.8030303030303029,0.03648968054179484,0.5083333333333333,0.05230784942158406,nan,0.0
clamped_lattice,locally_metric_bounded,metric_landmark,gaussian_sensory,temporal_cue_then_blank,one_hot,0,lin_sequence_front_bands_r5_l4,5,4,8,front_bands,6,0.9166666666666666,0.013969006753474083,0.6333333333333333,0.06009252125773315,nan,0.0
clamped_lattice,locally_metric_bounded,metric_landmark,gaussian_sensory,temporal_cue_then_blank,one_hot,0,lin_sequence_front_bands_r5_l8,5,8,12,front_bands,6,0.8181818181818182,0.026243194054073896,0.4916666666666667,0.07896905160321423,nan,0.0
clamped_lattice,locally_metric_bounded,metric_landmark,gaussian_sensory,temporal_dropout,one_hot,0,lin_sequence_all_units_r3_l4,3,4,6,all_units,6,0.6893939393939393,0.04135558807259449,0.31666666666666665,0.044095855184409845,nan,0.0
clamped_lattice,locally_metric_bounded,metric_landmark,gaussian_sensory,temporal_dropout,one_hot,0,lin_sequence_front_bands_r1_l2,1,2,2,front_bands,6,0.6893939393939394,0.02731478238987871,0.25,0.02581988897471611,nan,0.0
clamped_lattice,locally_metric_bounded,metric_landmark,gaussian_sensory,temporal_dropout,one_hot,0,lin_sequence_front_bands_r1_l4,1,4,4,front_bands,6,0.7727272727272728,0.031051365957453336,0.3666666666666667,0.030731814857642967,nan,0.0
clamped_lattice,locally_metric_bounded,metric_landmark,gaussian_sensory,temporal_dropout,one_hot,0,lin_sequence_front_bands_r1_l8,1,8,8,front_bands,6,0.7575757575757577,0.05070666827479246,0.3833333333333333,0.0380058475033046,nan,0.0
clamped_lattice,locally_metric_bounded,metric_landmark,gaussian_sensory,temporal_dropout,one_hot,0,lin_sequence_front_bands_r3_l2,3,2,4,front_bands,6,0.75,0.04803293177014352,0.31666666666666665,0.030731814857642967,nan,0.0
clamped_lattice,locally_metric_bounded,metric_landmark,gaussian_sensory,temporal_dropout,one_hot,0,lin_sequence_front_bands_r3_l4,3,4,6,front_bands,6,0.7045454545454546,0.030491836056815325,0.36666666666666664,0.044095855184409845,nan,0.0
clamped_lattice,locally_metric_bounded,metric_landmark,gaussian_sensory,temporal_dropout,one_hot,0,lin_sequence_front_bands_r3_l8,3,8,10,front_bands,6,0.7575757575757577,0.030303030303030307,0.3833333333333333,0.03333333333333334,nan,0.0
clamped_lattice,locally_metric_bounded,metric_landmark,gaussian_sensory,temporal_dropout,one_hot,0,lin_sequence_front_bands_r5_l2,5,2,6,front_bands,6,0.7348484848484849,0.03965531008576486,0.3,0.025819888974716113,nan,0.0
clamped_lattice,locally_metric_bounded,metric_landmark,gaussian_sensory,temporal_dropout,one_hot,0,lin_sequence_front_bands_r5_l4,5,4,8,front_bands,6,0.7196969696969697,0.06145242360810075,0.40833333333333327,0.04362084109434134,nan,0.0
clamped_lattice,locally_metric_bounded,metric_landmark,gaussian_sensory,temporal_dropout,one_hot,0,lin_sequence_front_bands_r5_l8,5,8,12,front_bands,6,0.7272727272727272,0.03105136595745335,0.3416666666666666,0.03745367509040706,nan,0.0
clamped_lattice,locally_metric_bounded,metric_landmark,gaussian_sensory,temporal_full,one_hot,0,lin_sequence_all_units_r3_l4,3,4,6,all_units,6,0.712121212121212,0.025353334137396242,0.525,0.030956959368344517,nan,0.0
clamped_lattice,locally_metric_bounded,metric_landmark,gaussian_sensory,temporal_full,one_hot,0,lin_sequence_front_bands_r1_l2,1,2,2,front_bands,6,0.712121212121212,0.025353334137396242,0.4083333333333334,0.06759766596891083,nan,0.0
clamped_lattice,locally_metric_bounded,metric_landmark,gaussian_sensory,temporal_full,one_hot,0,lin_sequence_front_bands_r1_l4,1,4,4,front_bands,6,0.712121212121212,0.015151515151515159,0.5,0.06831300510639735,nan,0.0
clamped_lattice,locally_metric_bounded,metric_landmark,gaussian_sensory,temporal_full,one_hot,0,lin_sequence_front_bands_r1_l8,1,8,8,front_bands,6,0.7651515151515151,0.048979484470438234,0.4916666666666667,0.02006932429798716,nan,0.0
clamped_lattice,locally_metric_bounded,metric_landmark,gaussian_sensory,temporal_full,one_hot,0,lin_sequence_front_bands_r3_l2,3,2,4,front_bands,6,0.7424242424242425,0.030303030303030318,0.5,0.03415650255319866,nan,0.0
clamped_lattice,locally_metric_bounded,metric_landmark,gaussian_sensory,temporal_full,one_hot,0,lin_sequence_front_bands_r3_l4,3,4,6,front_bands,6,0.7651515151515151,0.03601474037577187,0.5083333333333333,0.06112373606964083,nan,0.0
clamped_lattice,locally_metric_bounded,metric_landmark,gaussian_sensory,temporal_full,one_hot,0,lin_sequence_front_bands_r3_l8,3,8,10,front_bands,6,0.7575757575757577,0.04791329788133909,0.4583333333333333,0.03515837184954831,nan,0.0
clamped_lattice,locally_metric_bounded,metric_landmark,gaussian_sensory,temporal_full,one_hot,0,lin_sequence_front_bands_r5_l2,5,2,6,front_bands,6,0.7196969696969697,0.024664879691060175,0.39166666666666666,0.023863035105460596,nan,0.0
clamped_lattice,locally_metric_bounded,metric_landmark,gaussian_sensory,temporal_full,one_hot,0,lin_sequence_front_bands_r5_l4,5,4,8,front_bands,6,0.7424242424242423,0.04932975938212033,0.48333333333333334,0.045946829173634074,nan,0.0
clamped_lattice,locally_metric_bounded,metric_landmark,gaussian_sensory,temporal_full,one_hot,0,lin_sequence_front_bands_r5_l8,5,8,12,front_bands,6,0.7803030303030303,0.04298866957306397,0.4166666666666667,0.021081851067789197,nan,0.0
clamped_lattice,locally_metric_bounded,metric_landmark,hybrid,temporal_cue_then_blank,one_hot,0,lin_sequence_all_units_r3_l4,3,4,6,all_units,6,0.8409090909090908,0.03848007605818272,0.525,0.047871355387816915,nan,0.0
clamped_lattice,locally_metric_bounded,metric_landmark,hybrid,temporal_cue_then_blank,one_hot,0,lin_sequence_front_bands_r1_l2,1,2,2,front_bands,6,0.7348484848484849,0.021693668277691442,0.10833333333333334,0.008333333333333331,nan,0.0
clamped_lattice,locally_metric_bounded,metric_landmark,hybrid,temporal_cue_then_blank,one_hot,0,lin_sequence_front_bands_r1_l4,1,4,4,front_bands,6,0.9090909090909092,0.03319530651546462,0.7333333333333333,0.04013864859597433,nan,0.0
clamped_lattice,locally_metric_bounded,metric_landmark,hybrid,temporal_cue_then_blank,one_hot,0,lin_sequence_front_bands_r1_l8,1,8,8,front_bands,6,0.8787878787878789,0.03648968054179485,0.5416666666666666,0.02713136766016617,nan,0.0
clamped_lattice,locally_metric_bounded,metric_landmark,hybrid,temporal_cue_then_blank,one_hot,0,lin_sequence_front_bands_r3_l2,3,2,4,front_bands,6,0.8560606060606061,0.03601474037577187,0.5750000000000001,0.07826237921249266,nan,0.0
clamped_lattice,locally_metric_bounded,metric_landmark,hybrid,temporal_cue_then_blank,one_hot,0,lin_sequence_front_bands_r3_l4,3,4,6,front_bands,6,0.8181818181818182,0.03711348095126028,0.6333333333333333,0.03333333333333334,nan,0.0
clamped_lattice,locally_metric_bounded,metric_landmark,hybrid,temporal_cue_then_blank,one_hot,0,lin_sequence_front_bands_r3_l8,3,8,10,front_bands,6,0.818181818181818,0.020327890704543553,0.4833333333333334,0.024720661623652215,nan,0.0
clamped_lattice,locally_metric_bounded,metric_landmark,hybrid,temporal_cue_then_blank,one_hot,0,lin_sequence_front_bands_r5_l2,5,2,6,front_bands,6,0.8787878787878788,0.03833063830507125,0.5750000000000001,0.058807595881257835,nan,0.0
clamped_lattice,locally_metric_bounded,metric_landmark,hybrid,temporal_cue_then_blank,one_hot,0,lin_sequence_front_bands_r5_l4,5,4,8,front_bands,6,0.8636363636363636,0.031051365957453336,0.525,0.05590169943749474,nan,0.0
clamped_lattice,locally_metric_bounded,metric_landmark,hybrid,temporal_cue_then_blank,one_hot,0,lin_sequence_front_bands_r5_l8,5,8,12,front_bands,6,0.8106060606060606,0.0340487955367337,0.44999999999999996,0.042817441928883766,nan,0.0
clamped_lattice,locally_metric_bounded,metric_landmark,hybrid,temporal_dropout,one_hot,0,lin_sequence_all_units_r3_l4,3,4,6,all_units,6,0.7575757575757577,0.058289042611125295,0.4583333333333333,0.03515837184954832,nan,0.0
clamped_lattice,locally_metric_bounded,metric_landmark,hybrid,temporal_dropout,one_hot,0,lin_sequence_front_bands_r1_l2,1,2,2,front_bands,6,0.6666666666666666,0.025353334137396225,0.27499999999999997,0.06677075208003377,nan,0.0
clamped_lattice,locally_metric_bounded,metric_landmark,hybrid,temporal_dropout,one_hot,0,lin_sequence_front_bands_r1_l4,1,4,4,front_bands,6,0.787878787878788,0.02793801350694814,0.4666666666666666,0.0760116950066092,nan,0.0
clamped_lattice,locally_metric_bounded,metric_landmark,hybrid,temporal_dropout,one_hot,0,lin_sequence_front_bands_r1_l8,1,8,8,front_bands,6,0.7045454545454546,0.01946247360403808,0.39999999999999997,0.03415650255319867,nan,0.0
clamped_lattice,locally_metric_bounded,metric_landmark,hybrid,temporal_dropout,one_hot,0,lin_sequence_front_bands_r3_l2,3,2,4,front_bands,6,0.7348484848484849,0.0319621562268621,0.3416666666666666,0.049018137232842485,nan,0.0
clamped_lattice,locally_metric_bounded,metric_landmark,hybrid,temporal_dropout,one_hot,0,lin_sequence_front_bands_r3_l4,3,4,6,front_bands,6,0.8030303030303031,0.03455077045754964,0.5333333333333333,0.04409585518440984,nan,0.0
clamped_lattice,locally_metric_bounded,metric_landmark,hybrid,temporal_dropout,one_hot,0,lin_sequence_front_bands_r3_l8,3,8,10,front_bands,6,0.7500000000000001,0.03471648253754425,0.2833333333333333,0.035746017649212036,nan,0.0
clamped_lattice,locally_metric_bounded,metric_landmark,hybrid,temporal_dropout,one_hot,0,lin_sequence_front_bands_r5_l2,5,2,6,front_bands,6,0.787878787878788,0.027938013506948155,0.32499999999999996,0.06157651067303723,nan,0.0
clamped_lattice,locally_metric_bounded,metric_landmark,hybrid,temporal_dropout,one_hot,0,lin_sequence_front_bands_r5_l4,5,4,8,front_bands,6,0.8106060606060606,0.03404879553673368,0.45,0.0632455532033676,nan,0.0
clamped_lattice,locally_metric_bounded,metric_landmark,hybrid,temporal_dropout,one_hot,0,lin_sequence_front_bands_r5_l8,5,8,12,front_bands,6,0.7803030303030303,0.03601474037577187,0.3,0.0447213595499958,nan,0.0
clamped_lattice,locally_metric_bounded,metric_landmark,hybrid,temporal_full,one_hot,0,lin_sequence_all_units_r3_l4,3,4,6,all_units,6,0.7803030303030303,0.02169366827769145,0.6083333333333334,0.06112373606964083,nan,0.0
clamped_lattice,locally_metric_bounded,metric_landmark,hybrid,temporal_full,one_hot,0,lin_sequence_front_bands_r1_l2,1,2,2,front_bands,6,0.6439393939393939,0.05431347978465128,0.27499999999999997,0.047871355387816915,nan,0.0
clamped_lattice,locally_metric_bounded,metric_landmark,hybrid,temporal_full,one_hot,0,lin_sequence_front_bands_r1_l4,1,4,4,front_bands,6,0.7575757575757577,0.03249637968110184,0.6083333333333333,0.05068968775248517,nan,0.0
clamped_lattice,locally_metric_bounded,metric_landmark,hybrid,temporal_full,one_hot,0,lin_sequence_front_bands_r1_l8,1,8,8,front_bands,6,0.856060606060606,0.02731478238987871,0.5,0.05163977794943224,nan,0.0
clamped_lattice,locally_metric_bounded,metric_landmark,hybrid,temporal_full,one_hot,0,lin_sequence_front_bands_r3_l2,3,2,4,front_bands,6,0.7954545454545454,0.048032931770143526,0.5333333333333333,0.08027729719194865,nan,0.0
clamped_lattice,locally_metric_bounded,metric_landmark,hybrid,temporal_full,one_hot,0,lin_sequence_front_bands_r3_l4,3,4,6,front_bands,6,0.7424242424242423,0.03455077045754964,0.5666666666666668,0.03574601764921203,nan,0.0
clamped_lattice,locally_metric_bounded,metric_landmark,hybrid,temporal_full,one_hot,0,lin_sequence_front_bands_r3_l8,3,8,10,front_bands,6,0.8106060606060606,0.02972941950052817,0.4833333333333334,0.03073181485764297,nan,0.0
clamped_lattice,locally_metric_bounded,metric_landmark,hybrid,temporal_full,one_hot,0,lin_sequence_front_bands_r5_l2,5,2,6,front_bands,6,0.7803030303030303,0.0413555880725945,0.5750000000000001,0.05590169943749474,nan,0.0
clamped_lattice,locally_metric_bounded,metric_landmark,hybrid,temporal_full,one_hot,0,lin_sequence_front_bands_r5_l4,5,4,8,front_bands,6,0.7954545454545454,0.03471648253754425,0.5166666666666667,0.04594682917363407,nan,0.0
clamped_lattice,locally_metric_bounded,metric_landmark,hybrid,temporal_full,one_hot,0,lin_sequence_front_bands_r5_l8,5,8,12,front_bands,6,0.8409090909090908,0.010163945352271764,0.5166666666666667,0.04944132324730442,nan,0.0
clamped_lattice,locally_metric_bounded,metric_landmark,sparse_aliased,temporal_cue_then_blank,one_hot,0,lin_sequence_all_units_r3_l4,3,4,6,all_units,6,0.6893939393939393,0.013969006753474083,0.43333333333333335,0.04594682917363409,nan,0.0
clamped_lattice,locally_metric_bounded,metric_landmark,sparse_aliased,temporal_cue_then_blank,one_hot,0,lin_sequence_front_bands_r1_l2,1,2,2,front_bands,6,0.7348484848484849,0.021693668277691442,0.10833333333333334,0.008333333333333331,nan,0.0
clamped_lattice,locally_metric_bounded,metric_landmark,sparse_aliased,temporal_cue_then_blank,one_hot,0,lin_sequence_front_bands_r1_l4,1,4,4,front_bands,6,0.787878787878788,0.030303030303030314,0.5333333333333333,0.03333333333333334,nan,0.0
clamped_lattice,locally_metric_bounded,metric_landmark,sparse_aliased,temporal_cue_then_blank,one_hot,0,lin_sequence_front_bands_r1_l8,1,8,8,front_bands,6,0.787878787878788,0.019165319152535637,0.47500000000000003,0.04609772228646445,nan,0.0
clamped_lattice,locally_metric_bounded,metric_landmark,sparse_aliased,temporal_cue_then_blank,one_hot,0,lin_sequence_front_bands_r3_l2,3,2,4,front_bands,6,0.7727272727272728,0.020327890704543543,0.4666666666666666,0.0726483157256779,nan,0.0
clamped_lattice,locally_metric_bounded,metric_landmark,sparse_aliased,temporal_cue_then_blank,one_hot,0,lin_sequence_front_bands_r3_l4,3,4,6,front_bands,6,0.7272727272727272,0.016597653257732315,0.425,0.04958158260214506,nan,0.0
clamped_lattice,locally_metric_bounded,metric_landmark,sparse_aliased,temporal_cue_then_blank,one_hot,0,lin_sequence_front_bands_r3_l8,3,8,10,front_bands,6,0.7045454545454546,0.02272727272727273,0.4083333333333334,0.03961621441334905,nan,0.0
clamped_lattice,locally_metric_bounded,metric_landmark,sparse_aliased,temporal_cue_then_blank,one_hot,0,lin_sequence_front_bands_r5_l2,5,2,6,front_bands,6,0.7272727272727274,0.01173631317032551,0.36666666666666664,0.05868938953886338,nan,0.0
clamped_lattice,locally_metric_bounded,metric_landmark,sparse_aliased,temporal_cue_then_blank,one_hot,0,lin_sequence_front_bands_r5_l4,5,4,8,front_bands,6,0.7272727272727274,0.03892494720807616,0.3583333333333334,0.015365907428821489,nan,0.0
clamped_lattice,locally_metric_bounded,metric_landmark,sparse_aliased,temporal_cue_then_blank,one_hot,0,lin_sequence_front_bands_r5_l8,5,8,12,front_bands,6,0.7348484848484849,0.027314782389878712,0.40833333333333327,0.08001735922771869,nan,0.0
clamped_lattice,locally_metric_bounded,metric_landmark,sparse_aliased,temporal_dropout,one_hot,0,lin_sequence_all_units_r3_l4,3,4,6,all_units,6,0.7045454545454546,0.03471648253754425,0.27499999999999997,0.04232808366400098,nan,0.0
clamped_lattice,locally_metric_bounded,metric_landmark,sparse_aliased,temporal_dropout,one_hot,0,lin_sequence_front_bands_r1_l2,1,2,2,front_bands,6,0.7045454545454545,0.015525682978726675,0.11666666666666665,0.010540925533894597,nan,0.0
clamped_lattice,locally_metric_bounded,metric_landmark,sparse_aliased,temporal_dropout,one_hot,0,lin_sequence_front_bands_r1_l4,1,4,4,front_bands,6,0.8333333333333334,0.015151515151515154,0.3,0.07852812659593165,nan,0.0
clamped_lattice,locally_metric_bounded,metric_landmark,sparse_aliased,temporal_dropout,one_hot,0,lin_sequence_front_bands_r1_l8,1,8,8,front_bands,6,0.7575757575757577,0.027938013506948155,0.2333333333333333,0.07149203529842406,nan,0.0
clamped_lattice,locally_metric_bounded,metric_landmark,sparse_aliased,temporal_dropout,one_hot,0,lin_sequence_front_bands_r3_l2,3,2,4,front_bands,6,0.7954545454545454,0.02814269033485867,0.2916666666666667,0.039616214413349046,nan,0.0
clamped_lattice,locally_metric_bounded,metric_landmark,sparse_aliased,temporal_dropout,one_hot,0,lin_sequence_front_bands_r3_l4,3,4,6,front_bands,6,0.7424242424242425,0.03833063830507128,0.2583333333333333,0.039616214413349046,nan,0.0
clamped_lattice,locally_metric_bounded,metric_landmark,sparse_aliased,temporal_dropout,one_hot,0,lin_sequence_front_bands_r3_l8,3,8,10,front_bands,6,0.6742424242424243,0.024664879691060168,0.15833333333333333,0.03961621441334904,nan,0.0
clamped_lattice,locally_metric_bounded,metric_landmark,sparse_aliased,temporal_dropout,one_hot,0,lin_sequence_front_bands_r5_l2,5,2,6,front_bands,6,0.6969696969696969,0.032496379681101854,0.27499999999999997,0.055901699437494755,nan,0.0
clamped_lattice,locally_metric_bounded,metric_landmark,sparse_aliased,temporal_dropout,one_hot,0,lin_sequence_front_bands_r5_l4,5,4,8,front_bands,6,0.7272727272727274,0.03892494720807616,0.3,0.03415650255319867,nan,0.0
clamped_lattice,locally_metric_bounded,metric_landmark,sparse_aliased,temporal_dropout,one_hot,0,lin_sequence_front_bands_r5_l8,5,8,12,front_bands,6,0.6590909090909091,0.022727272727272717,0.21666666666666667,0.03333333333333333,nan,0.0
clamped_lattice,locally_metric_bounded,metric_landmark,sparse_aliased,temporal_full,one_hot,0,lin_sequence_all_units_r3_l4,3,4,6,all_units,6,0.6287878787878788,0.01396900675347406,0.4416666666666667,0.04362084109434135,nan,0.0
clamped_lattice,locally_metric_bounded,metric_landmark,sparse_aliased,temporal_full,one_hot,0,lin_sequence_front_bands_r1_l2,1,2,2,front_bands,6,0.7196969696969697,0.01824484027089742,0.10833333333333332,0.008333333333333331,nan,0.0
clamped_lattice,locally_metric_bounded,metric_landmark,sparse_aliased,temporal_full,one_hot,0,lin_sequence_front_bands_r1_l4,1,4,4,front_bands,6,0.7196969696969697,0.02169366827769145,0.41666666666666674,0.016666666666666673,nan,0.0
clamped_lattice,locally_metric_bounded,metric_landmark,sparse_aliased,temporal_full,one_hot,0,lin_sequence_front_bands_r1_l8,1,8,8,front_bands,6,0.8106060606060606,0.024664879691060168,0.4000000000000001,0.04082482904638632,nan,0.0
clamped_lattice,locally_metric_bounded,metric_landmark,sparse_aliased,temporal_full,one_hot,0,lin_sequence_front_bands_r3_l2,3,2,4,front_bands,6,0.6590909090909091,0.02272727272727273,0.35833333333333334,0.023863035105460593,nan,0.0
clamped_lattice,locally_metric_bounded,metric_landmark,sparse_aliased,temporal_full,one_hot,0,lin_sequence_front_bands_r3_l4,3,4,6,front_bands,6,0.6818181818181818,0.026243194054073896,0.4083333333333334,0.050689687752485175,nan,0.0
clamped_lattice,locally_metric_bounded,metric_landmark,sparse_aliased,temporal_full,one_hot,0,lin_sequence_front_bands_r3_l8,3,8,10,front_bands,6,0.7121212121212123,0.03648968054179485,0.35833333333333334,0.05688682721958672,nan,0.0
clamped_lattice,locally_metric_bounded,metric_landmark,sparse_aliased,temporal_full,one_hot,0,lin_sequence_front_bands_r5_l2,5,2,6,front_bands,6,0.7272727272727272,0.02874797872880346,0.3333333333333333,0.03333333333333334,nan,0.0
clamped_lattice,locally_metric_bounded,metric_landmark,sparse_aliased,temporal_full,one_hot,0,lin_sequence_front_bands_r5_l4,5,4,8,front_bands,6,0.6818181818181818,0.020327890704543543,0.38333333333333336,0.04216370213557841,nan,0.0
clamped_lattice,locally_metric_bounded,metric_landmark,sparse_aliased,temporal_full,one_hot,0,lin_sequence_front_bands_r5_l8,5,8,12,front_bands,6,0.7348484848484849,0.02972941950052817,0.4083333333333334,0.02006932429798717,nan,0.0
clamped_lattice,locally_metric_bounded,metric_landmark,vector,temporal_cue_then_blank,one_hot,0,lin_sequence_all_units_r3_l4,3,4,6,all_units,6,0.8409090909090909,0.05081972676135887,0.4583333333333334,0.035158371849548314,nan,0.0
clamped_lattice,locally_metric_bounded,metric_landmark,vector,temporal_cue_then_blank,one_hot,0,lin_sequence_front_bands_r1_l2,1,2,2,front_bands,6,0.7500000000000001,0.010163945352271764,0.09999999999999999,6.206335383118182e-18,nan,0.0
clamped_lattice,locally_metric_bounded,metric_landmark,vector,temporal_cue_then_blank,one_hot,0,lin_sequence_front_bands_r1_l4,1,4,4,front_bands,6,0.8863636363636364,0.03848007605818271,0.6083333333333334,0.05540256712864887,nan,0.0
clamped_lattice,locally_metric_bounded,metric_landmark,vector,temporal_cue_then_blank,one_hot,0,lin_sequence_front_bands_r1_l8,1,8,8,front_bands,6,0.8484848484848485,0.036489680541794835,0.45,0.06454972243679029,nan,0.0
clamped_lattice,locally_metric_bounded,metric_landmark,vector,temporal_cue_then_blank,one_hot,0,lin_sequence_front_bands_r3_l2,3,2,4,front_bands,6,0.8484848484848485,0.055876027013896296,0.3583333333333334,0.05387743291748206,nan,0.0
clamped_lattice,locally_metric_bounded,metric_landmark,vector,temporal_cue_then_blank,one_hot,0,lin_sequence_front_bands_r3_l4,3,4,6,front_bands,6,0.8409090909090909,0.032672513110375494,0.4333333333333333,0.052704627669473,nan,0.0
clamped_lattice,locally_metric_bounded,metric_landmark,vector,temporal_cue_then_blank,one_hot,0,lin_sequence_front_bands_r3_l8,3,8,10,front_bands,6,0.8409090909090909,0.03267251311037549,0.4666666666666666,0.0557773351022717,nan,0.0
clamped_lattice,locally_metric_bounded,metric_landmark,vector,temporal_cue_then_blank,one_hot,0,lin_sequence_front_bands_r5_l2,5,2,6,front_bands,6,0.787878787878788,0.03648968054179484,0.30000000000000004,0.025819888974716113,nan,0.0
clamped_lattice,locally_metric_bounded,metric_landmark,vector,temporal_cue_then_blank,one_hot,0,lin_sequence_front_bands_r5_l4,5,4,8,front_bands,6,0.8030303030303031,0.036489680541794835,0.5083333333333333,0.0768295371441074,nan,0.0
clamped_lattice,locally_metric_bounded,metric_landmark,vector,temporal_cue_then_blank,one_hot,0,lin_sequence_front_bands_r5_l8,5,8,12,front_bands,6,0.9015151515151514,0.024664879691060165,0.5583333333333333,0.03270236145058098,nan,0.0
clamped_lattice,locally_metric_bounded,metric_landmark,vector,temporal_dropout,one_hot,0,lin_sequence_all_units_r3_l4,3,4,6,all_units,6,0.8030303030303031,0.019165319152535637,0.48333333333333334,0.03073181485764295,nan,0.0
clamped_lattice,locally_metric_bounded,metric_landmark,vector,temporal_dropout,one_hot,0,lin_sequence_front_bands_r1_l2,1,2,2,front_bands,6,0.6212121212121211,0.034550770457549645,0.19166666666666668,0.05688682721958672,nan,0.0
clamped_lattice,locally_metric_bounded,metric_landmark,vector,temporal_dropout,one_hot,0,lin_sequence_front_bands_r1_l4,1,4,4,front_bands,6,0.8560606060606061,0.01396900675347406,0.39999999999999997,0.01825741858350554,nan,0.0
clamped_lattice,locally_metric_bounded,metric_landmark,vector,temporal_dropout,one_hot,0,lin_sequence_front_bands_r1_l8,1,8,8,front_bands,6,0.8106060606060607,0.02169366827769145,0.39999999999999997,0.06454972243679029,nan,0.0
clamped_lattice,locally_metric_bounded,metric_landmark,vector,temporal_dropout,one_hot,0,lin_sequence_front_bands_r3_l2,3,2,4,front_bands,6,0.7803030303030303,0.03196215622686211,0.3416666666666666,0.037453675090407056,nan,0.0
clamped_lattice,locally_metric_bounded,metric_landmark,vector,temporal_dropout,one_hot,0,lin_sequence_front_bands_r3_l4,3,4,6,front_bands,6,0.7803030303030303,0.031962156226862125,0.3833333333333333,0.027888667551135858,nan,0.0
clamped_lattice,locally_metric_bounded,metric_landmark,vector,temporal_dropout,one_hot,0,lin_sequence_front_bands_r3_l8,3,8,10,front_bands,6,0.75,0.03471648253754425,0.39166666666666666,0.023863035105460593,nan,0.0
clamped_lattice,locally_metric_bounded,metric_landmark,vector,temporal_dropout,one_hot,0,lin_sequence_front_bands_r5_l2,5,2,6,front_bands,6,0.7348484848484849,0.01824484027089743,0.3583333333333334,0.039616214413349046,nan,0.0
clamped_lattice,locally_metric_bounded,metric_landmark,vector,temporal_dropout,one_hot,0,lin_sequence_front_bands_r5_l4,5,4,8,front_bands,6,0.8030303030303031,0.025353334137396228,0.4083333333333334,0.05230784942158405,nan,0.0
clamped_lattice,locally_metric_bounded,metric_landmark,vector,temporal_dropout,one_hot,0,lin_sequence_front_bands_r5_l8,5,8,12,front_bands,6,0.7424242424242423,0.015151515151515154,0.4000000000000001,0.028867513459481298,nan,0.0
clamped_lattice,locally_metric_bounded,metric_landmark,vector,temporal_full,one_hot,0,lin_sequence_all_units_r3_l4,3,4,6,all_units,6,0.8257575757575758,0.05171529747235157,0.4416666666666666,0.03961621441334906,nan,0.0
clamped_lattice,locally_metric_bounded,metric_landmark,vector,temporal_full,one_hot,0,lin_sequence_front_bands_r1_l2,1,2,2,front_bands,6,0.7196969696969697,0.037878787878787894,0.30833333333333335,0.03745367509040706,nan,0.0
clamped_lattice,locally_metric_bounded,metric_landmark,vector,temporal_full,one_hot,0,lin_sequence_front_bands_r1_l4,1,4,4,front_bands,6,0.8333333333333334,0.0303030303030303,0.4833333333333334,0.021081851067789197,nan,0.0
clamped_lattice,locally_metric_bounded,metric_landmark,vector,temporal_full,one_hot,0,lin_sequence_front_bands_r1_l8,1,8,8,front_bands,6,0.8030303030303031,0.049329759382120336,0.4833333333333334,0.03574601764921203,nan,0.0
clamped_lattice,locally_metric_bounded,metric_landmark,vector,temporal_full,one_hot,0,lin_sequence_front_bands_r3_l2,3,2,4,front_bands,6,0.8106060606060606,0.04755259038325824,0.43333333333333335,0.044095855184409845,nan,0.0
clamped_lattice,locally_metric_bounded,metric_landmark,vector,temporal_full,one_hot,0,lin_sequence_front_bands_r3_l4,3,4,6,front_bands,6,0.8106060606060606,0.03965531008576485,0.4166666666666667,0.055777335102271716,nan,0.0
clamped_lattice,locally_metric_bounded,metric_landmark,vector,temporal_full,one_hot,0,lin_sequence_front_bands_r3_l8,3,8,10,front_bands,6,0.8106060606060606,0.04608153432044107,0.45,0.07637626158259735,nan,0.0
clamped_lattice,locally_metric_bounded,metric_landmark,vector,temporal_full,one_hot,0,lin_sequence_front_bands_r5_l2,5,2,6,front_bands,6,0.8030303030303031,0.04791329788133909,0.46666666666666673,0.055777335102271716,nan,0.0
clamped_lattice,locally_metric_bounded,metric_landmark,vector,temporal_full,one_hot,0,lin_sequence_front_bands_r5_l4,5,4,8,front_bands,6,0.7575757575757577,0.0433873365553829,0.3833333333333333,0.027888667551135858,nan,0.0
clamped_lattice,locally_metric_bounded,metric_landmark,vector,temporal_full,one_hot,0,lin_sequence_front_bands_r5_l8,5,8,12,front_bands,6,0.8333333333333335,0.0433873365553829,0.45,0.059160797830996176,nan,0.0
landmark_gap_detour,detour_choice,landmark_gap_detour,egocentric_landmark,temporal_cue_then_blank,one_hot,0,lin_sequence_all_units_r3_l4,3,4,6,all_units,6,0.6111111111111112,0.07027283689263067,0.24999999999999997,0.056927504255331114,0.38888888888888884,0.05555555555555556
landmark_gap_detour,detour_choice,landmark_gap_detour,egocentric_landmark,temporal_cue_then_blank,one_hot,0,lin_sequence_front_bands_r1_l2,1,2,2,front_bands,6,0.611111111111111,0.05555555555555556,0.38888888888888884,0.05555555555555556,0.3333333333333333,0.0
landmark_gap_detour,detour_choice,landmark_gap_detour,egocentric_landmark,temporal_cue_then_blank,one_hot,0,lin_sequence_front_bands_r1_l4,1,4,4,front_bands,6,0.8333333333333334,0.0,0.47222222222222215,0.051219691429404926,0.3333333333333333,0.0
landmark_gap_detour,detour_choice,landmark_gap_detour,egocentric_landmark,temporal_cue_then_blank,one_hot,0,lin_sequence_front_bands_r1_l8,1,8,8,front_bands,6,0.7222222222222222,0.05555555555555557,0.4444444444444444,0.11111111111111112,0.5277777777777778,0.02777777777777777
landmark_gap_detour,detour_choice,landmark_gap_detour,egocentric_landmark,temporal_cue_then_blank,one_hot,0,lin_sequence_front_bands_r3_l2,3,2,4,front_bands,6,0.7777777777777778,0.05555555555555557,0.4444444444444444,0.07027283689263066,0.3333333333333333,0.0
landmark_gap_detour,detour_choice,landmark_gap_detour,egocentric_landmark,temporal_cue_then_blank,one_hot,0,lin_sequence_front_bands_r3_l4,3,4,6,front_bands,6,0.8055555555555555,0.02777777777777779,0.49999999999999994,0.07453559924999299,0.5,0.074535599249993
landmark_gap_detour,detour_choice,landmark_gap_detour,egocentric_landmark,temporal_cue_then_blank,one_hot,0,lin_sequence_front_bands_r3_l8,3,8,10,front_bands,6,0.8055555555555557,0.06689774765995721,0.6111111111111112,0.1337954953199144,0.5,0.06085806194501845
landmark_gap_detour,detour_choice,landmark_gap_detour,egocentric_landmark,temporal_cue_then_blank,one_hot,0,lin_sequence_front_bands_r5_l2,5,2,6,front_bands,6,0.7777777777777778,0.03513641844631535,0.47222222222222215,0.0795434503515353,0.4166666666666667,0.0372677996249965
landmark_gap_detour,detour_choice,landmark_gap_detour,egocentric_landmark,temporal_cue_then_blank,one_hot,0,lin_sequence_front_bands_r5_l4,5,4,8,front_bands,6,0.5833333333333334,0.0569275042553311,0.3333333333333333,0.0,0.6666666666666666,0.060858061945018464
landmark_gap_detour,detour_choice,landmark_gap_detour,egocentric_landmark,temporal_cue_then_blank,one_hot,0,lin_sequence_front_bands_r5_l8,5,8,12,front_bands,6,0.6666666666666666,0.04303314829119353,0.4166666666666667,0.08333333333333334,0.5833333333333333,0.03726779962499649
landmark_gap_detour,detour_choice,landmark_gap_detour,egocentric_landmark,temporal_dropout,one_hot,0,lin_sequence_all_units_r3_l4,3,4,6,all_units,6,0.5555555555555555,0.10243938285880988,0.4166666666666667,0.0372677996249965,0.6944444444444443,0.05121969142940494
landmark_gap_detour,detour_choice,landmark_gap_detour,egocentric_landmark,temporal_dropout,one_hot,0,lin_sequence_front_bands_r1_l2,1,2,2,front_bands,6,0.47222222222222215,0.0668977476599572,0.3888888888888889,0.10243938285880985,0.5277777777777778,0.02777777777777777
landmark_gap_detour,detour_choice,landmark_gap_detour,egocentric_landmark,temporal_dropout,one_hot,0,lin_sequence_front_bands_r1_l4,1,4,4,front_bands,6,0.5833333333333334,0.07136240321480627,0.38888888888888884,0.05555555555555556,0.611111111111111,0.08240220541217406
landmark_gap_detour,detour_choice,landmark_gap_detour,egocentric_landmark,temporal_dropout,one_hot,0,lin_sequence_front_bands_r1_l8,1,8,8,front_bands,6,0.8055555555555557,0.0795434503515353,0.5833333333333334,0.11979921473804349,0.5833333333333333,0.03726779962499648
landmark_gap_detour,detour_choice,landmark_gap_detour,egocentric_landmark,temporal_dropout,one_hot,0,lin_sequence_front_bands_r3_l2,3,2,4,front_bands,6,0.4166666666666667,0.11180339887498948,0.3333333333333333,0.060858061945018464,0.611111111111111,0.08240220541217406
landmark_gap_detour,detour_choice,landmark_gap_detour,egocentric_landmark,temporal_dropout,one_hot,0,lin_sequence_front_bands_r3_l4,3,4,6,front_bands,6,0.6944444444444443,0.10900787150193658,0.4444444444444444,0.03513641844631533,0.5,0.04303314829119352
landmark_gap_detour,detour_choice,landmark_gap_detour,egocentric_landmark,temporal_dropout,one_hot,0,lin_sequence_front_bands_r3_l8,3,8,10,front_bands,6,0.6666666666666666,0.09622504486493763,0.38888888888888884,0.035136418446315335,0.6388888888888888,0.05121969142940494
landmark_gap_detour,detour_choice,landmark_gap_detour,egocentric_landmark,temporal_dropout,one_hot,0,lin_sequence_front_bands_r5_l2,5,2,6,front_bands,6,0.5833333333333334,0.056927504255331114,0.38888888888888884,0.035136418446315335,0.611111111111111,0.05555555555555556
landmark_gap_detour,detour_choice,landmark_gap_detour,egocentric_landmark,temporal_dropout,one_hot,0,lin_sequence_front_bands_r5_l4,5,4,8,front_bands,6,0.7222222222222223,0.11111111111111112,0.47222222222222215,0.051219691429404926,0.611111111111111,0.05555555555555556
landmark_gap_detour,detour_choice,landmark_gap_detour,egocentric_landmark,temporal_dropout,one_hot,0,lin_sequence_front_bands_r5_l8,5,8,12,front_bands,6,0.6666666666666666,0.08606629658238704,0.47222222222222215,0.0668977476599572,0.611111111111111,0.03513641844631532
landmark_gap_detour,detour_choice,landmark_gap_detour,egocentric_landmark,temporal_full,one_hot,0,lin_sequence_all_units_r3_l4,3,4,6,all_units,6,0.8333333333333334,0.0,0.47222222222222227,0.051219691429404926,0.3333333333333333,0.0
landmark_gap_detour,detour_choice,landmark_gap_detour,egocentric_landmark,temporal_full,one_hot,0,lin_sequence_front_bands_r1_l2,1,2,2,front_bands,6,0.8333333333333334,0.0,0.5277777777777778,0.051219691429404926,0.3333333333333333,0.0
landmark_gap_detour,detour_choice,landmark_gap_detour,egocentric_landmark,temporal_full,one_hot,0,lin_sequence_front_bands_r1_l4,1,4,4,front_bands,6,0.7777777777777778,0.05555555555555557,0.49999999999999994,0.07453559924999299,0.3333333333333333,0.0
landmark_gap_detour,detour_choice,landmark_gap_detour,egocentric_landmark,temporal_full,one_hot,0,lin_sequence_front_bands_r1_l8,1,8,8,front_bands,6,0.75,0.05692750425533112,0.47222222222222215,0.1090078715019366,0.5277777777777778,0.06689774765995721
landmark_gap_detour,detour_choice,landmark_gap_detour,egocentric_landmark,temporal_full,one_hot,0,lin_sequence_front_bands_r3_l2,3,2,4,front_bands,6,0.8333333333333334,0.0,0.5277777777777778,0.051219691429404926,0.3333333333333333,0.0
landmark_gap_detour,detour_choice,landmark_gap_detour,egocentric_landmark,temporal_full,one_hot,0,lin_sequence_front_bands_r3_l4,3,4,6,front_bands,6,0.8055555555555557,0.02777777777777779,0.4444444444444444,0.07027283689263066,0.3611111111111111,0.05121969142940494
landmark_gap_detour,detour_choice,landmark_gap_detour,egocentric_landmark,temporal_full,one_hot,0,lin_sequence_front_bands_r3_l8,3,8,10,front_bands,6,0.8055555555555555,0.06689774765995721,0.6111111111111112,0.13379549531991441,0.47222222222222215,0.02777777777777778
landmark_gap_detour,detour_choice,landmark_gap_detour,egocentric_landmark,temporal_full,one_hot,0,lin_sequence_front_bands_r5_l2,5,2,6,front_bands,6,0.8333333333333334,0.0,0.4166666666666667,0.0372677996249965,0.4444444444444444,0.08240220541217406
landmark_gap_detour,detour_choice,landmark_gap_detour,egocentric_landmark,temporal_full,one_hot,0,lin_sequence_front_bands_r5_l4,5,4,8,front_bands,6,0.7222222222222222,0.09296222517045286,0.5555555555555556,0.1405456737852613,0.47222222222222215,0.02777777777777778
landmark_gap_detour,detour_choice,landmark_gap_detour,egocentric_landmark,temporal_full,one_hot,0,lin_sequence_front_bands_r5_l8,5,8,12,front_bands,6,0.9166666666666666,0.03726779962499648,0.861111111111111,0.06689774765995721,0.6388888888888888,0.0795434503515353
landmark_gap_detour,detour_choice,landmark_gap_detour,gaussian_sensory,temporal_cue_then_blank,one_hot,0,lin_sequence_all_units_r3_l4,3,4,6,all_units,6,0.611111111111111,0.03513641844631532,0.5277777777777778,0.051219691429404926,1.0,0.0
landmark_gap_detour,detour_choice,landmark_gap_detour,gaussian_sensory,temporal_cue_then_blank,one_hot,0,lin_sequence_front_bands_r1_l2,1,2,2,front_bands,6,0.7222222222222222,0.03513641844631535,0.6944444444444445,0.05121969142940494,1.0,0.0
landmark_gap_detour,detour_choice,landmark_gap_detour,gaussian_sensory,temporal_cue_then_blank,one_hot,0,lin_sequence_front_bands_r1_l4,1,4,4,front_bands,6,0.6944444444444443,0.0795434503515353,0.6666666666666666,0.08606629658238704,1.0,0.0
landmark_gap_detour,detour_choice,landmark_gap_detour,gaussian_sensory,temporal_cue_then_blank,one_hot,0,lin_sequence_front_bands_r1_l8,1,8,8,front_bands,6,0.7222222222222222,0.07027283689263067,0.611111111111111,0.09296222517045286,0.9166666666666666,0.08333333333333334
landmark_gap_detour,detour_choice,landmark_gap_detour,gaussian_sensory,temporal_cue_then_blank,one_hot,0,lin_sequence_front_bands_r3_l2,3,2,4,front_bands,6,0.6111111111111112,0.09296222517045286,0.5833333333333334,0.09378857231185632,1.0,0.0
landmark_gap_detour,detour_choice,landmark_gap_detour,gaussian_sensory,temporal_cue_then_blank,one_hot,0,lin_sequence_front_bands_r3_l4,3,4,6,front_bands,6,0.5833333333333334,0.08333333333333334,0.5555555555555556,0.09296222517045286,1.0,0.0
landmark_gap_detour,detour_choice,landmark_gap_detour,gaussian_sensory,temporal_cue_then_blank,one_hot,0,lin_sequence_front_bands_r3_l8,3,8,10,front_bands,6,0.75,0.09378857231185632,0.7222222222222222,0.09296222517045286,1.0,0.0
landmark_gap_detour,detour_choice,landmark_gap_detour,gaussian_sensory,temporal_cue_then_blank,one_hot,0,lin_sequence_front_bands_r5_l2,5,2,6,front_bands,6,0.5000000000000001,0.074535599249993,0.47222222222222215,0.0795434503515353,1.0,0.0
landmark_gap_detour,detour_choice,landmark_gap_detour,gaussian_sensory,temporal_cue_then_blank,one_hot,0,lin_sequence_front_bands_r5_l4,5,4,8,front_bands,6,0.5277777777777778,0.051219691429404926,0.47222222222222215,0.051219691429404926,1.0,0.0
landmark_gap_detour,detour_choice,landmark_gap_detour,gaussian_sensory,temporal_cue_then_blank,one_hot,0,lin_sequence_front_bands_r5_l8,5,8,12,front_bands,6,0.6944444444444443,0.0668977476599572,0.6388888888888888,0.09043789220055393,0.9444444444444445,0.05555555555555556
landmark_gap_detour,detour_choice,landmark_gap_detour,gaussian_sensory,temporal_dropout,one_hot,0,lin_sequence_all_units_r3_l4,3,4,6,all_units,6,0.6666666666666666,0.12909944487358058,0.5833333333333334,0.11979921473804349,1.0,0.0
landmark_gap_detour,detour_choice,landmark_gap_detour,gaussian_sensory,temporal_dropout,one_hot,0,lin_sequence_front_bands_r1_l2,1,2,2,front_bands,6,0.6944444444444445,0.0795434503515353,0.5833333333333334,0.07136240321480629,1.0,0.0
landmark_gap_detour,detour_choice,landmark_gap_detour,gaussian_sensory,temporal_dropout,one_hot,0,lin_sequence_front_bands_r1_l4,1,4,4,front_bands,6,0.6666666666666666,0.08606629658238706,0.5555555555555555,0.05555555555555556,1.0,0.0
landmark_gap_detour,detour_choice,landmark_gap_detour,gaussian_sensory,temporal_dropout,one_hot,0,lin_sequence_front_bands_r1_l8,1,8,8,front_bands,6,0.7222222222222223,0.07027283689263067,0.6666666666666666,0.074535599249993,0.9444444444444445,0.03513641844631532
landmark_gap_detour,detour_choice,landmark_gap_detour,gaussian_sensory,temporal_dropout,one_hot,0,lin_sequence_front_bands_r3_l2,3,2,4,front_bands,6,0.5555555555555556,0.10243938285880988,0.4166666666666667,0.09378857231185632,1.0,0.0
landmark_gap_detour,detour_choice,landmark_gap_detour,gaussian_sensory,temporal_dropout,one_hot,0,lin_sequence_front_bands_r3_l4,3,4,6,front_bands,6,0.5555555555555555,0.07027283689263064,0.5,0.08606629658238704,1.0,0.0
landmark_gap_detour,detour_choice,landmark_gap_detour,gaussian_sensory,temporal_dropout,one_hot,0,lin_sequence_front_bands_r3_l8,3,8,10,front_bands,6,0.5833333333333333,0.0569275042553311,0.4444444444444445,0.05555555555555556,1.0,0.0
landmark_gap_detour,detour_choice,landmark_gap_detour,gaussian_sensory,temporal_dropout,one_hot,0,lin_sequence_front_bands_r5_l2,5,2,6,front_bands,6,0.5277777777777778,0.0795434503515353,0.38888888888888884,0.07027283689263066,1.0,0.0
landmark_gap_detour,detour_choice,landmark_gap_detour,gaussian_sensory,temporal_dropout,one_hot,0,lin_sequence_front_bands_r5_l4,5,4,8,front_bands,6,0.6388888888888888,0.10900787150193658,0.5833333333333334,0.09378857231185632,1.0,0.0
landmark_gap_detour,detour_choice,landmark_gap_detour,gaussian_sensory,temporal_dropout,one_hot,0,lin_sequence_front_bands_r5_l8,5,8,12,front_bands,6,0.7222222222222222,0.07027283689263066,0.5833333333333333,0.1031898645611484,0.9722222222222223,0.02777777777777777
landmark_gap_detour,detour_choice,landmark_gap_detour,gaussian_sensory,temporal_full,one_hot,0,lin_sequence_all_units_r3_l4,3,4,6,all_units,6,0.6388888888888888,0.1171945728318277,0.5555555555555555,0.1405456737852613,1.0,0.0
landmark_gap_detour,detour_choice,landmark_gap_detour,gaussian_sensory,temporal_full,one_hot,0,lin_sequence_front_bands_r1_l2,1,2,2,front_bands,6,0.7777777777777777,0.05555555555555557,0.5833333333333334,0.11979921473804349,0.9722222222222222,0.027777777777777776
landmark_gap_detour,detour_choice,landmark_gap_detour,gaussian_sensory,temporal_full,one_hot,0,lin_sequence_front_bands_r1_l4,1,4,4,front_bands,6,0.6666666666666666,0.08606629658238704,0.5277777777777778,0.10900787150193658,0.9444444444444445,0.05555555555555557
landmark_gap_detour,detour_choice,landmark_gap_detour,gaussian_sensory,temporal_full,one_hot,0,lin_sequence_front_bands_r1_l8,1,8,8,front_bands,6,0.6944444444444443,0.02777777777777779,0.4166666666666667,0.08333333333333334,1.0,0.0
landmark_gap_detour,detour_choice,landmark_gap_detour,gaussian_sensory,temporal_full,one_hot,0,lin_sequence_front_bands_r3_l2,3,2,4,front_bands,6,0.7222222222222223,0.09296222517045286,0.6111111111111113,0.12668615834434868,1.0,0.0
landmark_gap_detour,detour_choice,landmark_gap_detour,gaussian_sensory,temporal_full,one_hot,0,lin_sequence_front_bands_r3_l4,3,4,6,front_bands,6,0.6388888888888888,0.1171945728318277,0.5833333333333334,0.1343709624716425,1.0,0.0
landmark_gap_detour,detour_choice,landmark_gap_detour,gaussian_sensory,temporal_full,one_hot,0,lin_sequence_front_bands_r3_l8,3,8,10,front_bands,6,0.75,0.03726779962499651,0.5555555555555557,0.10243938285880988,0.9722222222222223,0.02777777777777777
landmark_gap_detour,detour_choice,landmark_gap_detour,gaussian_sensory,temporal_full,one_hot,0,lin_sequence_front_bands_r5_l2,5,2,6,front_bands,6,0.8333333333333334,0.08606629658238704,0.8055555555555555,0.1090078715019366,0.9722222222222223,0.02777777777777777
landmark_gap_detour,detour_choice,landmark_gap_detour,gaussian_sensory,temporal_full,one_hot,0,lin_sequence_front_bands_r5_l4,5,4,8,front_bands,6,0.8611111111111112,0.05121969142940494,0.7777777777777778,0.10243938285880988,1.0,0.0
landmark_gap_detour,detour_choice,landmark_gap_detour,gaussian_sensory,temporal_full,one_hot,0,lin_sequence_front_bands_r5_l8,5,8,12,front_bands,6,0.75,0.07136240321480629,0.5555555555555555,0.11111111111111112,0.9722222222222223,0.02777777777777777
landmark_gap_detour,detour_choice,landmark_gap_detour,hybrid,temporal_cue_then_blank,one_hot,0,lin_sequence_all_units_r3_l4,3,4,6,all_units,6,0.5555555555555555,0.03513641844631532,0.4166666666666667,0.0372677996249965,0.75,0.08333333333333334
landmark_gap_detour,detour_choice,landmark_gap_detour,hybrid,temporal_cue_then_blank,one_hot,0,lin_sequence_front_bands_r1_l2,1,2,2,front_bands,6,0.75,0.03726779962499651,0.7222222222222222,0.05555555555555557,0.8611111111111112,0.02777777777777777
landmark_gap_detour,detour_choice,landmark_gap_detour,hybrid,temporal_cue_then_blank,one_hot,0,lin_sequence_front_bands_r1_l4,1,4,4,front_bands,6,0.5,0.06085806194501845,0.5,0.06085806194501845,0.7222222222222223,0.07027283689263067
landmark_gap_detour,detour_choice,landmark_gap_detour,hybrid,temporal_cue_then_blank,one_hot,0,lin_sequence_front_bands_r1_l8,1,8,8,front_bands,6,0.8055555555555555,0.0795434503515353,0.7222222222222222,0.12668615834434868,0.6666666666666666,0.07453559924999299
landmark_gap_detour,detour_choice,landmark_gap_detour,hybrid,temporal_cue_then_blank,one_hot,0,lin_sequence_front_bands_r3_l2,3,2,4,front_bands,6,0.5,0.06085806194501845,0.4444444444444444,0.05555555555555556,0.8055555555555557,0.05121969142940494
landmark_gap_detour,detour_choice,landmark_gap_detour,hybrid,temporal_cue_then_blank,one_hot,0,lin_sequence_front_bands_r3_l4,3,4,6,front_bands,6,0.5,0.0,0.4444444444444444,0.035136418446315335,0.7777777777777778,0.07027283689263067
landmark_gap_detour,detour_choice,landmark_gap_detour,hybrid,temporal_cue_then_blank,one_hot,0,lin_sequence_front_bands_r3_l8,3,8,10,front_bands,6,0.8611111111111112,0.02777777777777777,0.6944444444444443,0.0795434503515353,0.638888888888889,0.09043789220055394
landmark_gap_detour,detour_choice,landmark_gap_detour,hybrid,temporal_cue_then_blank,one_hot,0,lin_sequence_front_bands_r5_l2,5,2,6,front_bands,6,0.5,0.06085806194501845,0.4166666666666667,0.0372677996249965,0.7222222222222223,0.07027283689263067
landmark_gap_detour,detour_choice,landmark_gap_detour,hybrid,temporal_cue_then_blank,one_hot,0,lin_sequence_front_bands_r5_l4,5,4,8,front_bands,6,0.8055555555555555,0.09043789220055394,0.6944444444444443,0.1388888888888889,0.611111111111111,0.05555555555555556
landmark_gap_detour,detour_choice,landmark_gap_detour,hybrid,temporal_cue_then_blank,one_hot,0,lin_sequence_front_bands_r5_l8,5,8,12,front_bands,6,0.75,0.05692750425533112,0.611111111111111,0.11111111111111115,0.638888888888889,0.09043789220055394
landmark_gap_detour,detour_choice,landmark_gap_detour,hybrid,temporal_dropout,one_hot,0,lin_sequence_all_units_r3_l4,3,4,6,all_units,6,0.4166666666666667,0.0372677996249965,0.25,0.037267799624996496,0.7777777777777778,0.07027283689263066
landmark_gap_detour,detour_choice,landmark_gap_detour,hybrid,temporal_dropout,one_hot,0,lin_sequence_front_bands_r1_l2,1,2,2,front_bands,6,0.5,0.04303314829119352,0.25000000000000006,0.037267799624996496,0.7222222222222223,0.07027283689263066
landmark_gap_detour,detour_choice,landmark_gap_detour,hybrid,temporal_dropout,one_hot,0,lin_sequence_front_bands_r1_l4,1,4,4,front_bands,6,0.6666666666666666,0.04303314829119353,0.3611111111111111,0.09043789220055393,0.75,0.10318986456114843
landmark_gap_detour,detour_choice,landmark_gap_detour,hybrid,temporal_dropout,one_hot,0,lin_sequence_front_bands_r1_l8,1,8,8,front_bands,6,0.6666666666666666,0.09622504486493763,0.5,0.11385500851066223,0.6666666666666666,0.09622504486493763
landmark_gap_detour,detour_choice,landmark_gap_detour,hybrid,temporal_dropout,one_hot,0,lin_sequence_front_bands_r3_l2,3,2,4,front_bands,6,0.5555555555555555,0.05555555555555555,0.3055555555555556,0.0795434503515353,0.7222222222222223,0.05555555555555557
landmark_gap_detour,detour_choice,landmark_gap_detour,hybrid,temporal_dropout,one_hot,0,lin_sequence_front_bands_r3_l4,3,4,6,front_bands,6,0.4444444444444444,0.07027283689263066,0.3055555555555556,0.051219691429404926,0.7222222222222222,0.07027283689263067
landmark_gap_detour,detour_choice,landmark_gap_detour,hybrid,temporal_dropout,one_hot,0,lin_sequence_front_bands_r3_l8,3,8,10,front_bands,6,0.6944444444444443,0.06689774765995721,0.4444444444444444,0.10243938285880988,0.6111111111111112,0.07027283689263066
landmark_gap_detour,detour_choice,landmark_gap_detour,hybrid,temporal_dropout,one_hot,0,lin_sequence_front_bands_r5_l2,5,2,6,front_bands,6,0.5555555555555555,0.05555555555555555,0.25000000000000006,0.037267799624996496,0.7222222222222222,0.05555555555555557
landmark_gap_detour,detour_choice,landmark_gap_detour,hybrid,temporal_dropout,one_hot,0,lin_sequence_front_bands_r5_l4,5,4,8,front_bands,6,0.6666666666666666,0.04303314829119353,0.3055555555555556,0.0668977476599572,0.6666666666666666,0.04303314829119353
landmark_gap_detour,detour_choice,landmark_gap_detour,hybrid,temporal_dropout,one_hot,0,lin_sequence_front_bands_r5_l8,5,8,12,front_bands,6,0.5833333333333334,0.07136240321480629,0.3055555555555555,0.05121969142940494,0.5555555555555555,0.05555555555555556
landmark_gap_detour,detour_choice,landmark_gap_detour,hybrid,temporal_full,one_hot,0,lin_sequence_all_units_r3_l4,3,4,6,all_units,6,0.611111111111111,0.07027283689263067,0.4444444444444444,0.05555555555555556,0.9444444444444445,0.03513641844631532
landmark_gap_detour,detour_choice,landmark_gap_detour,hybrid,temporal_full,one_hot,0,lin_sequence_front_bands_r1_l2,1,2,2,front_bands,6,0.7777777777777777,0.05555555555555557,0.6111111111111112,0.12668615834434868,0.8888888888888888,0.03513641844631532
landmark_gap_detour,detour_choice,landmark_gap_detour,hybrid,temporal_full,one_hot,0,lin_sequence_front_bands_r1_l4,1,4,4,front_bands,6,0.5277777777777778,0.0795434503515353,0.4444444444444444,0.07027283689263066,0.888888888888889,0.03513641844631532
landmark_gap_detour,detour_choice,landmark_gap_detour,hybrid,temporal_full,one_hot,0,lin_sequence_front_bands_r1_l8,1,8,8,front_bands,6,0.6944444444444443,0.06689774765995721,0.47222222222222227,0.10900787150193658,0.861111111111111,0.09043789220055394
landmark_gap_detour,detour_choice,landmark_gap_detour,hybrid,temporal_full,one_hot,0,lin_sequence_front_bands_r3_l2,3,2,4,front_bands,6,0.47222222222222227,0.027777777777777787,0.3333333333333333,0.0,0.8333333333333334,0.0
landmark_gap_detour,detour_choice,landmark_gap_detour,hybrid,temporal_full,one_hot,0,lin_sequence_front_bands_r3_l4,3,4,6,front_bands,6,0.7777777777777778,0.07027283689263066,0.6944444444444445,0.09043789220055394,0.9722222222222223,0.02777777777777777
landmark_gap_detour,detour_choice,landmark_gap_detour,hybrid,temporal_full,one_hot,0,lin_sequence_front_bands_r3_l8,3,8,10,front_bands,6,0.8333333333333334,0.04303314829119353,0.6666666666666666,0.09622504486493763,0.6944444444444443,0.0795434503515353
landmark_gap_detour,detour_choice,landmark_gap_detour,hybrid,temporal_full,one_hot,0,lin_sequence_front_bands_r5_l2,5,2,6,front_bands,6,0.638888888888889,0.09043789220055394,0.5555555555555556,0.07027283689263067,0.8055555555555555,0.05121969142940494
landmark_gap_detour,detour_choice,landmark_gap_detour,hybrid,temporal_full,one_hot,0,lin_sequence_front_bands_r5_l4,5,4,8,front_bands,6,0.7777777777777777,0.08240220541217405,0.611111111111111,0.13379549531991441,0.75,0.07136240321480629
landmark_gap_detour,detour_choice,landmark_gap_detour,hybrid,temporal_full,one_hot,0,lin_sequence_front_bands_r5_l8,5,8,12,front_bands,6,0.8611111111111112,0.05121969142940494,0.7777777777777778,0.10243938285880988,0.75,0.0937885723118563
landmark_gap_detour,detour_choice,landmark_gap_detour,sparse_aliased,temporal_cue_then_blank,one_hot,0,lin_sequence_all_units_r3_l4,3,4,6,all_units,6,0.8333333333333334,0.0,0.47222222222222227,0.051219691429404926,0.4166666666666667,0.0569275042553311
landmark_gap_detour,detour_choice,landmark_gap_detour,sparse_aliased,temporal_cue_then_blank,one_hot,0,lin_sequence_front_bands_r1_l2,1,2,2,front_bands,6,0.6666666666666666,0.0,0.4166666666666667,0.0372677996249965,0.3333333333333333,0.0
landmark_gap_detour,detour_choice,landmark_gap_detour,sparse_aliased,temporal_cue_then_blank,one_hot,0,lin_sequence_front_bands_r1_l4,1,4,4,front_bands,6,0.75,0.08333333333333334,0.47222222222222215,0.0795434503515353,0.4166666666666667,0.0372677996249965
landmark_gap_detour,detour_choice,landmark_gap_detour,sparse_aliased,temporal_cue_then_blank,one_hot,0,lin_sequence_front_bands_r1_l8,1,8,8,front_bands,6,0.7222222222222222,0.03513641844631535,0.4166666666666667,0.0569275042553311,0.5,0.0
landmark_gap_detour,detour_choice,landmark_gap_detour,sparse_aliased,temporal_cue_then_blank,one_hot,0,lin_sequence_front_bands_r3_l2,3,2,4,front_bands,6,0.7222222222222222,0.05555555555555557,0.4444444444444444,0.07027283689263066,0.4444444444444444,0.05555555555555556
landmark_gap_detour,detour_choice,landmark_gap_detour,sparse_aliased,temporal_cue_then_blank,one_hot,0,lin_sequence_front_bands_r3_l4,3,4,6,front_bands,6,0.7777777777777778,0.05555555555555557,0.4444444444444444,0.07027283689263066,0.3055555555555555,0.02777777777777778
landmark_gap_detour,detour_choice,landmark_gap_detour,sparse_aliased,temporal_cue_then_blank,one_hot,0,lin_sequence_front_bands_r3_l8,3,8,10,front_bands,6,0.8333333333333334,0.074535599249993,0.6666666666666666,0.149071198499986,0.5555555555555556,0.09296222517045287
landmark_gap_detour,detour_choice,landmark_gap_detour,sparse_aliased,temporal_cue_then_blank,one_hot,0,lin_sequence_front_bands_r5_l2,5,2,6,front_bands,6,0.8333333333333334,0.0,0.47222222222222227,0.051219691429404926,0.5,0.04303314829119352
landmark_gap_detour,detour_choice,landmark_gap_detour,sparse_aliased,temporal_cue_then_blank,one_hot,0,lin_sequence_front_bands_r5_l4,5,4,8,front_bands,6,0.7777777777777778,0.07027283689263066,0.6666666666666666,0.11385500851066223,0.7777777777777778,0.08240220541217405
landmark_gap_detour,detour_choice,landmark_gap_detour,sparse_aliased,temporal_cue_then_blank,one_hot,0,lin_sequence_front_bands_r5_l8,5,8,12,front_bands,6,0.75,0.05692750425533112,0.5,0.11385500851066223,0.5833333333333334,0.056927504255331114
landmark_gap_detour,detour_choice,landmark_gap_detour,sparse_aliased,temporal_dropout,one_hot,0,lin_sequence_all_units_r3_l4,3,4,6,all_units,6,0.5,0.04303314829119352,0.3333333333333333,0.04303314829119352,0.6944444444444445,0.0795434503515353
landmark_gap_detour,detour_choice,landmark_gap_detour,sparse_aliased,temporal_dropout,one_hot,0,lin_sequence_front_bands_r1_l2,1,2,2,front_bands,6,0.6111111111111112,0.07027283689263067,0.5000000000000001,0.105409255338946,0.611111111111111,0.08240220541217406
landmark_gap_detour,detour_choice,landmark_gap_detour,sparse_aliased,temporal_dropout,one_hot,0,lin_sequence_front_bands_r1_l4,1,4,4,front_bands,6,0.611111111111111,0.07027283689263066,0.5277777777777778,0.09043789220055394,0.6666666666666666,0.04303314829119353
landmark_gap_detour,detour_choice,landmark_gap_detour,sparse_aliased,temporal_dropout,one_hot,0,lin_sequence_front_bands_r1_l8,1,8,8,front_bands,6,0.7222222222222222,0.07027283689263067,0.6388888888888888,0.09043789220055393,0.6388888888888888,0.027777777777777776
landmark_gap_detour,detour_choice,landmark_gap_detour,sparse_aliased,temporal_dropout,one_hot,0,lin_sequence_front_bands_r3_l2,3,2,4,front_bands,6,0.6666666666666666,0.060858061945018464,0.5555555555555556,0.08240220541217405,0.5833333333333333,0.03726779962499648
landmark_gap_detour,detour_choice,landmark_gap_detour,sparse_aliased,temporal_dropout,one_hot,0,lin_sequence_front_bands_r3_l4,3,4,6,front_bands,6,0.5555555555555556,0.07027283689263066,0.47222222222222215,0.10015420209622194,0.6666666666666666,0.04303314829119353
landmark_gap_detour,detour_choice,landmark_gap_detour,sparse_aliased,temporal_dropout,one_hot,0,lin_sequence_front_bands_r3_l8,3,8,10,front_bands,6,0.8055555555555557,0.0795434503515353,0.6111111111111112,0.11111111111111112,0.5555555555555555,0.09296222517045284
landmark_gap_detour,detour_choice,landmark_gap_detour,sparse_aliased,temporal_dropout,one_hot,0,lin_sequence_front_bands_r5_l2,5,2,6,front_bands,6,0.5833333333333333,0.03726779962499648,0.4444444444444444,0.08240220541217405,0.6666666666666666,0.08606629658238706
landmark_gap_detour,detour_choice,landmark_gap_detour,sparse_aliased,temporal_dropout,one_hot,0,lin_sequence_front_bands_r5_l4,5,4,8,front_bands,6,0.611111111111111,0.11111111111111115,0.5,0.14272480642961258,0.6388888888888888,0.0795434503515353
landmark_gap_detour,detour_choice,landmark_gap_detour,sparse_aliased,temporal_dropout,one_hot,0,lin_sequence_front_bands_r5_l8,5,8,12,front_bands,6,0.6944444444444443,0.0795434503515353,0.47222222222222227,0.1248455836346902,0.5277777777777778,0.027777777777777776
landmark_gap_detour,detour_choice,landmark_gap_detour,sparse_aliased,temporal_full,one_hot,0,lin_sequence_all_units_r3_l4,3,4,6,all_units,6,0.8333333333333334,0.0,0.5277777777777778,0.051219691429404926,0.3333333333333333,0.04303314829119352
landmark_gap_detour,detour_choice,landmark_gap_detour,sparse_aliased,temporal_full,one_hot,0,lin_sequence_front_bands_r1_l2,1,2,2,front_bands,6,0.8333333333333334,0.0,0.47222222222222227,0.051219691429404926,0.3333333333333333,0.0
landmark_gap_detour,detour_choice,landmark_gap_detour,sparse_aliased,temporal_full,one_hot,0,lin_sequence_front_bands_r1_l4,1,4,4,front_bands,6,0.7222222222222223,0.07027283689263067,0.4444444444444444,0.05555555555555556,0.3611111111111111,0.027777777777777787
landmark_gap_detour,detour_choice,landmark_gap_detour,sparse_aliased,temporal_full,one_hot,0,lin_sequence_front_bands_r1_l8,1,8,8,front_bands,6,0.888888888888889,0.07027283689263067,0.7777777777777777,0.1405456737852613,0.5,0.0
landmark_gap_detour,detour_choice,landmark_gap_detour,sparse_aliased,temporal_full,one_hot,0,lin_sequence_front_bands_r3_l2,3,2,4,front_bands,6,0.8333333333333334,0.0,0.5277777777777778,0.051219691429404926,0.3333333333333333,0.0
landmark_gap_detour,detour_choice,landmark_gap_detour,sparse_aliased,temporal_full,one_hot,0,lin_sequence_front_bands_r3_l4,3,4,6,front_bands,6,0.7222222222222222,0.08240220541217405,0.38888888888888884,0.07027283689263066,0.4444444444444445,0.035136418446315335
landmark_gap_detour,detour_choice,landmark_gap_detour,sparse_aliased,temporal_full,one_hot,0,lin_sequence_front_bands_r3_l8,3,8,10,front_bands,6,0.9166666666666666,0.056927504255331114,0.8333333333333334,0.11385500851066223,0.6111111111111112,0.10243938285880988
landmark_gap_detour,detour_choice,landmark_gap_detour,sparse_aliased,temporal_full,one_hot,0,lin_sequence_front_bands_r5_l2,5,2,6,front_bands,6,0.7777777777777778,0.03513641844631535,0.4166666666666667,0.07136240321480627,0.38888888888888884,0.07027283689263066
landmark_gap_detour,detour_choice,landmark_gap_detour,sparse_aliased,temporal_full,one_hot,0,lin_sequence_front_bands_r5_l4,5,4,8,front_bands,6,0.8333333333333334,0.105409255338946,0.8055555555555555,0.1248455836346902,0.611111111111111,0.09296222517045286
landmark_gap_detour,detour_choice,landmark_gap_detour,sparse_aliased,temporal_full,one_hot,0,lin_sequence_front_bands_r5_l8,5,8,12,front_bands,6,0.8055555555555555,0.06689774765995721,0.611111111111111,0.13379549531991441,0.5555555555555556,0.05555555555555557
landmark_gap_detour,detour_choice,landmark_gap_detour,vector,temporal_cue_then_blank,one_hot,0,lin_sequence_all_units_r3_l4,3,4,6,all_units,6,0.4444444444444444,0.08240220541217406,0.4166666666666667,0.0569275042553311,0.638888888888889,0.09043789220055394
landmark_gap_detour,detour_choice,landmark_gap_detour,vector,temporal_cue_then_blank,one_hot,0,lin_sequence_front_bands_r1_l2,1,2,2,front_bands,6,0.5555555555555556,0.05555555555555557,0.4166666666666667,0.08333333333333336,0.8611111111111112,0.02777777777777777
landmark_gap_detour,detour_choice,landmark_gap_detour,vector,temporal_cue_then_blank,one_hot,0,lin_sequence_front_bands_r1_l4,1,4,4,front_bands,6,0.638888888888889,0.10015420209622194,0.5833333333333334,0.1031898645611484,0.8055555555555557,0.02777777777777779
landmark_gap_detour,detour_choice,landmark_gap_detour,vector,temporal_cue_then_blank,one_hot,0,lin_sequence_front_bands_r1_l8,1,8,8,front_bands,6,0.7777777777777778,0.10243938285880988,0.638888888888889,0.1248455836346902,0.5555555555555555,0.03513641844631532
landmark_gap_detour,detour_choice,landmark_gap_detour,vector,temporal_cue_then_blank,one_hot,0,lin_sequence_front_bands_r3_l2,3,2,4,front_bands,6,0.5277777777777778,0.0668977476599572,0.3333333333333333,0.0,0.6944444444444443,0.0795434503515353
landmark_gap_detour,detour_choice,landmark_gap_detour,vector,temporal_cue_then_blank,one_hot,0,lin_sequence_front_bands_r3_l4,3,4,6,front_bands,6,0.5277777777777778,0.0795434503515353,0.4166666666666667,0.0569275042553311,0.7222222222222222,0.03513641844631535
landmark_gap_detour,detour_choice,landmark_gap_detour,vector,temporal_cue_then_blank,one_hot,0,lin_sequence_front_bands_r3_l8,3,8,10,front_bands,6,0.861111111111111,0.06689774765995721,0.75,0.1343709624716425,0.6666666666666666,0.060858061945018464
landmark_gap_detour,detour_choice,landmark_gap_detour,vector,temporal_cue_then_blank,one_hot,0,lin_sequence_front_bands_r5_l2,5,2,6,front_bands,6,0.611111111111111,0.03513641844631532,0.4444444444444444,0.05555555555555556,0.7777777777777778,0.05555555555555556
landmark_gap_detour,detour_choice,landmark_gap_detour,vector,temporal_cue_then_blank,one_hot,0,lin_sequence_front_bands_r5_l4,5,4,8,front_bands,6,0.8888888888888888,0.05555555555555556,0.7777777777777777,0.11915339216404011,0.611111111111111,0.05555555555555556
landmark_gap_detour,detour_choice,landmark_gap_detour,vector,temporal_cue_then_blank,one_hot,0,lin_sequence_front_bands_r5_l8,5,8,12,front_bands,6,0.7777777777777778,0.05555555555555557,0.6111111111111112,0.12668615834434868,0.611111111111111,0.05555555555555556
landmark_gap_detour,detour_choice,landmark_gap_detour,vector,temporal_dropout,one_hot,0,lin_sequence_all_units_r3_l4,3,4,6,all_units,6,0.38888888888888884,0.07027283689263066,0.27777777777777773,0.03513641844631533,0.8055555555555557,0.0668977476599572
landmark_gap_detour,detour_choice,landmark_gap_detour,vector,temporal_dropout,one_hot,0,lin_sequence_front_bands_r1_l2,1,2,2,front_bands,6,0.3333333333333333,0.074535599249993,0.25000000000000006,0.037267799624996496,0.8333333333333334,0.0
landmark_gap_detour,detour_choice,landmark_gap_detour,vector,temporal_dropout,one_hot,0,lin_sequence_front_bands_r1_l4,1,4,4,front_bands,6,0.5,0.06085806194501845,0.4444444444444444,0.03513641844631533,0.888888888888889,0.05555555555555556
landmark_gap_detour,detour_choice,landmark_gap_detour,vector,temporal_dropout,one_hot,0,lin_sequence_front_bands_r1_l8,1,8,8,front_bands,6,0.9166666666666666,0.03726779962499648,0.888888888888889,0.05555555555555556,0.5277777777777778,0.0795434503515353
landmark_gap_detour,detour_choice,landmark_gap_detour,vector,temporal_dropout,one_hot,0,lin_sequence_front_bands_r3_l2,3,2,4,front_bands,6,0.38888888888888884,0.08240220541217405,0.2777777777777778,0.03513641844631533,0.8055555555555555,0.06689774765995721
landmark_gap_detour,detour_choice,landmark_gap_detour,vector,temporal_dropout,one_hot,0,lin_sequence_front_bands_r3_l4,3,4,6,front_bands,6,0.4166666666666667,0.0372677996249965,0.3333333333333333,0.04303314829119352,0.8333333333333334,0.04303314829119353
landmark_gap_detour,detour_choice,landmark_gap_detour,vector,temporal_dropout,one_hot,0,lin_sequence_front_bands_r3_l8,3,8,10,front_bands,6,0.8055555555555555,0.0795434503515353,0.75,0.0937885723118563,0.5555555555555556,0.07027283689263066
landmark_gap_detour,detour_choice,landmark_gap_detour,vector,temporal_dropout,one_hot,0,lin_sequence_front_bands_r5_l2,5,2,6,front_bands,6,0.4444444444444444,0.03513641844631533,0.24999999999999997,0.056927504255331114,0.5555555555555555,0.05555555555555555
landmark_gap_detour,detour_choice,landmark_gap_detour,vector,temporal_dropout,one_hot,0,lin_sequence_front_bands_r5_l4,5,4,8,front_bands,6,0.6666666666666666,0.08606629658238704,0.49999999999999994,0.12909944487358055,0.6666666666666666,0.06085806194501848
landmark_gap_detour,detour_choice,landmark_gap_detour,vector,temporal_dropout,one_hot,0,lin_sequence_front_bands_r5_l8,5,8,12,front_bands,6,0.7222222222222223,0.07027283689263066,0.4444444444444444,0.09296222517045286,0.638888888888889,0.06689774765995721
landmark_gap_detour,detour_choice,landmark_gap_detour,vector,temporal_full,one_hot,0,lin_sequence_all_units_r3_l4,3,4,6,all_units,6,0.5,0.06085806194501845,0.38888888888888884,0.035136418446315335,0.9444444444444445,0.03513641844631532
landmark_gap_detour,detour_choice,landmark_gap_detour,vector,temporal_full,one_hot,0,lin_sequence_front_bands_r1_l2,1,2,2,front_bands,6,0.5,0.0,0.3333333333333333,0.0,0.9444444444444445,0.03513641844631532
landmark_gap_detour,detour_choice,landmark_gap_detour,vector,temporal_full,one_hot,0,lin_sequence_front_bands_r1_l4,1,4,4,front_bands,6,0.47222222222222227,0.051219691429404926,0.3333333333333333,0.0,0.8055555555555555,0.02777777777777779
landmark_gap_detour,detour_choice,landmark_gap_detour,vector,temporal_full,one_hot,0,lin_sequence_front_bands_r1_l8,1,8,8,front_bands,6,0.8333333333333334,0.08606629658238704,0.75,0.1343709624716425,0.8333333333333334,0.074535599249993
landmark_gap_detour,detour_choice,landmark_gap_detour,vector,temporal_full,one_hot,0,lin_sequence_front_bands_r3_l2,3,2,4,front_bands,6,0.38888888888888884,0.035136418446315335,0.3333333333333333,0.0,0.9166666666666666,0.03726779962499648
landmark_gap_detour,detour_choice,landmark_gap_detour,vector,temporal_full,one_hot,0,lin_sequence_front_bands_r3_l4,3,4,6,front_bands,6,0.5277777777777778,0.0668977476599572,0.3333333333333333,0.0,0.9444444444444445,0.05555555555555557
landmark_gap_detour,detour_choice,landmark_gap_detour,vector,temporal_full,one_hot,0,lin_sequence_front_bands_r3_l8,3,8,10,front_bands,6,0.9166666666666666,0.03726779962499649,0.8055555555555555,0.09043789220055393,0.9444444444444445,0.05555555555555556
landmark_gap_detour,detour_choice,landmark_gap_detour,vector,temporal_full,one_hot,0,lin_sequence_front_bands_r5_l2,5,2,6,front_bands,6,0.4444444444444444,0.035136418446315335,0.3611111111111111,0.027777777777777787,0.8611111111111112,0.02777777777777777
landmark_gap_detour,detour_choice,landmark_gap_detour,vector,temporal_full,one_hot,0,lin_sequence_front_bands_r5_l4,5,4,8,front_bands,6,0.7777777777777778,0.07027283689263066,0.638888888888889,0.10900787150193658,0.8611111111111112,0.06689774765995721
landmark_gap_detour,detour_choice,landmark_gap_detour,vector,temporal_full,one_hot,0,lin_sequence_front_bands_r5_l8,5,8,12,front_bands,6,0.8333333333333334,0.060858061945018464,0.6944444444444443,0.10900787150193658,0.8055555555555555,0.06689774765995721
room_graph_bottleneck,bottleneck,room_graph_navigation,egocentric_landmark,temporal_cue_then_blank,one_hot,0,lin_sequence_all_units_r3_l4,3,4,6,all_units,6,0.6944444444444443,0.016724436914989316,0.15,0.0316227766016838,nan,0.0
room_graph_bottleneck,bottleneck,room_graph_navigation,egocentric_landmark,temporal_cue_then_blank,one_hot,0,lin_sequence_front_bands_r1_l2,1,2,2,front_bands,6,0.6805555555555555,0.025609845714702463,0.11666666666666668,0.021081851067789193,nan,0.0
room_graph_bottleneck,bottleneck,room_graph_navigation,egocentric_landmark,temporal_cue_then_blank,one_hot,0,lin_sequence_front_bands_r1_l4,1,4,4,front_bands,6,0.7222222222222222,0.02616867177974552,0.11666666666666668,0.021081851067789193,nan,0.0
room_graph_bottleneck,bottleneck,room_graph_navigation,egocentric_landmark,temporal_cue_then_blank,one_hot,0,lin_sequence_front_bands_r1_l8,1,8,8,front_bands,6,0.6944444444444443,0.027777777777777776,0.18333333333333335,0.021081851067789197,nan,0.0
room_graph_bottleneck,bottleneck,room_graph_navigation,egocentric_landmark,temporal_cue_then_blank,one_hot,0,lin_sequence_front_bands_r3_l2,3,2,4,front_bands,6,0.736111111111111,0.026715811196765755,0.15,0.02886751345948129,nan,0.0
room_graph_bottleneck,bottleneck,room_graph_navigation,egocentric_landmark,temporal_cue_then_blank,one_hot,0,lin_sequence_front_bands_r3_l4,3,4,6,front_bands,6,0.6736111111111112,0.024453912307859735,0.1416666666666667,0.04166666666666667,nan,0.0
room_graph_bottleneck,bottleneck,room_graph_navigation,egocentric_landmark,temporal_cue_then_blank,one_hot,0,lin_sequence_front_bands_r3_l8,3,8,10,front_bands,6,0.6944444444444443,0.018373272993504105,0.13333333333333333,0.021081851067789197,nan,0.0
room_graph_bottleneck,bottleneck,room_graph_navigation,egocentric_landmark,temporal_cue_then_blank,one_hot,0,lin_sequence_front_bands_r5_l2,5,2,6,front_bands,6,0.6979166666666666,0.040522484613597656,0.13333333333333333,0.021081851067789197,nan,0.0
room_graph_bottleneck,bottleneck,room_graph_navigation,egocentric_landmark,temporal_cue_then_blank,one_hot,0,lin_sequence_front_bands_r5_l4,5,4,8,front_bands,6,0.701388888888889,0.02385495005183009,0.13333333333333333,0.016666666666666666,nan,0.0
room_graph_bottleneck,bottleneck,room_graph_navigation,egocentric_landmark,temporal_cue_then_blank,one_hot,0,lin_sequence_front_bands_r5_l8,5,8,12,front_bands,6,0.670138888888889,0.02764726282971443,0.08333333333333333,0.021081851067789197,nan,0.0
room_graph_bottleneck,bottleneck,room_graph_navigation,egocentric_landmark,temporal_dropout,one_hot,0,lin_sequence_all_units_r3_l4,3,4,6,all_units,6,0.7222222222222223,0.020600551353043513,0.08333333333333333,0.021081851067789197,nan,0.0
room_graph_bottleneck,bottleneck,room_graph_navigation,egocentric_landmark,temporal_dropout,one_hot,0,lin_sequence_front_bands_r1_l2,1,2,2,front_bands,6,0.7118055555555557,0.006402461428675609,0.13333333333333333,0.03333333333333333,nan,0.0
room_graph_bottleneck,bottleneck,room_graph_navigation,egocentric_landmark,temporal_dropout,one_hot,0,lin_sequence_front_bands_r1_l4,1,4,4,front_bands,6,0.7361111111111112,0.017568209223157674,0.15,0.01290994448735806,nan,0.0
room_graph_bottleneck,bottleneck,room_graph_navigation,egocentric_landmark,temporal_dropout,one_hot,0,lin_sequence_front_bands_r1_l8,1,8,8,front_bands,6,0.6666666666666666,0.020126912147485323,0.10000000000000002,0.0223606797749979,nan,0.0
room_graph_bottleneck,bottleneck,room_graph_navigation,egocentric_landmark,temporal_dropout,one_hot,0,lin_sequence_front_bands_r3_l2,3,2,4,front_bands,6,0.7152777777777777,0.019885862587883815,0.13333333333333333,0.010540925533894597,nan,0.0
room_graph_bottleneck,bottleneck,room_graph_navigation,egocentric_landmark,temporal_dropout,one_hot,0,lin_sequence_front_bands_r3_l4,3,4,6,front_bands,6,0.7152777777777778,0.023854950051830102,0.11666666666666665,0.010540925533894597,nan,0.0
room_graph_bottleneck,bottleneck,room_graph_navigation,egocentric_landmark,temporal_dropout,one_hot,0,lin_sequence_front_bands_r3_l8,3,8,10,front_bands,6,0.6875,0.03042903097250924,0.09166666666666667,0.039616214413349046,nan,0.0
room_graph_bottleneck,bottleneck,room_graph_navigation,egocentric_landmark,temporal_dropout,one_hot,0,lin_sequence_front_bands_r5_l2,5,2,6,front_bands,6,0.7013888888888888,0.010300275676521753,0.125,0.021408720964441883,nan,0.0
room_graph_bottleneck,bottleneck,room_graph_navigation,egocentric_landmark,temporal_dropout,one_hot,0,lin_sequence_front_bands_r5_l4,5,4,8,front_bands,6,0.6944444444444445,0.033013512011124214,0.14166666666666666,0.008333333333333331,nan,0.0
room_graph_bottleneck,bottleneck,room_graph_navigation,egocentric_landmark,temporal_dropout,one_hot,0,lin_sequence_front_bands_r5_l8,5,8,12,front_bands,6,0.6527777777777778,0.011620278146306603,0.11666666666666668,0.03574601764921203,nan,0.0
room_graph_bottleneck,bottleneck,room_graph_navigation,egocentric_landmark,temporal_full,one_hot,0,lin_sequence_all_units_r3_l4,3,4,6,all_units,6,0.7256944444444445,0.01560569795433628,0.10833333333333334,0.01536590742882148,nan,0.0
room_graph_bottleneck,bottleneck,room_graph_navigation,egocentric_landmark,temporal_full,one_hot,0,lin_sequence_front_bands_r1_l2,1,2,2,front_bands,6,0.7430555555555555,0.013888888888888885,0.09166666666666667,0.01536590742882148,nan,0.0
room_graph_bottleneck,bottleneck,room_graph_navigation,egocentric_landmark,temporal_full,one_hot,0,lin_sequence_front_bands_r1_l4,1,4,4,front_bands,6,0.732638888888889,0.014649321603978466,0.1416666666666667,0.030046260628866582,nan,0.0
room_graph_bottleneck,bottleneck,room_graph_navigation,egocentric_landmark,temporal_full,one_hot,0,lin_sequence_front_bands_r1_l8,1,8,8,front_bands,6,0.7395833333333334,0.012898733070143558,0.13333333333333333,0.02472066162365221,nan,0.0
room_graph_bottleneck,bottleneck,room_graph_navigation,egocentric_landmark,temporal_full,one_hot,0,lin_sequence_front_bands_r3_l2,3,2,4,front_bands,6,0.7430555555555557,0.006944444444444438,0.15833333333333335,0.030046260628866582,nan,0.0
room_graph_bottleneck,bottleneck,room_graph_navigation,egocentric_landmark,temporal_full,one_hot,0,lin_sequence_front_bands_r3_l4,3,4,6,front_bands,6,0.7361111111111112,0.019144512155680863,0.13333333333333333,0.021081851067789197,nan,0.0
room_graph_bottleneck,bottleneck,room_graph_navigation,egocentric_landmark,temporal_full,one_hot,0,lin_sequence_front_bands_r3_l8,3,8,10,front_bands,6,0.7430555555555555,0.022609473050138475,0.10833333333333332,0.01536590742882148,nan,0.0
room_graph_bottleneck,bottleneck,room_graph_navigation,egocentric_landmark,temporal_full,one_hot,0,lin_sequence_front_bands_r5_l2,5,2,6,front_bands,6,0.7569444444444443,0.014894174020505016,0.11666666666666668,0.016666666666666666,nan,0.0
room_graph_bottleneck,bottleneck,room_graph_navigation,egocentric_landmark,temporal_full,one_hot,0,lin_sequence_front_bands_r5_l4,5,4,8,front_bands,6,0.7743055555555555,0.012519275262027743,0.17500000000000002,0.03354101966249684,nan,0.0
room_graph_bottleneck,bottleneck,room_graph_navigation,egocentric_landmark,temporal_full,one_hot,0,lin_sequence_front_bands_r5_l8,5,8,12,front_bands,6,0.7222222222222223,0.03472222222222222,0.125,0.03818813079129867,nan,0.0
room_graph_bottleneck,bottleneck,room_graph_navigation,gaussian_sensory,temporal_cue_then_blank,one_hot,0,lin_sequence_all_units_r3_l4,3,4,6,all_units,6,0.7152777777777778,0.01756820922315766,0.15,0.01290994448735806,nan,0.0
room_graph_bottleneck,bottleneck,room_graph_navigation,gaussian_sensory,temporal_cue_then_blank,one_hot,0,lin_sequence_front_bands_r1_l2,1,2,2,front_bands,6,0.6666666666666666,0.028463752127665543,0.125,0.01707825127659933,nan,0.0
room_graph_bottleneck,bottleneck,room_graph_navigation,gaussian_sensory,temporal_cue_then_blank,one_hot,0,lin_sequence_front_bands_r1_l4,1,4,4,front_bands,6,0.71875,0.021347814095749165,0.13333333333333333,0.010540925533894597,nan,0.0
room_graph_bottleneck,bottleneck,room_graph_navigation,gaussian_sensory,temporal_cue_then_blank,one_hot,0,lin_sequence_front_bands_r1_l8,1,8,8,front_bands,6,0.6423611111111112,0.014649321603978475,0.1416666666666667,0.023863035105460593,nan,0.0
room_graph_bottleneck,bottleneck,room_graph_navigation,gaussian_sensory,temporal_cue_then_blank,one_hot,0,lin_sequence_front_bands_r3_l2,3,2,4,front_bands,6,0.6770833333333334,0.02065899275089378,0.14166666666666664,0.01536590742882148,nan,0.0
room_graph_bottleneck,bottleneck,room_graph_navigation,gaussian_sensory,temporal_cue_then_blank,one_hot,0,lin_sequence_front_bands_r3_l4,3,4,6,front_bands,6,0.7465277777777777,0.025468223362350356,0.15833333333333335,0.02713136766016618,nan,0.0
room_graph_bottleneck,bottleneck,room_graph_navigation,gaussian_sensory,temporal_cue_then_blank,one_hot,0,lin_sequence_front_bands_r3_l8,3,8,10,front_bands,6,0.673611111111111,0.03554578858908257,0.14166666666666664,0.020069324297987162,nan,0.0
room_graph_bottleneck,bottleneck,room_graph_navigation,gaussian_sensory,temporal_cue_then_blank,one_hot,0,lin_sequence_front_bands_r5_l2,5,2,6,front_bands,6,0.7291666666666666,0.02344714307796408,0.11666666666666668,0.02472066162365221,nan,0.0
room_graph_bottleneck,bottleneck,room_graph_navigation,gaussian_sensory,temporal_cue_then_blank,one_hot,0,lin_sequence_front_bands_r5_l4,5,4,8,front_bands,6,0.7361111111111112,0.023240556292613207,0.17500000000000002,0.021408720964441883,nan,0.0
room_graph_bottleneck,bottleneck,room_graph_navigation,gaussian_sensory,temporal_cue_then_blank,one_hot,0,lin_sequence_front_bands_r5_l8,5,8,12,front_bands,6,0.642361111111111,0.009942931293941913,0.11666666666666668,0.03073181485764296,nan,0.0
room_graph_bottleneck,bottleneck,room_graph_navigation,gaussian_sensory,temporal_dropout,one_hot,0,lin_sequence_all_units_r3_l4,3,4,6,all_units,6,0.7013888888888888,0.016724436914989295,0.13333333333333333,0.021081851067789197,nan,0.0
room_graph_bottleneck,bottleneck,room_graph_navigation,gaussian_sensory,temporal_dropout,one_hot,0,lin_sequence_front_bands_r1_l2,1,2,2,front_bands,6,0.6909722222222223,0.025468223362350346,0.15,0.03651483716701108,nan,0.0
room_graph_bottleneck,bottleneck,room_graph_navigation,gaussian_sensory,temporal_dropout,one_hot,0,lin_sequence_front_bands_r1_l4,1,4,4,front_bands,6,0.6770833333333334,0.010416666666666675,0.09166666666666666,0.01536590742882148,nan,0.0
room_graph_bottleneck,bottleneck,room_graph_navigation,gaussian_sensory,temporal_dropout,one_hot,0,lin_sequence_front_bands_r1_l8,1,8,8,front_bands,6,0.6666666666666666,0.017840600803701565,0.10000000000000002,0.02886751345948129,nan,0.0
room_graph_bottleneck,bottleneck,room_graph_navigation,gaussian_sensory,temporal_dropout,one_hot,0,lin_sequence_front_bands_r3_l2,3,2,4,front_bands,6,0.6493055555555555,0.012519275262027743,0.11666666666666665,0.016666666666666666,nan,0.0
room_graph_bottleneck,bottleneck,room_graph_navigation,gaussian_sensory,temporal_dropout,one_hot,0,lin_sequence_front_bands_r3_l4,3,4,6,front_bands,6,0.7083333333333334,0.02689571768199596,0.15,0.01290994448735806,nan,0.0
room_graph_bottleneck,bottleneck,room_graph_navigation,gaussian_sensory,temporal_dropout,one_hot,0,lin_sequence_front_bands_r3_l8,3,8,10,front_bands,6,0.65625,0.022015093727982448,0.10833333333333334,0.02386303510546059,nan,0.0
room_graph_bottleneck,bottleneck,room_graph_navigation,gaussian_sensory,temporal_dropout,one_hot,0,lin_sequence_front_bands_r5_l2,5,2,6,front_bands,6,0.6805555555555555,0.016724436914989305,0.13333333333333336,0.027888667551135858,nan,0.0
room_graph_bottleneck,bottleneck,room_graph_navigation,gaussian_sensory,temporal_dropout,one_hot,0,lin_sequence_front_bands_r5_l4,5,4,8,front_bands,6,0.6805555555555555,0.019885862587883833,0.1416666666666667,0.027131367660166186,nan,0.0
room_graph_bottleneck,bottleneck,room_graph_navigation,gaussian_sensory,temporal_dropout,one_hot,0,lin_sequence_front_bands_r5_l8,5,8,12,front_bands,6,0.7152777777777778,0.03903741478487556,0.15833333333333333,0.020069324297987162,nan,0.0
room_graph_bottleneck,bottleneck,room_graph_navigation,gaussian_sensory,temporal_full,one_hot,0,lin_sequence_all_units_r3_l4,3,4,6,all_units,6,0.7569444444444445,0.012804922857351232,0.125,0.017078251276599336,nan,0.0
room_graph_bottleneck,bottleneck,room_graph_navigation,gaussian_sensory,temporal_full,one_hot,0,lin_sequence_front_bands_r1_l2,1,2,2,front_bands,6,0.736111111111111,0.01583576979304358,0.125,0.011180339887498947,nan,0.0
room_graph_bottleneck,bottleneck,room_graph_navigation,gaussian_sensory,temporal_full,one_hot,0,lin_sequence_front_bands_r1_l4,1,4,4,front_bands,6,0.7326388888888888,0.023084402970270368,0.15,0.02886751345948129,nan,0.0
room_graph_bottleneck,bottleneck,room_graph_navigation,gaussian_sensory,temporal_full,one_hot,0,lin_sequence_front_bands_r1_l8,1,8,8,front_bands,6,0.7118055555555555,0.03419742292290315,0.16666666666666666,0.021081851067789197,nan,0.0
room_graph_bottleneck,bottleneck,room_graph_navigation,gaussian_sensory,temporal_full,one_hot,0,lin_sequence_front_bands_r3_l2,3,2,4,front_bands,6,0.7256944444444443,0.01895464453327247,0.15,0.025819888974716113,nan,0.0
room_graph_bottleneck,bottleneck,room_graph_navigation,gaussian_sensory,temporal_full,one_hot,0,lin_sequence_front_bands_r3_l4,3,4,6,front_bands,6,0.704861111111111,0.015605697954336266,0.10833333333333334,0.008333333333333331,nan,0.0
room_graph_bottleneck,bottleneck,room_graph_navigation,gaussian_sensory,temporal_full,one_hot,0,lin_sequence_front_bands_r3_l8,3,8,10,front_bands,6,0.7118055555555557,0.01650675600556211,0.13333333333333333,0.04216370213557839,nan,0.0
room_graph_bottleneck,bottleneck,room_graph_navigation,gaussian_sensory,temporal_full,one_hot,0,lin_sequence_front_bands_r5_l2,5,2,6,front_bands,6,0.7361111111111112,0.019144512155680866,0.10833333333333334,0.02386303510546059,nan,0.0
room_graph_bottleneck,bottleneck,room_graph_navigation,gaussian_sensory,temporal_full,one_hot,0,lin_sequence_front_bands_r5_l4,5,4,8,front_bands,6,0.71875,0.01497490184225544,0.15833333333333335,0.030046260628866582,nan,0.0
room_graph_bottleneck,bottleneck,room_graph_navigation,gaussian_sensory,temporal_full,one_hot,0,lin_sequence_front_bands_r5_l8,5,8,12,front_bands,6,0.7048611111111112,0.018954644533272474,0.15,0.01825741858350554,nan,0.0
room_graph_bottleneck,bottleneck,room_graph_navigation,hybrid,temporal_cue_then_blank,one_hot,0,lin_sequence_all_units_r3_l4,3,4,6,all_units,6,0.7152777777777778,0.023854950051830102,0.15000000000000002,0.01825741858350554,nan,0.0
room_graph_bottleneck,bottleneck,room_graph_navigation,hybrid,temporal_cue_then_blank,one_hot,0,lin_sequence_front_bands_r1_l2,1,2,2,front_bands,6,0.6979166666666666,0.020658992750893782,0.13333333333333333,0.010540925533894597,nan,0.0
room_graph_bottleneck,bottleneck,room_graph_navigation,hybrid,temporal_cue_then_blank,one_hot,0,lin_sequence_front_bands_r1_l4,1,4,4,front_bands,6,0.6944444444444443,0.014894174020505016,0.11666666666666665,0.016666666666666666,nan,0.0
room_graph_bottleneck,bottleneck,room_graph_navigation,hybrid,temporal_cue_then_blank,one_hot,0,lin_sequence_front_bands_r1_l8,1,8,8,front_bands,6,0.7222222222222223,0.024453912307859735,0.1416666666666667,0.020069324297987162,nan,0.0
room_graph_bottleneck,bottleneck,room_graph_navigation,hybrid,temporal_cue_then_blank,one_hot,0,lin_sequence_front_bands_r3_l2,3,2,4,front_bands,6,0.7291666666666666,0.015214515486254621,0.12499999999999999,0.011180339887498947,nan,0.0
room_graph_bottleneck,bottleneck,room_graph_navigation,hybrid,temporal_cue_then_blank,one_hot,0,lin_sequence_front_bands_r3_l4,3,4,6,front_bands,6,0.704861111111111,0.020424223847017697,0.15,0.01825741858350554,nan,0.0
room_graph_bottleneck,bottleneck,room_graph_navigation,hybrid,temporal_cue_then_blank,one_hot,0,lin_sequence_front_bands_r3_l8,3,8,10,front_bands,6,0.7395833333333334,0.025656879447098855,0.16666666666666666,0.0510990323891863,nan,0.0
room_graph_bottleneck,bottleneck,room_graph_navigation,hybrid,temporal_cue_then_blank,one_hot,0,lin_sequence_front_bands_r5_l2,5,2,6,front_bands,6,0.7256944444444443,0.021120703230202147,0.15000000000000002,0.03651483716701107,nan,0.0
room_graph_bottleneck,bottleneck,room_graph_navigation,hybrid,temporal_cue_then_blank,one_hot,0,lin_sequence_front_bands_r5_l4,5,4,8,front_bands,6,0.7604166666666666,0.019207384286026852,0.17499999999999996,0.011180339887498952,nan,0.0
room_graph_bottleneck,bottleneck,room_graph_navigation,hybrid,temporal_cue_then_blank,one_hot,0,lin_sequence_front_bands_r5_l8,5,8,12,front_bands,6,0.6840277777777777,0.02816569415371284,0.15,0.03651483716701107,nan,0.0
room_graph_bottleneck,bottleneck,room_graph_navigation,hybrid,temporal_dropout,one_hot,0,lin_sequence_all_units_r3_l4,3,4,6,all_units,6,0.7152777777777778,0.024453912307859725,0.13333333333333333,0.02788866755113585,nan,0.0
room_graph_bottleneck,bottleneck,room_graph_navigation,hybrid,temporal_dropout,one_hot,0,lin_sequence_front_bands_r1_l2,1,2,2,front_bands,6,0.7430555555555555,0.016724436914989285,0.09999999999999999,0.0223606797749979,nan,0.0
room_graph_bottleneck,bottleneck,room_graph_navigation,hybrid,temporal_dropout,one_hot,0,lin_sequence_front_bands_r1_l4,1,4,4,front_bands,6,0.7048611111111112,0.019703140220987653,0.16666666666666666,0.010540925533894603,nan,0.0
room_graph_bottleneck,bottleneck,room_graph_navigation,hybrid,temporal_dropout,one_hot,0,lin_sequence_front_bands_r1_l8,1,8,8,front_bands,6,0.642361111111111,0.012519275262027743,0.11666666666666668,0.04216370213557839,nan,0.0
room_graph_bottleneck,bottleneck,room_graph_navigation,hybrid,temporal_dropout,one_hot,0,lin_sequence_front_bands_r3_l2,3,2,4,front_bands,6,0.7256944444444445,0.02308440297027037,0.11666666666666668,0.027888667551135858,nan,0.0
room_graph_bottleneck,bottleneck,room_graph_navigation,hybrid,temporal_dropout,one_hot,0,lin_sequence_front_bands_r3_l4,3,4,6,front_bands,6,0.7222222222222223,0.013888888888888893,0.17499999999999996,0.02813657169355689,nan,0.0
room_graph_bottleneck,bottleneck,room_graph_navigation,hybrid,temporal_dropout,one_hot,0,lin_sequence_front_bands_r3_l8,3,8,10,front_bands,6,0.6527777777777778,0.032125093072834385,0.09166666666666667,0.020069324297987162,nan,0.0
room_graph_bottleneck,bottleneck,room_graph_navigation,hybrid,temporal_dropout,one_hot,0,lin_sequence_front_bands_r5_l2,5,2,6,front_bands,6,0.7395833333333334,0.025656879447098848,0.15833333333333333,0.030046260628866582,nan,0.0
room_graph_bottleneck,bottleneck,room_graph_navigation,hybrid,temporal_dropout,one_hot,0,lin_sequence_front_bands_r5_l4,5,4,8,front_bands,6,0.7291666666666666,0.03136552719621171,0.15833333333333333,0.02713136766016618,nan,0.0
room_graph_bottleneck,bottleneck,room_graph_navigation,hybrid,temporal_dropout,one_hot,0,lin_sequence_front_bands_r5_l8,5,8,12,front_bands,6,0.7083333333333334,0.025797466140287106,0.17500000000000004,0.028136571693556895,nan,0.0
room_graph_bottleneck,bottleneck,room_graph_navigation,hybrid,temporal_full,one_hot,0,lin_sequence_all_units_r3_l4,3,4,6,all_units,6,0.7256944444444443,0.02603009001943238,0.06666666666666667,0.021081851067789197,nan,0.0
room_graph_bottleneck,bottleneck,room_graph_navigation,hybrid,temporal_full,one_hot,0,lin_sequence_front_bands_r1_l2,1,2,2,front_bands,6,0.75,0.01521451548625462,0.05833333333333333,0.01536590742882148,nan,0.0
room_graph_bottleneck,bottleneck,room_graph_navigation,hybrid,temporal_full,one_hot,0,lin_sequence_front_bands_r1_l4,1,4,4,front_bands,6,0.7222222222222222,0.006944444444444435,0.10833333333333334,0.027131367660166186,nan,0.0
room_graph_bottleneck,bottleneck,room_graph_navigation,hybrid,temporal_full,one_hot,0,lin_sequence_front_bands_r1_l8,1,8,8,front_bands,6,0.7083333333333334,0.019394777838567974,0.15833333333333333,0.037453675090407056,nan,0.0
room_graph_bottleneck,bottleneck,room_graph_navigation,hybrid,temporal_full,one_hot,0,lin_sequence_front_bands_r3_l2,3,2,4,front_bands,6,0.7395833333333334,0.014974901842255427,0.10833333333333332,0.02386303510546059,nan,0.0
room_graph_bottleneck,bottleneck,room_graph_navigation,hybrid,temporal_full,one_hot,0,lin_sequence_front_bands_r3_l4,3,4,6,front_bands,6,0.7361111111111112,0.023240556292613207,0.08333333333333333,0.02472066162365221,nan,0.0
room_graph_bottleneck,bottleneck,room_graph_navigation,hybrid,temporal_full,one_hot,0,lin_sequence_front_bands_r3_l8,3,8,10,front_bands,6,0.7291666666666665,0.023447143077964073,0.125,0.011180339887498947,nan,0.0
room_graph_bottleneck,bottleneck,room_graph_navigation,hybrid,temporal_full,one_hot,0,lin_sequence_front_bands_r5_l2,5,2,6,front_bands,6,0.7569444444444445,0.013888888888888885,0.09999999999999999,0.018257418583505537,nan,0.0
room_graph_bottleneck,bottleneck,room_graph_navigation,hybrid,temporal_full,one_hot,0,lin_sequence_front_bands_r5_l4,5,4,8,front_bands,6,0.75,0.009316949906249124,0.17500000000000002,0.017078251276599336,nan,0.0
room_graph_bottleneck,bottleneck,room_graph_navigation,hybrid,temporal_full,one_hot,0,lin_sequence_front_bands_r5_l8,5,8,12,front_bands,6,0.7152777777777777,0.006944444444444435,0.11666666666666668,0.02472066162365221,nan,0.0
room_graph_bottleneck,bottleneck,room_graph_navigation,sparse_aliased,temporal_cue_then_blank,one_hot,0,lin_sequence_all_units_r3_l4,3,4,6,all_units,6,0.767361111111111,0.020424223847017697,0.15,0.01825741858350554,nan,0.0
room_graph_bottleneck,bottleneck,room_graph_navigation,sparse_aliased,temporal_cue_then_blank,one_hot,0,lin_sequence_front_bands_r1_l2,1,2,2,front_bands,6,0.6875,0.02151657414559677,0.13333333333333333,0.010540925533894597,nan,0.0
room_graph_bottleneck,bottleneck,room_graph_navigation,sparse_aliased,temporal_cue_then_blank,one_hot,0,lin_sequence_front_bands_r1_l4,1,4,4,front_bands,6,0.701388888888889,0.02978834804101003,0.15,0.01290994448735806,nan,0.0
room_graph_bottleneck,bottleneck,room_graph_navigation,sparse_aliased,temporal_cue_then_blank,one_hot,0,lin_sequence_front_bands_r1_l8,1,8,8,front_bands,6,0.6840277777777778,0.02112070323020216,0.15833333333333335,0.020069324297987162,nan,0.0
room_graph_bottleneck,bottleneck,room_graph_navigation,sparse_aliased,temporal_cue_then_blank,one_hot,0,lin_sequence_front_bands_r3_l2,3,2,4,front_bands,6,0.701388888888889,0.02880061299073295,0.15,0.01290994448735806,nan,0.0
room_graph_bottleneck,bottleneck,room_graph_navigation,sparse_aliased,temporal_cue_then_blank,one_hot,0,lin_sequence_front_bands_r3_l4,3,4,6,front_bands,6,0.7569444444444445,0.02725196787548415,0.16666666666666666,0.010540925533894603,nan,0.0
room_graph_bottleneck,bottleneck,room_graph_navigation,sparse_aliased,temporal_cue_then_blank,one_hot,0,lin_sequence_front_bands_r3_l8,3,8,10,front_bands,6,0.673611111111111,0.015835769793043596,0.09999999999999999,0.018257418583505537,nan,0.0
room_graph_bottleneck,bottleneck,room_graph_navigation,sparse_aliased,temporal_cue_then_blank,one_hot,0,lin_sequence_front_bands_r5_l2,5,2,6,front_bands,6,0.7395833333333334,0.028336396893198834,0.125,0.02813657169355689,nan,0.0
room_graph_bottleneck,bottleneck,room_graph_navigation,sparse_aliased,temporal_cue_then_blank,one_hot,0,lin_sequence_front_bands_r5_l4,5,4,8,front_bands,6,0.7256944444444445,0.01817535045597557,0.17500000000000002,0.021408720964441883,nan,0.0
room_graph_bottleneck,bottleneck,room_graph_navigation,sparse_aliased,temporal_cue_then_blank,one_hot,0,lin_sequence_front_bands_r5_l8,5,8,12,front_bands,6,0.6875,0.01423187606383277,0.075,0.01118033988749895,nan,0.0
room_graph_bottleneck,bottleneck,room_graph_navigation,sparse_aliased,temporal_dropout,one_hot,0,lin_sequence_all_units_r3_l4,3,4,6,all_units,6,0.673611111111111,0.013888888888888888,0.10833333333333332,0.008333333333333331,nan,0.0
room_graph_bottleneck,bottleneck,room_graph_navigation,sparse_aliased,temporal_dropout,one_hot,0,lin_sequence_front_bands_r1_l2,1,2,2,front_bands,6,0.6805555555555557,0.01030027567652176,0.13333333333333336,0.021081851067789197,nan,0.0
room_graph_bottleneck,bottleneck,room_graph_navigation,sparse_aliased,temporal_dropout,one_hot,0,lin_sequence_front_bands_r1_l4,1,4,4,front_bands,6,0.6875,0.0120281306081172,0.11666666666666668,0.03073181485764296,nan,0.0
room_graph_bottleneck,bottleneck,room_graph_navigation,sparse_aliased,temporal_dropout,one_hot,0,lin_sequence_front_bands_r1_l8,1,8,8,front_bands,6,0.673611111111111,0.017568209223157664,0.09999999999999999,0.0316227766016838,nan,0.0
room_graph_bottleneck,bottleneck,room_graph_navigation,sparse_aliased,temporal_dropout,one_hot,0,lin_sequence_front_bands_r3_l2,3,2,4,front_bands,6,0.6875,0.017840600803701576,0.15,0.0223606797749979,nan,0.0
room_graph_bottleneck,bottleneck,room_graph_navigation,sparse_aliased,temporal_dropout,one_hot,0,lin_sequence_front_bands_r3_l4,3,4,6,front_bands,6,0.7083333333333334,0.022178776975932374,0.10833333333333334,0.027131367660166186,nan,0.0
room_graph_bottleneck,bottleneck,room_graph_navigation,sparse_aliased,temporal_dropout,one_hot,0,lin_sequence_front_bands_r3_l8,3,8,10,front_bands,6,0.7013888888888888,0.021291263495494286,0.11666666666666668,0.02472066162365221,nan,0.0
room_graph_bottleneck,bottleneck,room_graph_navigation,sparse_aliased,temporal_dropout,one_hot,0,lin_sequence_front_bands_r5_l2,5,2,6,front_bands,6,0.6979166666666669,0.014974901842255436,0.14166666666666666,0.008333333333333331,nan,0.0
room_graph_bottleneck,bottleneck,room_graph_navigation,sparse_aliased,temporal_dropout,one_hot,0,lin_sequence_front_bands_r5_l4,5,4,8,front_bands,6,0.6527777777777778,0.016724436914989295,0.15833333333333335,0.039616214413349046,nan,0.0
room_graph_bottleneck,bottleneck,room_graph_navigation,sparse_aliased,temporal_dropout,one_hot,0,lin_sequence_front_bands_r5_l8,5,8,12,front_bands,6,0.6736111111111112,0.019885862587883826,0.14166666666666666,0.035158371849548314,nan,0.0
room_graph_bottleneck,bottleneck,room_graph_navigation,sparse_aliased,temporal_full,one_hot,0,lin_sequence_all_units_r3_l4,3,4,6,all_units,6,0.7395833333333334,0.013975424859373684,0.125,0.011180339887498947,nan,0.0
room_graph_bottleneck,bottleneck,room_graph_navigation,sparse_aliased,temporal_full,one_hot,0,lin_sequence_front_bands_r1_l2,1,2,2,front_bands,6,0.7361111111111112,0.01280492285735124,0.08333333333333333,0.016666666666666666,nan,0.0
room_graph_bottleneck,bottleneck,room_graph_navigation,sparse_aliased,temporal_full,one_hot,0,lin_sequence_front_bands_r1_l4,1,4,4,front_bands,6,0.701388888888889,0.01583576979304358,0.05833333333333333,0.020069324297987162,nan,0.0
room_graph_bottleneck,bottleneck,room_graph_navigation,sparse_aliased,temporal_full,one_hot,0,lin_sequence_front_bands_r1_l8,1,8,8,front_bands,6,0.7256944444444445,0.02711892248578701,0.13333333333333336,0.021081851067789197,nan,0.0
room_graph_bottleneck,bottleneck,room_graph_navigation,sparse_aliased,temporal_full,one_hot,0,lin_sequence_front_bands_r3_l2,3,2,4,front_bands,6,0.6979166666666666,0.014974901842255445,0.09166666666666667,0.01536590742882148,nan,0.0
room_graph_bottleneck,bottleneck,room_graph_navigation,sparse_aliased,temporal_full,one_hot,0,lin_sequence_front_bands_r3_l4,3,4,6,front_bands,6,0.7291666666666666,0.025230419617479093,0.1416666666666667,0.02386303510546059,nan,0.0
room_graph_bottleneck,bottleneck,room_graph_navigation,sparse_aliased,temporal_full,one_hot,0,lin_sequence_front_bands_r3_l8,3,8,10,front_bands,6,0.7256944444444445,0.012519275262027743,0.17500000000000002,0.017078251276599336,nan,0.0
room_graph_bottleneck,bottleneck,room_graph_navigation,sparse_aliased,temporal_full,one_hot,0,lin_sequence_front_bands_r5_l2,5,2,6,front_bands,6,0.7291666666666666,0.007607257743127301,0.09999999999999999,0.018257418583505537,nan,0.0
room_graph_bottleneck,bottleneck,room_graph_navigation,sparse_aliased,temporal_full,one_hot,0,lin_sequence_front_bands_r5_l4,5,4,8,front_bands,6,0.7256944444444443,0.01650675600556211,0.13333333333333333,0.02472066162365221,nan,0.0
room_graph_bottleneck,bottleneck,room_graph_navigation,sparse_aliased,temporal_full,one_hot,0,lin_sequence_front_bands_r5_l8,5,8,12,front_bands,6,0.7083333333333334,0.01075828707279838,0.11666666666666668,0.03073181485764296,nan,0.0
room_graph_bottleneck,bottleneck,room_graph_navigation,vector,temporal_cue_then_blank,one_hot,0,lin_sequence_all_units_r3_l4,3,4,6,all_units,6,0.7986111111111112,0.024453912307859732,0.14166666666666666,0.01536590742882148,nan,0.0
room_graph_bottleneck,bottleneck,room_graph_navigation,vector,temporal_cue_then_blank,one_hot,0,lin_sequence_front_bands_r1_l2,1,2,2,front_bands,6,0.6979166666666666,0.030783555915696547,0.15,0.0,nan,0.0
room_graph_bottleneck,bottleneck,room_graph_navigation,vector,temporal_cue_then_blank,one_hot,0,lin_sequence_front_bands_r1_l4,1,4,4,front_bands,6,0.7638888888888888,0.036350700911951125,0.15833333333333335,0.008333333333333337,nan,0.0
room_graph_bottleneck,bottleneck,room_graph_navigation,vector,temporal_cue_then_blank,one_hot,0,lin_sequence_front_bands_r1_l8,1,8,8,front_bands,6,0.7083333333333334,0.01784060080370157,0.15,0.01825741858350554,nan,0.0
room_graph_bottleneck,bottleneck,room_graph_navigation,vector,temporal_cue_then_blank,one_hot,0,lin_sequence_front_bands_r3_l2,3,2,4,front_bands,6,0.7256944444444443,0.00994293129394191,0.10833333333333332,0.02006932429798716,nan,0.0
room_graph_bottleneck,bottleneck,room_graph_navigation,vector,temporal_cue_then_blank,one_hot,0,lin_sequence_front_bands_r3_l4,3,4,6,front_bands,6,0.7638888888888888,0.02445391230785973,0.18333333333333335,0.021081851067789197,nan,0.0
room_graph_bottleneck,bottleneck,room_graph_navigation,vector,temporal_cue_then_blank,one_hot,0,lin_sequence_front_bands_r3_l8,3,8,10,front_bands,6,0.71875,0.02782114670001407,0.20833333333333334,0.037453675090407056,nan,0.0
room_graph_bottleneck,bottleneck,room_graph_navigation,vector,temporal_cue_then_blank,one_hot,0,lin_sequence_front_bands_r5_l2,5,2,6,front_bands,6,0.7222222222222223,0.019144512155680863,0.14166666666666666,0.023863035105460593,nan,0.0
room_graph_bottleneck,bottleneck,room_graph_navigation,vector,temporal_cue_then_blank,one_hot,0,lin_sequence_front_bands_r5_l4,5,4,8,front_bands,6,0.7465277777777777,0.027118922485787005,0.14166666666666666,0.01536590742882148,nan,0.0
room_graph_bottleneck,bottleneck,room_graph_navigation,vector,temporal_cue_then_blank,one_hot,0,lin_sequence_front_bands_r5_l8,5,8,12,front_bands,6,0.7048611111111112,0.01736111111111111,0.15,0.02886751345948129,nan,0.0
room_graph_bottleneck,bottleneck,room_graph_navigation,vector,temporal_dropout,one_hot,0,lin_sequence_all_units_r3_l4,3,4,6,all_units,6,0.704861111111111,0.013625983937742078,0.17500000000000002,0.03354101966249684,nan,0.0
room_graph_bottleneck,bottleneck,room_graph_navigation,vector,temporal_dropout,one_hot,0,lin_sequence_front_bands_r1_l2,1,2,2,front_bands,6,0.6805555555555555,0.03257233166544048,0.18333333333333335,0.03333333333333333,nan,0.0
room_graph_bottleneck,bottleneck,room_graph_navigation,vector,temporal_dropout,one_hot,0,lin_sequence_front_bands_r1_l4,1,4,4,front_bands,6,0.7152777777777778,0.019144512155680877,0.12499999999999999,0.01707825127659933,nan,0.0
room_graph_bottleneck,bottleneck,room_graph_navigation,vector,temporal_dropout,one_hot,0,lin_sequence_front_bands_r1_l8,1,8,8,front_bands,6,0.71875,0.01497490184225544,0.10833333333333332,0.023863035105460593,nan,0.0
room_graph_bottleneck,bottleneck,room_graph_navigation,vector,temporal_dropout,one_hot,0,lin_sequence_front_bands_r3_l2,3,2,4,front_bands,6,0.7152777777777778,0.021960261528947072,0.15,0.0,nan,0.0
room_graph_bottleneck,bottleneck,room_graph_navigation,vector,temporal_dropout,one_hot,0,lin_sequence_front_bands_r3_l4,3,4,6,front_bands,6,0.6909722222222222,0.02112070323020216,0.10833333333333334,0.030046260628866582,nan,0.0
room_graph_bottleneck,bottleneck,room_graph_navigation,vector,temporal_dropout,one_hot,0,lin_sequence_front_bands_r3_l8,3,8,10,front_bands,6,0.6840277777777778,0.03419742292290315,0.09166666666666667,0.030046260628866582,nan,0.0
room_graph_bottleneck,bottleneck,room_graph_navigation,vector,temporal_dropout,one_hot,0,lin_sequence_front_bands_r5_l2,5,2,6,front_bands,6,0.7222222222222223,0.019144512155680863,0.11666666666666668,0.016666666666666666,nan,0.0
room_graph_bottleneck,bottleneck,room_graph_navigation,vector,temporal_dropout,one_hot,0,lin_sequence_front_bands_r5_l4,5,4,8,front_bands,6,0.7118055555555555,0.047329331142746504,0.10833333333333334,0.02386303510546059,nan,0.0
room_graph_bottleneck,bottleneck,room_graph_navigation,vector,temporal_dropout,one_hot,0,lin_sequence_front_bands_r5_l8,5,8,12,front_bands,6,0.6805555555555555,0.026168671779745512,0.12500000000000003,0.03593976442141305,nan,0.0
room_graph_bottleneck,bottleneck,room_graph_navigation,vector,temporal_full,one_hot,0,lin_sequence_all_units_r3_l4,3,4,6,all_units,6,0.7604166666666666,0.015911721163041122,0.1416666666666667,0.03270236145058098,nan,0.0
room_graph_bottleneck,bottleneck,room_graph_navigation,vector,temporal_full,one_hot,0,lin_sequence_front_bands_r1_l2,1,2,2,front_bands,6,0.7256944444444443,0.016506756005562097,0.10833333333333332,0.035158371849548314,nan,0.0
room_graph_bottleneck,bottleneck,room_graph_navigation,vector,temporal_full,one_hot,0,lin_sequence_front_bands_r1_l4,1,4,4,front_bands,6,0.7534722222222223,0.02042422384701771,0.13333333333333333,0.027888667551135858,nan,0.0
room_graph_bottleneck,bottleneck,room_graph_navigation,vector,temporal_full,one_hot,0,lin_sequence_front_bands_r1_l8,1,8,8,front_bands,6,0.7291666666666666,0.01701034543599429,0.15000000000000002,0.03651483716701107,nan,0.0
room_graph_bottleneck,bottleneck,room_graph_navigation,vector,temporal_full,one_hot,0,lin_sequence_front_bands_r3_l2,3,2,4,front_bands,6,0.7569444444444445,0.008784104611578834,0.13333333333333333,0.021081851067789197,nan,0.0
room_graph_bottleneck,bottleneck,room_graph_navigation,vector,temporal_full,one_hot,0,lin_sequence_front_bands_r3_l4,3,4,6,front_bands,6,0.7638888888888888,0.021291263495494286,0.12500000000000003,0.03593976442141305,nan,0.0
room_graph_bottleneck,bottleneck,room_graph_navigation,vector,temporal_full,one_hot,0,lin_sequence_front_bands_r3_l8,3,8,10,front_bands,6,0.7395833333333334,0.014974901842255426,0.19166666666666665,0.05230784942158406,nan,0.0
room_graph_bottleneck,bottleneck,room_graph_navigation,vector,temporal_full,one_hot,0,lin_sequence_front_bands_r5_l2,5,2,6,front_bands,6,0.732638888888889,0.015605697954336263,0.17500000000000002,0.03354101966249684,nan,0.0
room_graph_bottleneck,bottleneck,room_graph_navigation,vector,temporal_full,one_hot,0,lin_sequence_front_bands_r5_l4,5,4,8,front_bands,6,0.7291666666666666,0.021516574145596764,0.15833333333333335,0.03745367509040706,nan,0.0
room_graph_bottleneck,bottleneck,room_graph_navigation,vector,temporal_full,one_hot,0,lin_sequence_front_bands_r5_l8,5,8,12,front_bands,6,0.7118055555555555,0.014649321603978466,0.14166666666666666,0.01536590742882148,nan,0.0
room_graph_loop_rich,loop_rich,room_graph_navigation,egocentric_landmark,temporal_cue_then_blank,one_hot,0,lin_sequence_all_units_r3_l4,3,4,6,all_units,6,0.6129032258064516,0.022036453260128167,0.16666666666666666,0.02788866755113585,nan,0.0
room_graph_loop_rich,loop_rich,room_graph_navigation,egocentric_landmark,temporal_cue_then_blank,one_hot,0,lin_sequence_front_bands_r1_l2,1,2,2,front_bands,6,0.5591397849462366,0.03786412228313766,0.15833333333333335,0.015365907428821483,nan,0.0
room_graph_loop_rich,loop_rich,room_graph_navigation,egocentric_landmark,temporal_cue_then_blank,one_hot,0,lin_sequence_front_bands_r1_l4,1,4,4,front_bands,6,0.510752688172043,0.012947951159991703,0.12500000000000003,0.021408720964441883,nan,0.0
room_graph_loop_rich,loop_rich,room_graph_navigation,egocentric_landmark,temporal_cue_then_blank,one_hot,0,lin_sequence_front_bands_r1_l8,1,8,8,front_bands,6,0.5161290322580646,0.039944463701089714,0.125,0.021408720964441883,nan,0.0
room_graph_loop_rich,loop_rich,room_graph_navigation,egocentric_landmark,temporal_cue_then_blank,one_hot,0,lin_sequence_front_bands_r3_l2,3,2,4,front_bands,6,0.575268817204301,0.01294795115999173,0.125,0.021408720964441883,nan,0.0
room_graph_loop_rich,loop_rich,room_graph_navigation,egocentric_landmark,temporal_cue_then_blank,one_hot,0,lin_sequence_front_bands_r3_l4,3,4,6,front_bands,6,0.5591397849462365,0.03296711767044278,0.13333333333333333,0.024720661623652215,nan,0.0
room_graph_loop_rich,loop_rich,room_graph_navigation,egocentric_landmark,temporal_cue_then_blank,one_hot,0,lin_sequence_front_bands_r3_l8,3,8,10,front_bands,6,0.5053763440860215,0.032967117670442775,0.08333333333333333,0.021081851067789197,nan,0.0
room_graph_loop_rich,loop_rich,room_graph_navigation,egocentric_landmark,temporal_cue_then_blank,one_hot,0,lin_sequence_front_bands_r5_l2,5,2,6,front_bands,6,0.5698924731182795,0.025895902319983434,0.19166666666666665,0.02386303510546059,nan,0.0
room_graph_loop_rich,loop_rich,room_graph_navigation,egocentric_landmark,temporal_cue_then_blank,one_hot,0,lin_sequence_front_bands_r5_l4,5,4,8,front_bands,6,0.5591397849462365,0.017992688742668295,0.20833333333333334,0.030046260628866582,nan,0.0
room_graph_loop_rich,loop_rich,room_graph_navigation,egocentric_landmark,temporal_cue_then_blank,one_hot,0,lin_sequence_front_bands_r5_l8,5,8,12,front_bands,6,0.543010752688172,0.034759634140310997,0.11666666666666665,0.027888667551135858,nan,0.0
room_graph_loop_rich,loop_rich,room_graph_navigation,egocentric_landmark,temporal_dropout,one_hot,0,lin_sequence_all_units_r3_l4,3,4,6,all_units,6,0.5698924731182795,0.03079101303930398,0.15,0.03415650255319867,nan,0.0
room_graph_loop_rich,loop_rich,room_graph_navigation,egocentric_landmark,temporal_dropout,one_hot,0,lin_sequence_front_bands_r1_l2,1,2,2,front_bands,6,0.5806451612903226,0.049275007472643455,0.1416666666666667,0.02713136766016618,nan,0.0
room_graph_loop_rich,loop_rich,room_graph_navigation,egocentric_landmark,temporal_dropout,one_hot,0,lin_sequence_front_bands_r1_l4,1,4,4,front_bands,6,0.510752688172043,0.04956744331877897,0.1416666666666667,0.030046260628866582,nan,0.0
room_graph_loop_rich,loop_rich,room_graph_navigation,egocentric_landmark,temporal_dropout,one_hot,0,lin_sequence_front_bands_r1_l8,1,8,8,front_bands,6,0.4946236559139785,0.015948813950743358,0.11666666666666668,0.03073181485764296,nan,0.0
room_graph_loop_rich,loop_rich,room_graph_navigation,egocentric_landmark,temporal_dropout,one_hot,0,lin_sequence_front_bands_r3_l2,3,2,4,front_bands,6,0.4838709677419355,0.04080358271185007,0.14166666666666664,0.0597448277631164,nan,0.0
room_graph_loop_rich,loop_rich,room_graph_navigation,egocentric_landmark,temporal_dropout,one_hot,0,lin_sequence_front_bands_r3_l4,3,4,6,front_bands,6,0.532258064516129,0.043875711318501424,0.13333333333333333,0.03333333333333334,nan,0.0
room_graph_loop_rich,loop_rich,room_graph_navigation,egocentric_landmark,temporal_dropout,one_hot,0,lin_sequence_front_bands_r3_l8,3,8,10,front_bands,6,0.510752688172043,0.057353270335890695,0.08333333333333333,0.02472066162365221,nan,0.0
room_graph_loop_rich,loop_rich,room_graph_navigation,egocentric_landmark,temporal_dropout,one_hot,0,lin_sequence_front_bands_r5_l2,5,2,6,front_bands,6,0.5537634408602151,0.03763440860215054,0.11666666666666668,0.021081851067789193,nan,0.0
room_graph_loop_rich,loop_rich,room_graph_navigation,egocentric_landmark,temporal_dropout,one_hot,0,lin_sequence_front_bands_r5_l4,5,4,8,front_bands,6,0.478494623655914,0.03763440860215054,0.11666666666666668,0.03333333333333334,nan,0.0
room_graph_loop_rich,loop_rich,room_graph_navigation,egocentric_landmark,temporal_dropout,one_hot,0,lin_sequence_front_bands_r5_l8,5,8,12,front_bands,6,0.489247311827957,0.038545050169752515,0.06666666666666667,0.021081851067789197,nan,0.0
room_graph_loop_rich,loop_rich,room_graph_navigation,egocentric_landmark,temporal_full,one_hot,0,lin_sequence_all_units_r3_l4,3,4,6,all_units,6,0.6559139784946236,0.03500821633569831,0.17500000000000002,0.03593976442141304,nan,0.0
room_graph_loop_rich,loop_rich,room_graph_navigation,egocentric_landmark,temporal_full,one_hot,0,lin_sequence_front_bands_r1_l2,1,2,2,front_bands,6,0.7204301075268816,0.027202388474566703,0.26666666666666666,0.07710022337480253,nan,0.0
room_graph_loop_rich,loop_rich,room_graph_navigation,egocentric_landmark,temporal_full,one_hot,0,lin_sequence_front_bands_r1_l4,1,4,4,front_bands,6,0.6397849462365591,0.022682820548095676,0.15833333333333333,0.04166666666666667,nan,0.0
room_graph_loop_rich,loop_rich,room_graph_navigation,egocentric_landmark,temporal_full,one_hot,0,lin_sequence_front_bands_r1_l8,1,8,8,front_bands,6,0.6129032258064516,0.027624156083150827,0.19166666666666665,0.02386303510546059,nan,0.0
room_graph_loop_rich,loop_rich,room_graph_navigation,egocentric_landmark,temporal_full,one_hot,0,lin_sequence_front_bands_r3_l2,3,2,4,front_bands,6,0.6344086021505376,0.0369366968544466,0.14166666666666666,0.030046260628866582,nan,0.0
room_graph_loop_rich,loop_rich,room_graph_navigation,egocentric_landmark,temporal_full,one_hot,0,lin_sequence_front_bands_r3_l4,3,4,6,front_bands,6,0.6612903225806451,0.023186944788008416,0.15833333333333335,0.020069324297987162,nan,0.0
room_graph_loop_rich,loop_rich,room_graph_navigation,egocentric_landmark,temporal_full,one_hot,0,lin_sequence_front_bands_r3_l8,3,8,10,front_bands,6,0.5806451612903225,0.016657992886913633,0.11666666666666668,0.021081851067789197,nan,0.0
room_graph_loop_rich,loop_rich,room_graph_navigation,egocentric_landmark,temporal_full,one_hot,0,lin_sequence_front_bands_r5_l2,5,2,6,front_bands,6,0.60752688172043,0.019384684276688113,0.2833333333333333,0.06790516262487789,nan,0.0
room_graph_loop_rich,loop_rich,room_graph_navigation,egocentric_landmark,temporal_full,one_hot,0,lin_sequence_front_bands_r5_l4,5,4,8,front_bands,6,0.5806451612903226,0.02355795946258779,0.13333333333333333,0.021081851067789197,nan,0.0
room_graph_loop_rich,loop_rich,room_graph_navigation,egocentric_landmark,temporal_full,one_hot,0,lin_sequence_front_bands_r5_l8,5,8,12,front_bands,6,0.5913978494623656,0.019826977327511586,0.16666666666666666,0.03073181485764296,nan,0.0
room_graph_loop_rich,loop_rich,room_graph_navigation,gaussian_sensory,temporal_cue_then_blank,one_hot,0,lin_sequence_all_units_r3_l4,3,4,6,all_units,6,0.5913978494623655,0.028448938828651522,0.17500000000000002,0.03095695936834452,nan,0.0
room_graph_loop_rich,loop_rich,room_graph_navigation,gaussian_sensory,temporal_cue_then_blank,one_hot,0,lin_sequence_front_bands_r1_l2,1,2,2,front_bands,6,0.5537634408602151,0.04030465551395981,0.10833333333333334,0.008333333333333331,nan,0.0
room_graph_loop_rich,loop_rich,room_graph_navigation,gaussian_sensory,temporal_cue_then_blank,one_hot,0,lin_sequence_front_bands_r1_l4,1,4,4,front_bands,6,0.5,0.029740465991267378,0.11666666666666665,0.021081851067789197,nan,0.0
room_graph_loop_rich,loop_rich,room_graph_navigation,gaussian_sensory,temporal_cue_then_blank,one_hot,0,lin_sequence_front_bands_r1_l8,1,8,8,front_bands,6,0.456989247311828,0.022682820548095683,0.08333333333333333,0.027888667551135858,nan,0.0
room_graph_loop_rich,loop_rich,room_graph_navigation,gaussian_sensory,temporal_cue_then_blank,one_hot,0,lin_sequence_front_bands_r3_l2,3,2,4,front_bands,6,0.5913978494623656,0.02306194687045937,0.15,0.01290994448735806,nan,0.0
room_graph_loop_rich,loop_rich,room_graph_navigation,gaussian_sensory,temporal_cue_then_blank,one_hot,0,lin_sequence_front_bands_r3_l4,3,4,6,front_bands,6,0.543010752688172,0.025558848008612287,0.19166666666666668,0.02386303510546059,nan,0.0
room_graph_loop_rich,loop_rich,room_graph_navigation,gaussian_sensory,temporal_cue_then_blank,one_hot,0,lin_sequence_front_bands_r3_l8,3,8,10,front_bands,6,0.521505376344086,0.030508088084109916,0.075,0.01118033988749895,nan,0.0
room_graph_loop_rich,loop_rich,room_graph_navigation,gaussian_sensory,temporal_cue_then_blank,one_hot,0,lin_sequence_front_bands_r5_l2,5,2,6,front_bands,6,0.553763440860215,0.02814247812538151,0.15,0.03651483716701107,nan,0.0
room_graph_loop_rich,loop_rich,room_graph_navigation,gaussian_sensory,temporal_cue_then_blank,one_hot,0,lin_sequence_front_bands_r5_l4,5,4,8,front_bands,6,0.586021505376344,0.0305080880841099,0.19999999999999998,0.02886751345948129,nan,0.0
room_graph_loop_rich,loop_rich,room_graph_navigation,gaussian_sensory,temporal_cue_then_blank,one_hot,0,lin_sequence_front_bands_r5_l8,5,8,12,front_bands,6,0.478494623655914,0.028142478125381506,0.08333333333333333,0.010540925533894598,nan,0.0
room_graph_loop_rich,loop_rich,room_graph_navigation,gaussian_sensory,temporal_dropout,one_hot,0,lin_sequence_all_units_r3_l4,3,4,6,all_units,6,0.532258064516129,0.034087887062682495,0.14166666666666666,0.02386303510546059,nan,0.0
room_graph_loop_rich,loop_rich,room_graph_navigation,gaussian_sensory,temporal_dropout,one_hot,0,lin_sequence_front_bands_r1_l2,1,2,2,front_bands,6,0.6021505376344086,0.03400298559320839,0.11666666666666665,0.021081851067789197,nan,0.0
room_graph_loop_rich,loop_rich,room_graph_navigation,gaussian_sensory,temporal_dropout,one_hot,0,lin_sequence_front_bands_r1_l4,1,4,4,front_bands,6,0.532258064516129,0.03701486984528711,0.18333333333333335,0.04772607021092118,nan,0.0
room_graph_loop_rich,loop_rich,room_graph_navigation,gaussian_sensory,temporal_dropout,one_hot,0,lin_sequence_front_bands_r1_l8,1,8,8,front_bands,6,0.4838709677419355,0.044853018526052064,0.10833333333333335,0.02386303510546059,nan,0.0
room_graph_loop_rich,loop_rich,room_graph_navigation,gaussian_sensory,temporal_dropout,one_hot,0,lin_sequence_front_bands_r3_l2,3,2,4,front_bands,6,0.575268817204301,0.024163661348649713,0.15833333333333333,0.020069324297987162,nan,0.0
room_graph_loop_rich,loop_rich,room_graph_navigation,gaussian_sensory,temporal_dropout,one_hot,0,lin_sequence_front_bands_r3_l4,3,4,6,front_bands,6,0.4946236559139785,0.021505376344086016,0.12500000000000003,0.017078251276599336,nan,0.0
room_graph_loop_rich,loop_rich,room_graph_navigation,gaussian_sensory,temporal_dropout,one_hot,0,lin_sequence_front_bands_r3_l8,3,8,10,front_bands,6,0.5483870967741935,0.033315985773827245,0.08333333333333333,0.02472066162365221,nan,0.0
room_graph_loop_rich,loop_rich,room_graph_navigation,gaussian_sensory,temporal_dropout,one_hot,0,lin_sequence_front_bands_r5_l2,5,2,6,front_bands,6,0.532258064516129,0.03088474541149479,0.09999999999999999,0.018257418583505537,nan,0.0
room_graph_loop_rich,loop_rich,room_graph_navigation,gaussian_sensory,temporal_dropout,one_hot,0,lin_sequence_front_bands_r5_l4,5,4,8,front_bands,6,0.5591397849462366,0.04832732269729943,0.13333333333333333,0.03574601764921203,nan,0.0
room_graph_loop_rich,loop_rich,room_graph_navigation,gaussian_sensory,temporal_dropout,one_hot,0,lin_sequence_front_bands_r5_l8,5,8,12,front_bands,6,0.489247311827957,0.03854505016975253,0.1166666666666667,0.027888667551135858,nan,0.0
room_graph_loop_rich,loop_rich,room_graph_navigation,gaussian_sensory,temporal_full,one_hot,0,lin_sequence_all_units_r3_l4,3,4,6,all_units,6,0.6236559139784946,0.04459449753403812,0.19166666666666665,0.04166666666666667,nan,0.0
room_graph_loop_rich,loop_rich,room_graph_navigation,gaussian_sensory,temporal_full,one_hot,0,lin_sequence_front_bands_r1_l2,1,2,2,front_bands,6,0.6236559139784946,0.03786412228313766,0.16666666666666666,0.03574601764921203,nan,0.0
room_graph_loop_rich,loop_rich,room_graph_navigation,gaussian_sensory,temporal_full,one_hot,0,lin_sequence_front_bands_r1_l4,1,4,4,front_bands,6,0.586021505376344,0.03270302435644204,0.125,0.03095695936834452,nan,0.0
room_graph_loop_rich,loop_rich,room_graph_navigation,gaussian_sensory,temporal_full,one_hot,0,lin_sequence_front_bands_r1_l8,1,8,8,front_bands,6,0.510752688172043,0.03854505016975251,0.15833333333333333,0.03961621441334904,nan,0.0
room_graph_loop_rich,loop_rich,room_graph_navigation,gaussian_sensory,temporal_full,one_hot,0,lin_sequence_front_bands_r3_l2,3,2,4,front_bands,6,0.6881720430107526,0.04219659542010448,0.2416666666666666,0.043620841094341334,nan,0.0
room_graph_loop_rich,loop_rich,room_graph_navigation,gaussian_sensory,temporal_full,one_hot,0,lin_sequence_front_bands_r3_l4,3,4,6,front_bands,6,0.5698924731182796,0.04686988111334057,0.16666666666666666,0.03073181485764296,nan,0.0
room_graph_loop_rich,loop_rich,room_graph_navigation,gaussian_sensory,temporal_full,one_hot,0,lin_sequence_front_bands_r3_l8,3,8,10,front_bands,6,0.5591397849462365,0.025895902319983427,0.13333333333333333,0.02788866755113585,nan,0.0
room_graph_loop_rich,loop_rich,room_graph_navigation,gaussian_sensory,temporal_full,one_hot,0,lin_sequence_front_bands_r5_l2,5,2,6,front_bands,6,0.6182795698924731,0.034759634140310997,0.2583333333333333,0.04362084109434134,nan,0.0
room_graph_loop_rich,loop_rich,room_graph_navigation,gaussian_sensory,temporal_full,one_hot,0,lin_sequence_front_bands_r5_l4,5,4,8,front_bands,6,0.564516129032258,0.035090685746410145,0.16666666666666666,0.021081851067789197,nan,0.0
room_graph_loop_rich,loop_rich,room_graph_navigation,gaussian_sensory,temporal_full,one_hot,0,lin_sequence_front_bands_r5_l8,5,8,12,front_bands,6,0.5860215053763441,0.04361139739929731,0.17500000000000002,0.03818813079129866,nan,0.0
room_graph_loop_rich,loop_rich,room_graph_navigation,hybrid,temporal_cue_then_blank,one_hot,0,lin_sequence_all_units_r3_l4,3,4,6,all_units,6,0.564516129032258,0.018152626899068967,0.19166666666666668,0.045491146879853936,nan,0.0
room_graph_loop_rich,loop_rich,room_graph_navigation,hybrid,temporal_cue_then_blank,one_hot,0,lin_sequence_front_bands_r1_l2,1,2,2,front_bands,6,0.5591397849462366,0.03400298559320838,0.1416666666666667,0.020069324297987162,nan,0.0
room_graph_loop_rich,loop_rich,room_graph_navigation,hybrid,temporal_cue_then_blank,one_hot,0,lin_sequence_front_bands_r1_l4,1,4,4,front_bands,6,0.5806451612903226,0.02885249003225535,0.1416666666666667,0.027131367660166186,nan,0.0
room_graph_loop_rich,loop_rich,room_graph_navigation,hybrid,temporal_cue_then_blank,one_hot,0,lin_sequence_front_bands_r1_l8,1,8,8,front_bands,6,0.4838709677419355,0.02203645326012818,0.15,0.03651483716701107,nan,0.0
room_graph_loop_rich,loop_rich,room_graph_navigation,hybrid,temporal_cue_then_blank,one_hot,0,lin_sequence_front_bands_r3_l2,3,2,4,front_bands,6,0.6236559139784946,0.024519901615035224,0.16666666666666666,0.040138648595974324,nan,0.0
room_graph_loop_rich,loop_rich,room_graph_navigation,hybrid,temporal_cue_then_blank,one_hot,0,lin_sequence_front_bands_r3_l4,3,4,6,front_bands,6,0.5913978494623656,0.03400298559320838,0.21666666666666667,0.0380058475033046,nan,0.0
room_graph_loop_rich,loop_rich,room_graph_navigation,hybrid,temporal_cue_then_blank,one_hot,0,lin_sequence_front_bands_r3_l8,3,8,10,front_bands,6,0.5161290322580645,0.018624202231923414,0.1166666666666667,0.03333333333333333,nan,0.0
room_graph_loop_rich,loop_rich,room_graph_navigation,hybrid,temporal_cue_then_blank,one_hot,0,lin_sequence_front_bands_r5_l2,5,2,6,front_bands,6,0.5268817204301075,0.019826977327511586,0.15833333333333335,0.015365907428821483,nan,0.0
room_graph_loop_rich,loop_rich,room_graph_navigation,hybrid,temporal_cue_then_blank,one_hot,0,lin_sequence_front_bands_r5_l4,5,4,8,front_bands,6,0.5752688172043011,0.01294795115999172,0.19999999999999998,0.03415650255319866,nan,0.0
room_graph_loop_rich,loop_rich,room_graph_navigation,hybrid,temporal_cue_then_blank,one_hot,0,lin_sequence_front_bands_r5_l8,5,8,12,front_bands,6,0.5913978494623655,0.030791013039303986,0.13333333333333333,0.03574601764921203,nan,0.0
room_graph_loop_rich,loop_rich,room_graph_navigation,hybrid,temporal_dropout,one_hot,0,lin_sequence_all_units_r3_l4,3,4,6,all_units,6,0.6290322580645161,0.013812078041575396,0.125,0.03354101966249685,nan,0.0
room_graph_loop_rich,loop_rich,room_graph_navigation,hybrid,temporal_dropout,one_hot,0,lin_sequence_front_bands_r1_l2,1,2,2,front_bands,6,0.6236559139784946,0.04136641733692763,0.16666666666666666,0.021081851067789197,nan,0.0
room_graph_loop_rich,loop_rich,room_graph_navigation,hybrid,temporal_dropout,one_hot,0,lin_sequence_front_bands_r1_l4,1,4,4,front_bands,6,0.521505376344086,0.048147555219866904,0.09166666666666667,0.030046260628866582,nan,0.0
room_graph_loop_rich,loop_rich,room_graph_navigation,hybrid,temporal_dropout,one_hot,0,lin_sequence_front_bands_r1_l8,1,8,8,front_bands,6,0.5376344086021505,0.04380978233863089,0.09166666666666666,0.01536590742882148,nan,0.0
room_graph_loop_rich,loop_rich,room_graph_navigation,hybrid,temporal_dropout,one_hot,0,lin_sequence_front_bands_r3_l2,3,2,4,front_bands,6,0.553763440860215,0.05295084839675325,0.15833333333333333,0.030046260628866582,nan,0.0
room_graph_loop_rich,loop_rich,room_graph_navigation,hybrid,temporal_dropout,one_hot,0,lin_sequence_front_bands_r3_l4,3,4,6,front_bands,6,0.5645161290322581,0.037940384439521184,0.14166666666666666,0.032702361450580975,nan,0.0
room_graph_loop_rich,loop_rich,room_graph_navigation,hybrid,temporal_dropout,one_hot,0,lin_sequence_front_bands_r3_l8,3,8,10,front_bands,6,0.553763440860215,0.03670117885134628,0.13333333333333333,0.027888667551135858,nan,0.0
room_graph_loop_rich,loop_rich,room_graph_navigation,hybrid,temporal_dropout,one_hot,0,lin_sequence_front_bands_r5_l2,5,2,6,front_bands,6,0.5806451612903226,0.036305253798137926,0.15000000000000002,0.01825741858350554,nan,0.0
room_graph_loop_rich,loop_rich,room_graph_navigation,hybrid,temporal_dropout,one_hot,0,lin_sequence_front_bands_r5_l4,5,4,8,front_bands,6,0.553763440860215,0.03162460466634998,0.15000000000000002,0.0223606797749979,nan,0.0
room_graph_loop_rich,loop_rich,room_graph_navigation,hybrid,temporal_dropout,one_hot,0,lin_sequence_front_bands_r5_l8,5,8,12,front_bands,6,0.5483870967741936,0.05770498006451071,0.11666666666666665,0.021081851067789197,nan,0.0
room_graph_loop_rich,loop_rich,room_graph_navigation,hybrid,temporal_full,one_hot,0,lin_sequence_all_units_r3_l4,3,4,6,all_units,6,0.5376344086021506,0.04612389374091874,0.14166666666666666,0.03961621441334904,nan,0.0
room_graph_loop_rich,loop_rich,room_graph_navigation,hybrid,temporal_full,one_hot,0,lin_sequence_front_bands_r1_l2,1,2,2,front_bands,6,0.5537634408602151,0.05295084839675325,0.13333333333333333,0.021081851067789197,nan,0.0
room_graph_loop_rich,loop_rich,room_graph_navigation,hybrid,temporal_full,one_hot,0,lin_sequence_front_bands_r1_l4,1,4,4,front_bands,6,0.5860215053763441,0.02688172043010752,0.1416666666666667,0.035158371849548314,nan,0.0
room_graph_loop_rich,loop_rich,room_graph_navigation,hybrid,temporal_full,one_hot,0,lin_sequence_front_bands_r1_l8,1,8,8,front_bands,6,0.6075268817204301,0.030508088084109916,0.15833333333333335,0.015365907428821483,nan,0.0
room_graph_loop_rich,loop_rich,room_graph_navigation,hybrid,temporal_full,one_hot,0,lin_sequence_front_bands_r3_l2,3,2,4,front_bands,6,0.6290322580645161,0.046931511489882144,0.10833333333333334,0.01536590742882148,nan,0.0
room_graph_loop_rich,loop_rich,room_graph_navigation,hybrid,temporal_full,one_hot,0,lin_sequence_front_bands_r3_l4,3,4,6,front_bands,6,0.543010752688172,0.03050808808410991,0.13333333333333333,0.016666666666666666,nan,0.0
room_graph_loop_rich,loop_rich,room_graph_navigation,hybrid,temporal_full,one_hot,0,lin_sequence_front_bands_r3_l8,3,8,10,front_bands,6,0.5698924731182795,0.035008216335698304,0.13333333333333333,0.03073181485764296,nan,0.0
room_graph_loop_rich,loop_rich,room_graph_navigation,hybrid,temporal_full,one_hot,0,lin_sequence_front_bands_r5_l2,5,2,6,front_bands,6,0.6290322580645161,0.03972678107937886,0.16666666666666666,0.01666666666666667,nan,0.0
room_graph_loop_rich,loop_rich,room_graph_navigation,hybrid,temporal_full,one_hot,0,lin_sequence_front_bands_r5_l4,5,4,8,front_bands,6,0.543010752688172,0.015395506519651998,0.18333333333333335,0.02788866755113585,nan,0.0
room_graph_loop_rich,loop_rich,room_graph_navigation,hybrid,temporal_full,one_hot,0,lin_sequence_front_bands_r5_l8,5,8,12,front_bands,6,0.6021505376344086,0.04974207959664679,0.14166666666666666,0.030046260628866582,nan,0.0
room_graph_loop_rich,loop_rich,room_graph_navigation,sparse_aliased,temporal_cue_then_blank,one_hot,0,lin_sequence_all_units_r3_l4,3,4,6,all_units,6,0.43010752688172044,0.028448938828651512,0.125,0.03593976442141305,nan,0.0
room_graph_loop_rich,loop_rich,room_graph_navigation,sparse_aliased,temporal_cue_then_blank,one_hot,0,lin_sequence_front_bands_r1_l2,1,2,2,front_bands,6,0.5430107526881721,0.028142478125381516,0.19166666666666665,0.015365907428821483,nan,0.0
room_graph_loop_rich,loop_rich,room_graph_navigation,sparse_aliased,temporal_cue_then_blank,one_hot,0,lin_sequence_front_bands_r1_l4,1,4,4,front_bands,6,0.4838709677419355,0.011778979731293897,0.15000000000000002,0.0316227766016838,nan,0.0
room_graph_loop_rich,loop_rich,room_graph_navigation,sparse_aliased,temporal_cue_then_blank,one_hot,0,lin_sequence_front_bands_r1_l8,1,8,8,front_bands,6,0.478494623655914,0.03270302435644204,0.16666666666666666,0.02472066162365221,nan,0.0
room_graph_loop_rich,loop_rich,room_graph_navigation,sparse_aliased,temporal_cue_then_blank,one_hot,0,lin_sequence_front_bands_r3_l2,3,2,4,front_bands,6,0.4623655913978495,0.02306194687045937,0.15833333333333333,0.03961621441334904,nan,0.0
room_graph_loop_rich,loop_rich,room_graph_navigation,sparse_aliased,temporal_cue_then_blank,one_hot,0,lin_sequence_front_bands_r3_l4,3,4,6,front_bands,6,0.45161290322580644,0.01862420223192341,0.10833333333333332,0.02006932429798716,nan,0.0
room_graph_loop_rich,loop_rich,room_graph_navigation,sparse_aliased,temporal_cue_then_blank,one_hot,0,lin_sequence_front_bands_r3_l8,3,8,10,front_bands,6,0.478494623655914,0.01539550651965199,0.125,0.03095695936834452,nan,0.0
room_graph_loop_rich,loop_rich,room_graph_navigation,sparse_aliased,temporal_cue_then_blank,one_hot,0,lin_sequence_front_bands_r5_l2,5,2,6,front_bands,6,0.47849462365591394,0.01750410816784914,0.11666666666666668,0.016666666666666666,nan,0.0
room_graph_loop_rich,loop_rich,room_graph_navigation,sparse_aliased,temporal_cue_then_blank,one_hot,0,lin_sequence_front_bands_r5_l4,5,4,8,front_bands,6,0.467741935483871,0.021639367524191513,0.15833333333333333,0.020069324297987162,nan,0.0
room_graph_loop_rich,loop_rich,room_graph_navigation,sparse_aliased,temporal_cue_then_blank,one_hot,0,lin_sequence_front_bands_r5_l8,5,8,12,front_bands,6,0.478494623655914,0.03374699962682843,0.075,0.017078251276599336,nan,0.0
room_graph_loop_rich,loop_rich,room_graph_navigation,sparse_aliased,temporal_dropout,one_hot,0,lin_sequence_all_units_r3_l4,3,4,6,all_units,6,0.4946236559139785,0.021505376344086027,0.09166666666666667,0.020069324297987162,nan,0.0
room_graph_loop_rich,loop_rich,room_graph_navigation,sparse_aliased,temporal_dropout,one_hot,0,lin_sequence_front_bands_r1_l2,1,2,2,front_bands,6,0.5053763440860215,0.010752688172043001,0.17500000000000002,0.021408720964441883,nan,0.0
room_graph_loop_rich,loop_rich,room_graph_navigation,sparse_aliased,temporal_dropout,one_hot,0,lin_sequence_front_bands_r1_l4,1,4,4,front_bands,6,0.5161290322580645,0.024986989330370437,0.13333333333333333,0.03073181485764296,nan,0.0
room_graph_loop_rich,loop_rich,room_graph_navigation,sparse_aliased,temporal_dropout,one_hot,0,lin_sequence_front_bands_r1_l8,1,8,8,front_bands,6,0.4516129032258065,0.011778979731293897,0.1416666666666667,0.03270236145058097,nan,0.0
room_graph_loop_rich,loop_rich,room_graph_navigation,sparse_aliased,temporal_dropout,one_hot,0,lin_sequence_front_bands_r3_l2,3,2,4,front_bands,6,0.510752688172043,0.015395506519651988,0.1416666666666667,0.030046260628866575,nan,0.0
room_graph_loop_rich,loop_rich,room_graph_navigation,sparse_aliased,temporal_dropout,one_hot,0,lin_sequence_front_bands_r3_l4,3,4,6,front_bands,6,0.5268817204301075,0.028448938828651512,0.15833333333333335,0.015365907428821483,nan,0.0
room_graph_loop_rich,loop_rich,room_graph_navigation,sparse_aliased,temporal_dropout,one_hot,0,lin_sequence_front_bands_r3_l8,3,8,10,front_bands,6,0.5,0.018152626899068953,0.10833333333333334,0.01536590742882148,nan,0.0
room_graph_loop_rich,loop_rich,room_graph_navigation,sparse_aliased,temporal_dropout,one_hot,0,lin_sequence_front_bands_r5_l2,5,2,6,front_bands,6,0.4838709677419355,0.03434133209176626,0.15,0.01290994448735806,nan,0.0
room_graph_loop_rich,loop_rich,room_graph_navigation,sparse_aliased,temporal_dropout,one_hot,0,lin_sequence_front_bands_r5_l4,5,4,8,front_bands,6,0.48924731182795694,0.034759634140310997,0.13333333333333333,0.02472066162365221,nan,0.0
room_graph_loop_rich,loop_rich,room_graph_navigation,sparse_aliased,temporal_dropout,one_hot,0,lin_sequence_front_bands_r5_l8,5,8,12,front_bands,6,0.5161290322580645,0.027624156083150816,0.08333333333333336,0.016666666666666666,nan,0.0
room_graph_loop_rich,loop_rich,room_graph_navigation,sparse_aliased,temporal_full,one_hot,0,lin_sequence_all_units_r3_l4,3,4,6,all_units,6,0.4516129032258065,0.023557959462587787,0.09166666666666667,0.01536590742882148,nan,0.0
room_graph_loop_rich,loop_rich,room_graph_navigation,sparse_aliased,temporal_full,one_hot,0,lin_sequence_front_bands_r1_l2,1,2,2,front_bands,6,0.5483870967741935,0.011778979731293906,0.20833333333333334,0.02006932429798716,nan,0.0
room_graph_loop_rich,loop_rich,room_graph_navigation,sparse_aliased,temporal_full,one_hot,0,lin_sequence_front_bands_r1_l4,1,4,4,front_bands,6,0.4623655913978495,0.006800597118641682,0.16666666666666666,0.040138648595974324,nan,0.0
room_graph_loop_rich,loop_rich,room_graph_navigation,sparse_aliased,temporal_full,one_hot,0,lin_sequence_front_bands_r1_l8,1,8,8,front_bands,6,0.40860215053763443,0.019826977327511586,0.15833333333333333,0.04166666666666667,nan,0.0
room_graph_loop_rich,loop_rich,room_graph_navigation,sparse_aliased,temporal_full,one_hot,0,lin_sequence_front_bands_r3_l2,3,2,4,front_bands,6,0.510752688172043,0.029349127019260606,0.14166666666666664,0.045491146879853936,nan,0.0
room_graph_loop_rich,loop_rich,room_graph_navigation,sparse_aliased,temporal_full,one_hot,0,lin_sequence_front_bands_r3_l4,3,4,6,front_bands,6,0.41397849462365593,0.022682820548095686,0.05833333333333333,0.027131367660166186,nan,0.0
room_graph_loop_rich,loop_rich,room_graph_navigation,sparse_aliased,temporal_full,one_hot,0,lin_sequence_front_bands_r3_l8,3,8,10,front_bands,6,0.40860215053763443,0.024519901615035224,0.15,0.02581988897471612,nan,0.0
room_graph_loop_rich,loop_rich,room_graph_navigation,sparse_aliased,temporal_full,one_hot,0,lin_sequence_front_bands_r5_l2,5,2,6,front_bands,6,0.40860215053763443,0.015948813950743358,0.11666666666666665,0.0210818510677892,nan,0.0
room_graph_loop_rich,loop_rich,room_graph_navigation,sparse_aliased,temporal_full,one_hot,0,lin_sequence_front_bands_r5_l4,5,4,8,front_bands,6,0.42473118279569894,0.01750410816784914,0.125,0.021408720964441883,nan,0.0
room_graph_loop_rich,loop_rich,room_graph_navigation,sparse_aliased,temporal_full,one_hot,0,lin_sequence_front_bands_r5_l8,5,8,12,front_bands,6,0.478494623655914,0.03050808808410991,0.14166666666666666,0.01536590742882148,nan,0.0
room_graph_loop_rich,loop_rich,room_graph_navigation,vector,temporal_cue_then_blank,one_hot,0,lin_sequence_all_units_r3_l4,3,4,6,all_units,6,0.5591397849462365,0.024519901615035224,0.16666666666666666,0.01666666666666667,nan,0.0
room_graph_loop_rich,loop_rich,room_graph_navigation,vector,temporal_cue_then_blank,one_hot,0,lin_sequence_front_bands_r1_l2,1,2,2,front_bands,6,0.5483870967741936,0.04246971539383118,0.14166666666666666,0.01536590742882148,nan,0.0
room_graph_loop_rich,loop_rich,room_graph_navigation,vector,temporal_cue_then_blank,one_hot,0,lin_sequence_front_bands_r1_l4,1,4,4,front_bands,6,0.5806451612903226,0.030030623750040744,0.125,0.038188130791298666,nan,0.0
room_graph_loop_rich,loop_rich,room_graph_navigation,vector,temporal_cue_then_blank,one_hot,0,lin_sequence_front_bands_r1_l8,1,8,8,front_bands,6,0.553763440860215,0.03270302435644204,0.11666666666666665,0.02788866755113585,nan,0.0
room_graph_loop_rich,loop_rich,room_graph_navigation,vector,temporal_cue_then_blank,one_hot,0,lin_sequence_front_bands_r3_l2,3,2,4,front_bands,6,0.5806451612903225,0.016657992886913633,0.14166666666666666,0.020069324297987162,nan,0.0
room_graph_loop_rich,loop_rich,room_graph_navigation,vector,temporal_cue_then_blank,one_hot,0,lin_sequence_front_bands_r3_l4,3,4,6,front_bands,6,0.543010752688172,0.015395506519651998,0.16666666666666666,0.03073181485764296,nan,0.0
room_graph_loop_rich,loop_rich,room_graph_navigation,vector,temporal_cue_then_blank,one_hot,0,lin_sequence_front_bands_r3_l8,3,8,10,front_bands,6,0.6129032258064516,0.038168256665158815,0.15,0.01290994448735806,nan,0.0
room_graph_loop_rich,loop_rich,room_graph_navigation,vector,temporal_cue_then_blank,one_hot,0,lin_sequence_front_bands_r5_l2,5,2,6,front_bands,6,0.6290322580645161,0.029740465991267395,0.14166666666666666,0.02386303510546059,nan,0.0
room_graph_loop_rich,loop_rich,room_graph_navigation,vector,temporal_cue_then_blank,one_hot,0,lin_sequence_front_bands_r5_l4,5,4,8,front_bands,6,0.6021505376344086,0.02964311559589294,0.15833333333333335,0.02386303510546059,nan,0.0
room_graph_loop_rich,loop_rich,room_graph_navigation,vector,temporal_cue_then_blank,one_hot,0,lin_sequence_front_bands_r5_l8,5,8,12,front_bands,6,0.5806451612903225,0.02885249003225535,0.15,0.01290994448735806,nan,0.0
room_graph_loop_rich,loop_rich,room_graph_navigation,vector,temporal_dropout,one_hot,0,lin_sequence_all_units_r3_l4,3,4,6,all_units,6,0.5591397849462366,0.04536564109619138,0.1416666666666667,0.02386303510546059,nan,0.0
room_graph_loop_rich,loop_rich,room_graph_navigation,vector,temporal_dropout,one_hot,0,lin_sequence_front_bands_r1_l2,1,2,2,front_bands,6,0.5483870967741936,0.06505154177313624,0.11666666666666665,0.03333333333333334,nan,0.0
room_graph_loop_rich,loop_rich,room_graph_navigation,vector,temporal_dropout,one_hot,0,lin_sequence_front_bands_r1_l4,1,4,4,front_bands,6,0.5483870967741935,0.024986989330370437,0.09999999999999999,0.018257418583505537,nan,0.0
room_graph_loop_rich,loop_rich,room_graph_navigation,vector,temporal_dropout,one_hot,0,lin_sequence_front_bands_r1_l8,1,8,8,front_bands,6,0.5483870967741935,0.03906645618190313,0.09999999999999999,0.012909944487358056,nan,0.0
room_graph_loop_rich,loop_rich,room_graph_navigation,vector,temporal_dropout,one_hot,0,lin_sequence_front_bands_r3_l2,3,2,4,front_bands,6,0.5860215053763441,0.03943466843202635,0.10833333333333334,0.02386303510546059,nan,0.0
room_graph_loop_rich,loop_rich,room_graph_navigation,vector,temporal_dropout,one_hot,0,lin_sequence_front_bands_r3_l4,3,4,6,front_bands,6,0.6236559139784946,0.034002985593208385,0.15,0.0223606797749979,nan,0.0
room_graph_loop_rich,loop_rich,room_graph_navigation,vector,temporal_dropout,one_hot,0,lin_sequence_front_bands_r3_l8,3,8,10,front_bands,6,0.5698924731182796,0.035008216335698304,0.11666666666666665,0.03073181485764296,nan,0.0
room_graph_loop_rich,loop_rich,room_graph_navigation,vector,temporal_dropout,one_hot,0,lin_sequence_front_bands_r5_l2,5,2,6,front_bands,6,0.5806451612903226,0.03003062375004074,0.16666666666666666,0.03073181485764296,nan,0.0
room_graph_loop_rich,loop_rich,room_graph_navigation,vector,temporal_dropout,one_hot,0,lin_sequence_front_bands_r5_l4,5,4,8,front_bands,6,0.5806451612903226,0.02498698933037043,0.09166666666666667,0.030046260628866582,nan,0.0
room_graph_loop_rich,loop_rich,room_graph_navigation,vector,temporal_dropout,one_hot,0,lin_sequence_front_bands_r5_l8,5,8,12,front_bands,6,0.5860215053763441,0.04517408932817205,0.10000000000000002,0.02886751345948129,nan,0.0
room_graph_loop_rich,loop_rich,room_graph_navigation,vector,temporal_full,one_hot,0,lin_sequence_all_units_r3_l4,3,4,6,all_units,6,0.5913978494623656,0.03876936855337624,0.17500000000000002,0.046097722286464436,nan,0.0
room_graph_loop_rich,loop_rich,room_graph_navigation,vector,temporal_full,one_hot,0,lin_sequence_front_bands_r1_l2,1,2,2,front_bands,6,0.5591397849462365,0.03500821633569829,0.18333333333333335,0.010540925533894603,nan,0.0
room_graph_loop_rich,loop_rich,room_graph_navigation,vector,temporal_full,one_hot,0,lin_sequence_front_bands_r1_l4,1,4,4,front_bands,6,0.532258064516129,0.02600728305902758,0.09166666666666666,0.01536590742882148,nan,0.0
room_graph_loop_rich,loop_rich,room_graph_navigation,vector,temporal_full,one_hot,0,lin_sequence_front_bands_r1_l8,1,8,8,front_bands,6,0.532258064516129,0.024637503736321727,0.10833333333333334,0.008333333333333331,nan,0.0
room_graph_loop_rich,loop_rich,room_graph_navigation,vector,temporal_full,one_hot,0,lin_sequence_front_bands_r3_l2,3,2,4,front_bands,6,0.5698924731182796,0.053763440860215055,0.10833333333333334,0.032702361450580975,nan,0.0
room_graph_loop_rich,loop_rich,room_graph_navigation,vector,temporal_full,one_hot,0,lin_sequence_front_bands_r3_l4,3,4,6,front_bands,6,0.5806451612903225,0.032258064516129045,0.13333333333333333,0.03574601764921203,nan,0.0
room_graph_loop_rich,loop_rich,room_graph_navigation,vector,temporal_full,one_hot,0,lin_sequence_front_bands_r3_l8,3,8,10,front_bands,6,0.5483870967741935,0.018624202231923414,0.09999999999999999,0.018257418583505537,nan,0.0
room_graph_loop_rich,loop_rich,room_graph_navigation,vector,temporal_full,one_hot,0,lin_sequence_front_bands_r5_l2,5,2,6,front_bands,6,0.6344086021505376,0.015948813950743348,0.11666666666666665,0.03333333333333334,nan,0.0
room_graph_loop_rich,loop_rich,room_graph_navigation,vector,temporal_full,one_hot,0,lin_sequence_front_bands_r5_l4,5,4,8,front_bands,6,0.564516129032258,0.02463750373632172,0.10833333333333332,0.008333333333333331,nan,0.0
room_graph_loop_rich,loop_rich,room_graph_navigation,vector,temporal_full,one_hot,0,lin_sequence_front_bands_r5_l8,5,8,12,front_bands,6,0.5698924731182796,0.029643115595892954,0.12500000000000003,0.04425306015783918,nan,0.0
room_graph_tree_like,tree_like,room_graph_navigation,egocentric_landmark,temporal_cue_then_blank,one_hot,0,lin_sequence_all_units_r3_l4,3,4,6,all_units,6,0.6636904761904763,0.03273809523809525,0.025000000000000005,0.01118033988749895,nan,0.0
room_graph_tree_like,tree_like,room_graph_navigation,egocentric_landmark,temporal_cue_then_blank,one_hot,0,lin_sequence_front_bands_r1_l2,1,2,2,front_bands,6,0.5654761904761906,0.02146161473490468,0.025000000000000005,0.01118033988749895,nan,0.0
room_graph_tree_like,tree_like,room_graph_navigation,egocentric_landmark,temporal_cue_then_blank,one_hot,0,lin_sequence_front_bands_r1_l4,1,4,4,front_bands,6,0.7023809523809524,0.020960496263879774,0.041666666666666664,0.015365907428821483,nan,0.0
room_graph_tree_like,tree_like,room_graph_navigation,egocentric_landmark,temporal_cue_then_blank,one_hot,0,lin_sequence_front_bands_r1_l8,1,8,8,front_bands,6,0.5029761904761906,0.025843206364395726,0.025000000000000005,0.01118033988749895,nan,0.0
room_graph_tree_like,tree_like,room_graph_navigation,egocentric_landmark,temporal_cue_then_blank,one_hot,0,lin_sequence_front_bands_r3_l2,3,2,4,front_bands,6,0.7291666666666666,0.030728355950334074,0.03333333333333333,0.010540925533894598,nan,0.0
room_graph_tree_like,tree_like,room_graph_navigation,egocentric_landmark,temporal_cue_then_blank,one_hot,0,lin_sequence_front_bands_r3_l4,3,4,6,front_bands,6,0.6547619047619048,0.03183271894552604,0.025000000000000005,0.01118033988749895,nan,0.0
room_graph_tree_like,tree_like,room_graph_navigation,egocentric_landmark,temporal_cue_then_blank,one_hot,0,lin_sequence_front_bands_r3_l8,3,8,10,front_bands,6,0.636904761904762,0.02243029009692473,0.025000000000000005,0.01118033988749895,nan,0.0
room_graph_tree_like,tree_like,room_graph_navigation,egocentric_landmark,temporal_cue_then_blank,one_hot,0,lin_sequence_front_bands_r5_l2,5,2,6,front_bands,6,0.6547619047619048,0.04063344801399051,0.03333333333333333,0.010540925533894598,nan,0.0
room_graph_tree_like,tree_like,room_graph_navigation,egocentric_landmark,temporal_cue_then_blank,one_hot,0,lin_sequence_front_bands_r5_l4,5,4,8,front_bands,6,0.6904761904761904,0.0199204768222399,0.049999999999999996,0.01825741858350554,nan,0.0
room_graph_tree_like,tree_like,room_graph_navigation,egocentric_landmark,temporal_cue_then_blank,one_hot,0,lin_sequence_front_bands_r5_l8,5,8,12,front_bands,6,0.5803571428571429,0.042445944014302545,0.041666666666666664,0.015365907428821483,nan,0.0
room_graph_tree_like,tree_like,room_graph_navigation,egocentric_landmark,temporal_dropout,one_hot,0,lin_sequence_all_units_r3_l4,3,4,6,all_units,6,0.6755952380952381,0.031072340800329015,0.008333333333333333,0.008333333333333335,nan,0.0
room_graph_tree_like,tree_like,room_graph_navigation,egocentric_landmark,temporal_dropout,one_hot,0,lin_sequence_front_bands_r1_l2,1,2,2,front_bands,6,0.6755952380952381,0.02500708516380954,0.025000000000000005,0.01118033988749895,nan,0.0
room_graph_tree_like,tree_like,room_graph_navigation,egocentric_landmark,temporal_dropout,one_hot,0,lin_sequence_front_bands_r1_l4,1,4,4,front_bands,6,0.6636904761904763,0.02231150573094204,0.025000000000000005,0.01118033988749895,nan,0.0
room_graph_tree_like,tree_like,room_graph_navigation,egocentric_landmark,temporal_dropout,one_hot,0,lin_sequence_front_bands_r1_l8,1,8,8,front_bands,6,0.550595238095238,0.04160284227382512,0.03333333333333333,0.010540925533894598,nan,0.0
room_graph_tree_like,tree_like,room_graph_navigation,egocentric_landmark,temporal_dropout,one_hot,0,lin_sequence_front_bands_r3_l2,3,2,4,front_bands,6,0.7083333333333334,0.02753579406242948,0.025000000000000005,0.01118033988749895,nan,0.0
room_graph_tree_like,tree_like,room_graph_navigation,egocentric_landmark,temporal_dropout,one_hot,0,lin_sequence_front_bands_r3_l4,3,4,6,front_bands,6,0.6934523809523809,0.029672484715748855,0.041666666666666664,0.01536590742882148,nan,0.0
room_graph_tree_like,tree_like,room_graph_navigation,egocentric_landmark,temporal_dropout,one_hot,0,lin_sequence_front_bands_r3_l8,3,8,10,front_bands,6,0.5327380952380952,0.020316724006995242,0.016666666666666666,0.010540925533894598,nan,0.0
room_graph_tree_like,tree_like,room_graph_navigation,egocentric_landmark,temporal_dropout,one_hot,0,lin_sequence_front_bands_r5_l2,5,2,6,front_bands,6,0.6696428571428572,0.020490374378641076,0.03333333333333333,0.010540925533894598,nan,0.0
room_graph_tree_like,tree_like,room_graph_navigation,egocentric_landmark,temporal_dropout,one_hot,0,lin_sequence_front_bands_r5_l4,5,4,8,front_bands,6,0.6636904761904763,0.018681374793422884,0.0,0.0,nan,0.0
room_graph_tree_like,tree_like,room_graph_navigation,egocentric_landmark,temporal_dropout,one_hot,0,lin_sequence_front_bands_r5_l8,5,8,12,front_bands,6,0.5386904761904762,0.0457404748891384,0.025000000000000005,0.01118033988749895,nan,0.0
room_graph_tree_like,tree_like,room_graph_navigation,egocentric_landmark,temporal_full,one_hot,0,lin_sequence_all_units_r3_l4,3,4,6,all_units,6,0.7172619047619048,0.021829905739157433,0.06666666666666667,0.027888667551135858,nan,0.0
room_graph_tree_like,tree_like,room_graph_navigation,egocentric_landmark,temporal_full,one_hot,0,lin_sequence_front_bands_r1_l2,1,2,2,front_bands,6,0.6964285714285715,0.02162607395783922,0.03333333333333333,0.010540925533894598,nan,0.0
room_graph_tree_like,tree_like,room_graph_navigation,egocentric_landmark,temporal_full,one_hot,0,lin_sequence_front_bands_r1_l4,1,4,4,front_bands,6,0.7142857142857144,0.021626073957839234,0.075,0.021408720964441883,nan,0.0
room_graph_tree_like,tree_like,room_graph_navigation,egocentric_landmark,temporal_full,one_hot,0,lin_sequence_front_bands_r1_l8,1,8,8,front_bands,6,0.6071428571428571,0.05376947519350578,0.041666666666666664,0.020069324297987162,nan,0.0
room_graph_tree_like,tree_like,room_graph_navigation,egocentric_landmark,temporal_full,one_hot,0,lin_sequence_front_bands_r3_l2,3,2,4,front_bands,6,0.7113095238095237,0.026653110925283472,0.041666666666666664,0.01536590742882148,nan,0.0
room_graph_tree_like,tree_like,room_graph_navigation,egocentric_landmark,temporal_full,one_hot,0,lin_sequence_front_bands_r3_l4,3,4,6,front_bands,6,0.7261904761904763,0.02195129632688782,0.06666666666666667,0.016666666666666666,nan,0.0
room_graph_tree_like,tree_like,room_graph_navigation,egocentric_landmark,temporal_full,one_hot,0,lin_sequence_front_bands_r3_l8,3,8,10,front_bands,6,0.7023809523809522,0.013573516965465925,0.03333333333333333,0.010540925533894598,nan,0.0
room_graph_tree_like,tree_like,room_graph_navigation,egocentric_landmark,temporal_full,one_hot,0,lin_sequence_front_bands_r5_l2,5,2,6,front_bands,6,0.7321428571428572,0.017857142857142863,0.041666666666666664,0.015365907428821483,nan,0.0
room_graph_tree_like,tree_like,room_graph_navigation,egocentric_landmark,temporal_full,one_hot,0,lin_sequence_front_bands_r5_l4,5,4,8,front_bands,6,0.7261904761904763,0.02594582704488496,0.041666666666666664,0.008333333333333333,nan,0.0
room_graph_tree_like,tree_like,room_graph_navigation,egocentric_landmark,temporal_full,one_hot,0,lin_sequence_front_bands_r5_l8,5,8,12,front_bands,6,0.6785714285714285,0.03324819058040225,0.025000000000000005,0.01118033988749895,nan,0.0
room_graph_tree_like,tree_like,room_graph_navigation,gaussian_sensory,temporal_cue_then_blank,one_hot,0,lin_sequence_all_units_r3_l4,3,4,6,all_units,6,0.6934523809523809,0.025428582575349797,0.03333333333333333,0.010540925533894598,nan,0.0
room_graph_tree_like,tree_like,room_graph_navigation,gaussian_sensory,temporal_cue_then_blank,one_hot,0,lin_sequence_front_bands_r1_l2,1,2,2,front_bands,6,0.5535714285714285,0.01458029608799511,0.025000000000000005,0.01118033988749895,nan,0.0
room_graph_tree_like,tree_like,room_graph_navigation,gaussian_sensory,temporal_cue_then_blank,one_hot,0,lin_sequence_front_bands_r1_l4,1,4,4,front_bands,6,0.6845238095238096,0.021461614734904703,0.03333333333333333,0.010540925533894598,nan,0.0
room_graph_tree_like,tree_like,room_graph_navigation,gaussian_sensory,temporal_cue_then_blank,one_hot,0,lin_sequence_front_bands_r1_l8,1,8,8,front_bands,6,0.6190476190476191,0.026352313834736494,0.025000000000000005,0.01118033988749895,nan,0.0
room_graph_tree_like,tree_like,room_graph_navigation,gaussian_sensory,temporal_cue_then_blank,one_hot,0,lin_sequence_front_bands_r3_l2,3,2,4,front_bands,6,0.7083333333333334,0.033141454540654904,0.06666666666666667,0.021081851067789197,nan,0.0
room_graph_tree_like,tree_like,room_graph_navigation,gaussian_sensory,temporal_cue_then_blank,one_hot,0,lin_sequence_front_bands_r3_l4,3,4,6,front_bands,6,0.6815476190476191,0.03671707265069318,0.03333333333333333,0.010540925533894598,nan,0.0
room_graph_tree_like,tree_like,room_graph_navigation,gaussian_sensory,temporal_cue_then_blank,one_hot,0,lin_sequence_front_bands_r3_l8,3,8,10,front_bands,6,0.5863095238095238,0.04620290088172625,0.025000000000000005,0.01118033988749895,nan,0.0
room_graph_tree_like,tree_like,room_graph_navigation,gaussian_sensory,temporal_cue_then_blank,one_hot,0,lin_sequence_front_bands_r5_l2,5,2,6,front_bands,6,0.6666666666666666,0.02243029009692473,0.03333333333333333,0.010540925533894598,nan,0.0
room_graph_tree_like,tree_like,room_graph_navigation,gaussian_sensory,temporal_cue_then_blank,one_hot,0,lin_sequence_front_bands_r5_l4,5,4,8,front_bands,6,0.6547619047619048,0.015058465048420854,0.016666666666666666,0.010540925533894598,nan,0.0
room_graph_tree_like,tree_like,room_graph_navigation,gaussian_sensory,temporal_cue_then_blank,one_hot,0,lin_sequence_front_bands_r5_l8,5,8,12,front_bands,6,0.5416666666666666,0.039032372168464294,0.025000000000000005,0.01118033988749895,nan,0.0
room_graph_tree_like,tree_like,room_graph_navigation,gaussian_sensory,temporal_dropout,one_hot,0,lin_sequence_all_units_r3_l4,3,4,6,all_units,6,0.6666666666666666,0.03346064124417905,0.03333333333333333,0.01666666666666667,nan,0.0
room_graph_tree_like,tree_like,room_graph_navigation,gaussian_sensory,temporal_dropout,one_hot,0,lin_sequence_front_bands_r1_l2,1,2,2,front_bands,6,0.7023809523809522,0.04828404712065058,0.025000000000000005,0.01118033988749895,nan,0.0
room_graph_tree_like,tree_like,room_graph_navigation,gaussian_sensory,temporal_dropout,one_hot,0,lin_sequence_front_bands_r1_l4,1,4,4,front_bands,6,0.6428571428571428,0.03324819058040224,0.05000000000000001,0.01825741858350554,nan,0.0
room_graph_tree_like,tree_like,room_graph_navigation,gaussian_sensory,temporal_dropout,one_hot,0,lin_sequence_front_bands_r1_l8,1,8,8,front_bands,6,0.5773809523809524,0.038759096657380254,0.025000000000000005,0.01118033988749895,nan,0.0
room_graph_tree_like,tree_like,room_graph_navigation,gaussian_sensory,temporal_dropout,one_hot,0,lin_sequence_front_bands_r3_l2,3,2,4,front_bands,6,0.681547619047619,0.034323102960329754,0.025000000000000005,0.017078251276599336,nan,0.0
room_graph_tree_like,tree_like,room_graph_navigation,gaussian_sensory,temporal_dropout,one_hot,0,lin_sequence_front_bands_r3_l4,3,4,6,front_bands,6,0.6815476190476191,0.03613345288280045,0.025000000000000005,0.01118033988749895,nan,0.0
room_graph_tree_like,tree_like,room_graph_navigation,gaussian_sensory,temporal_dropout,one_hot,0,lin_sequence_front_bands_r3_l8,3,8,10,front_bands,6,0.5416666666666666,0.019379548328690127,0.025000000000000005,0.01118033988749895,nan,0.0
room_graph_tree_like,tree_like,room_graph_navigation,gaussian_sensory,temporal_dropout,one_hot,0,lin_sequence_front_bands_r5_l2,5,2,6,front_bands,6,0.6666666666666666,0.031157743638815242,0.025000000000000005,0.01118033988749895,nan,0.0
room_graph_tree_like,tree_like,room_graph_navigation,gaussian_sensory,temporal_dropout,one_hot,0,lin_sequence_front_bands_r5_l4,5,4,8,front_bands,6,0.6309523809523809,0.04217378472361512,0.025000000000000005,0.01118033988749895,nan,0.0
room_graph_tree_like,tree_like,room_graph_navigation,gaussian_sensory,temporal_dropout,one_hot,0,lin_sequence_front_bands_r5_l8,5,8,12,front_bands,6,0.5952380952380952,0.03984095364447979,0.025000000000000005,0.01118033988749895,nan,0.0
room_graph_tree_like,tree_like,room_graph_navigation,gaussian_sensory,temporal_full,one_hot,0,lin_sequence_all_units_r3_l4,3,4,6,all_units,6,0.7440476190476191,0.024251843794599246,0.05833333333333333,0.008333333333333335,nan,0.0
room_graph_tree_like,tree_like,room_graph_navigation,gaussian_sensory,temporal_full,one_hot,0,lin_sequence_front_bands_r1_l2,1,2,2,front_bands,6,0.7440476190476191,0.03216489544311023,0.041666666666666664,0.008333333333333335,nan,0.0
room_graph_tree_like,tree_like,room_graph_navigation,gaussian_sensory,temporal_full,one_hot,0,lin_sequence_front_bands_r1_l4,1,4,4,front_bands,6,0.7202380952380952,0.019920476822239897,0.03333333333333333,0.010540925533894598,nan,0.0
room_graph_tree_like,tree_like,room_graph_navigation,gaussian_sensory,temporal_full,one_hot,0,lin_sequence_front_bands_r1_l8,1,8,8,front_bands,6,0.6517857142857143,0.02870134155057427,0.03333333333333333,0.010540925533894598,nan,0.0
room_graph_tree_like,tree_like,room_graph_navigation,gaussian_sensory,temporal_full,one_hot,0,lin_sequence_front_bands_r3_l2,3,2,4,front_bands,6,0.7440476190476191,0.026752625064576468,0.09166666666666667,0.032702361450580975,nan,0.0
room_graph_tree_like,tree_like,room_graph_navigation,gaussian_sensory,temporal_full,one_hot,0,lin_sequence_front_bands_r3_l4,3,4,6,front_bands,6,0.7291666666666666,0.019786631117374606,0.049999999999999996,0.01290994448735806,nan,0.0
room_graph_tree_like,tree_like,room_graph_navigation,gaussian_sensory,temporal_full,one_hot,0,lin_sequence_front_bands_r3_l8,3,8,10,front_bands,6,0.7083333333333334,0.023358829607557845,0.025000000000000005,0.01118033988749895,nan,0.0
room_graph_tree_like,tree_like,room_graph_navigation,gaussian_sensory,temporal_full,one_hot,0,lin_sequence_front_bands_r5_l2,5,2,6,front_bands,6,0.7499999999999999,0.027277236279499045,0.03333333333333333,0.010540925533894598,nan,0.0
room_graph_tree_like,tree_like,room_graph_navigation,gaussian_sensory,temporal_full,one_hot,0,lin_sequence_front_bands_r5_l4,5,4,8,front_bands,6,0.7380952380952381,0.022899266740084943,0.041666666666666664,0.015365907428821483,nan,0.0
room_graph_tree_like,tree_like,room_graph_navigation,gaussian_sensory,temporal_full,one_hot,0,lin_sequence_front_bands_r5_l8,5,8,12,front_bands,6,0.7083333333333334,0.02380952380952381,0.041666666666666664,0.015365907428821483,nan,0.0
room_graph_tree_like,tree_like,room_graph_navigation,hybrid,temporal_cue_then_blank,one_hot,0,lin_sequence_all_units_r3_l4,3,4,6,all_units,6,0.681547619047619,0.02369765385404093,0.041666666666666664,0.015365907428821483,nan,0.0
room_graph_tree_like,tree_like,room_graph_navigation,hybrid,temporal_cue_then_blank,one_hot,0,lin_sequence_front_bands_r1_l2,1,2,2,front_bands,6,0.5714285714285715,0.02567126030100931,0.025000000000000005,0.01118033988749895,nan,0.0
room_graph_tree_like,tree_like,room_graph_navigation,hybrid,temporal_cue_then_blank,one_hot,0,lin_sequence_front_bands_r1_l4,1,4,4,front_bands,6,0.7113095238095237,0.016888405903703704,0.03333333333333333,0.010540925533894598,nan,0.0
room_graph_tree_like,tree_like,room_graph_navigation,hybrid,temporal_cue_then_blank,one_hot,0,lin_sequence_front_bands_r1_l8,1,8,8,front_bands,6,0.5357142857142857,0.03774016067654134,0.041666666666666664,0.01536590742882148,nan,0.0
room_graph_tree_like,tree_like,room_graph_navigation,hybrid,temporal_cue_then_blank,one_hot,0,lin_sequence_front_bands_r3_l2,3,2,4,front_bands,6,0.7023809523809524,0.023358829607557835,0.025000000000000005,0.01118033988749895,nan,0.0
room_graph_tree_like,tree_like,room_graph_navigation,hybrid,temporal_cue_then_blank,one_hot,0,lin_sequence_front_bands_r3_l4,3,4,6,front_bands,6,0.6874999999999999,0.023846697171440633,0.025000000000000005,0.01118033988749895,nan,0.0
room_graph_tree_like,tree_like,room_graph_navigation,hybrid,temporal_cue_then_blank,one_hot,0,lin_sequence_front_bands_r3_l8,3,8,10,front_bands,6,0.6398809523809524,0.02083333333333333,0.025000000000000005,0.01118033988749895,nan,0.0
room_graph_tree_like,tree_like,room_graph_navigation,hybrid,temporal_cue_then_blank,one_hot,0,lin_sequence_front_bands_r5_l2,5,2,6,front_bands,6,0.6785714285714285,0.02952284944675534,0.03333333333333333,0.010540925533894598,nan,0.0
room_graph_tree_like,tree_like,room_graph_navigation,hybrid,temporal_cue_then_blank,one_hot,0,lin_sequence_front_bands_r5_l4,5,4,8,front_bands,6,0.7321428571428571,0.025253813613805264,0.03333333333333333,0.010540925533894598,nan,0.0
room_graph_tree_like,tree_like,room_graph_navigation,hybrid,temporal_cue_then_blank,one_hot,0,lin_sequence_front_bands_r5_l8,5,8,12,front_bands,6,0.5565476190476191,0.01810345991160185,0.03333333333333333,0.01666666666666667,nan,0.0
room_graph_tree_like,tree_like,room_graph_navigation,hybrid,temporal_dropout,one_hot,0,lin_sequence_all_units_r3_l4,3,4,6,all_units,6,0.6755952380952381,0.020316724006995256,0.016666666666666666,0.010540925533894598,nan,0.0
room_graph_tree_like,tree_like,room_graph_navigation,hybrid,temporal_dropout,one_hot,0,lin_sequence_front_bands_r1_l2,1,2,2,front_bands,6,0.6726190476190476,0.03183271894552603,0.03333333333333333,0.01666666666666667,nan,0.0
room_graph_tree_like,tree_like,room_graph_navigation,hybrid,temporal_dropout,one_hot,0,lin_sequence_front_bands_r1_l4,1,4,4,front_bands,6,0.6726190476190476,0.01882308131052607,0.041666666666666664,0.008333333333333333,nan,0.0
room_graph_tree_like,tree_like,room_graph_navigation,hybrid,temporal_dropout,one_hot,0,lin_sequence_front_bands_r1_l8,1,8,8,front_bands,6,0.5773809523809524,0.0411533000415324,0.03333333333333333,0.010540925533894598,nan,0.0
room_graph_tree_like,tree_like,room_graph_navigation,hybrid,temporal_dropout,one_hot,0,lin_sequence_front_bands_r3_l2,3,2,4,front_bands,6,0.6964285714285715,0.038020760530169805,0.025000000000000005,0.01118033988749895,nan,0.0
room_graph_tree_like,tree_like,room_graph_navigation,hybrid,temporal_dropout,one_hot,0,lin_sequence_front_bands_r3_l4,3,4,6,front_bands,6,0.6607142857142857,0.02395787118749774,0.03333333333333333,0.01666666666666667,nan,0.0
room_graph_tree_like,tree_like,room_graph_navigation,hybrid,temporal_dropout,one_hot,0,lin_sequence_front_bands_r3_l8,3,8,10,front_bands,6,0.5297619047619048,0.046260379113632025,0.041666666666666664,0.015365907428821483,nan,0.0
room_graph_tree_like,tree_like,room_graph_navigation,hybrid,temporal_dropout,one_hot,0,lin_sequence_front_bands_r5_l2,5,2,6,front_bands,6,0.6309523809523809,0.025113122749677367,0.025000000000000005,0.01118033988749895,nan,0.0
room_graph_tree_like,tree_like,room_graph_navigation,hybrid,temporal_dropout,one_hot,0,lin_sequence_front_bands_r5_l4,5,4,8,front_bands,6,0.5773809523809524,0.040894200088851605,0.025000000000000005,0.017078251276599336,nan,0.0
room_graph_tree_like,tree_like,room_graph_navigation,hybrid,temporal_dropout,one_hot,0,lin_sequence_front_bands_r5_l8,5,8,12,front_bands,6,0.4851190476190476,0.03493697759721236,0.03333333333333333,0.010540925533894598,nan,0.0
room_graph_tree_like,tree_like,room_graph_navigation,hybrid,temporal_full,one_hot,0,lin_sequence_all_units_r3_l4,3,4,6,all_units,6,0.7321428571428572,0.033248190580402244,0.06666666666666667,0.021081851067789197,nan,0.0
room_graph_tree_like,tree_like,room_graph_navigation,hybrid,temporal_full,one_hot,0,lin_sequence_front_bands_r1_l2,1,2,2,front_bands,6,0.75,0.023510021021585118,0.05833333333333333,0.020069324297987162,nan,0.0
room_graph_tree_like,tree_like,room_graph_navigation,hybrid,temporal_full,one_hot,0,lin_sequence_front_bands_r1_l4,1,4,4,front_bands,6,0.6964285714285715,0.024829349541207395,0.049999999999999996,3.103167691559091e-18,nan,0.0
room_graph_tree_like,tree_like,room_graph_navigation,hybrid,temporal_full,one_hot,0,lin_sequence_front_bands_r1_l8,1,8,8,front_bands,6,0.625,0.031271251277532615,0.041666666666666664,0.008333333333333335,nan,0.0
room_graph_tree_like,tree_like,room_graph_navigation,hybrid,temporal_full,one_hot,0,lin_sequence_front_bands_r3_l2,3,2,4,front_bands,6,0.7529761904761904,0.029672484715748855,0.041666666666666664,0.015365907428821483,nan,0.0
room_graph_tree_like,tree_like,room_graph_navigation,hybrid,temporal_full,one_hot,0,lin_sequence_front_bands_r3_l4,3,4,6,front_bands,6,0.7351190476190476,0.04160284227382512,0.03333333333333333,0.010540925533894598,nan,0.0
room_graph_tree_like,tree_like,room_graph_navigation,hybrid,temporal_full,one_hot,0,lin_sequence_front_bands_r3_l8,3,8,10,front_bands,6,0.6517857142857143,0.042943860679589906,0.03333333333333333,0.010540925533894598,nan,0.0
room_graph_tree_like,tree_like,room_graph_navigation,hybrid,temporal_full,one_hot,0,lin_sequence_front_bands_r5_l2,5,2,6,front_bands,6,0.7232142857142857,0.027567943278355746,0.10000000000000002,0.040824829046386304,nan,0.0
room_graph_tree_like,tree_like,room_graph_navigation,hybrid,temporal_full,one_hot,0,lin_sequence_front_bands_r5_l4,5,4,8,front_bands,6,0.6934523809523809,0.015578871819407616,0.025000000000000005,0.01118033988749895,nan,0.0
room_graph_tree_like,tree_like,room_graph_navigation,hybrid,temporal_full,one_hot,0,lin_sequence_front_bands_r5_l8,5,8,12,front_bands,6,0.6101190476190476,0.026251282227618987,0.049999999999999996,0.0223606797749979,nan,0.0
room_graph_tree_like,tree_like,room_graph_navigation,sparse_aliased,temporal_cue_then_blank,one_hot,0,lin_sequence_all_units_r3_l4,3,4,6,all_units,6,0.6994047619047619,0.027048970875004207,0.025000000000000005,0.01118033988749895,nan,0.0
room_graph_tree_like,tree_like,room_graph_navigation,sparse_aliased,temporal_cue_then_blank,one_hot,0,lin_sequence_front_bands_r1_l2,1,2,2,front_bands,6,0.5565476190476191,0.018103459911601824,0.049999999999999996,0.0223606797749979,nan,0.0
room_graph_tree_like,tree_like,room_graph_navigation,sparse_aliased,temporal_cue_then_blank,one_hot,0,lin_sequence_front_bands_r1_l4,1,4,4,front_bands,6,0.7172619047619048,0.025007085163809534,0.05833333333333333,0.008333333333333335,nan,0.0
room_graph_tree_like,tree_like,room_graph_navigation,sparse_aliased,temporal_cue_then_blank,one_hot,0,lin_sequence_front_bands_r1_l8,1,8,8,front_bands,6,0.6011904761904762,0.03501295516631604,0.03333333333333333,0.010540925533894598,nan,0.0
room_graph_tree_like,tree_like,room_graph_navigation,sparse_aliased,temporal_cue_then_blank,one_hot,0,lin_sequence_front_bands_r3_l2,3,2,4,front_bands,6,0.7113095238095237,0.024142023560325295,0.03333333333333333,0.010540925533894598,nan,0.0
room_graph_tree_like,tree_like,room_graph_navigation,sparse_aliased,temporal_cue_then_blank,one_hot,0,lin_sequence_front_bands_r3_l4,3,4,6,front_bands,6,0.6696428571428572,0.0255675376129935,0.03333333333333333,0.010540925533894598,nan,0.0
room_graph_tree_like,tree_like,room_graph_navigation,sparse_aliased,temporal_cue_then_blank,one_hot,0,lin_sequence_front_bands_r3_l8,3,8,10,front_bands,6,0.5863095238095237,0.025007085163809527,0.03333333333333333,0.010540925533894598,nan,0.0
room_graph_tree_like,tree_like,room_graph_navigation,sparse_aliased,temporal_cue_then_blank,one_hot,0,lin_sequence_front_bands_r5_l2,5,2,6,front_bands,6,0.6636904761904763,0.033061176373806705,0.025000000000000005,0.01118033988749895,nan,0.0
room_graph_tree_like,tree_like,room_graph_navigation,sparse_aliased,temporal_cue_then_blank,one_hot,0,lin_sequence_front_bands_r5_l4,5,4,8,front_bands,6,0.6726190476190476,0.012766434874718584,0.03333333333333333,0.010540925533894598,nan,0.0
room_graph_tree_like,tree_like,room_graph_navigation,sparse_aliased,temporal_cue_then_blank,one_hot,0,lin_sequence_front_bands_r5_l8,5,8,12,front_bands,6,0.5892857142857143,0.043497204539155024,0.025000000000000005,0.01118033988749895,nan,0.0
room_graph_tree_like,tree_like,room_graph_navigation,sparse_aliased,temporal_dropout,one_hot,0,lin_sequence_all_units_r3_l4,3,4,6,all_units,6,0.6666666666666666,0.026752625064576464,0.025000000000000005,0.01118033988749895,nan,0.0
room_graph_tree_like,tree_like,room_graph_navigation,sparse_aliased,temporal_dropout,one_hot,0,lin_sequence_front_bands_r1_l2,1,2,2,front_bands,6,0.613095238095238,0.018249654424709393,0.025000000000000005,0.01118033988749895,nan,0.0
room_graph_tree_like,tree_like,room_graph_navigation,sparse_aliased,temporal_dropout,one_hot,0,lin_sequence_front_bands_r1_l4,1,4,4,front_bands,6,0.6994047619047619,0.03700543105326085,0.025000000000000005,0.01118033988749895,nan,0.0
room_graph_tree_like,tree_like,room_graph_navigation,sparse_aliased,temporal_dropout,one_hot,0,lin_sequence_front_bands_r1_l8,1,8,8,front_bands,6,0.5595238095238096,0.03377681180740741,0.025000000000000005,0.01118033988749895,nan,0.0
room_graph_tree_like,tree_like,room_graph_navigation,sparse_aliased,temporal_dropout,one_hot,0,lin_sequence_front_bands_r3_l2,3,2,4,front_bands,6,0.681547619047619,0.03642643162093868,0.041666666666666664,0.015365907428821483,nan,0.0
room_graph_tree_like,tree_like,room_graph_navigation,sparse_aliased,temporal_dropout,one_hot,0,lin_sequence_front_bands_r3_l4,3,4,6,front_bands,6,0.6547619047619048,0.022430290096924738,0.025000000000000005,0.01118033988749895,nan,0.0
room_graph_tree_like,tree_like,room_graph_navigation,sparse_aliased,temporal_dropout,one_hot,0,lin_sequence_front_bands_r3_l8,3,8,10,front_bands,6,0.5505952380952381,0.025007085163809534,0.049999999999999996,0.01290994448735806,nan,0.0
room_graph_tree_like,tree_like,room_graph_navigation,sparse_aliased,temporal_dropout,one_hot,0,lin_sequence_front_bands_r5_l2,5,2,6,front_bands,6,0.636904761904762,0.03501295516631606,0.025000000000000005,0.01118033988749895,nan,0.0
room_graph_tree_like,tree_like,room_graph_navigation,sparse_aliased,temporal_dropout,one_hot,0,lin_sequence_front_bands_r5_l4,5,4,8,front_bands,6,0.5952380952380952,0.01882308131052607,0.03333333333333333,0.01666666666666667,nan,0.0
room_graph_tree_like,tree_like,room_graph_navigation,sparse_aliased,temporal_dropout,one_hot,0,lin_sequence_front_bands_r5_l8,5,8,12,front_bands,6,0.5446428571428572,0.03932627775990222,0.025000000000000005,0.017078251276599336,nan,0.0
room_graph_tree_like,tree_like,room_graph_navigation,sparse_aliased,temporal_full,one_hot,0,lin_sequence_all_units_r3_l4,3,4,6,all_units,6,0.7470238095238096,0.027439120408609782,0.041666666666666664,0.008333333333333335,nan,0.0
room_graph_tree_like,tree_like,room_graph_navigation,sparse_aliased,temporal_full,one_hot,0,lin_sequence_front_bands_r1_l2,1,2,2,front_bands,6,0.744047619047619,0.03470804699312678,0.049999999999999996,0.0223606797749979,nan,0.0
room_graph_tree_like,tree_like,room_graph_navigation,sparse_aliased,temporal_full,one_hot,0,lin_sequence_front_bands_r1_l4,1,4,4,front_bands,6,0.7083333333333334,0.018249654424709393,0.05833333333333333,0.01536590742882148,nan,0.0
room_graph_tree_like,tree_like,room_graph_navigation,sparse_aliased,temporal_full,one_hot,0,lin_sequence_front_bands_r1_l8,1,8,8,front_bands,6,0.6220238095238095,0.041088678227195995,0.041666666666666664,0.015365907428821483,nan,0.0
room_graph_tree_like,tree_like,room_graph_navigation,sparse_aliased,temporal_full,one_hot,0,lin_sequence_front_bands_r3_l2,3,2,4,front_bands,6,0.7410714285714285,0.019964892656248134,0.05833333333333333,0.020069324297987166,nan,0.0
room_graph_tree_like,tree_like,room_graph_navigation,sparse_aliased,temporal_full,one_hot,0,lin_sequence_front_bands_r3_l4,3,4,6,front_bands,6,0.7410714285714285,0.023846697171440633,0.05833333333333333,0.020069324297987166,nan,0.0
room_graph_tree_like,tree_like,room_graph_navigation,sparse_aliased,temporal_full,one_hot,0,lin_sequence_front_bands_r3_l8,3,8,10,front_bands,6,0.6607142857142857,0.020619652471058066,0.041666666666666664,0.008333333333333333,nan,0.0
room_graph_tree_like,tree_like,room_graph_navigation,sparse_aliased,temporal_full,one_hot,0,lin_sequence_front_bands_r5_l2,5,2,6,front_bands,6,0.7261904761904762,0.021461614734904693,0.05833333333333333,0.020069324297987166,nan,0.0
room_graph_tree_like,tree_like,room_graph_navigation,sparse_aliased,temporal_full,one_hot,0,lin_sequence_front_bands_r5_l4,5,4,8,front_bands,6,0.7053571428571428,0.012835630150504651,0.06666666666666667,0.0105409255338946,nan,0.0
room_graph_tree_like,tree_like,room_graph_navigation,sparse_aliased,temporal_full,one_hot,0,lin_sequence_front_bands_r5_l8,5,8,12,front_bands,6,0.6458333333333334,0.03729155978018353,0.03333333333333333,0.010540925533894598,nan,0.0
room_graph_tree_like,tree_like,room_graph_navigation,vector,temporal_cue_then_blank,one_hot,0,lin_sequence_all_units_r3_l4,3,4,6,all_units,6,0.7023809523809524,0.021951296326887818,0.041666666666666664,0.008333333333333333,nan,0.0
room_graph_tree_like,tree_like,room_graph_navigation,vector,temporal_cue_then_blank,one_hot,0,lin_sequence_front_bands_r1_l2,1,2,2,front_bands,6,0.568452380952381,0.020316724006995242,0.025000000000000005,0.01118033988749895,nan,0.0
room_graph_tree_like,tree_like,room_graph_navigation,vector,temporal_cue_then_blank,one_hot,0,lin_sequence_front_bands_r1_l4,1,4,4,front_bands,6,0.7172619047619048,0.009689774164345067,0.03333333333333333,0.010540925533894598,nan,0.0
room_graph_tree_like,tree_like,room_graph_navigation,vector,temporal_cue_then_blank,one_hot,0,lin_sequence_front_bands_r1_l8,1,8,8,front_bands,6,0.6666666666666666,0.008828807722732923,0.025000000000000005,0.01118033988749895,nan,0.0
room_graph_tree_like,tree_like,room_graph_navigation,vector,temporal_cue_then_blank,one_hot,0,lin_sequence_front_bands_r3_l2,3,2,4,front_bands,6,0.7172619047619048,0.015578871819407624,0.025000000000000005,0.01118033988749895,nan,0.0
room_graph_tree_like,tree_like,room_graph_navigation,vector,temporal_cue_then_blank,one_hot,0,lin_sequence_front_bands_r3_l4,3,4,6,front_bands,6,0.6934523809523809,0.016246838171376406,0.03333333333333333,0.010540925533894598,nan,0.0
room_graph_tree_like,tree_like,room_graph_navigation,vector,temporal_cue_then_blank,one_hot,0,lin_sequence_front_bands_r3_l8,3,8,10,front_bands,6,0.6666666666666666,0.0204471000444258,0.025000000000000005,0.01118033988749895,nan,0.0
room_graph_tree_like,tree_like,room_graph_navigation,vector,temporal_cue_then_blank,one_hot,0,lin_sequence_front_bands_r5_l2,5,2,6,front_bands,6,0.7023809523809524,0.018249654424709393,0.03333333333333333,0.010540925533894598,nan,0.0
room_graph_tree_like,tree_like,room_graph_navigation,vector,temporal_cue_then_blank,one_hot,0,lin_sequence_front_bands_r5_l4,5,4,8,front_bands,6,0.7142857142857143,0.01458029608799511,0.041666666666666664,0.015365907428821483,nan,0.0
room_graph_tree_like,tree_like,room_graph_navigation,vector,temporal_cue_then_blank,one_hot,0,lin_sequence_front_bands_r5_l8,5,8,12,front_bands,6,0.6458333333333334,0.027439120408609782,0.03333333333333333,0.010540925533894598,nan,0.0
room_graph_tree_like,tree_like,room_graph_navigation,vector,temporal_dropout,one_hot,0,lin_sequence_all_units_r3_l4,3,4,6,all_units,6,0.6815476190476191,0.02182990573915744,0.03333333333333333,0.010540925533894598,nan,0.0
room_graph_tree_like,tree_like,room_graph_navigation,vector,temporal_dropout,one_hot,0,lin_sequence_front_bands_r1_l2,1,2,2,front_bands,6,0.6220238095238094,0.031072340800329022,0.025000000000000005,0.01118033988749895,nan,0.0
room_graph_tree_like,tree_like,room_graph_navigation,vector,temporal_dropout,one_hot,0,lin_sequence_front_bands_r1_l4,1,4,4,front_bands,6,0.6815476190476191,0.0197866311173746,0.041666666666666664,0.008333333333333333,nan,0.0
room_graph_tree_like,tree_like,room_graph_navigation,vector,temporal_dropout,one_hot,0,lin_sequence_front_bands_r1_l8,1,8,8,front_bands,6,0.5416666666666666,0.03620691982320368,0.03333333333333333,0.010540925533894598,nan,0.0
room_graph_tree_like,tree_like,room_graph_navigation,vector,temporal_dropout,one_hot,0,lin_sequence_front_bands_r3_l2,3,2,4,front_bands,6,0.7232142857142857,0.02795084971874737,0.041666666666666664,0.008333333333333333,nan,0.0
room_graph_tree_like,tree_like,room_graph_navigation,vector,temporal_dropout,one_hot,0,lin_sequence_front_bands_r3_l4,3,4,6,front_bands,6,0.6398809523809524,0.028203232715433648,0.025000000000000005,0.01118033988749895,nan,0.0
room_graph_tree_like,tree_like,room_graph_navigation,vector,temporal_dropout,one_hot,0,lin_sequence_front_bands_r3_l8,3,8,10,front_bands,6,0.6339285714285715,0.014396888836247406,0.025000000000000005,0.01118033988749895,nan,0.0
room_graph_tree_like,tree_like,room_graph_navigation,vector,temporal_dropout,one_hot,0,lin_sequence_front_bands_r5_l2,5,2,6,front_bands,6,0.6845238095238094,0.025113122749677367,0.025000000000000005,0.01118033988749895,nan,0.0
room_graph_tree_like,tree_like,room_graph_navigation,vector,temporal_dropout,one_hot,0,lin_sequence_front_bands_r5_l4,5,4,8,front_bands,6,0.6250000000000001,0.013041013273932537,0.05833333333333333,0.01536590742882148,nan,0.0
room_graph_tree_like,tree_like,room_graph_navigation,vector,temporal_dropout,one_hot,0,lin_sequence_front_bands_r5_l8,5,8,12,front_bands,6,0.5625,0.011056056917265892,0.025000000000000005,0.01118033988749895,nan,0.0
room_graph_tree_like,tree_like,room_graph_navigation,vector,temporal_full,one_hot,0,lin_sequence_all_units_r3_l4,3,4,6,all_units,6,0.7113095238095238,0.010730807367452333,0.03333333333333333,0.010540925533894598,nan,0.0
room_graph_tree_like,tree_like,room_graph_navigation,vector,temporal_full,one_hot,0,lin_sequence_front_bands_r1_l2,1,2,2,front_bands,6,0.7083333333333334,0.02976190476190475,0.025000000000000005,0.01118033988749895,nan,0.0
room_graph_tree_like,tree_like,room_graph_navigation,vector,temporal_full,one_hot,0,lin_sequence_front_bands_r1_l4,1,4,4,front_bands,6,0.7053571428571429,0.012835630150504648,0.03333333333333333,0.010540925533894598,nan,0.0
room_graph_tree_like,tree_like,room_graph_navigation,vector,temporal_full,one_hot,0,lin_sequence_front_bands_r1_l8,1,8,8,front_bands,6,0.6577380952380952,0.025428582575349797,0.025000000000000005,0.01118033988749895,nan,0.0
room_graph_tree_like,tree_like,room_graph_navigation,vector,temporal_full,one_hot,0,lin_sequence_front_bands_r3_l2,3,2,4,front_bands,6,0.7113095238095238,0.014148648004767516,0.03333333333333333,0.010540925533894598,nan,0.0
room_graph_tree_like,tree_like,room_graph_navigation,vector,temporal_full,one_hot,0,lin_sequence_front_bands_r3_l4,3,4,6,front_bands,6,0.7172619047619048,0.01978663111737459,0.041666666666666664,0.008333333333333333,nan,0.0
room_graph_tree_like,tree_like,room_graph_navigation,vector,temporal_full,one_hot,0,lin_sequence_front_bands_r3_l8,3,8,10,front_bands,6,0.6220238095238094,0.03729155978018354,0.025000000000000005,0.01118033988749895,nan,0.0
room_graph_tree_like,tree_like,room_graph_navigation,vector,temporal_full,one_hot,0,lin_sequence_front_bands_r5_l2,5,2,6,front_bands,6,0.6815476190476191,0.02820323271543366,0.049999999999999996,0.01290994448735806,nan,0.0
room_graph_tree_like,tree_like,room_graph_navigation,vector,temporal_full,one_hot,0,lin_sequence_front_bands_r5_l4,5,4,8,front_bands,6,0.6934523809523809,0.020316724006995256,0.03333333333333333,0.01666666666666667,nan,0.0
room_graph_tree_like,tree_like,room_graph_navigation,vector,temporal_full,one_hot,0,lin_sequence_front_bands_r5_l8,5,8,12,front_bands,6,0.6101190476190477,0.02820323271543365,0.03333333333333333,0.010540925533894598,nan,0.0
shortcut_route_choice,shortcut_vs_turning_route,shortcut_route_memory,egocentric_landmark,temporal_cue_then_blank,one_hot,0,lin_sequence_all_units_r3_l4,3,4,6,all_units,6,0.7333333333333334,0.08432740427115679,0.43333333333333335,0.033333333333333326,0.7666666666666667,0.08027729719194865
shortcut_route_choice,shortcut_vs_turning_route,shortcut_route_memory,egocentric_landmark,temporal_cue_then_blank,one_hot,0,lin_sequence_front_bands_r1_l2,1,2,2,front_bands,6,0.6666666666666666,0.042163702135578414,0.39999999999999997,2.482534153247273e-17,0.9333333333333332,0.042163702135578386
shortcut_route_choice,shortcut_vs_turning_route,shortcut_route_memory,egocentric_landmark,temporal_cue_then_blank,one_hot,0,lin_sequence_front_bands_r1_l4,1,4,4,front_bands,6,0.7333333333333333,0.06666666666666668,0.39999999999999997,2.482534153247273e-17,0.7333333333333333,0.09888264649460884
shortcut_route_choice,shortcut_vs_turning_route,shortcut_route_memory,egocentric_landmark,temporal_cue_then_blank,one_hot,0,lin_sequence_front_bands_r1_l8,1,8,8,front_bands,6,1.0,0.0,0.6,0.0,0.6,0.10327955589886445
shortcut_route_choice,shortcut_vs_turning_route,shortcut_route_memory,egocentric_landmark,temporal_cue_then_blank,one_hot,0,lin_sequence_front_bands_r3_l2,3,2,4,front_bands,6,0.7333333333333333,0.06666666666666668,0.39999999999999997,2.482534153247273e-17,0.7666666666666666,0.09545214042184237
shortcut_route_choice,shortcut_vs_turning_route,shortcut_route_memory,egocentric_landmark,temporal_cue_then_blank,one_hot,0,lin_sequence_front_bands_r3_l4,3,4,6,front_bands,6,0.9333333333333332,0.042163702135578386,0.5333333333333333,0.042163702135578386,0.7000000000000001,0.1
shortcut_route_choice,shortcut_vs_turning_route,shortcut_route_memory,egocentric_landmark,temporal_cue_then_blank,one_hot,0,lin_sequence_front_bands_r3_l8,3,8,10,front_bands,6,0.9666666666666667,0.033333333333333326,0.5666666666666668,0.03333333333333333,0.5666666666666667,0.09545214042184236
shortcut_route_choice,shortcut_vs_turning_route,shortcut_route_memory,egocentric_landmark,temporal_cue_then_blank,one_hot,0,lin_sequence_front_bands_r5_l2,5,2,6,front_bands,6,0.8333333333333334,0.08027729719194865,0.5000000000000001,0.04472135954999579,0.7999999999999999,0.05163977794943224
shortcut_route_choice,shortcut_vs_turning_route,shortcut_route_memory,egocentric_landmark,temporal_cue_then_blank,one_hot,0,lin_sequence_front_bands_r5_l4,5,4,8,front_bands,6,0.9666666666666667,0.033333333333333326,0.6,0.0,0.8666666666666667,0.06666666666666667
shortcut_route_choice,shortcut_vs_turning_route,shortcut_route_memory,egocentric_landmark,temporal_cue_then_blank,one_hot,0,lin_sequence_front_bands_r5_l8,5,8,12,front_bands,6,1.0,0.0,0.6,0.0,0.5,0.04472135954999579
shortcut_route_choice,shortcut_vs_turning_route,shortcut_route_memory,egocentric_landmark,temporal_dropout,one_hot,0,lin_sequence_all_units_r3_l4,3,4,6,all_units,6,0.6666666666666666,0.042163702135578414,0.3,0.0447213595499958,0.5666666666666667,0.09545214042184236
shortcut_route_choice,shortcut_vs_turning_route,shortcut_route_memory,egocentric_landmark,temporal_dropout,one_hot,0,lin_sequence_front_bands_r1_l2,1,2,2,front_bands,6,0.7000000000000001,0.04472135954999581,0.2333333333333333,0.03333333333333334,0.9333333333333332,0.042163702135578386
shortcut_route_choice,shortcut_vs_turning_route,shortcut_route_memory,egocentric_landmark,temporal_dropout,one_hot,0,lin_sequence_front_bands_r1_l4,1,4,4,front_bands,6,0.6666666666666666,0.06666666666666668,0.3666666666666667,0.03333333333333334,0.8333333333333334,0.08027729719194865
shortcut_route_choice,shortcut_vs_turning_route,shortcut_route_memory,egocentric_landmark,temporal_dropout,one_hot,0,lin_sequence_front_bands_r1_l8,1,8,8,front_bands,6,0.9333333333333332,0.042163702135578386,0.5000000000000001,0.06831300510639733,0.49999999999999994,0.06831300510639735
shortcut_route_choice,shortcut_vs_turning_route,shortcut_route_memory,egocentric_landmark,temporal_dropout,one_hot,0,lin_sequence_front_bands_r3_l2,3,2,4,front_bands,6,0.6666666666666666,0.06666666666666668,0.3666666666666667,0.03333333333333334,0.8666666666666666,0.042163702135578386
shortcut_route_choice,shortcut_vs_turning_route,shortcut_route_memory,egocentric_landmark,temporal_dropout,one_hot,0,lin_sequence_front_bands_r3_l4,3,4,6,front_bands,6,0.7999999999999999,0.05163977794943224,0.36666666666666664,0.06146362971528592,0.6,0.07302967433402216
shortcut_route_choice,shortcut_vs_turning_route,shortcut_route_memory,egocentric_landmark,temporal_dropout,one_hot,0,lin_sequence_front_bands_r3_l8,3,8,10,front_bands,6,0.8999999999999999,0.04472135954999579,0.4000000000000001,0.07302967433402215,0.5,0.06831300510639732
shortcut_route_choice,shortcut_vs_turning_route,shortcut_route_memory,egocentric_landmark,temporal_dropout,one_hot,0,lin_sequence_front_bands_r5_l2,5,2,6,front_bands,6,0.8333333333333334,0.033333333333333326,0.3,0.0447213595499958,0.7666666666666667,0.08027729719194865
shortcut_route_choice,shortcut_vs_turning_route,shortcut_route_memory,egocentric_landmark,temporal_dropout,one_hot,0,lin_sequence_front_bands_r5_l4,5,4,8,front_bands,6,0.8333333333333334,0.06146362971528592,0.3666666666666667,0.08027729719194864,0.5333333333333333,0.06666666666666667
shortcut_route_choice,shortcut_vs_turning_route,shortcut_route_memory,egocentric_landmark,temporal_dropout,one_hot,0,lin_sequence_front_bands_r5_l8,5,8,12,front_bands,6,0.7999999999999999,0.0894427190999916,0.26666666666666666,0.0421637021355784,0.43333333333333335,0.14063348739819326
shortcut_route_choice,shortcut_vs_turning_route,shortcut_route_memory,egocentric_landmark,temporal_full,one_hot,0,lin_sequence_all_units_r3_l4,3,4,6,all_units,6,0.9333333333333332,0.042163702135578386,0.6,0.0,0.8666666666666666,0.042163702135578386
shortcut_route_choice,shortcut_vs_turning_route,shortcut_route_memory,egocentric_landmark,temporal_full,one_hot,0,lin_sequence_front_bands_r1_l2,1,2,2,front_bands,6,0.9,0.04472135954999579,0.6,0.0,0.8999999999999999,0.04472135954999579
shortcut_route_choice,shortcut_vs_turning_route,shortcut_route_memory,egocentric_landmark,temporal_full,one_hot,0,lin_sequence_front_bands_r1_l4,1,4,4,front_bands,6,0.9333333333333332,0.042163702135578386,0.5666666666666668,0.03333333333333333,0.8666666666666666,0.042163702135578386
shortcut_route_choice,shortcut_vs_turning_route,shortcut_route_memory,egocentric_landmark,temporal_full,one_hot,0,lin_sequence_front_bands_r1_l8,1,8,8,front_bands,6,1.0,0.0,0.6,0.0,0.5666666666666668,0.08027729719194865
shortcut_route_choice,shortcut_vs_turning_route,shortcut_route_memory,egocentric_landmark,temporal_full,one_hot,0,lin_sequence_front_bands_r3_l2,3,2,4,front_bands,6,0.9333333333333332,0.042163702135578386,0.6,0.0,0.8999999999999999,0.04472135954999579
shortcut_route_choice,shortcut_vs_turning_route,shortcut_route_memory,egocentric_landmark,temporal_full,one_hot,0,lin_sequence_front_bands_r3_l4,3,4,6,front_bands,6,0.9333333333333332,0.042163702135578386,0.6,0.0,0.7333333333333334,0.042163702135578414
shortcut_route_choice,shortcut_vs_turning_route,shortcut_route_memory,egocentric_landmark,temporal_full,one_hot,0,lin_sequence_front_bands_r3_l8,3,8,10,front_bands,6,1.0,0.0,0.6,0.0,0.6666666666666666,0.08432740427115679
shortcut_route_choice,shortcut_vs_turning_route,shortcut_route_memory,egocentric_landmark,temporal_full,one_hot,0,lin_sequence_front_bands_r5_l2,5,2,6,front_bands,6,0.9666666666666667,0.033333333333333326,0.6,0.0,0.7666666666666666,0.06146362971528593
shortcut_route_choice,shortcut_vs_turning_route,shortcut_route_memory,egocentric_landmark,temporal_full,one_hot,0,lin_sequence_front_bands_r5_l4,5,4,8,front_bands,6,1.0,0.0,0.6,0.0,0.7000000000000001,0.08563488385776753
shortcut_route_choice,shortcut_vs_turning_route,shortcut_route_memory,egocentric_landmark,temporal_full,one_hot,0,lin_sequence_front_bands_r5_l8,5,8,12,front_bands,6,1.0,0.0,0.6,0.0,0.7000000000000001,0.04472135954999581
shortcut_route_choice,shortcut_vs_turning_route,shortcut_route_memory,gaussian_sensory,temporal_cue_then_blank,one_hot,0,lin_sequence_all_units_r3_l4,3,4,6,all_units,6,0.6666666666666666,0.042163702135578414,0.43333333333333335,0.033333333333333326,1.0,0.0
shortcut_route_choice,shortcut_vs_turning_route,shortcut_route_memory,gaussian_sensory,temporal_cue_then_blank,one_hot,0,lin_sequence_front_bands_r1_l2,1,2,2,front_bands,6,0.6,0.0,0.39999999999999997,2.482534153247273e-17,1.0,0.0
shortcut_route_choice,shortcut_vs_turning_route,shortcut_route_memory,gaussian_sensory,temporal_cue_then_blank,one_hot,0,lin_sequence_front_bands_r1_l4,1,4,4,front_bands,6,0.7333333333333334,0.06666666666666668,0.39999999999999997,2.482534153247273e-17,1.0,0.0
shortcut_route_choice,shortcut_vs_turning_route,shortcut_route_memory,gaussian_sensory,temporal_cue_then_blank,one_hot,0,lin_sequence_front_bands_r1_l8,1,8,8,front_bands,6,1.0,0.0,0.6,0.0,0.9333333333333332,0.042163702135578386
shortcut_route_choice,shortcut_vs_turning_route,shortcut_route_memory,gaussian_sensory,temporal_cue_then_blank,one_hot,0,lin_sequence_front_bands_r3_l2,3,2,4,front_bands,6,0.6333333333333333,0.03333333333333335,0.39999999999999997,2.482534153247273e-17,1.0,0.0
shortcut_route_choice,shortcut_vs_turning_route,shortcut_route_memory,gaussian_sensory,temporal_cue_then_blank,one_hot,0,lin_sequence_front_bands_r3_l4,3,4,6,front_bands,6,0.6333333333333333,0.03333333333333335,0.43333333333333335,0.033333333333333326,1.0,0.0
shortcut_route_choice,shortcut_vs_turning_route,shortcut_route_memory,gaussian_sensory,temporal_cue_then_blank,one_hot,0,lin_sequence_front_bands_r3_l8,3,8,10,front_bands,6,0.9333333333333332,0.042163702135578386,0.5666666666666667,0.033333333333333326,1.0,0.0
shortcut_route_choice,shortcut_vs_turning_route,shortcut_route_memory,gaussian_sensory,temporal_cue_then_blank,one_hot,0,lin_sequence_front_bands_r5_l2,5,2,6,front_bands,6,0.7000000000000001,0.04472135954999581,0.5,0.04472135954999579,1.0,0.0
shortcut_route_choice,shortcut_vs_turning_route,shortcut_route_memory,gaussian_sensory,temporal_cue_then_blank,one_hot,0,lin_sequence_front_bands_r5_l4,5,4,8,front_bands,6,0.8333333333333334,0.06146362971528592,0.4666666666666666,0.042163702135578386,1.0,0.0
shortcut_route_choice,shortcut_vs_turning_route,shortcut_route_memory,gaussian_sensory,temporal_cue_then_blank,one_hot,0,lin_sequence_front_bands_r5_l8,5,8,12,front_bands,6,0.9666666666666667,0.033333333333333326,0.6,0.0,0.9333333333333332,0.06666666666666667
shortcut_route_choice,shortcut_vs_turning_route,shortcut_route_memory,gaussian_sensory,temporal_dropout,one_hot,0,lin_sequence_all_units_r3_l4,3,4,6,all_units,6,0.6333333333333334,0.08027729719194865,0.39999999999999997,0.07302967433402215,1.0,0.0
shortcut_route_choice,shortcut_vs_turning_route,shortcut_route_memory,gaussian_sensory,temporal_dropout,one_hot,0,lin_sequence_front_bands_r1_l2,1,2,2,front_bands,6,0.6666666666666666,0.042163702135578414,0.3,0.0447213595499958,1.0,0.0
shortcut_route_choice,shortcut_vs_turning_route,shortcut_route_memory,gaussian_sensory,temporal_dropout,one_hot,0,lin_sequence_front_bands_r1_l4,1,4,4,front_bands,6,0.7000000000000001,0.1,0.4666666666666666,0.042163702135578386,0.9666666666666667,0.033333333333333326
shortcut_route_choice,shortcut_vs_turning_route,shortcut_route_memory,gaussian_sensory,temporal_dropout,one_hot,0,lin_sequence_front_bands_r1_l8,1,8,8,front_bands,6,1.0,0.0,0.6,0.0,0.9666666666666667,0.033333333333333326
shortcut_route_choice,shortcut_vs_turning_route,shortcut_route_memory,gaussian_sensory,temporal_dropout,one_hot,0,lin_sequence_front_bands_r3_l2,3,2,4,front_bands,6,0.6,0.05163977794943224,0.4333333333333333,0.033333333333333326,1.0,0.0
shortcut_route_choice,shortcut_vs_turning_route,shortcut_route_memory,gaussian_sensory,temporal_dropout,one_hot,0,lin_sequence_front_bands_r3_l4,3,4,6,front_bands,6,0.8666666666666667,0.042163702135578386,0.5333333333333333,0.042163702135578386,0.9333333333333332,0.042163702135578386
shortcut_route_choice,shortcut_vs_turning_route,shortcut_route_memory,gaussian_sensory,temporal_dropout,one_hot,0,lin_sequence_front_bands_r3_l8,3,8,10,front_bands,6,0.9666666666666667,0.033333333333333326,0.5666666666666668,0.033333333333333326,0.9333333333333332,0.042163702135578386
shortcut_route_choice,shortcut_vs_turning_route,shortcut_route_memory,gaussian_sensory,temporal_dropout,one_hot,0,lin_sequence_front_bands_r5_l2,5,2,6,front_bands,6,0.6000000000000001,0.05163977794943224,0.3333333333333333,0.0421637021355784,1.0,0.0
shortcut_route_choice,shortcut_vs_turning_route,shortcut_route_memory,gaussian_sensory,temporal_dropout,one_hot,0,lin_sequence_front_bands_r5_l4,5,4,8,front_bands,6,0.7333333333333334,0.042163702135578414,0.39999999999999997,2.482534153247273e-17,1.0,0.0
shortcut_route_choice,shortcut_vs_turning_route,shortcut_route_memory,gaussian_sensory,temporal_dropout,one_hot,0,lin_sequence_front_bands_r5_l8,5,8,12,front_bands,6,0.9333333333333332,0.042163702135578386,0.5333333333333333,0.042163702135578386,0.9333333333333332,0.042163702135578386
shortcut_route_choice,shortcut_vs_turning_route,shortcut_route_memory,gaussian_sensory,temporal_full,one_hot,0,lin_sequence_all_units_r3_l4,3,4,6,all_units,6,0.9666666666666667,0.033333333333333326,0.5666666666666668,0.03333333333333333,1.0,0.0
shortcut_route_choice,shortcut_vs_turning_route,shortcut_route_memory,gaussian_sensory,temporal_full,one_hot,0,lin_sequence_front_bands_r1_l2,1,2,2,front_bands,6,0.8999999999999999,0.04472135954999579,0.6,0.0,1.0,0.0
shortcut_route_choice,shortcut_vs_turning_route,shortcut_route_memory,gaussian_sensory,temporal_full,one_hot,0,lin_sequence_front_bands_r1_l4,1,4,4,front_bands,6,0.9666666666666667,0.033333333333333326,0.6,0.0,1.0,0.0
shortcut_route_choice,shortcut_vs_turning_route,shortcut_route_memory,gaussian_sensory,temporal_full,one_hot,0,lin_sequence_front_bands_r1_l8,1,8,8,front_bands,6,1.0,0.0,0.6,0.0,0.8666666666666667,0.09888264649460884
shortcut_route_choice,shortcut_vs_turning_route,shortcut_route_memory,gaussian_sensory,temporal_full,one_hot,0,lin_sequence_front_bands_r3_l2,3,2,4,front_bands,6,0.9333333333333332,0.042163702135578386,0.5666666666666667,0.033333333333333326,1.0,0.0
shortcut_route_choice,shortcut_vs_turning_route,shortcut_route_memory,gaussian_sensory,temporal_full,one_hot,0,lin_sequence_front_bands_r3_l4,3,4,6,front_bands,6,1.0,0.0,0.6,0.0,1.0,0.0
shortcut_route_choice,shortcut_vs_turning_route,shortcut_route_memory,gaussian_sensory,temporal_full,one_hot,0,lin_sequence_front_bands_r3_l8,3,8,10,front_bands,6,1.0,0.0,0.6,0.0,0.9666666666666667,0.033333333333333326
shortcut_route_choice,shortcut_vs_turning_route,shortcut_route_memory,gaussian_sensory,temporal_full,one_hot,0,lin_sequence_front_bands_r5_l2,5,2,6,front_bands,6,0.9333333333333332,0.042163702135578386,0.6,0.0,1.0,0.0
shortcut_route_choice,shortcut_vs_turning_route,shortcut_route_memory,gaussian_sensory,temporal_full,one_hot,0,lin_sequence_front_bands_r5_l4,5,4,8,front_bands,6,1.0,0.0,0.6,0.0,1.0,0.0
shortcut_route_choice,shortcut_vs_turning_route,shortcut_route_memory,gaussian_sensory,temporal_full,one_hot,0,lin_sequence_front_bands_r5_l8,5,8,12,front_bands,6,1.0,0.0,0.6,0.0,1.0,0.0
shortcut_route_choice,shortcut_vs_turning_route,shortcut_route_memory,hybrid,temporal_cue_then_blank,one_hot,0,lin_sequence_all_units_r3_l4,3,4,6,all_units,6,0.7000000000000001,0.06831300510639735,0.46666666666666673,0.042163702135578386,0.9,0.06831300510639735
shortcut_route_choice,shortcut_vs_turning_route,shortcut_route_memory,hybrid,temporal_cue_then_blank,one_hot,0,lin_sequence_front_bands_r1_l2,1,2,2,front_bands,6,0.6333333333333333,0.03333333333333335,0.39999999999999997,2.482534153247273e-17,1.0,0.0
shortcut_route_choice,shortcut_vs_turning_route,shortcut_route_memory,hybrid,temporal_cue_then_blank,one_hot,0,lin_sequence_front_bands_r1_l4,1,4,4,front_bands,6,0.7666666666666666,0.06146362971528593,0.39999999999999997,2.482534153247273e-17,0.8999999999999999,0.04472135954999579
shortcut_route_choice,shortcut_vs_turning_route,shortcut_route_memory,hybrid,temporal_cue_then_blank,one_hot,0,lin_sequence_front_bands_r1_l8,1,8,8,front_bands,6,1.0,0.0,0.6,0.0,0.6999999999999998,0.11254628677422757
shortcut_route_choice,shortcut_vs_turning_route,shortcut_route_memory,hybrid,temporal_cue_then_blank,one_hot,0,lin_sequence_front_bands_r3_l2,3,2,4,front_bands,6,0.6666666666666666,0.042163702135578414,0.39999999999999997,2.482534153247273e-17,0.8999999999999999,0.04472135954999579
shortcut_route_choice,shortcut_vs_turning_route,shortcut_route_memory,hybrid,temporal_cue_then_blank,one_hot,0,lin_sequence_front_bands_r3_l4,3,4,6,front_bands,6,0.8666666666666667,0.06666666666666667,0.5000000000000001,0.04472135954999579,0.8666666666666667,0.09888264649460884
shortcut_route_choice,shortcut_vs_turning_route,shortcut_route_memory,hybrid,temporal_cue_then_blank,one_hot,0,lin_sequence_front_bands_r3_l8,3,8,10,front_bands,6,1.0,0.0,0.6,0.0,0.7333333333333333,0.042163702135578414
shortcut_route_choice,shortcut_vs_turning_route,shortcut_route_memory,hybrid,temporal_cue_then_blank,one_hot,0,lin_sequence_front_bands_r5_l2,5,2,6,front_bands,6,0.6333333333333333,0.03333333333333335,0.46666666666666673,0.042163702135578386,0.8999999999999999,0.04472135954999579
shortcut_route_choice,shortcut_vs_turning_route,shortcut_route_memory,hybrid,temporal_cue_then_blank,one_hot,0,lin_sequence_front_bands_r5_l4,5,4,8,front_bands,6,0.9,0.06831300510639735,0.5333333333333333,0.042163702135578386,0.6000000000000001,0.07302967433402216
shortcut_route_choice,shortcut_vs_turning_route,shortcut_route_memory,hybrid,temporal_cue_then_blank,one_hot,0,lin_sequence_front_bands_r5_l8,5,8,12,front_bands,6,1.0,0.0,0.6,0.0,0.6000000000000001,0.05163977794943224
shortcut_route_choice,shortcut_vs_turning_route,shortcut_route_memory,hybrid,temporal_dropout,one_hot,0,lin_sequence_all_units_r3_l4,3,4,6,all_units,6,0.7666666666666666,0.08027729719194865,0.39999999999999997,2.482534153247273e-17,0.8333333333333334,0.06146362971528592
shortcut_route_choice,shortcut_vs_turning_route,shortcut_route_memory,hybrid,temporal_dropout,one_hot,0,lin_sequence_front_bands_r1_l2,1,2,2,front_bands,6,0.5666666666666668,0.08027729719194865,0.39999999999999997,2.482534153247273e-17,0.9666666666666667,0.033333333333333326
shortcut_route_choice,shortcut_vs_turning_route,shortcut_route_memory,hybrid,temporal_dropout,one_hot,0,lin_sequence_front_bands_r1_l4,1,4,4,front_bands,6,0.7333333333333333,0.0666666666666667,0.39999999999999997,2.482534153247273e-17,0.7999999999999999,0.05163977794943224
shortcut_route_choice,shortcut_vs_turning_route,shortcut_route_memory,hybrid,temporal_dropout,one_hot,0,lin_sequence_front_bands_r1_l8,1,8,8,front_bands,6,1.0,0.0,0.6,0.0,0.6333333333333333,0.12018504251546633
shortcut_route_choice,shortcut_vs_turning_route,shortcut_route_memory,hybrid,temporal_dropout,one_hot,0,lin_sequence_front_bands_r3_l2,3,2,4,front_bands,6,0.6333333333333334,0.08027729719194865,0.39999999999999997,2.482534153247273e-17,0.8666666666666667,0.042163702135578386
shortcut_route_choice,shortcut_vs_turning_route,shortcut_route_memory,hybrid,temporal_dropout,one_hot,0,lin_sequence_front_bands_r3_l4,3,4,6,front_bands,6,0.8333333333333334,0.08027729719194865,0.39999999999999997,2.482534153247273e-17,0.7333333333333334,0.08432740427115679
shortcut_route_choice,shortcut_vs_turning_route,shortcut_route_memory,hybrid,temporal_dropout,one_hot,0,lin_sequence_front_bands_r3_l8,3,8,10,front_bands,6,1.0,0.0,0.5666666666666667,0.033333333333333326,0.7000000000000001,0.08563488385776753
shortcut_route_choice,shortcut_vs_turning_route,shortcut_route_memory,hybrid,temporal_dropout,one_hot,0,lin_sequence_front_bands_r5_l2,5,2,6,front_bands,6,0.8000000000000002,0.0894427190999916,0.4333333333333333,0.033333333333333326,0.9,0.04472135954999579
shortcut_route_choice,shortcut_vs_turning_route,shortcut_route_memory,hybrid,temporal_dropout,one_hot,0,lin_sequence_front_bands_r5_l4,5,4,8,front_bands,6,0.9666666666666667,0.033333333333333326,0.5,0.04472135954999579,0.7000000000000001,0.08563488385776753
shortcut_route_choice,shortcut_vs_turning_route,shortcut_route_memory,hybrid,temporal_dropout,one_hot,0,lin_sequence_front_bands_r5_l8,5,8,12,front_bands,6,0.9,0.06831300510639735,0.5333333333333333,0.042163702135578386,0.7999999999999999,0.05163977794943224
shortcut_route_choice,shortcut_vs_turning_route,shortcut_route_memory,hybrid,temporal_full,one_hot,0,lin_sequence_all_units_r3_l4,3,4,6,all_units,6,0.9,0.04472135954999579,0.6,0.0,0.9333333333333332,0.042163702135578386
shortcut_route_choice,shortcut_vs_turning_route,shortcut_route_memory,hybrid,temporal_full,one_hot,0,lin_sequence_front_bands_r1_l2,1,2,2,front_bands,6,0.7333333333333334,0.06666666666666668,0.6,0.0,0.9333333333333332,0.042163702135578386
shortcut_route_choice,shortcut_vs_turning_route,shortcut_route_memory,hybrid,temporal_full,one_hot,0,lin_sequence_front_bands_r1_l4,1,4,4,front_bands,6,0.9333333333333332,0.042163702135578386,0.5666666666666668,0.03333333333333333,0.9333333333333332,0.042163702135578386
shortcut_route_choice,shortcut_vs_turning_route,shortcut_route_memory,hybrid,temporal_full,one_hot,0,lin_sequence_front_bands_r1_l8,1,8,8,front_bands,6,1.0,0.0,0.6,0.0,0.8333333333333334,0.06146362971528592
shortcut_route_choice,shortcut_vs_turning_route,shortcut_route_memory,hybrid,temporal_full,one_hot,0,lin_sequence_front_bands_r3_l2,3,2,4,front_bands,6,0.8999999999999999,0.04472135954999579,0.6,0.0,1.0,0.0
shortcut_route_choice,shortcut_vs_turning_route,shortcut_route_memory,hybrid,temporal_full,one_hot,0,lin_sequence_front_bands_r3_l4,3,4,6,front_bands,6,0.9333333333333332,0.06666666666666667,0.5666666666666668,0.033333333333333326,0.8666666666666667,0.09888264649460884
shortcut_route_choice,shortcut_vs_turning_route,shortcut_route_memory,hybrid,temporal_full,one_hot,0,lin_sequence_front_bands_r3_l8,3,8,10,front_bands,6,1.0,0.0,0.6,0.0,0.5333333333333333,0.042163702135578386
shortcut_route_choice,shortcut_vs_turning_route,shortcut_route_memory,hybrid,temporal_full,one_hot,0,lin_sequence_front_bands_r5_l2,5,2,6,front_bands,6,0.8666666666666667,0.042163702135578386,0.6,0.0,0.9333333333333332,0.042163702135578386
shortcut_route_choice,shortcut_vs_turning_route,shortcut_route_memory,hybrid,temporal_full,one_hot,0,lin_sequence_front_bands_r5_l4,5,4,8,front_bands,6,0.9666666666666667,0.033333333333333326,0.5666666666666667,0.033333333333333326,0.8333333333333334,0.06146362971528592
shortcut_route_choice,shortcut_vs_turning_route,shortcut_route_memory,hybrid,temporal_full,one_hot,0,lin_sequence_front_bands_r5_l8,5,8,12,front_bands,6,1.0,0.0,0.6,0.0,0.8333333333333334,0.09545214042184236
shortcut_route_choice,shortcut_vs_turning_route,shortcut_route_memory,sparse_aliased,temporal_cue_then_blank,one_hot,0,lin_sequence_all_units_r3_l4,3,4,6,all_units,6,0.8333333333333334,0.06146362971528592,0.46666666666666673,0.042163702135578386,0.7333333333333333,0.042163702135578414
shortcut_route_choice,shortcut_vs_turning_route,shortcut_route_memory,sparse_aliased,temporal_cue_then_blank,one_hot,0,lin_sequence_front_bands_r1_l2,1,2,2,front_bands,6,0.6333333333333333,0.03333333333333335,0.39999999999999997,2.482534153247273e-17,0.9333333333333332,0.042163702135578386
shortcut_route_choice,shortcut_vs_turning_route,shortcut_route_memory,sparse_aliased,temporal_cue_then_blank,one_hot,0,lin_sequence_front_bands_r1_l4,1,4,4,front_bands,6,0.7999999999999999,0.05163977794943224,0.39999999999999997,2.482534153247273e-17,0.7666666666666667,0.06146362971528592
shortcut_route_choice,shortcut_vs_turning_route,shortcut_route_memory,sparse_aliased,temporal_cue_then_blank,one_hot,0,lin_sequence_front_bands_r1_l8,1,8,8,front_bands,6,1.0,0.0,0.6,0.0,0.5333333333333333,0.09888264649460884
shortcut_route_choice,shortcut_vs_turning_route,shortcut_route_memory,sparse_aliased,temporal_cue_then_blank,one_hot,0,lin_sequence_front_bands_r3_l2,3,2,4,front_bands,6,0.5666666666666668,0.06146362971528592,0.39999999999999997,2.482534153247273e-17,0.8666666666666667,0.06666666666666667
shortcut_route_choice,shortcut_vs_turning_route,shortcut_route_memory,sparse_aliased,temporal_cue_then_blank,one_hot,0,lin_sequence_front_bands_r3_l4,3,4,6,front_bands,6,0.8666666666666667,0.06666666666666667,0.5000000000000001,0.04472135954999579,0.7000000000000001,0.04472135954999581
shortcut_route_choice,shortcut_vs_turning_route,shortcut_route_memory,sparse_aliased,temporal_cue_then_blank,one_hot,0,lin_sequence_front_bands_r3_l8,3,8,10,front_bands,6,0.9666666666666667,0.033333333333333326,0.5666666666666668,0.03333333333333333,0.6,0.05163977794943224
shortcut_route_choice,shortcut_vs_turning_route,shortcut_route_memory,sparse_aliased,temporal_cue_then_blank,one_hot,0,lin_sequence_front_bands_r5_l2,5,2,6,front_bands,6,0.7000000000000001,0.06831300510639735,0.4666666666666666,0.042163702135578386,0.7333333333333333,0.06666666666666668
shortcut_route_choice,shortcut_vs_turning_route,shortcut_route_memory,sparse_aliased,temporal_cue_then_blank,one_hot,0,lin_sequence_front_bands_r5_l4,5,4,8,front_bands,6,0.9,0.06831300510639735,0.5333333333333333,0.042163702135578386,0.7000000000000001,0.06831300510639735
shortcut_route_choice,shortcut_vs_turning_route,shortcut_route_memory,sparse_aliased,temporal_cue_then_blank,one_hot,0,lin_sequence_front_bands_r5_l8,5,8,12,front_bands,6,0.9666666666666667,0.033333333333333326,0.6,0.0,0.7000000000000001,0.04472135954999581
shortcut_route_choice,shortcut_vs_turning_route,shortcut_route_memory,sparse_aliased,temporal_dropout,one_hot,0,lin_sequence_all_units_r3_l4,3,4,6,all_units,6,0.7000000000000001,0.04472135954999581,0.3666666666666667,0.06146362971528592,0.7666666666666666,0.09545214042184236
shortcut_route_choice,shortcut_vs_turning_route,shortcut_route_memory,sparse_aliased,temporal_dropout,one_hot,0,lin_sequence_front_bands_r1_l2,1,2,2,front_bands,6,0.6666666666666666,0.06666666666666668,0.39999999999999997,0.08944271909999159,0.9666666666666667,0.033333333333333326
shortcut_route_choice,shortcut_vs_turning_route,shortcut_route_memory,sparse_aliased,temporal_dropout,one_hot,0,lin_sequence_front_bands_r1_l4,1,4,4,front_bands,6,0.5666666666666667,0.033333333333333326,0.3,0.0447213595499958,0.8333333333333334,0.06146362971528592
shortcut_route_choice,shortcut_vs_turning_route,shortcut_route_memory,sparse_aliased,temporal_dropout,one_hot,0,lin_sequence_front_bands_r1_l8,1,8,8,front_bands,6,0.9333333333333332,0.042163702135578386,0.5000000000000001,0.06831300510639733,0.6666666666666666,0.042163702135578414
shortcut_route_choice,shortcut_vs_turning_route,shortcut_route_memory,sparse_aliased,temporal_dropout,one_hot,0,lin_sequence_front_bands_r3_l2,3,2,4,front_bands,6,0.6,0.05163977794943224,0.3,0.0447213595499958,0.8999999999999999,0.06831300510639735
shortcut_route_choice,shortcut_vs_turning_route,shortcut_route_memory,sparse_aliased,temporal_dropout,one_hot,0,lin_sequence_front_bands_r3_l4,3,4,6,front_bands,6,0.8333333333333334,0.06146362971528592,0.4333333333333334,0.06146362971528592,0.5666666666666667,0.033333333333333326
shortcut_route_choice,shortcut_vs_turning_route,shortcut_route_memory,sparse_aliased,temporal_dropout,one_hot,0,lin_sequence_front_bands_r3_l8,3,8,10,front_bands,6,1.0,0.0,0.5666666666666667,0.033333333333333326,0.6666666666666666,0.08432740427115679
shortcut_route_choice,shortcut_vs_turning_route,shortcut_route_memory,sparse_aliased,temporal_dropout,one_hot,0,lin_sequence_front_bands_r5_l2,5,2,6,front_bands,6,0.7000000000000001,0.08563488385776753,0.4000000000000001,0.051639777949432225,0.8333333333333334,0.08027729719194865
shortcut_route_choice,shortcut_vs_turning_route,shortcut_route_memory,sparse_aliased,temporal_dropout,one_hot,0,lin_sequence_front_bands_r5_l4,5,4,8,front_bands,6,0.8666666666666667,0.042163702135578386,0.5666666666666668,0.03333333333333333,0.7666666666666667,0.06146362971528593
shortcut_route_choice,shortcut_vs_turning_route,shortcut_route_memory,sparse_aliased,temporal_dropout,one_hot,0,lin_sequence_front_bands_r5_l8,5,8,12,front_bands,6,0.9666666666666667,0.033333333333333326,0.6,0.0,0.7333333333333333,0.09888264649460886
shortcut_route_choice,shortcut_vs_turning_route,shortcut_route_memory,sparse_aliased,temporal_full,one_hot,0,lin_sequence_all_units_r3_l4,3,4,6,all_units,6,0.9666666666666667,0.033333333333333326,0.5666666666666668,0.03333333333333333,0.7000000000000001,0.04472135954999581
shortcut_route_choice,shortcut_vs_turning_route,shortcut_route_memory,sparse_aliased,temporal_full,one_hot,0,lin_sequence_front_bands_r1_l2,1,2,2,front_bands,6,0.9666666666666667,0.033333333333333326,0.6,0.0,0.8999999999999999,0.04472135954999579
shortcut_route_choice,shortcut_vs_turning_route,shortcut_route_memory,sparse_aliased,temporal_full,one_hot,0,lin_sequence_front_bands_r1_l4,1,4,4,front_bands,6,0.9333333333333332,0.06666666666666667,0.5666666666666668,0.033333333333333326,0.8333333333333334,0.06146362971528592
shortcut_route_choice,shortcut_vs_turning_route,shortcut_route_memory,sparse_aliased,temporal_full,one_hot,0,lin_sequence_front_bands_r1_l8,1,8,8,front_bands,6,1.0,0.0,0.6,0.0,0.7000000000000001,0.08563488385776753
shortcut_route_choice,shortcut_vs_turning_route,shortcut_route_memory,sparse_aliased,temporal_full,one_hot,0,lin_sequence_front_bands_r3_l2,3,2,4,front_bands,6,0.8999999999999999,0.04472135954999579,0.6,0.0,0.9333333333333332,0.042163702135578386
shortcut_route_choice,shortcut_vs_turning_route,shortcut_route_memory,sparse_aliased,temporal_full,one_hot,0,lin_sequence_front_bands_r3_l4,3,4,6,front_bands,6,1.0,0.0,0.6,0.0,0.6,0.05163977794943224
shortcut_route_choice,shortcut_vs_turning_route,shortcut_route_memory,sparse_aliased,temporal_full,one_hot,0,lin_sequence_front_bands_r3_l8,3,8,10,front_bands,6,1.0,0.0,0.6,0.0,0.5333333333333333,0.042163702135578386
shortcut_route_choice,shortcut_vs_turning_route,shortcut_route_memory,sparse_aliased,temporal_full,one_hot,0,lin_sequence_front_bands_r5_l2,5,2,6,front_bands,6,0.9666666666666667,0.033333333333333326,0.6,0.0,0.8666666666666666,0.06666666666666667
shortcut_route_choice,shortcut_vs_turning_route,shortcut_route_memory,sparse_aliased,temporal_full,one_hot,0,lin_sequence_front_bands_r5_l4,5,4,8,front_bands,6,1.0,0.0,0.6,0.0,0.7666666666666666,0.06146362971528593
shortcut_route_choice,shortcut_vs_turning_route,shortcut_route_memory,sparse_aliased,temporal_full,one_hot,0,lin_sequence_front_bands_r5_l8,5,8,12,front_bands,6,1.0,0.0,0.6,0.0,0.6333333333333334,0.06146362971528593
shortcut_route_choice,shortcut_vs_turning_route,shortcut_route_memory,vector,temporal_cue_then_blank,one_hot,0,lin_sequence_all_units_r3_l4,3,4,6,all_units,6,0.7333333333333333,0.06666666666666668,0.43333333333333335,0.033333333333333326,0.8666666666666666,0.042163702135578386
shortcut_route_choice,shortcut_vs_turning_route,shortcut_route_memory,vector,temporal_cue_then_blank,one_hot,0,lin_sequence_front_bands_r1_l2,1,2,2,front_bands,6,0.6333333333333333,0.03333333333333335,0.39999999999999997,2.482534153247273e-17,0.9333333333333332,0.042163702135578386
shortcut_route_choice,shortcut_vs_turning_route,shortcut_route_memory,vector,temporal_cue_then_blank,one_hot,0,lin_sequence_front_bands_r1_l4,1,4,4,front_bands,6,0.6666666666666666,0.042163702135578414,0.39999999999999997,2.482534153247273e-17,0.8999999999999999,0.04472135954999579
shortcut_route_choice,shortcut_vs_turning_route,shortcut_route_memory,vector,temporal_cue_then_blank,one_hot,0,lin_sequence_front_bands_r1_l8,1,8,8,front_bands,6,1.0,0.0,0.6,0.0,0.6000000000000001,0.07302967433402216
shortcut_route_choice,shortcut_vs_turning_route,shortcut_route_memory,vector,temporal_cue_then_blank,one_hot,0,lin_sequence_front_bands_r3_l2,3,2,4,front_bands,6,0.6333333333333333,0.03333333333333335,0.39999999999999997,2.482534153247273e-17,0.9333333333333332,0.042163702135578386
shortcut_route_choice,shortcut_vs_turning_route,shortcut_route_memory,vector,temporal_cue_then_blank,one_hot,0,lin_sequence_front_bands_r3_l4,3,4,6,front_bands,6,0.7666666666666666,0.06146362971528593,0.43333333333333335,0.033333333333333326,0.7333333333333334,0.06666666666666668
shortcut_route_choice,shortcut_vs_turning_route,shortcut_route_memory,vector,temporal_cue_then_blank,one_hot,0,lin_sequence_front_bands_r3_l8,3,8,10,front_bands,6,1.0,0.0,0.6,0.0,0.8333333333333334,0.09545214042184236
shortcut_route_choice,shortcut_vs_turning_route,shortcut_route_memory,vector,temporal_cue_then_blank,one_hot,0,lin_sequence_front_bands_r5_l2,5,2,6,front_bands,6,0.6666666666666666,0.06666666666666668,0.46666666666666673,0.042163702135578386,0.7666666666666666,0.08027729719194865
shortcut_route_choice,shortcut_vs_turning_route,shortcut_route_memory,vector,temporal_cue_then_blank,one_hot,0,lin_sequence_front_bands_r5_l4,5,4,8,front_bands,6,0.8666666666666667,0.06666666666666667,0.5000000000000001,0.04472135954999579,0.6666666666666666,0.042163702135578414
shortcut_route_choice,shortcut_vs_turning_route,shortcut_route_memory,vector,temporal_cue_then_blank,one_hot,0,lin_sequence_front_bands_r5_l8,5,8,12,front_bands,6,0.9666666666666667,0.033333333333333326,0.6,0.0,0.7666666666666666,0.09545214042184236
shortcut_route_choice,shortcut_vs_turning_route,shortcut_route_memory,vector,temporal_dropout,one_hot,0,lin_sequence_all_units_r3_l4,3,4,6,all_units,6,0.7999999999999999,0.05163977794943224,0.46666666666666673,0.042163702135578386,0.8666666666666667,0.042163702135578386
shortcut_route_choice,shortcut_vs_turning_route,shortcut_route_memory,vector,temporal_dropout,one_hot,0,lin_sequence_front_bands_r1_l2,1,2,2,front_bands,6,0.6,0.0894427190999916,0.3,0.0447213595499958,0.8999999999999999,0.04472135954999579
shortcut_route_choice,shortcut_vs_turning_route,shortcut_route_memory,vector,temporal_dropout,one_hot,0,lin_sequence_front_bands_r1_l4,1,4,4,front_bands,6,0.6,0.05163977794943224,0.43333333333333335,0.033333333333333326,0.9666666666666667,0.033333333333333326
shortcut_route_choice,shortcut_vs_turning_route,shortcut_route_memory,vector,temporal_dropout,one_hot,0,lin_sequence_front_bands_r1_l8,1,8,8,front_bands,6,0.9666666666666667,0.033333333333333326,0.5666666666666668,0.03333333333333333,0.6333333333333334,0.08027729719194865
shortcut_route_choice,shortcut_vs_turning_route,shortcut_route_memory,vector,temporal_dropout,one_hot,0,lin_sequence_front_bands_r3_l2,3,2,4,front_bands,6,0.7000000000000001,0.04472135954999581,0.39999999999999997,2.482534153247273e-17,0.9333333333333332,0.042163702135578386
shortcut_route_choice,shortcut_vs_turning_route,shortcut_route_memory,vector,temporal_dropout,one_hot,0,lin_sequence_front_bands_r3_l4,3,4,6,front_bands,6,0.7999999999999999,0.05163977794943224,0.5,0.04472135954999579,0.8333333333333334,0.06146362971528592
shortcut_route_choice,shortcut_vs_turning_route,shortcut_route_memory,vector,temporal_dropout,one_hot,0,lin_sequence_front_bands_r3_l8,3,8,10,front_bands,6,0.9666666666666667,0.033333333333333326,0.5666666666666668,0.033333333333333326,0.7666666666666666,0.08027729719194865
shortcut_route_choice,shortcut_vs_turning_route,shortcut_route_memory,vector,temporal_dropout,one_hot,0,lin_sequence_front_bands_r5_l2,5,2,6,front_bands,6,0.7333333333333333,0.042163702135578414,0.46666666666666673,0.042163702135578386,0.8999999999999999,0.06831300510639735
shortcut_route_choice,shortcut_vs_turning_route,shortcut_route_memory,vector,temporal_dropout,one_hot,0,lin_sequence_front_bands_r5_l4,5,4,8,front_bands,6,0.8666666666666667,0.06666666666666667,0.5000000000000001,0.04472135954999579,0.8333333333333334,0.06146362971528592
shortcut_route_choice,shortcut_vs_turning_route,shortcut_route_memory,vector,temporal_dropout,one_hot,0,lin_sequence_front_bands_r5_l8,5,8,12,front_bands,6,0.9666666666666667,0.033333333333333326,0.5666666666666668,0.03333333333333333,0.8666666666666667,0.06666666666666667
shortcut_route_choice,shortcut_vs_turning_route,shortcut_route_memory,vector,temporal_full,one_hot,0,lin_sequence_all_units_r3_l4,3,4,6,all_units,6,0.7333333333333334,0.08432740427115679,0.46666666666666673,0.042163702135578386,0.9666666666666667,0.033333333333333326
shortcut_route_choice,shortcut_vs_turning_route,shortcut_route_memory,vector,temporal_full,one_hot,0,lin_sequence_front_bands_r1_l2,1,2,2,front_bands,6,0.6999999999999998,0.04472135954999581,0.39999999999999997,2.482534153247273e-17,0.8999999999999999,0.04472135954999579
shortcut_route_choice,shortcut_vs_turning_route,shortcut_route_memory,vector,temporal_full,one_hot,0,lin_sequence_front_bands_r1_l4,1,4,4,front_bands,6,0.6999999999999998,0.04472135954999581,0.39999999999999997,2.482534153247273e-17,0.8999999999999999,0.06831300510639735
shortcut_route_choice,shortcut_vs_turning_route,shortcut_route_memory,vector,temporal_full,one_hot,0,lin_sequence_front_bands_r1_l8,1,8,8,front_bands,6,1.0,0.0,0.6,0.0,0.7666666666666666,0.09545214042184236
shortcut_route_choice,shortcut_vs_turning_route,shortcut_route_memory,vector,temporal_full,one_hot,0,lin_sequence_front_bands_r3_l2,3,2,4,front_bands,6,0.7000000000000001,0.08563488385776753,0.39999999999999997,2.482534153247273e-17,1.0,0.0
shortcut_route_choice,shortcut_vs_turning_route,shortcut_route_memory,vector,temporal_full,one_hot,0,lin_sequence_front_bands_r3_l4,3,4,6,front_bands,6,0.7666666666666666,0.08027729719194865,0.46666666666666673,0.042163702135578386,0.9666666666666667,0.033333333333333326
shortcut_route_choice,shortcut_vs_turning_route,shortcut_route_memory,vector,temporal_full,one_hot,0,lin_sequence_front_bands_r3_l8,3,8,10,front_bands,6,1.0,0.0,0.6,0.0,0.8333333333333334,0.10852547064066474
shortcut_route_choice,shortcut_vs_turning_route,shortcut_route_memory,vector,temporal_full,one_hot,0,lin_sequence_front_bands_r5_l2,5,2,6,front_bands,6,0.7333333333333334,0.08432740427115679,0.46666666666666673,0.042163702135578386,0.8666666666666667,0.06666666666666668
shortcut_route_choice,shortcut_vs_turning_route,shortcut_route_memory,vector,temporal_full,one_hot,0,lin_sequence_front_bands_r5_l4,5,4,8,front_bands,6,0.8666666666666667,0.06666666666666667,0.5333333333333333,0.042163702135578386,0.9333333333333332,0.042163702135578386
shortcut_route_choice,shortcut_vs_turning_route,shortcut_route_memory,vector,temporal_full,one_hot,0,lin_sequence_front_bands_r5_l8,5,8,12,front_bands,6,1.0,0.0,0.6,0.0,0.8666666666666667,0.06666666666666667
shortcut_tree_025,hierarchical_with_lateral_edges,shortcut_tree_navigation,egocentric_landmark,temporal_cue_then_blank,one_hot,0,lin_sequence_all_units_r3_l4,3,4,6,all_units,6,0.9111111111111113,0.004969039949999541,0.0,0.0,nan,0.0
shortcut_tree_025,hierarchical_with_lateral_edges,shortcut_tree_navigation,egocentric_landmark,temporal_cue_then_blank,one_hot,0,lin_sequence_front_bands_r1_l2,1,2,2,front_bands,6,0.914814814814815,0.0068292921905873235,0.008333333333333333,0.008333333333333335,nan,0.0
shortcut_tree_025,hierarchical_with_lateral_edges,shortcut_tree_navigation,egocentric_landmark,temporal_cue_then_blank,one_hot,0,lin_sequence_front_bands_r1_l4,1,4,4,front_bands,6,0.914814814814815,0.0068292921905873235,0.025000000000000005,0.01118033988749895,nan,0.0
shortcut_tree_025,hierarchical_with_lateral_edges,shortcut_tree_navigation,egocentric_landmark,temporal_cue_then_blank,one_hot,0,lin_sequence_front_bands_r1_l8,1,8,8,front_bands,6,0.914814814814815,0.0037037037037037125,0.008333333333333333,0.008333333333333335,nan,0.0
shortcut_tree_025,hierarchical_with_lateral_edges,shortcut_tree_navigation,egocentric_landmark,temporal_cue_then_blank,one_hot,0,lin_sequence_front_bands_r3_l2,3,2,4,front_bands,6,0.9111111111111113,0.004969039949999541,0.0,0.0,nan,0.0
shortcut_tree_025,hierarchical_with_lateral_edges,shortcut_tree_navigation,egocentric_landmark,temporal_cue_then_blank,one_hot,0,lin_sequence_front_bands_r3_l4,3,4,6,front_bands,6,0.9111111111111113,0.004969039949999541,0.0,0.0,nan,0.0
shortcut_tree_025,hierarchical_with_lateral_edges,shortcut_tree_navigation,egocentric_landmark,temporal_cue_then_blank,one_hot,0,lin_sequence_front_bands_r3_l8,3,8,10,front_bands,6,0.9111111111111113,0.004969039949999541,0.008333333333333333,0.008333333333333335,nan,0.0
shortcut_tree_025,hierarchical_with_lateral_edges,shortcut_tree_navigation,egocentric_landmark,temporal_cue_then_blank,one_hot,0,lin_sequence_front_bands_r5_l2,5,2,6,front_bands,6,0.9111111111111111,0.0057377531054924715,0.008333333333333333,0.008333333333333335,nan,0.0
shortcut_tree_025,hierarchical_with_lateral_edges,shortcut_tree_navigation,egocentric_landmark,temporal_cue_then_blank,one_hot,0,lin_sequence_front_bands_r5_l4,5,4,8,front_bands,6,0.914814814814815,0.0068292921905873235,0.0,0.0,nan,0.0
shortcut_tree_025,hierarchical_with_lateral_edges,shortcut_tree_navigation,egocentric_landmark,temporal_cue_then_blank,one_hot,0,lin_sequence_front_bands_r5_l8,5,8,12,front_bands,6,0.914814814814815,0.004684855792842051,0.008333333333333333,0.008333333333333335,nan,0.0
shortcut_tree_025,hierarchical_with_lateral_edges,shortcut_tree_navigation,egocentric_landmark,temporal_dropout,one_hot,0,lin_sequence_all_units_r3_l4,3,4,6,all_units,6,0.9296296296296297,0.0037037037037036904,0.0,0.0,nan,0.0
shortcut_tree_025,hierarchical_with_lateral_edges,shortcut_tree_navigation,egocentric_landmark,temporal_dropout,one_hot,0,lin_sequence_front_bands_r1_l2,1,2,2,front_bands,6,0.9222222222222224,0.0057377531054924715,0.008333333333333333,0.008333333333333335,nan,0.0
shortcut_tree_025,hierarchical_with_lateral_edges,shortcut_tree_navigation,egocentric_landmark,temporal_dropout,one_hot,0,lin_sequence_front_bands_r1_l4,1,4,4,front_bands,6,0.925925925925926,0.0061974816780301836,0.008333333333333333,0.008333333333333335,nan,0.0
shortcut_tree_025,hierarchical_with_lateral_edges,shortcut_tree_navigation,egocentric_landmark,temporal_dropout,one_hot,0,lin_sequence_front_bands_r1_l8,1,8,8,front_bands,6,0.9277777777777779,0.0024845199749997573,0.0,0.0,nan,0.0
shortcut_tree_025,hierarchical_with_lateral_edges,shortcut_tree_navigation,egocentric_landmark,temporal_dropout,one_hot,0,lin_sequence_front_bands_r3_l2,3,2,4,front_bands,6,0.9277777777777779,0.0024845199749997573,0.008333333333333333,0.008333333333333335,nan,0.0
shortcut_tree_025,hierarchical_with_lateral_edges,shortcut_tree_navigation,egocentric_landmark,temporal_dropout,one_hot,0,lin_sequence_front_bands_r3_l4,3,4,6,front_bands,6,0.9296296296296297,0.0037037037037036904,0.0,0.0,nan,0.0
shortcut_tree_025,hierarchical_with_lateral_edges,shortcut_tree_navigation,egocentric_landmark,temporal_dropout,one_hot,0,lin_sequence_front_bands_r3_l8,3,8,10,front_bands,6,0.9277777777777779,0.0024845199749997573,0.025000000000000005,0.017078251276599336,nan,0.0
shortcut_tree_025,hierarchical_with_lateral_edges,shortcut_tree_navigation,egocentric_landmark,temporal_dropout,one_hot,0,lin_sequence_front_bands_r5_l2,5,2,6,front_bands,6,0.9296296296296297,0.0037037037037036904,0.0,0.0,nan,0.0
shortcut_tree_025,hierarchical_with_lateral_edges,shortcut_tree_navigation,egocentric_landmark,temporal_dropout,one_hot,0,lin_sequence_front_bands_r5_l4,5,4,8,front_bands,6,0.9277777777777779,0.0024845199749997573,0.008333333333333333,0.008333333333333335,nan,0.0
shortcut_tree_025,hierarchical_with_lateral_edges,shortcut_tree_navigation,egocentric_landmark,temporal_dropout,one_hot,0,lin_sequence_front_bands_r5_l8,5,8,12,front_bands,6,0.9277777777777779,0.0024845199749997573,0.008333333333333333,0.008333333333333335,nan,0.0
shortcut_tree_025,hierarchical_with_lateral_edges,shortcut_tree_navigation,egocentric_landmark,temporal_full,one_hot,0,lin_sequence_all_units_r3_l4,3,4,6,all_units,6,0.914814814814815,0.0068292921905873235,0.0,0.0,nan,0.0
shortcut_tree_025,hierarchical_with_lateral_edges,shortcut_tree_navigation,egocentric_landmark,temporal_full,one_hot,0,lin_sequence_front_bands_r1_l2,1,2,2,front_bands,6,0.9166666666666669,0.00798661431586956,0.008333333333333333,0.008333333333333335,nan,0.0
shortcut_tree_025,hierarchical_with_lateral_edges,shortcut_tree_navigation,egocentric_landmark,temporal_full,one_hot,0,lin_sequence_front_bands_r1_l4,1,4,4,front_bands,6,0.9129629629629631,0.006029192813370264,0.0,0.0,nan,0.0
shortcut_tree_025,hierarchical_with_lateral_edges,shortcut_tree_navigation,egocentric_landmark,temporal_full,one_hot,0,lin_sequence_front_bands_r1_l8,1,8,8,front_bands,6,0.9185185185185186,0.0061974816780301905,0.008333333333333333,0.008333333333333335,nan,0.0
shortcut_tree_025,hierarchical_with_lateral_edges,shortcut_tree_navigation,egocentric_landmark,temporal_full,one_hot,0,lin_sequence_front_bands_r3_l2,3,2,4,front_bands,6,0.914814814814815,0.0068292921905873235,0.008333333333333333,0.008333333333333335,nan,0.0
shortcut_tree_025,hierarchical_with_lateral_edges,shortcut_tree_navigation,egocentric_landmark,temporal_full,one_hot,0,lin_sequence_front_bands_r3_l4,3,4,6,front_bands,6,0.9129629629629631,0.006029192813370264,0.0,0.0,nan,0.0
shortcut_tree_025,hierarchical_with_lateral_edges,shortcut_tree_navigation,egocentric_landmark,temporal_full,one_hot,0,lin_sequence_front_bands_r3_l8,3,8,10,front_bands,6,0.9203703703703705,0.006029192813370264,0.016666666666666666,0.010540925533894598,nan,0.0
shortcut_tree_025,hierarchical_with_lateral_edges,shortcut_tree_navigation,egocentric_landmark,temporal_full,one_hot,0,lin_sequence_front_bands_r5_l2,5,2,6,front_bands,6,0.9111111111111113,0.004969039949999541,0.0,0.0,nan,0.0
shortcut_tree_025,hierarchical_with_lateral_edges,shortcut_tree_navigation,egocentric_landmark,temporal_full,one_hot,0,lin_sequence_front_bands_r5_l4,5,4,8,front_bands,6,0.9111111111111113,0.004969039949999541,0.008333333333333333,0.008333333333333335,nan,0.0
shortcut_tree_025,hierarchical_with_lateral_edges,shortcut_tree_navigation,egocentric_landmark,temporal_full,one_hot,0,lin_sequence_front_bands_r5_l8,5,8,12,front_bands,6,0.9222222222222224,0.0057377531054924715,0.0,0.0,nan,0.0
shortcut_tree_025,hierarchical_with_lateral_edges,shortcut_tree_navigation,gaussian_sensory,temporal_cue_then_blank,one_hot,0,lin_sequence_all_units_r3_l4,3,4,6,all_units,6,0.912962962962963,0.007812971522121855,0.0,0.0,nan,0.0
shortcut_tree_025,hierarchical_with_lateral_edges,shortcut_tree_navigation,gaussian_sensory,temporal_cue_then_blank,one_hot,0,lin_sequence_front_bands_r1_l2,1,2,2,front_bands,6,0.9166666666666669,0.0068793243040765565,0.025000000000000005,0.017078251276599336,nan,0.0
shortcut_tree_025,hierarchical_with_lateral_edges,shortcut_tree_navigation,gaussian_sensory,temporal_cue_then_blank,one_hot,0,lin_sequence_front_bands_r1_l4,1,4,4,front_bands,6,0.914814814814815,0.0068292921905873235,0.016666666666666666,0.010540925533894598,nan,0.0
shortcut_tree_025,hierarchical_with_lateral_edges,shortcut_tree_navigation,gaussian_sensory,temporal_cue_then_blank,one_hot,0,lin_sequence_front_bands_r1_l8,1,8,8,front_bands,6,0.9203703703703705,0.005302896690102355,0.0,0.0,nan,0.0
shortcut_tree_025,hierarchical_with_lateral_edges,shortcut_tree_navigation,gaussian_sensory,temporal_cue_then_blank,one_hot,0,lin_sequence_front_bands_r3_l2,3,2,4,front_bands,6,0.9092592592592594,0.004459849843997153,0.008333333333333333,0.008333333333333335,nan,0.0
shortcut_tree_025,hierarchical_with_lateral_edges,shortcut_tree_navigation,gaussian_sensory,temporal_cue_then_blank,one_hot,0,lin_sequence_front_bands_r3_l4,3,4,6,front_bands,6,0.9092592592592593,0.008323038908979351,0.008333333333333333,0.008333333333333335,nan,0.0
shortcut_tree_025,hierarchical_with_lateral_edges,shortcut_tree_navigation,gaussian_sensory,temporal_cue_then_blank,one_hot,0,lin_sequence_front_bands_r3_l8,3,8,10,front_bands,6,0.9166666666666669,0.007453559924999298,0.0,0.0,nan,0.0
shortcut_tree_025,hierarchical_with_lateral_edges,shortcut_tree_navigation,gaussian_sensory,temporal_cue_then_blank,one_hot,0,lin_sequence_front_bands_r5_l2,5,2,6,front_bands,6,0.9092592592592593,0.005302896690102367,0.025000000000000005,0.01118033988749895,nan,0.0
shortcut_tree_025,hierarchical_with_lateral_edges,shortcut_tree_navigation,gaussian_sensory,temporal_cue_then_blank,one_hot,0,lin_sequence_front_bands_r5_l4,5,4,8,front_bands,6,0.914814814814815,0.005493480360811606,0.0,0.0,nan,0.0
shortcut_tree_025,hierarchical_with_lateral_edges,shortcut_tree_navigation,gaussian_sensory,temporal_cue_then_blank,one_hot,0,lin_sequence_front_bands_r5_l8,5,8,12,front_bands,6,0.9203703703703705,0.005302896690102355,0.008333333333333333,0.008333333333333335,nan,0.0
shortcut_tree_025,hierarchical_with_lateral_edges,shortcut_tree_navigation,gaussian_sensory,temporal_dropout,one_hot,0,lin_sequence_all_units_r3_l4,3,4,6,all_units,6,0.9296296296296297,0.0023424278964210136,0.0,0.0,nan,0.0
shortcut_tree_025,hierarchical_with_lateral_edges,shortcut_tree_navigation,gaussian_sensory,temporal_dropout,one_hot,0,lin_sequence_front_bands_r1_l2,1,2,2,front_bands,6,0.9314814814814816,0.0018518518518518456,0.0,0.0,nan,0.0
shortcut_tree_025,hierarchical_with_lateral_edges,shortcut_tree_navigation,gaussian_sensory,temporal_dropout,one_hot,0,lin_sequence_front_bands_r1_l4,1,4,4,front_bands,6,0.9240740740740742,0.005302896690102352,0.0,0.0,nan,0.0
shortcut_tree_025,hierarchical_with_lateral_edges,shortcut_tree_navigation,gaussian_sensory,temporal_dropout,one_hot,0,lin_sequence_front_bands_r1_l8,1,8,8,front_bands,6,0.9277777777777779,0.0024845199749997573,0.0,0.0,nan,0.0
shortcut_tree_025,hierarchical_with_lateral_edges,shortcut_tree_navigation,gaussian_sensory,temporal_dropout,one_hot,0,lin_sequence_front_bands_r3_l2,3,2,4,front_bands,6,0.9277777777777779,0.0024845199749997573,0.0,0.0,nan,0.0
shortcut_tree_025,hierarchical_with_lateral_edges,shortcut_tree_navigation,gaussian_sensory,temporal_dropout,one_hot,0,lin_sequence_front_bands_r3_l4,3,4,6,front_bands,6,0.9277777777777779,0.0024845199749997573,0.0,0.0,nan,0.0
shortcut_tree_025,hierarchical_with_lateral_edges,shortcut_tree_navigation,gaussian_sensory,temporal_dropout,one_hot,0,lin_sequence_front_bands_r3_l8,3,8,10,front_bands,6,0.9277777777777779,0.0024845199749997573,0.0,0.0,nan,0.0
shortcut_tree_025,hierarchical_with_lateral_edges,shortcut_tree_navigation,gaussian_sensory,temporal_dropout,one_hot,0,lin_sequence_front_bands_r5_l2,5,2,6,front_bands,6,0.925925925925926,0.003703703703703705,0.0,0.0,nan,0.0
shortcut_tree_025,hierarchical_with_lateral_edges,shortcut_tree_navigation,gaussian_sensory,temporal_dropout,one_hot,0,lin_sequence_front_bands_r5_l4,5,4,8,front_bands,6,0.9277777777777779,0.0024845199749997573,0.0,0.0,nan,0.0
shortcut_tree_025,hierarchical_with_lateral_edges,shortcut_tree_navigation,gaussian_sensory,temporal_dropout,one_hot,0,lin_sequence_front_bands_r5_l8,5,8,12,front_bands,6,0.9277777777777779,0.0024845199749997573,0.016666666666666666,0.01666666666666667,nan,0.0
shortcut_tree_025,hierarchical_with_lateral_edges,shortcut_tree_navigation,gaussian_sensory,temporal_full,one_hot,0,lin_sequence_all_units_r3_l4,3,4,6,all_units,6,0.9277777777777779,0.0024845199749997573,0.008333333333333333,0.008333333333333335,nan,0.0
shortcut_tree_025,hierarchical_with_lateral_edges,shortcut_tree_navigation,gaussian_sensory,temporal_full,one_hot,0,lin_sequence_front_bands_r1_l2,1,2,2,front_bands,6,0.9277777777777779,0.0024845199749997573,0.016666666666666666,0.0105409255338946,nan,0.0
shortcut_tree_025,hierarchical_with_lateral_edges,shortcut_tree_navigation,gaussian_sensory,temporal_full,one_hot,0,lin_sequence_front_bands_r1_l4,1,4,4,front_bands,6,0.9277777777777779,0.0024845199749997573,0.0,0.0,nan,0.0
shortcut_tree_025,hierarchical_with_lateral_edges,shortcut_tree_navigation,gaussian_sensory,temporal_full,one_hot,0,lin_sequence_front_bands_r1_l8,1,8,8,front_bands,6,0.9277777777777779,0.0024845199749997573,0.0,0.0,nan,0.0
shortcut_tree_025,hierarchical_with_lateral_edges,shortcut_tree_navigation,gaussian_sensory,temporal_full,one_hot,0,lin_sequence_front_bands_r3_l2,3,2,4,front_bands,6,0.9277777777777779,0.0024845199749997573,0.0,0.0,nan,0.0
shortcut_tree_025,hierarchical_with_lateral_edges,shortcut_tree_navigation,gaussian_sensory,temporal_full,one_hot,0,lin_sequence_front_bands_r3_l4,3,4,6,front_bands,6,0.9277777777777779,0.0024845199749997573,0.016666666666666666,0.0105409255338946,nan,0.0
shortcut_tree_025,hierarchical_with_lateral_edges,shortcut_tree_navigation,gaussian_sensory,temporal_full,one_hot,0,lin_sequence_front_bands_r3_l8,3,8,10,front_bands,6,0.9277777777777779,0.0024845199749997573,0.016666666666666666,0.010540925533894598,nan,0.0
shortcut_tree_025,hierarchical_with_lateral_edges,shortcut_tree_navigation,gaussian_sensory,temporal_full,one_hot,0,lin_sequence_front_bands_r5_l2,5,2,6,front_bands,6,0.9240740740740742,0.005302896690102352,0.0,0.0,nan,0.0
shortcut_tree_025,hierarchical_with_lateral_edges,shortcut_tree_navigation,gaussian_sensory,temporal_full,one_hot,0,lin_sequence_front_bands_r5_l4,5,4,8,front_bands,6,0.9240740740740742,0.005302896690102352,0.0,0.0,nan,0.0
shortcut_tree_025,hierarchical_with_lateral_edges,shortcut_tree_navigation,gaussian_sensory,temporal_full,one_hot,0,lin_sequence_front_bands_r5_l8,5,8,12,front_bands,6,0.9277777777777779,0.0024845199749997573,0.008333333333333333,0.008333333333333335,nan,0.0
shortcut_tree_025,hierarchical_with_lateral_edges,shortcut_tree_navigation,hybrid,temporal_cue_then_blank,one_hot,0,lin_sequence_all_units_r3_l4,3,4,6,all_units,6,0.9111111111111113,0.004969039949999541,0.008333333333333333,0.008333333333333335,nan,0.0
shortcut_tree_025,hierarchical_with_lateral_edges,shortcut_tree_navigation,hybrid,temporal_cue_then_blank,one_hot,0,lin_sequence_front_bands_r1_l2,1,2,2,front_bands,6,0.9074074074074074,0.003703703703703705,0.008333333333333333,0.008333333333333335,nan,0.0
shortcut_tree_025,hierarchical_with_lateral_edges,shortcut_tree_navigation,hybrid,temporal_cue_then_blank,one_hot,0,lin_sequence_front_bands_r1_l4,1,4,4,front_bands,6,0.9129629629629631,0.006029192813370264,0.008333333333333333,0.008333333333333335,nan,0.0
shortcut_tree_025,hierarchical_with_lateral_edges,shortcut_tree_navigation,hybrid,temporal_cue_then_blank,one_hot,0,lin_sequence_front_bands_r1_l8,1,8,8,front_bands,6,0.9129629629629631,0.005302896690102355,0.0,0.0,nan,0.0
shortcut_tree_025,hierarchical_with_lateral_edges,shortcut_tree_navigation,hybrid,temporal_cue_then_blank,one_hot,0,lin_sequence_front_bands_r3_l2,3,2,4,front_bands,6,0.9111111111111113,0.004969039949999541,0.0,0.0,nan,0.0
shortcut_tree_025,hierarchical_with_lateral_edges,shortcut_tree_navigation,hybrid,temporal_cue_then_blank,one_hot,0,lin_sequence_front_bands_r3_l4,3,4,6,front_bands,6,0.9129629629629631,0.006029192813370264,0.0,0.0,nan,0.0
shortcut_tree_025,hierarchical_with_lateral_edges,shortcut_tree_navigation,hybrid,temporal_cue_then_blank,one_hot,0,lin_sequence_front_bands_r3_l8,3,8,10,front_bands,6,0.9166666666666669,0.004757493547653757,0.0,0.0,nan,0.0
shortcut_tree_025,hierarchical_with_lateral_edges,shortcut_tree_navigation,hybrid,temporal_cue_then_blank,one_hot,0,lin_sequence_front_bands_r5_l2,5,2,6,front_bands,6,0.9092592592592593,0.004459849843997153,0.008333333333333333,0.008333333333333335,nan,0.0
shortcut_tree_025,hierarchical_with_lateral_edges,shortcut_tree_navigation,hybrid,temporal_cue_then_blank,one_hot,0,lin_sequence_front_bands_r5_l4,5,4,8,front_bands,6,0.9129629629629631,0.006029192813370264,0.0,0.0,nan,0.0
shortcut_tree_025,hierarchical_with_lateral_edges,shortcut_tree_navigation,hybrid,temporal_cue_then_blank,one_hot,0,lin_sequence_front_bands_r5_l8,5,8,12,front_bands,6,0.914814814814815,0.0068292921905873235,0.0,0.0,nan,0.0
shortcut_tree_025,hierarchical_with_lateral_edges,shortcut_tree_navigation,hybrid,temporal_dropout,one_hot,0,lin_sequence_all_units_r3_l4,3,4,6,all_units,6,0.9277777777777779,0.0024845199749997573,0.0,0.0,nan,0.0
shortcut_tree_025,hierarchical_with_lateral_edges,shortcut_tree_navigation,hybrid,temporal_dropout,one_hot,0,lin_sequence_front_bands_r1_l2,1,2,2,front_bands,6,0.9240740740740742,0.005302896690102352,0.0,0.0,nan,0.0
shortcut_tree_025,hierarchical_with_lateral_edges,shortcut_tree_navigation,hybrid,temporal_dropout,one_hot,0,lin_sequence_front_bands_r1_l4,1,4,4,front_bands,6,0.9203703703703705,0.006676946806414796,0.0,0.0,nan,0.0
shortcut_tree_025,hierarchical_with_lateral_edges,shortcut_tree_navigation,hybrid,temporal_dropout,one_hot,0,lin_sequence_front_bands_r1_l8,1,8,8,front_bands,6,0.9277777777777779,0.0024845199749997573,0.008333333333333333,0.008333333333333335,nan,0.0
shortcut_tree_025,hierarchical_with_lateral_edges,shortcut_tree_navigation,hybrid,temporal_dropout,one_hot,0,lin_sequence_front_bands_r3_l2,3,2,4,front_bands,6,0.9203703703703705,0.006676946806414796,0.0,0.0,nan,0.0
shortcut_tree_025,hierarchical_with_lateral_edges,shortcut_tree_navigation,hybrid,temporal_dropout,one_hot,0,lin_sequence_front_bands_r3_l4,3,4,6,front_bands,6,0.9240740740740742,0.005302896690102352,0.0,0.0,nan,0.0
shortcut_tree_025,hierarchical_with_lateral_edges,shortcut_tree_navigation,hybrid,temporal_dropout,one_hot,0,lin_sequence_front_bands_r3_l8,3,8,10,front_bands,6,0.9277777777777779,0.0024845199749997573,0.0,0.0,nan,0.0
shortcut_tree_025,hierarchical_with_lateral_edges,shortcut_tree_navigation,hybrid,temporal_dropout,one_hot,0,lin_sequence_front_bands_r5_l2,5,2,6,front_bands,6,0.9240740740740742,0.004459849843997153,0.0,0.0,nan,0.0
shortcut_tree_025,hierarchical_with_lateral_edges,shortcut_tree_navigation,hybrid,temporal_dropout,one_hot,0,lin_sequence_front_bands_r5_l4,5,4,8,front_bands,6,0.9240740740740742,0.005302896690102352,0.008333333333333333,0.008333333333333335,nan,0.0
shortcut_tree_025,hierarchical_with_lateral_edges,shortcut_tree_navigation,hybrid,temporal_dropout,one_hot,0,lin_sequence_front_bands_r5_l8,5,8,12,front_bands,6,0.9277777777777779,0.0024845199749997573,0.0,0.0,nan,0.0
shortcut_tree_025,hierarchical_with_lateral_edges,shortcut_tree_navigation,hybrid,temporal_full,one_hot,0,lin_sequence_all_units_r3_l4,3,4,6,all_units,6,0.9166666666666669,0.004757493547653757,0.008333333333333333,0.008333333333333335,nan,0.0
shortcut_tree_025,hierarchical_with_lateral_edges,shortcut_tree_navigation,hybrid,temporal_full,one_hot,0,lin_sequence_front_bands_r1_l2,1,2,2,front_bands,6,0.9166666666666669,0.0037951669503554154,0.016666666666666666,0.010540925533894598,nan,0.0
shortcut_tree_025,hierarchical_with_lateral_edges,shortcut_tree_navigation,hybrid,temporal_full,one_hot,0,lin_sequence_front_bands_r1_l4,1,4,4,front_bands,6,0.9129629629629631,0.006029192813370264,0.008333333333333333,0.008333333333333335,nan,0.0
shortcut_tree_025,hierarchical_with_lateral_edges,shortcut_tree_navigation,hybrid,temporal_full,one_hot,0,lin_sequence_front_bands_r1_l8,1,8,8,front_bands,6,0.9240740740740742,0.004459849843997153,0.0,0.0,nan,0.0
shortcut_tree_025,hierarchical_with_lateral_edges,shortcut_tree_navigation,hybrid,temporal_full,one_hot,0,lin_sequence_front_bands_r3_l2,3,2,4,front_bands,6,0.914814814814815,0.007407407407407403,0.0,0.0,nan,0.0
shortcut_tree_025,hierarchical_with_lateral_edges,shortcut_tree_navigation,hybrid,temporal_full,one_hot,0,lin_sequence_front_bands_r3_l4,3,4,6,front_bands,6,0.9185185185185186,0.005493480360811606,0.008333333333333333,0.008333333333333335,nan,0.0
shortcut_tree_025,hierarchical_with_lateral_edges,shortcut_tree_navigation,hybrid,temporal_full,one_hot,0,lin_sequence_front_bands_r3_l8,3,8,10,front_bands,6,0.9222222222222224,0.0057377531054924715,0.008333333333333333,0.008333333333333335,nan,0.0
shortcut_tree_025,hierarchical_with_lateral_edges,shortcut_tree_navigation,hybrid,temporal_full,one_hot,0,lin_sequence_front_bands_r5_l2,5,2,6,front_bands,6,0.9166666666666669,0.006252571487457088,0.008333333333333333,0.008333333333333335,nan,0.0
shortcut_tree_025,hierarchical_with_lateral_edges,shortcut_tree_navigation,hybrid,temporal_full,one_hot,0,lin_sequence_front_bands_r5_l4,5,4,8,front_bands,6,0.9129629629629631,0.006029192813370264,0.016666666666666666,0.010540925533894598,nan,0.0
shortcut_tree_025,hierarchical_with_lateral_edges,shortcut_tree_navigation,hybrid,temporal_full,one_hot,0,lin_sequence_front_bands_r5_l8,5,8,12,front_bands,6,0.9222222222222224,0.0057377531054924715,0.0,0.0,nan,0.0
shortcut_tree_025,hierarchical_with_lateral_edges,shortcut_tree_navigation,sparse_aliased,temporal_cue_then_blank,one_hot,0,lin_sequence_all_units_r3_l4,3,4,6,all_units,6,0.9111111111111113,0.0057377531054924715,0.0,0.0,nan,0.0
shortcut_tree_025,hierarchical_with_lateral_edges,shortcut_tree_navigation,sparse_aliased,temporal_cue_then_blank,one_hot,0,lin_sequence_front_bands_r1_l2,1,2,2,front_bands,6,0.9129629629629631,0.006029192813370264,0.0,0.0,nan,0.0
shortcut_tree_025,hierarchical_with_lateral_edges,shortcut_tree_navigation,sparse_aliased,temporal_cue_then_blank,one_hot,0,lin_sequence_front_bands_r1_l4,1,4,4,front_bands,6,0.9129629629629631,0.006029192813370264,0.0,0.0,nan,0.0
shortcut_tree_025,hierarchical_with_lateral_edges,shortcut_tree_navigation,sparse_aliased,temporal_cue_then_blank,one_hot,0,lin_sequence_front_bands_r1_l8,1,8,8,front_bands,6,0.9166666666666669,0.004757493547653756,0.025000000000000005,0.01118033988749895,nan,0.0
shortcut_tree_025,hierarchical_with_lateral_edges,shortcut_tree_navigation,sparse_aliased,temporal_cue_then_blank,one_hot,0,lin_sequence_front_bands_r3_l2,3,2,4,front_bands,6,0.9092592592592594,0.004459849843997153,0.0,0.0,nan,0.0
shortcut_tree_025,hierarchical_with_lateral_edges,shortcut_tree_navigation,sparse_aliased,temporal_cue_then_blank,one_hot,0,lin_sequence_front_bands_r3_l4,3,4,6,front_bands,6,0.9092592592592594,0.004459849843997153,0.008333333333333333,0.008333333333333335,nan,0.0
shortcut_tree_025,hierarchical_with_lateral_edges,shortcut_tree_navigation,sparse_aliased,temporal_cue_then_blank,one_hot,0,lin_sequence_front_bands_r3_l8,3,8,10,front_bands,6,0.914814814814815,0.0068292921905873235,0.0,0.0,nan,0.0
shortcut_tree_025,hierarchical_with_lateral_edges,shortcut_tree_navigation,sparse_aliased,temporal_cue_then_blank,one_hot,0,lin_sequence_front_bands_r5_l2,5,2,6,front_bands,6,0.9111111111111113,0.004969039949999541,0.016666666666666666,0.0105409255338946,nan,0.0
shortcut_tree_025,hierarchical_with_lateral_edges,shortcut_tree_navigation,sparse_aliased,temporal_cue_then_blank,one_hot,0,lin_sequence_front_bands_r5_l4,5,4,8,front_bands,6,0.9111111111111113,0.004969039949999541,0.0,0.0,nan,0.0
shortcut_tree_025,hierarchical_with_lateral_edges,shortcut_tree_navigation,sparse_aliased,temporal_cue_then_blank,one_hot,0,lin_sequence_front_bands_r5_l8,5,8,12,front_bands,6,0.914814814814815,0.005493480360811606,0.0,0.0,nan,0.0
shortcut_tree_025,hierarchical_with_lateral_edges,shortcut_tree_navigation,sparse_aliased,temporal_dropout,one_hot,0,lin_sequence_all_units_r3_l4,3,4,6,all_units,6,0.9277777777777779,0.0024845199749997573,0.008333333333333333,0.008333333333333335,nan,0.0
shortcut_tree_025,hierarchical_with_lateral_edges,shortcut_tree_navigation,sparse_aliased,temporal_dropout,one_hot,0,lin_sequence_front_bands_r1_l2,1,2,2,front_bands,6,0.9222222222222224,0.004969039949999541,0.0,0.0,nan,0.0
shortcut_tree_025,hierarchical_with_lateral_edges,shortcut_tree_navigation,sparse_aliased,temporal_dropout,one_hot,0,lin_sequence_front_bands_r1_l4,1,4,4,front_bands,6,0.9166666666666669,0.007453559924999298,0.0,0.0,nan,0.0
shortcut_tree_025,hierarchical_with_lateral_edges,shortcut_tree_navigation,sparse_aliased,temporal_dropout,one_hot,0,lin_sequence_front_bands_r1_l8,1,8,8,front_bands,6,0.9277777777777779,0.0024845199749997573,0.0,0.0,nan,0.0
shortcut_tree_025,hierarchical_with_lateral_edges,shortcut_tree_navigation,sparse_aliased,temporal_dropout,one_hot,0,lin_sequence_front_bands_r3_l2,3,2,4,front_bands,6,0.9166666666666669,0.007453559924999298,0.008333333333333333,0.008333333333333335,nan,0.0
shortcut_tree_025,hierarchical_with_lateral_edges,shortcut_tree_navigation,sparse_aliased,temporal_dropout,one_hot,0,lin_sequence_front_bands_r3_l4,3,4,6,front_bands,6,0.925925925925926,0.003703703703703705,0.016666666666666666,0.0105409255338946,nan,0.0
shortcut_tree_025,hierarchical_with_lateral_edges,shortcut_tree_navigation,sparse_aliased,temporal_dropout,one_hot,0,lin_sequence_front_bands_r3_l8,3,8,10,front_bands,6,0.9277777777777779,0.0024845199749997573,0.008333333333333333,0.008333333333333335,nan,0.0
shortcut_tree_025,hierarchical_with_lateral_edges,shortcut_tree_navigation,sparse_aliased,temporal_dropout,one_hot,0,lin_sequence_front_bands_r5_l2,5,2,6,front_bands,6,0.9222222222222224,0.0057377531054924715,0.0,0.0,nan,0.0
shortcut_tree_025,hierarchical_with_lateral_edges,shortcut_tree_navigation,sparse_aliased,temporal_dropout,one_hot,0,lin_sequence_front_bands_r5_l4,5,4,8,front_bands,6,0.9185185185185186,0.0068292921905873235,0.008333333333333333,0.008333333333333335,nan,0.0
shortcut_tree_025,hierarchical_with_lateral_edges,shortcut_tree_navigation,sparse_aliased,temporal_dropout,one_hot,0,lin_sequence_front_bands_r5_l8,5,8,12,front_bands,6,0.9277777777777779,0.0024845199749997573,0.0,0.0,nan,0.0
shortcut_tree_025,hierarchical_with_lateral_edges,shortcut_tree_navigation,sparse_aliased,temporal_full,one_hot,0,lin_sequence_all_units_r3_l4,3,4,6,all_units,6,0.9166666666666669,0.007453559924999298,0.008333333333333333,0.008333333333333335,nan,0.0
shortcut_tree_025,hierarchical_with_lateral_edges,shortcut_tree_navigation,sparse_aliased,temporal_full,one_hot,0,lin_sequence_front_bands_r1_l2,1,2,2,front_bands,6,0.9166666666666669,0.007453559924999298,0.008333333333333333,0.008333333333333335,nan,0.0
shortcut_tree_025,hierarchical_with_lateral_edges,shortcut_tree_navigation,sparse_aliased,temporal_full,one_hot,0,lin_sequence_front_bands_r1_l4,1,4,4,front_bands,6,0.9166666666666669,0.007453559924999298,0.0,0.0,nan,0.0
shortcut_tree_025,hierarchical_with_lateral_edges,shortcut_tree_navigation,sparse_aliased,temporal_full,one_hot,0,lin_sequence_front_bands_r1_l8,1,8,8,front_bands,6,0.9166666666666669,0.007453559924999298,0.025000000000000005,0.017078251276599336,nan,0.0
shortcut_tree_025,hierarchical_with_lateral_edges,shortcut_tree_navigation,sparse_aliased,temporal_full,one_hot,0,lin_sequence_front_bands_r3_l2,3,2,4,front_bands,6,0.9166666666666669,0.006252571487457088,0.008333333333333333,0.008333333333333335,nan,0.0
shortcut_tree_025,hierarchical_with_lateral_edges,shortcut_tree_navigation,sparse_aliased,temporal_full,one_hot,0,lin_sequence_front_bands_r3_l4,3,4,6,front_bands,6,0.9166666666666669,0.007453559924999298,0.0,0.0,nan,0.0
shortcut_tree_025,hierarchical_with_lateral_edges,shortcut_tree_navigation,sparse_aliased,temporal_full,one_hot,0,lin_sequence_front_bands_r3_l8,3,8,10,front_bands,6,0.9240740740740742,0.004459849843997153,0.016666666666666666,0.0105409255338946,nan,0.0
shortcut_tree_025,hierarchical_with_lateral_edges,shortcut_tree_navigation,sparse_aliased,temporal_full,one_hot,0,lin_sequence_front_bands_r5_l2,5,2,6,front_bands,6,0.9166666666666669,0.007453559924999298,0.008333333333333333,0.008333333333333335,nan,0.0
shortcut_tree_025,hierarchical_with_lateral_edges,shortcut_tree_navigation,sparse_aliased,temporal_full,one_hot,0,lin_sequence_front_bands_r5_l4,5,4,8,front_bands,6,0.9166666666666669,0.007453559924999298,0.03333333333333333,0.010540925533894598,nan,0.0
shortcut_tree_025,hierarchical_with_lateral_edges,shortcut_tree_navigation,sparse_aliased,temporal_full,one_hot,0,lin_sequence_front_bands_r5_l8,5,8,12,front_bands,6,0.925925925925926,0.003703703703703705,0.016666666666666666,0.01666666666666667,nan,0.0
shortcut_tree_025,hierarchical_with_lateral_edges,shortcut_tree_navigation,vector,temporal_cue_then_blank,one_hot,0,lin_sequence_all_units_r3_l4,3,4,6,all_units,6,0.9111111111111113,0.004969039949999541,0.008333333333333333,0.008333333333333335,nan,0.0
shortcut_tree_025,hierarchical_with_lateral_edges,shortcut_tree_navigation,vector,temporal_cue_then_blank,one_hot,0,lin_sequence_front_bands_r1_l2,1,2,2,front_bands,6,0.9111111111111113,0.004969039949999541,0.016666666666666666,0.01666666666666667,nan,0.0
shortcut_tree_025,hierarchical_with_lateral_edges,shortcut_tree_navigation,vector,temporal_cue_then_blank,one_hot,0,lin_sequence_front_bands_r1_l4,1,4,4,front_bands,6,0.9111111111111113,0.004969039949999541,0.016666666666666666,0.010540925533894598,nan,0.0
shortcut_tree_025,hierarchical_with_lateral_edges,shortcut_tree_navigation,vector,temporal_cue_then_blank,one_hot,0,lin_sequence_front_bands_r1_l8,1,8,8,front_bands,6,0.9166666666666669,0.007453559924999298,0.0,0.0,nan,0.0
shortcut_tree_025,hierarchical_with_lateral_edges,shortcut_tree_navigation,vector,temporal_cue_then_blank,one_hot,0,lin_sequence_front_bands_r3_l2,3,2,4,front_bands,6,0.9129629629629631,0.004459849843997154,0.025000000000000005,0.017078251276599336,nan,0.0
shortcut_tree_025,hierarchical_with_lateral_edges,shortcut_tree_navigation,vector,temporal_cue_then_blank,one_hot,0,lin_sequence_front_bands_r3_l4,3,4,6,front_bands,6,0.9111111111111113,0.004969039949999541,0.008333333333333333,0.008333333333333335,nan,0.0
shortcut_tree_025,hierarchical_with_lateral_edges,shortcut_tree_navigation,vector,temporal_cue_then_blank,one_hot,0,lin_sequence_front_bands_r3_l8,3,8,10,front_bands,6,0.9129629629629631,0.006029192813370264,0.0,0.0,nan,0.0
shortcut_tree_025,hierarchical_with_lateral_edges,shortcut_tree_navigation,vector,temporal_cue_then_blank,one_hot,0,lin_sequence_front_bands_r5_l2,5,2,6,front_bands,6,0.9092592592592593,0.0060291928133702774,0.0,0.0,nan,0.0
shortcut_tree_025,hierarchical_with_lateral_edges,shortcut_tree_navigation,vector,temporal_cue_then_blank,one_hot,0,lin_sequence_front_bands_r5_l4,5,4,8,front_bands,6,0.9111111111111113,0.004969039949999541,0.008333333333333333,0.008333333333333335,nan,0.0
shortcut_tree_025,hierarchical_with_lateral_edges,shortcut_tree_navigation,vector,temporal_cue_then_blank,one_hot,0,lin_sequence_front_bands_r5_l8,5,8,12,front_bands,6,0.914814814814815,0.0068292921905873235,0.0,0.0,nan,0.0
shortcut_tree_025,hierarchical_with_lateral_edges,shortcut_tree_navigation,vector,temporal_dropout,one_hot,0,lin_sequence_all_units_r3_l4,3,4,6,all_units,6,0.9203703703703705,0.005302896690102355,0.0,0.0,nan,0.0
shortcut_tree_025,hierarchical_with_lateral_edges,shortcut_tree_navigation,vector,temporal_dropout,one_hot,0,lin_sequence_front_bands_r1_l2,1,2,2,front_bands,6,0.9185185185185186,0.0068292921905873235,0.0,0.0,nan,0.0
shortcut_tree_025,hierarchical_with_lateral_edges,shortcut_tree_navigation,vector,temporal_dropout,one_hot,0,lin_sequence_front_bands_r1_l4,1,4,4,front_bands,6,0.9185185185185186,0.0068292921905873235,0.0,0.0,nan,0.0
shortcut_tree_025,hierarchical_with_lateral_edges,shortcut_tree_navigation,vector,temporal_dropout,one_hot,0,lin_sequence_front_bands_r1_l8,1,8,8,front_bands,6,0.9277777777777779,0.0024845199749997573,0.0,0.0,nan,0.0
shortcut_tree_025,hierarchical_with_lateral_edges,shortcut_tree_navigation,vector,temporal_dropout,one_hot,0,lin_sequence_front_bands_r3_l2,3,2,4,front_bands,6,0.9185185185185186,0.0068292921905873235,0.016666666666666666,0.010540925533894598,nan,0.0
shortcut_tree_025,hierarchical_with_lateral_edges,shortcut_tree_navigation,vector,temporal_dropout,one_hot,0,lin_sequence_front_bands_r3_l4,3,4,6,front_bands,6,0.9185185185185186,0.0068292921905873235,0.008333333333333333,0.008333333333333335,nan,0.0
shortcut_tree_025,hierarchical_with_lateral_edges,shortcut_tree_navigation,vector,temporal_dropout,one_hot,0,lin_sequence_front_bands_r3_l8,3,8,10,front_bands,6,0.9222222222222224,0.0057377531054924715,0.025000000000000005,0.017078251276599336,nan,0.0
shortcut_tree_025,hierarchical_with_lateral_edges,shortcut_tree_navigation,vector,temporal_dropout,one_hot,0,lin_sequence_front_bands_r5_l2,5,2,6,front_bands,6,0.9166666666666669,0.007453559924999298,0.0,0.0,nan,0.0
shortcut_tree_025,hierarchical_with_lateral_edges,shortcut_tree_navigation,vector,temporal_dropout,one_hot,0,lin_sequence_front_bands_r5_l4,5,4,8,front_bands,6,0.9185185185185186,0.0068292921905873235,0.016666666666666666,0.010540925533894598,nan,0.0
shortcut_tree_025,hierarchical_with_lateral_edges,shortcut_tree_navigation,vector,temporal_dropout,one_hot,0,lin_sequence_front_bands_r5_l8,5,8,12,front_bands,6,0.9277777777777779,0.0024845199749997573,0.0,0.0,nan,0.0
shortcut_tree_025,hierarchical_with_lateral_edges,shortcut_tree_navigation,vector,temporal_full,one_hot,0,lin_sequence_all_units_r3_l4,3,4,6,all_units,6,0.9240740740740742,0.003414646095293665,0.025000000000000005,0.017078251276599336,nan,0.0
shortcut_tree_025,hierarchical_with_lateral_edges,shortcut_tree_navigation,vector,temporal_full,one_hot,0,lin_sequence_front_bands_r1_l2,1,2,2,front_bands,6,0.9129629629629631,0.004459849843997154,0.008333333333333333,0.008333333333333335,nan,0.0
shortcut_tree_025,hierarchical_with_lateral_edges,shortcut_tree_navigation,vector,temporal_full,one_hot,0,lin_sequence_front_bands_r1_l4,1,4,4,front_bands,6,0.9129629629629631,0.006029192813370264,0.0,0.0,nan,0.0
shortcut_tree_025,hierarchical_with_lateral_edges,shortcut_tree_navigation,vector,temporal_full,one_hot,0,lin_sequence_front_bands_r1_l8,1,8,8,front_bands,6,0.9166666666666669,0.006252571487457087,0.0,0.0,nan,0.0
shortcut_tree_025,hierarchical_with_lateral_edges,shortcut_tree_navigation,vector,temporal_full,one_hot,0,lin_sequence_front_bands_r3_l2,3,2,4,front_bands,6,0.9129629629629631,0.006029192813370264,0.008333333333333333,0.008333333333333335,nan,0.0
shortcut_tree_025,hierarchical_with_lateral_edges,shortcut_tree_navigation,vector,temporal_full,one_hot,0,lin_sequence_front_bands_r3_l4,3,4,6,front_bands,6,0.9166666666666669,0.005555555555555559,0.008333333333333333,0.008333333333333335,nan,0.0
shortcut_tree_025,hierarchical_with_lateral_edges,shortcut_tree_navigation,vector,temporal_full,one_hot,0,lin_sequence_front_bands_r3_l8,3,8,10,front_bands,6,0.9222222222222224,0.004969039949999533,0.008333333333333333,0.008333333333333335,nan,0.0
shortcut_tree_025,hierarchical_with_lateral_edges,shortcut_tree_navigation,vector,temporal_full,one_hot,0,lin_sequence_front_bands_r5_l2,5,2,6,front_bands,6,0.9185185185185186,0.0068292921905873235,0.016666666666666666,0.01666666666666667,nan,0.0
shortcut_tree_025,hierarchical_with_lateral_edges,shortcut_tree_navigation,vector,temporal_full,one_hot,0,lin_sequence_front_bands_r5_l4,5,4,8,front_bands,6,0.9111111111111113,0.004969039949999541,0.0,0.0,nan,0.0
shortcut_tree_025,hierarchical_with_lateral_edges,shortcut_tree_navigation,vector,temporal_full,one_hot,0,lin_sequence_front_bands_r5_l8,5,8,12,front_bands,6,0.9240740740740742,0.003414646095293664,0.0,0.0,nan,0.0
shortcut_tree_050,hierarchical_with_lateral_edges,shortcut_tree_navigation,egocentric_landmark,temporal_cue_then_blank,one_hot,0,lin_sequence_all_units_r3_l4,3,4,6,all_units,6,0.8592592592592592,0.002342427896421037,0.0,0.0,nan,0.0
shortcut_tree_050,hierarchical_with_lateral_edges,shortcut_tree_navigation,egocentric_landmark,temporal_cue_then_blank,one_hot,0,lin_sequence_front_bands_r1_l2,1,2,2,front_bands,6,0.861111111111111,0.002484519974999783,0.0,0.0,nan,0.0
shortcut_tree_050,hierarchical_with_lateral_edges,shortcut_tree_navigation,egocentric_landmark,temporal_cue_then_blank,one_hot,0,lin_sequence_front_bands_r1_l4,1,4,4,front_bands,6,0.8629629629629628,0.003703703703703713,0.008333333333333333,0.008333333333333335,nan,0.0
shortcut_tree_050,hierarchical_with_lateral_edges,shortcut_tree_navigation,egocentric_landmark,temporal_cue_then_blank,one_hot,0,lin_sequence_front_bands_r1_l8,1,8,8,front_bands,6,0.8518518518518517,0.002342427896421014,0.0,0.0,nan,0.0
shortcut_tree_050,hierarchical_with_lateral_edges,shortcut_tree_navigation,egocentric_landmark,temporal_cue_then_blank,one_hot,0,lin_sequence_front_bands_r3_l2,3,2,4,front_bands,6,0.8574074074074073,0.001851851851851864,0.0,0.0,nan,0.0
shortcut_tree_050,hierarchical_with_lateral_edges,shortcut_tree_navigation,egocentric_landmark,temporal_cue_then_blank,one_hot,0,lin_sequence_front_bands_r3_l4,3,4,6,front_bands,6,0.8592592592592592,0.004684855792842048,0.0,0.0,nan,0.0
shortcut_tree_050,hierarchical_with_lateral_edges,shortcut_tree_navigation,egocentric_landmark,temporal_cue_then_blank,one_hot,0,lin_sequence_front_bands_r3_l8,3,8,10,front_bands,6,0.85,0.0047574935476537485,0.016666666666666666,0.01666666666666667,nan,0.0
shortcut_tree_050,hierarchical_with_lateral_edges,shortcut_tree_navigation,egocentric_landmark,temporal_cue_then_blank,one_hot,0,lin_sequence_front_bands_r5_l2,5,2,6,front_bands,6,0.8555555555555555,0.004057204129667903,0.0,0.0,nan,0.0
shortcut_tree_050,hierarchical_with_lateral_edges,shortcut_tree_navigation,egocentric_landmark,temporal_cue_then_blank,one_hot,0,lin_sequence_front_bands_r5_l4,5,4,8,front_bands,6,0.8574074074074073,0.0034146460952936704,0.0,0.0,nan,0.0
shortcut_tree_050,hierarchical_with_lateral_edges,shortcut_tree_navigation,egocentric_landmark,temporal_cue_then_blank,one_hot,0,lin_sequence_front_bands_r5_l8,5,8,12,front_bands,6,0.8518518518518517,0.003703703703703706,0.008333333333333333,0.008333333333333335,nan,0.0
shortcut_tree_050,hierarchical_with_lateral_edges,shortcut_tree_navigation,egocentric_landmark,temporal_dropout,one_hot,0,lin_sequence_all_units_r3_l4,3,4,6,all_units,6,0.8481481481481481,0.0037037037037036913,0.0,0.0,nan,0.0
shortcut_tree_050,hierarchical_with_lateral_edges,shortcut_tree_navigation,egocentric_landmark,temporal_dropout,one_hot,0,lin_sequence_front_bands_r1_l2,1,2,2,front_bands,6,0.8555555555555555,0.0,0.0,0.0,nan,0.0
shortcut_tree_050,hierarchical_with_lateral_edges,shortcut_tree_navigation,egocentric_landmark,temporal_dropout,one_hot,0,lin_sequence_front_bands_r1_l4,1,4,4,front_bands,6,0.85,0.0037951669503553933,0.0,0.0,nan,0.0
shortcut_tree_050,hierarchical_with_lateral_edges,shortcut_tree_navigation,egocentric_landmark,temporal_dropout,one_hot,0,lin_sequence_front_bands_r1_l8,1,8,8,front_bands,6,0.8444444444444444,0.0049690399499995146,0.0,0.0,nan,0.0
shortcut_tree_050,hierarchical_with_lateral_edges,shortcut_tree_navigation,egocentric_landmark,temporal_dropout,one_hot,0,lin_sequence_front_bands_r3_l2,3,2,4,front_bands,6,0.8444444444444444,0.002868876552746225,0.0,0.0,nan,0.0
shortcut_tree_050,hierarchical_with_lateral_edges,shortcut_tree_navigation,egocentric_landmark,temporal_dropout,one_hot,0,lin_sequence_front_bands_r3_l4,3,4,6,front_bands,6,0.8462962962962962,0.004459849843997131,0.0,0.0,nan,0.0
shortcut_tree_050,hierarchical_with_lateral_edges,shortcut_tree_navigation,egocentric_landmark,temporal_dropout,one_hot,0,lin_sequence_front_bands_r3_l8,3,8,10,front_bands,6,0.8444444444444444,0.0049690399499995146,0.0,0.0,nan,0.0
shortcut_tree_050,hierarchical_with_lateral_edges,shortcut_tree_navigation,egocentric_landmark,temporal_dropout,one_hot,0,lin_sequence_front_bands_r5_l2,5,2,6,front_bands,6,0.8481481481481481,0.005493480360811595,0.0,0.0,nan,0.0
shortcut_tree_050,hierarchical_with_lateral_edges,shortcut_tree_navigation,egocentric_landmark,temporal_dropout,one_hot,0,lin_sequence_front_bands_r5_l4,5,4,8,front_bands,6,0.8444444444444444,0.004057204129667883,0.0,0.0,nan,0.0
shortcut_tree_050,hierarchical_with_lateral_edges,shortcut_tree_navigation,egocentric_landmark,temporal_dropout,one_hot,0,lin_sequence_front_bands_r5_l8,5,8,12,front_bands,6,0.8444444444444444,0.0049690399499995146,0.0,0.0,nan,0.0
shortcut_tree_050,hierarchical_with_lateral_edges,shortcut_tree_navigation,egocentric_landmark,temporal_full,one_hot,0,lin_sequence_all_units_r3_l4,3,4,6,all_units,6,0.8537037037037036,0.003414646095293664,0.0,0.0,nan,0.0
shortcut_tree_050,hierarchical_with_lateral_edges,shortcut_tree_navigation,egocentric_landmark,temporal_full,one_hot,0,lin_sequence_front_bands_r1_l2,1,2,2,front_bands,6,0.8444444444444444,0.004057204129667883,0.008333333333333333,0.008333333333333335,nan,0.0
shortcut_tree_050,hierarchical_with_lateral_edges,shortcut_tree_navigation,egocentric_landmark,temporal_full,one_hot,0,lin_sequence_front_bands_r1_l4,1,4,4,front_bands,6,0.8462962962962962,0.00341464609529365,0.0,0.0,nan,0.0
shortcut_tree_050,hierarchical_with_lateral_edges,shortcut_tree_navigation,egocentric_landmark,temporal_full,one_hot,0,lin_sequence_front_bands_r1_l8,1,8,8,front_bands,6,0.8425925925925926,0.004459849843997131,0.008333333333333333,0.008333333333333335,nan,0.0
shortcut_tree_050,hierarchical_with_lateral_edges,shortcut_tree_navigation,egocentric_landmark,temporal_full,one_hot,0,lin_sequence_front_bands_r3_l2,3,2,4,front_bands,6,0.8462962962962962,0.005302896690102348,0.0,0.0,nan,0.0
shortcut_tree_050,hierarchical_with_lateral_edges,shortcut_tree_navigation,egocentric_landmark,temporal_full,one_hot,0,lin_sequence_front_bands_r3_l4,3,4,6,front_bands,6,0.8518518518518517,0.003703703703703705,0.0,0.0,nan,0.0
shortcut_tree_050,hierarchical_with_lateral_edges,shortcut_tree_navigation,egocentric_landmark,temporal_full,one_hot,0,lin_sequence_front_bands_r3_l8,3,8,10,front_bands,6,0.85,0.0037951669503553933,0.0,0.0,nan,0.0
shortcut_tree_050,hierarchical_with_lateral_edges,shortcut_tree_navigation,egocentric_landmark,temporal_full,one_hot,0,lin_sequence_front_bands_r5_l2,5,2,6,front_bands,6,0.8407407407407407,0.002342427896421014,0.0,0.0,nan,0.0
shortcut_tree_050,hierarchical_with_lateral_edges,shortcut_tree_navigation,egocentric_landmark,temporal_full,one_hot,0,lin_sequence_front_bands_r5_l4,5,4,8,front_bands,6,0.8481481481481481,0.0037037037037037095,0.008333333333333333,0.008333333333333335,nan,0.0
shortcut_tree_050,hierarchical_with_lateral_edges,shortcut_tree_navigation,egocentric_landmark,temporal_full,one_hot,0,lin_sequence_front_bands_r5_l8,5,8,12,front_bands,6,0.8481481481481481,0.004684855792842027,0.008333333333333333,0.008333333333333335,nan,0.0
shortcut_tree_050,hierarchical_with_lateral_edges,shortcut_tree_navigation,gaussian_sensory,temporal_cue_then_blank,one_hot,0,lin_sequence_all_units_r3_l4,3,4,6,all_units,6,0.8444444444444444,0.0049690399499995146,0.0,0.0,nan,0.0
shortcut_tree_050,hierarchical_with_lateral_edges,shortcut_tree_navigation,gaussian_sensory,temporal_cue_then_blank,one_hot,0,lin_sequence_front_bands_r1_l2,1,2,2,front_bands,6,0.8537037037037036,0.003414646095293664,0.0,0.0,nan,0.0
shortcut_tree_050,hierarchical_with_lateral_edges,shortcut_tree_navigation,gaussian_sensory,temporal_cue_then_blank,one_hot,0,lin_sequence_front_bands_r1_l4,1,4,4,front_bands,6,0.85,0.0047574935476537485,0.0,0.0,nan,0.0
shortcut_tree_050,hierarchical_with_lateral_edges,shortcut_tree_navigation,gaussian_sensory,temporal_cue_then_blank,one_hot,0,lin_sequence_front_bands_r1_l8,1,8,8,front_bands,6,0.8444444444444444,0.0049690399499995146,0.008333333333333333,0.008333333333333335,nan,0.0
shortcut_tree_050,hierarchical_with_lateral_edges,shortcut_tree_navigation,gaussian_sensory,temporal_cue_then_blank,one_hot,0,lin_sequence_front_bands_r3_l2,3,2,4,front_bands,6,0.85,0.006252571487457084,0.016666666666666666,0.0105409255338946,nan,0.0
shortcut_tree_050,hierarchical_with_lateral_edges,shortcut_tree_navigation,gaussian_sensory,temporal_cue_then_blank,one_hot,0,lin_sequence_front_bands_r3_l4,3,4,6,front_bands,6,0.8462962962962962,0.004459849843997131,0.0,0.0,nan,0.0
shortcut_tree_050,hierarchical_with_lateral_edges,shortcut_tree_navigation,gaussian_sensory,temporal_cue_then_blank,one_hot,0,lin_sequence_front_bands_r3_l8,3,8,10,front_bands,6,0.8444444444444444,0.0049690399499995146,0.0,0.0,nan,0.0
shortcut_tree_050,hierarchical_with_lateral_edges,shortcut_tree_navigation,gaussian_sensory,temporal_cue_then_blank,one_hot,0,lin_sequence_front_bands_r5_l2,5,2,6,front_bands,6,0.8462962962962962,0.004459849843997131,0.0,0.0,nan,0.0
shortcut_tree_050,hierarchical_with_lateral_edges,shortcut_tree_navigation,gaussian_sensory,temporal_cue_then_blank,one_hot,0,lin_sequence_front_bands_r5_l4,5,4,8,front_bands,6,0.8462962962962962,0.006029192813370254,0.024999999999999998,0.025,nan,0.0
shortcut_tree_050,hierarchical_with_lateral_edges,shortcut_tree_navigation,gaussian_sensory,temporal_cue_then_blank,one_hot,0,lin_sequence_front_bands_r5_l8,5,8,12,front_bands,6,0.8462962962962962,0.004459849843997131,0.0,0.0,nan,0.0
shortcut_tree_050,hierarchical_with_lateral_edges,shortcut_tree_navigation,gaussian_sensory,temporal_dropout,one_hot,0,lin_sequence_all_units_r3_l4,3,4,6,all_units,6,0.8444444444444444,0.0049690399499995146,0.0,0.0,nan,0.0
shortcut_tree_050,hierarchical_with_lateral_edges,shortcut_tree_navigation,gaussian_sensory,temporal_dropout,one_hot,0,lin_sequence_front_bands_r1_l2,1,2,2,front_bands,6,0.8444444444444444,0.0049690399499995146,0.0,0.0,nan,0.0
shortcut_tree_050,hierarchical_with_lateral_edges,shortcut_tree_navigation,gaussian_sensory,temporal_dropout,one_hot,0,lin_sequence_front_bands_r1_l4,1,4,4,front_bands,6,0.8444444444444444,0.0049690399499995146,0.0,0.0,nan,0.0
shortcut_tree_050,hierarchical_with_lateral_edges,shortcut_tree_navigation,gaussian_sensory,temporal_dropout,one_hot,0,lin_sequence_front_bands_r1_l8,1,8,8,front_bands,6,0.8444444444444444,0.0049690399499995146,0.0,0.0,nan,0.0
shortcut_tree_050,hierarchical_with_lateral_edges,shortcut_tree_navigation,gaussian_sensory,temporal_dropout,one_hot,0,lin_sequence_front_bands_r3_l2,3,2,4,front_bands,6,0.8444444444444444,0.0049690399499995146,0.0,0.0,nan,0.0
shortcut_tree_050,hierarchical_with_lateral_edges,shortcut_tree_navigation,gaussian_sensory,temporal_dropout,one_hot,0,lin_sequence_front_bands_r3_l4,3,4,6,front_bands,6,0.8425925925925926,0.004459849843997131,0.0,0.0,nan,0.0
shortcut_tree_050,hierarchical_with_lateral_edges,shortcut_tree_navigation,gaussian_sensory,temporal_dropout,one_hot,0,lin_sequence_front_bands_r3_l8,3,8,10,front_bands,6,0.8444444444444444,0.0049690399499995146,0.0,0.0,nan,0.0
shortcut_tree_050,hierarchical_with_lateral_edges,shortcut_tree_navigation,gaussian_sensory,temporal_dropout,one_hot,0,lin_sequence_front_bands_r5_l2,5,2,6,front_bands,6,0.8444444444444444,0.0049690399499995146,0.0,0.0,nan,0.0
shortcut_tree_050,hierarchical_with_lateral_edges,shortcut_tree_navigation,gaussian_sensory,temporal_dropout,one_hot,0,lin_sequence_front_bands_r5_l4,5,4,8,front_bands,6,0.8462962962962962,0.004459849843997131,0.0,0.0,nan,0.0
shortcut_tree_050,hierarchical_with_lateral_edges,shortcut_tree_navigation,gaussian_sensory,temporal_dropout,one_hot,0,lin_sequence_front_bands_r5_l8,5,8,12,front_bands,6,0.8444444444444444,0.0049690399499995146,0.0,0.0,nan,0.0
shortcut_tree_050,hierarchical_with_lateral_edges,shortcut_tree_navigation,gaussian_sensory,temporal_full,one_hot,0,lin_sequence_all_units_r3_l4,3,4,6,all_units,6,0.8444444444444444,0.0049690399499995146,0.0,0.0,nan,0.0
shortcut_tree_050,hierarchical_with_lateral_edges,shortcut_tree_navigation,gaussian_sensory,temporal_full,one_hot,0,lin_sequence_front_bands_r1_l2,1,2,2,front_bands,6,0.8444444444444444,0.0049690399499995146,0.0,0.0,nan,0.0
shortcut_tree_050,hierarchical_with_lateral_edges,shortcut_tree_navigation,gaussian_sensory,temporal_full,one_hot,0,lin_sequence_front_bands_r1_l4,1,4,4,front_bands,6,0.8462962962962962,0.004459849843997131,0.0,0.0,nan,0.0
shortcut_tree_050,hierarchical_with_lateral_edges,shortcut_tree_navigation,gaussian_sensory,temporal_full,one_hot,0,lin_sequence_front_bands_r1_l8,1,8,8,front_bands,6,0.8444444444444444,0.0049690399499995146,0.0,0.0,nan,0.0
shortcut_tree_050,hierarchical_with_lateral_edges,shortcut_tree_navigation,gaussian_sensory,temporal_full,one_hot,0,lin_sequence_front_bands_r3_l2,3,2,4,front_bands,6,0.8444444444444444,0.0049690399499995146,0.0,0.0,nan,0.0
shortcut_tree_050,hierarchical_with_lateral_edges,shortcut_tree_navigation,gaussian_sensory,temporal_full,one_hot,0,lin_sequence_front_bands_r3_l4,3,4,6,front_bands,6,0.8444444444444444,0.0049690399499995146,0.0,0.0,nan,0.0
shortcut_tree_050,hierarchical_with_lateral_edges,shortcut_tree_navigation,gaussian_sensory,temporal_full,one_hot,0,lin_sequence_front_bands_r3_l8,3,8,10,front_bands,6,0.8444444444444444,0.0049690399499995146,0.0,0.0,nan,0.0
shortcut_tree_050,hierarchical_with_lateral_edges,shortcut_tree_navigation,gaussian_sensory,temporal_full,one_hot,0,lin_sequence_front_bands_r5_l2,5,2,6,front_bands,6,0.8444444444444444,0.0049690399499995146,0.0,0.0,nan,0.0
shortcut_tree_050,hierarchical_with_lateral_edges,shortcut_tree_navigation,gaussian_sensory,temporal_full,one_hot,0,lin_sequence_front_bands_r5_l4,5,4,8,front_bands,6,0.8444444444444444,0.0049690399499995146,0.0,0.0,nan,0.0
shortcut_tree_050,hierarchical_with_lateral_edges,shortcut_tree_navigation,gaussian_sensory,temporal_full,one_hot,0,lin_sequence_front_bands_r5_l8,5,8,12,front_bands,6,0.8444444444444444,0.0049690399499995146,0.0,0.0,nan,0.0
shortcut_tree_050,hierarchical_with_lateral_edges,shortcut_tree_navigation,hybrid,temporal_cue_then_blank,one_hot,0,lin_sequence_all_units_r3_l4,3,4,6,all_units,6,0.8574074074074073,0.001851851851851864,0.0,0.0,nan,0.0
shortcut_tree_050,hierarchical_with_lateral_edges,shortcut_tree_navigation,hybrid,temporal_cue_then_blank,one_hot,0,lin_sequence_front_bands_r1_l2,1,2,2,front_bands,6,0.8574074074074073,0.0044598498439971535,0.0,0.0,nan,0.0
shortcut_tree_050,hierarchical_with_lateral_edges,shortcut_tree_navigation,hybrid,temporal_cue_then_blank,one_hot,0,lin_sequence_front_bands_r1_l4,1,4,4,front_bands,6,0.8574074074074073,0.0044598498439971535,0.0,0.0,nan,0.0
shortcut_tree_050,hierarchical_with_lateral_edges,shortcut_tree_navigation,hybrid,temporal_cue_then_blank,one_hot,0,lin_sequence_front_bands_r1_l8,1,8,8,front_bands,6,0.85,0.0037951669503553933,0.0,0.0,nan,0.0
shortcut_tree_050,hierarchical_with_lateral_edges,shortcut_tree_navigation,hybrid,temporal_cue_then_blank,one_hot,0,lin_sequence_front_bands_r3_l2,3,2,4,front_bands,6,0.8592592592592592,0.004684855792842048,0.0,0.0,nan,0.0
shortcut_tree_050,hierarchical_with_lateral_edges,shortcut_tree_navigation,hybrid,temporal_cue_then_blank,one_hot,0,lin_sequence_front_bands_r3_l4,3,4,6,front_bands,6,0.8592592592592593,0.004684855792842048,0.0,0.0,nan,0.0
shortcut_tree_050,hierarchical_with_lateral_edges,shortcut_tree_navigation,hybrid,temporal_cue_then_blank,one_hot,0,lin_sequence_front_bands_r3_l8,3,8,10,front_bands,6,0.8574074074074073,0.005302896690102353,0.016666666666666666,0.01666666666666667,nan,0.0
shortcut_tree_050,hierarchical_with_lateral_edges,shortcut_tree_navigation,hybrid,temporal_cue_then_blank,one_hot,0,lin_sequence_front_bands_r5_l2,5,2,6,front_bands,6,0.85,0.0024845199749997573,0.008333333333333333,0.008333333333333335,nan,0.0
shortcut_tree_050,hierarchical_with_lateral_edges,shortcut_tree_navigation,hybrid,temporal_cue_then_blank,one_hot,0,lin_sequence_front_bands_r5_l4,5,4,8,front_bands,6,0.8537037037037036,0.0018518518518518452,0.0,0.0,nan,0.0
shortcut_tree_050,hierarchical_with_lateral_edges,shortcut_tree_navigation,hybrid,temporal_cue_then_blank,one_hot,0,lin_sequence_front_bands_r5_l8,5,8,12,front_bands,6,0.8574074074074073,0.0034146460952936704,0.0,0.0,nan,0.0
shortcut_tree_050,hierarchical_with_lateral_edges,shortcut_tree_navigation,hybrid,temporal_dropout,one_hot,0,lin_sequence_all_units_r3_l4,3,4,6,all_units,6,0.8518518518518517,0.0037037037037036904,0.0,0.0,nan,0.0
shortcut_tree_050,hierarchical_with_lateral_edges,shortcut_tree_navigation,hybrid,temporal_dropout,one_hot,0,lin_sequence_front_bands_r1_l2,1,2,2,front_bands,6,0.8444444444444444,0.004057204129667883,0.0,0.0,nan,0.0
shortcut_tree_050,hierarchical_with_lateral_edges,shortcut_tree_navigation,hybrid,temporal_dropout,one_hot,0,lin_sequence_front_bands_r1_l4,1,4,4,front_bands,6,0.85,0.0024845199749997573,0.0,0.0,nan,0.0
shortcut_tree_050,hierarchical_with_lateral_edges,shortcut_tree_navigation,hybrid,temporal_dropout,one_hot,0,lin_sequence_front_bands_r1_l8,1,8,8,front_bands,6,0.8444444444444444,0.004057204129667883,0.0,0.0,nan,0.0
shortcut_tree_050,hierarchical_with_lateral_edges,shortcut_tree_navigation,hybrid,temporal_dropout,one_hot,0,lin_sequence_front_bands_r3_l2,3,2,4,front_bands,6,0.8537037037037036,0.003414646095293664,0.0,0.0,nan,0.0
shortcut_tree_050,hierarchical_with_lateral_edges,shortcut_tree_navigation,hybrid,temporal_dropout,one_hot,0,lin_sequence_front_bands_r3_l4,3,4,6,front_bands,6,0.85,0.0037951669503553933,0.0,0.0,nan,0.0
shortcut_tree_050,hierarchical_with_lateral_edges,shortcut_tree_navigation,hybrid,temporal_dropout,one_hot,0,lin_sequence_front_bands_r3_l8,3,8,10,front_bands,6,0.8462962962962962,0.004459849843997131,0.016666666666666666,0.01666666666666667,nan,0.0
shortcut_tree_050,hierarchical_with_lateral_edges,shortcut_tree_navigation,hybrid,temporal_dropout,one_hot,0,lin_sequence_front_bands_r5_l2,5,2,6,front_bands,6,0.85,0.0037951669503553933,0.0,0.0,nan,0.0
shortcut_tree_050,hierarchical_with_lateral_edges,shortcut_tree_navigation,hybrid,temporal_dropout,one_hot,0,lin_sequence_front_bands_r5_l4,5,4,8,front_bands,6,0.8462962962962962,0.00341464609529365,0.0,0.0,nan,0.0
shortcut_tree_050,hierarchical_with_lateral_edges,shortcut_tree_navigation,hybrid,temporal_dropout,one_hot,0,lin_sequence_front_bands_r5_l8,5,8,12,front_bands,6,0.8462962962962962,0.004459849843997131,0.0,0.0,nan,0.0
shortcut_tree_050,hierarchical_with_lateral_edges,shortcut_tree_navigation,hybrid,temporal_full,one_hot,0,lin_sequence_all_units_r3_l4,3,4,6,all_units,6,0.8537037037037036,0.003414646095293665,0.008333333333333333,0.008333333333333335,nan,0.0
shortcut_tree_050,hierarchical_with_lateral_edges,shortcut_tree_navigation,hybrid,temporal_full,one_hot,0,lin_sequence_front_bands_r1_l2,1,2,2,front_bands,6,0.8425925925925926,0.004459849843997131,0.0,0.0,nan,0.0
shortcut_tree_050,hierarchical_with_lateral_edges,shortcut_tree_navigation,hybrid,temporal_full,one_hot,0,lin_sequence_front_bands_r1_l4,1,4,4,front_bands,6,0.8518518518518517,0.004684855792842039,0.008333333333333333,0.008333333333333335,nan,0.0
shortcut_tree_050,hierarchical_with_lateral_edges,shortcut_tree_navigation,hybrid,temporal_full,one_hot,0,lin_sequence_front_bands_r1_l8,1,8,8,front_bands,6,0.8462962962962962,0.004459849843997131,0.0,0.0,nan,0.0
shortcut_tree_050,hierarchical_with_lateral_edges,shortcut_tree_navigation,hybrid,temporal_full,one_hot,0,lin_sequence_front_bands_r3_l2,3,2,4,front_bands,6,0.8462962962962962,0.00341464609529365,0.0,0.0,nan,0.0
shortcut_tree_050,hierarchical_with_lateral_edges,shortcut_tree_navigation,hybrid,temporal_full,one_hot,0,lin_sequence_front_bands_r3_l4,3,4,6,front_bands,6,0.8537037037037036,0.0018518518518518452,0.008333333333333333,0.008333333333333335,nan,0.0
shortcut_tree_050,hierarchical_with_lateral_edges,shortcut_tree_navigation,hybrid,temporal_full,one_hot,0,lin_sequence_front_bands_r3_l8,3,8,10,front_bands,6,0.8518518518518517,0.004684855792842039,0.0,0.0,nan,0.0
shortcut_tree_050,hierarchical_with_lateral_edges,shortcut_tree_navigation,hybrid,temporal_full,one_hot,0,lin_sequence_front_bands_r5_l2,5,2,6,front_bands,6,0.8444444444444444,0.004057204129667883,0.0,0.0,nan,0.0
shortcut_tree_050,hierarchical_with_lateral_edges,shortcut_tree_navigation,hybrid,temporal_full,one_hot,0,lin_sequence_front_bands_r5_l4,5,4,8,front_bands,6,0.8574074074074073,0.001851851851851864,0.0,0.0,nan,0.0
shortcut_tree_050,hierarchical_with_lateral_edges,shortcut_tree_navigation,hybrid,temporal_full,one_hot,0,lin_sequence_front_bands_r5_l8,5,8,12,front_bands,6,0.8444444444444444,0.0049690399499995146,0.0,0.0,nan,0.0
shortcut_tree_050,hierarchical_with_lateral_edges,shortcut_tree_navigation,sparse_aliased,temporal_cue_then_blank,one_hot,0,lin_sequence_all_units_r3_l4,3,4,6,all_units,6,0.8592592592592592,0.0037037037037037095,0.0,0.0,nan,0.0
shortcut_tree_050,hierarchical_with_lateral_edges,shortcut_tree_navigation,sparse_aliased,temporal_cue_then_blank,one_hot,0,lin_sequence_front_bands_r1_l2,1,2,2,front_bands,6,0.8574074074074073,0.001851851851851864,0.0,0.0,nan,0.0
shortcut_tree_050,hierarchical_with_lateral_edges,shortcut_tree_navigation,sparse_aliased,temporal_cue_then_blank,one_hot,0,lin_sequence_front_bands_r1_l4,1,4,4,front_bands,6,0.861111111111111,0.002484519974999783,0.0,0.0,nan,0.0
shortcut_tree_050,hierarchical_with_lateral_edges,shortcut_tree_navigation,sparse_aliased,temporal_cue_then_blank,one_hot,0,lin_sequence_front_bands_r1_l8,1,8,8,front_bands,6,0.8555555555555555,0.002868876552746239,0.0,0.0,nan,0.0
shortcut_tree_050,hierarchical_with_lateral_edges,shortcut_tree_navigation,sparse_aliased,temporal_cue_then_blank,one_hot,0,lin_sequence_front_bands_r3_l2,3,2,4,front_bands,6,0.8574074074074073,0.001851851851851864,0.0,0.0,nan,0.0
shortcut_tree_050,hierarchical_with_lateral_edges,shortcut_tree_navigation,sparse_aliased,temporal_cue_then_blank,one_hot,0,lin_sequence_front_bands_r3_l4,3,4,6,front_bands,6,0.8574074074074073,0.001851851851851864,0.0,0.0,nan,0.0
shortcut_tree_050,hierarchical_with_lateral_edges,shortcut_tree_navigation,sparse_aliased,temporal_cue_then_blank,one_hot,0,lin_sequence_front_bands_r3_l8,3,8,10,front_bands,6,0.8574074074074073,0.0034146460952936704,0.0,0.0,nan,0.0
shortcut_tree_050,hierarchical_with_lateral_edges,shortcut_tree_navigation,sparse_aliased,temporal_cue_then_blank,one_hot,0,lin_sequence_front_bands_r5_l2,5,2,6,front_bands,6,0.8592592592592592,0.002342427896421037,0.0,0.0,nan,0.0
shortcut_tree_050,hierarchical_with_lateral_edges,shortcut_tree_navigation,sparse_aliased,temporal_cue_then_blank,one_hot,0,lin_sequence_front_bands_r5_l4,5,4,8,front_bands,6,0.8537037037037036,0.003414646095293664,0.0,0.0,nan,0.0
shortcut_tree_050,hierarchical_with_lateral_edges,shortcut_tree_navigation,sparse_aliased,temporal_cue_then_blank,one_hot,0,lin_sequence_front_bands_r5_l8,5,8,12,front_bands,6,0.85,0.0024845199749997573,0.0,0.0,nan,0.0
shortcut_tree_050,hierarchical_with_lateral_edges,shortcut_tree_navigation,sparse_aliased,temporal_dropout,one_hot,0,lin_sequence_all_units_r3_l4,3,4,6,all_units,6,0.8462962962962962,0.004459849843997131,0.0,0.0,nan,0.0
shortcut_tree_050,hierarchical_with_lateral_edges,shortcut_tree_navigation,sparse_aliased,temporal_dropout,one_hot,0,lin_sequence_front_bands_r1_l2,1,2,2,front_bands,6,0.8444444444444444,0.0049690399499995146,0.0,0.0,nan,0.0
shortcut_tree_050,hierarchical_with_lateral_edges,shortcut_tree_navigation,sparse_aliased,temporal_dropout,one_hot,0,lin_sequence_front_bands_r1_l4,1,4,4,front_bands,6,0.8481481481481481,0.004684855792842027,0.0,0.0,nan,0.0
shortcut_tree_050,hierarchical_with_lateral_edges,shortcut_tree_navigation,sparse_aliased,temporal_dropout,one_hot,0,lin_sequence_front_bands_r1_l8,1,8,8,front_bands,6,0.8444444444444444,0.0049690399499995146,0.0,0.0,nan,0.0
shortcut_tree_050,hierarchical_with_lateral_edges,shortcut_tree_navigation,sparse_aliased,temporal_dropout,one_hot,0,lin_sequence_front_bands_r3_l2,3,2,4,front_bands,6,0.8462962962962962,0.004459849843997131,0.008333333333333333,0.008333333333333335,nan,0.0
shortcut_tree_050,hierarchical_with_lateral_edges,shortcut_tree_navigation,sparse_aliased,temporal_dropout,one_hot,0,lin_sequence_front_bands_r3_l4,3,4,6,front_bands,6,0.8444444444444444,0.0049690399499995146,0.0,0.0,nan,0.0
shortcut_tree_050,hierarchical_with_lateral_edges,shortcut_tree_navigation,sparse_aliased,temporal_dropout,one_hot,0,lin_sequence_front_bands_r3_l8,3,8,10,front_bands,6,0.8462962962962962,0.004459849843997131,0.0,0.0,nan,0.0
shortcut_tree_050,hierarchical_with_lateral_edges,shortcut_tree_navigation,sparse_aliased,temporal_dropout,one_hot,0,lin_sequence_front_bands_r5_l2,5,2,6,front_bands,6,0.8481481481481481,0.004684855792842026,0.0,0.0,nan,0.0
shortcut_tree_050,hierarchical_with_lateral_edges,shortcut_tree_navigation,sparse_aliased,temporal_dropout,one_hot,0,lin_sequence_front_bands_r5_l4,5,4,8,front_bands,6,0.8444444444444444,0.0049690399499995146,0.0,0.0,nan,0.0
shortcut_tree_050,hierarchical_with_lateral_edges,shortcut_tree_navigation,sparse_aliased,temporal_dropout,one_hot,0,lin_sequence_front_bands_r5_l8,5,8,12,front_bands,6,0.8444444444444444,0.0049690399499995146,0.0,0.0,nan,0.0
shortcut_tree_050,hierarchical_with_lateral_edges,shortcut_tree_navigation,sparse_aliased,temporal_full,one_hot,0,lin_sequence_all_units_r3_l4,3,4,6,all_units,6,0.8481481481481481,0.0037037037037036913,0.0,0.0,nan,0.0
shortcut_tree_050,hierarchical_with_lateral_edges,shortcut_tree_navigation,sparse_aliased,temporal_full,one_hot,0,lin_sequence_front_bands_r1_l2,1,2,2,front_bands,6,0.8444444444444444,0.0049690399499995146,0.008333333333333333,0.008333333333333335,nan,0.0
shortcut_tree_050,hierarchical_with_lateral_edges,shortcut_tree_navigation,sparse_aliased,temporal_full,one_hot,0,lin_sequence_front_bands_r1_l4,1,4,4,front_bands,6,0.8444444444444444,0.0049690399499995146,0.0,0.0,nan,0.0
shortcut_tree_050,hierarchical_with_lateral_edges,shortcut_tree_navigation,sparse_aliased,temporal_full,one_hot,0,lin_sequence_front_bands_r1_l8,1,8,8,front_bands,6,0.8462962962962962,0.004459849843997131,0.008333333333333333,0.008333333333333335,nan,0.0
shortcut_tree_050,hierarchical_with_lateral_edges,shortcut_tree_navigation,sparse_aliased,temporal_full,one_hot,0,lin_sequence_front_bands_r3_l2,3,2,4,front_bands,6,0.8518518518518517,0.002342427896421013,0.0,0.0,nan,0.0
shortcut_tree_050,hierarchical_with_lateral_edges,shortcut_tree_navigation,sparse_aliased,temporal_full,one_hot,0,lin_sequence_front_bands_r3_l4,3,4,6,front_bands,6,0.8481481481481481,0.0037037037037036913,0.0,0.0,nan,0.0
shortcut_tree_050,hierarchical_with_lateral_edges,shortcut_tree_navigation,sparse_aliased,temporal_full,one_hot,0,lin_sequence_front_bands_r3_l8,3,8,10,front_bands,6,0.8481481481481481,0.004684855792842027,0.0,0.0,nan,0.0
shortcut_tree_050,hierarchical_with_lateral_edges,shortcut_tree_navigation,sparse_aliased,temporal_full,one_hot,0,lin_sequence_front_bands_r5_l2,5,2,6,front_bands,6,0.85,0.0037951669503553933,0.0,0.0,nan,0.0
shortcut_tree_050,hierarchical_with_lateral_edges,shortcut_tree_navigation,sparse_aliased,temporal_full,one_hot,0,lin_sequence_front_bands_r5_l4,5,4,8,front_bands,6,0.8444444444444444,0.004057204129667883,0.0,0.0,nan,0.0
shortcut_tree_050,hierarchical_with_lateral_edges,shortcut_tree_navigation,sparse_aliased,temporal_full,one_hot,0,lin_sequence_front_bands_r5_l8,5,8,12,front_bands,6,0.8444444444444444,0.0049690399499995146,0.0,0.0,nan,0.0
shortcut_tree_050,hierarchical_with_lateral_edges,shortcut_tree_navigation,vector,temporal_cue_then_blank,one_hot,0,lin_sequence_all_units_r3_l4,3,4,6,all_units,6,0.8555555555555555,0.004969039949999532,0.0,0.0,nan,0.0
shortcut_tree_050,hierarchical_with_lateral_edges,shortcut_tree_navigation,vector,temporal_cue_then_blank,one_hot,0,lin_sequence_front_bands_r1_l2,1,2,2,front_bands,6,0.8462962962962962,0.004459849843997131,0.008333333333333333,0.008333333333333335,nan,0.0
shortcut_tree_050,hierarchical_with_lateral_edges,shortcut_tree_navigation,vector,temporal_cue_then_blank,one_hot,0,lin_sequence_front_bands_r1_l4,1,4,4,front_bands,6,0.8537037037037036,0.005302896690102353,0.0,0.0,nan,0.0
shortcut_tree_050,hierarchical_with_lateral_edges,shortcut_tree_navigation,vector,temporal_cue_then_blank,one_hot,0,lin_sequence_front_bands_r1_l8,1,8,8,front_bands,6,0.8462962962962962,0.004459849843997131,0.0,0.0,nan,0.0
shortcut_tree_050,hierarchical_with_lateral_edges,shortcut_tree_navigation,vector,temporal_cue_then_blank,one_hot,0,lin_sequence_front_bands_r3_l2,3,2,4,front_bands,6,0.8537037037037036,0.006029192813370256,0.0,0.0,nan,0.0
shortcut_tree_050,hierarchical_with_lateral_edges,shortcut_tree_navigation,vector,temporal_cue_then_blank,one_hot,0,lin_sequence_front_bands_r3_l4,3,4,6,front_bands,6,0.8574074074074073,0.0044598498439971474,0.0,0.0,nan,0.0
shortcut_tree_050,hierarchical_with_lateral_edges,shortcut_tree_navigation,vector,temporal_cue_then_blank,one_hot,0,lin_sequence_front_bands_r3_l8,3,8,10,front_bands,6,0.8537037037037036,0.003414646095293665,0.0,0.0,nan,0.0
shortcut_tree_050,hierarchical_with_lateral_edges,shortcut_tree_navigation,vector,temporal_cue_then_blank,one_hot,0,lin_sequence_front_bands_r5_l2,5,2,6,front_bands,6,0.8537037037037036,0.005302896690102352,0.0,0.0,nan,0.0
shortcut_tree_050,hierarchical_with_lateral_edges,shortcut_tree_navigation,vector,temporal_cue_then_blank,one_hot,0,lin_sequence_front_bands_r5_l4,5,4,8,front_bands,6,0.8555555555555555,0.004057204129667903,0.008333333333333333,0.008333333333333335,nan,0.0
shortcut_tree_050,hierarchical_with_lateral_edges,shortcut_tree_navigation,vector,temporal_cue_then_blank,one_hot,0,lin_sequence_front_bands_r5_l8,5,8,12,front_bands,6,0.8462962962962962,0.004459849843997131,0.0,0.0,nan,0.0
shortcut_tree_050,hierarchical_with_lateral_edges,shortcut_tree_navigation,vector,temporal_dropout,one_hot,0,lin_sequence_all_units_r3_l4,3,4,6,all_units,6,0.8425925925925926,0.004459849843997131,0.0,0.0,nan,0.0
shortcut_tree_050,hierarchical_with_lateral_edges,shortcut_tree_navigation,vector,temporal_dropout,one_hot,0,lin_sequence_front_bands_r1_l2,1,2,2,front_bands,6,0.8407407407407407,0.0037037037037036904,0.008333333333333333,0.008333333333333335,nan,0.0
shortcut_tree_050,hierarchical_with_lateral_edges,shortcut_tree_navigation,vector,temporal_dropout,one_hot,0,lin_sequence_front_bands_r1_l4,1,4,4,front_bands,6,0.8481481481481481,0.0037037037037036913,0.0,0.0,nan,0.0
shortcut_tree_050,hierarchical_with_lateral_edges,shortcut_tree_navigation,vector,temporal_dropout,one_hot,0,lin_sequence_front_bands_r1_l8,1,8,8,front_bands,6,0.8462962962962962,0.004459849843997131,0.0,0.0,nan,0.0
shortcut_tree_050,hierarchical_with_lateral_edges,shortcut_tree_navigation,vector,temporal_dropout,one_hot,0,lin_sequence_front_bands_r3_l2,3,2,4,front_bands,6,0.8425925925925926,0.00341464609529365,0.0,0.0,nan,0.0
shortcut_tree_050,hierarchical_with_lateral_edges,shortcut_tree_navigation,vector,temporal_dropout,one_hot,0,lin_sequence_front_bands_r3_l4,3,4,6,front_bands,6,0.8444444444444444,0.0049690399499995146,0.0,0.0,nan,0.0
shortcut_tree_050,hierarchical_with_lateral_edges,shortcut_tree_navigation,vector,temporal_dropout,one_hot,0,lin_sequence_front_bands_r3_l8,3,8,10,front_bands,6,0.8444444444444444,0.0049690399499995146,0.0,0.0,nan,0.0
shortcut_tree_050,hierarchical_with_lateral_edges,shortcut_tree_navigation,vector,temporal_dropout,one_hot,0,lin_sequence_front_bands_r5_l2,5,2,6,front_bands,6,0.8425925925925926,0.004459849843997131,0.0,0.0,nan,0.0
shortcut_tree_050,hierarchical_with_lateral_edges,shortcut_tree_navigation,vector,temporal_dropout,one_hot,0,lin_sequence_front_bands_r5_l4,5,4,8,front_bands,6,0.8462962962962962,0.00341464609529365,0.0,0.0,nan,0.0
shortcut_tree_050,hierarchical_with_lateral_edges,shortcut_tree_navigation,vector,temporal_dropout,one_hot,0,lin_sequence_front_bands_r5_l8,5,8,12,front_bands,6,0.8444444444444444,0.0049690399499995146,0.0,0.0,nan,0.0
shortcut_tree_050,hierarchical_with_lateral_edges,shortcut_tree_navigation,vector,temporal_full,one_hot,0,lin_sequence_all_units_r3_l4,3,4,6,all_units,6,0.85,0.006252571487457084,0.0,0.0,nan,0.0
shortcut_tree_050,hierarchical_with_lateral_edges,shortcut_tree_navigation,vector,temporal_full,one_hot,0,lin_sequence_front_bands_r1_l2,1,2,2,front_bands,6,0.8481481481481481,0.0037037037037036913,0.0,0.0,nan,0.0
shortcut_tree_050,hierarchical_with_lateral_edges,shortcut_tree_navigation,vector,temporal_full,one_hot,0,lin_sequence_front_bands_r1_l4,1,4,4,front_bands,6,0.8537037037037036,0.0018518518518518452,0.008333333333333333,0.008333333333333335,nan,0.0
shortcut_tree_050,hierarchical_with_lateral_edges,shortcut_tree_navigation,vector,temporal_full,one_hot,0,lin_sequence_front_bands_r1_l8,1,8,8,front_bands,6,0.8444444444444444,0.0049690399499995146,0.008333333333333333,0.008333333333333335,nan,0.0
shortcut_tree_050,hierarchical_with_lateral_edges,shortcut_tree_navigation,vector,temporal_full,one_hot,0,lin_sequence_front_bands_r3_l2,3,2,4,front_bands,6,0.8462962962962962,0.00341464609529365,0.0,0.0,nan,0.0
shortcut_tree_050,hierarchical_with_lateral_edges,shortcut_tree_navigation,vector,temporal_full,one_hot,0,lin_sequence_front_bands_r3_l4,3,4,6,front_bands,6,0.8481481481481481,0.0037037037037036913,0.0,0.0,nan,0.0
shortcut_tree_050,hierarchical_with_lateral_edges,shortcut_tree_navigation,vector,temporal_full,one_hot,0,lin_sequence_front_bands_r3_l8,3,8,10,front_bands,6,0.8518518518518517,0.005493480360811603,0.0,0.0,nan,0.0
shortcut_tree_050,hierarchical_with_lateral_edges,shortcut_tree_navigation,vector,temporal_full,one_hot,0,lin_sequence_front_bands_r5_l2,5,2,6,front_bands,6,0.85,0.0024845199749997573,0.0,0.0,nan,0.0
shortcut_tree_050,hierarchical_with_lateral_edges,shortcut_tree_navigation,vector,temporal_full,one_hot,0,lin_sequence_front_bands_r5_l4,5,4,8,front_bands,6,0.8555555555555555,0.0,0.0,0.0,nan,0.0
shortcut_tree_050,hierarchical_with_lateral_edges,shortcut_tree_navigation,vector,temporal_full,one_hot,0,lin_sequence_front_bands_r5_l8,5,8,12,front_bands,6,0.8481481481481481,0.005493480360811595,0.0,0.0,nan,0.0
shortcut_tree_100,hierarchical_with_lateral_edges,shortcut_tree_navigation,egocentric_landmark,temporal_cue_then_blank,one_hot,0,lin_sequence_all_units_r3_l4,3,4,6,all_units,6,0.662962962962963,0.008445743889623245,0.025000000000000005,0.017078251276599336,nan,0.0
shortcut_tree_100,hierarchical_with_lateral_edges,shortcut_tree_navigation,egocentric_landmark,temporal_cue_then_blank,one_hot,0,lin_sequence_front_bands_r1_l2,1,2,2,front_bands,6,0.6666666666666666,0.004969039949999541,0.016666666666666666,0.010540925533894598,nan,0.0
shortcut_tree_100,hierarchical_with_lateral_edges,shortcut_tree_navigation,egocentric_landmark,temporal_cue_then_blank,one_hot,0,lin_sequence_front_bands_r1_l4,1,4,4,front_bands,6,0.6592592592592592,0.0023424278964210136,0.008333333333333333,0.008333333333333335,nan,0.0
shortcut_tree_100,hierarchical_with_lateral_edges,shortcut_tree_navigation,egocentric_landmark,temporal_cue_then_blank,one_hot,0,lin_sequence_front_bands_r1_l8,1,8,8,front_bands,6,0.6666666666666666,0.004969039949999541,0.008333333333333333,0.008333333333333335,nan,0.0
shortcut_tree_100,hierarchical_with_lateral_edges,shortcut_tree_navigation,egocentric_landmark,temporal_cue_then_blank,one_hot,0,lin_sequence_front_bands_r3_l2,3,2,4,front_bands,6,0.6555555555555556,0.004057204129667883,0.008333333333333333,0.008333333333333335,nan,0.0
shortcut_tree_100,hierarchical_with_lateral_edges,shortcut_tree_navigation,egocentric_landmark,temporal_cue_then_blank,one_hot,0,lin_sequence_front_bands_r3_l4,3,4,6,front_bands,6,0.6629629629629629,0.0074074074074074025,0.0,0.0,nan,0.0
shortcut_tree_100,hierarchical_with_lateral_edges,shortcut_tree_navigation,egocentric_landmark,temporal_cue_then_blank,one_hot,0,lin_sequence_front_bands_r3_l8,3,8,10,front_bands,6,0.6648148148148147,0.007267191433462432,0.016666666666666666,0.01666666666666667,nan,0.0
shortcut_tree_100,hierarchical_with_lateral_edges,shortcut_tree_navigation,egocentric_landmark,temporal_cue_then_blank,one_hot,0,lin_sequence_front_bands_r5_l2,5,2,6,front_bands,6,0.6555555555555556,0.004057204129667883,0.0,0.0,nan,0.0
shortcut_tree_100,hierarchical_with_lateral_edges,shortcut_tree_navigation,egocentric_landmark,temporal_cue_then_blank,one_hot,0,lin_sequence_front_bands_r5_l4,5,4,8,front_bands,6,0.6518518518518518,0.0037037037037036904,0.0,0.0,nan,0.0
shortcut_tree_100,hierarchical_with_lateral_edges,shortcut_tree_navigation,egocentric_landmark,temporal_cue_then_blank,one_hot,0,lin_sequence_front_bands_r5_l8,5,8,12,front_bands,6,0.6611111111111111,0.0047574935476537485,0.016666666666666666,0.010540925533894598,nan,0.0
shortcut_tree_100,hierarchical_with_lateral_edges,shortcut_tree_navigation,egocentric_landmark,temporal_dropout,one_hot,0,lin_sequence_all_units_r3_l4,3,4,6,all_units,6,0.6555555555555556,0.009072184232530285,0.008333333333333333,0.008333333333333335,nan,0.0
shortcut_tree_100,hierarchical_with_lateral_edges,shortcut_tree_navigation,egocentric_landmark,temporal_dropout,one_hot,0,lin_sequence_front_bands_r1_l2,1,2,2,front_bands,6,0.6481481481481481,0.005493480360811603,0.0,0.0,nan,0.0
shortcut_tree_100,hierarchical_with_lateral_edges,shortcut_tree_navigation,egocentric_landmark,temporal_dropout,one_hot,0,lin_sequence_front_bands_r1_l4,1,4,4,front_bands,6,0.6388888888888888,0.007453559924999295,0.0,0.0,nan,0.0
shortcut_tree_100,hierarchical_with_lateral_edges,shortcut_tree_navigation,egocentric_landmark,temporal_dropout,one_hot,0,lin_sequence_front_bands_r1_l8,1,8,8,front_bands,6,0.6759259259259259,0.00880360320296646,0.0,0.0,nan,0.0
shortcut_tree_100,hierarchical_with_lateral_edges,shortcut_tree_navigation,egocentric_landmark,temporal_dropout,one_hot,0,lin_sequence_front_bands_r3_l2,3,2,4,front_bands,6,0.6611111111111111,0.008958064164776163,0.0,0.0,nan,0.0
shortcut_tree_100,hierarchical_with_lateral_edges,shortcut_tree_navigation,egocentric_landmark,temporal_dropout,one_hot,0,lin_sequence_front_bands_r3_l4,3,4,6,front_bands,6,0.65,0.013981174880131021,0.0,0.0,nan,0.0
shortcut_tree_100,hierarchical_with_lateral_edges,shortcut_tree_navigation,egocentric_landmark,temporal_dropout,one_hot,0,lin_sequence_front_bands_r3_l8,3,8,10,front_bands,6,0.6777777777777777,0.002868876552746239,0.0,0.0,nan,0.0
shortcut_tree_100,hierarchical_with_lateral_edges,shortcut_tree_navigation,egocentric_landmark,temporal_dropout,one_hot,0,lin_sequence_front_bands_r5_l2,5,2,6,front_bands,6,0.6462962962962963,0.008323038908979351,0.008333333333333333,0.008333333333333335,nan,0.0
shortcut_tree_100,hierarchical_with_lateral_edges,shortcut_tree_navigation,egocentric_landmark,temporal_dropout,one_hot,0,lin_sequence_front_bands_r5_l4,5,4,8,front_bands,6,0.6481481481481481,0.007407407407407409,0.008333333333333333,0.008333333333333335,nan,0.0
shortcut_tree_100,hierarchical_with_lateral_edges,shortcut_tree_navigation,egocentric_landmark,temporal_dropout,one_hot,0,lin_sequence_front_bands_r5_l8,5,8,12,front_bands,6,0.6722222222222222,0.005555555555555558,0.008333333333333333,0.008333333333333335,nan,0.0
shortcut_tree_100,hierarchical_with_lateral_edges,shortcut_tree_navigation,egocentric_landmark,temporal_full,one_hot,0,lin_sequence_all_units_r3_l4,3,4,6,all_units,6,0.6462962962962963,0.01010914375107865,0.0,0.0,nan,0.0
shortcut_tree_100,hierarchical_with_lateral_edges,shortcut_tree_navigation,egocentric_landmark,temporal_full,one_hot,0,lin_sequence_front_bands_r1_l2,1,2,2,front_bands,6,0.6666666666666666,0.009938079899999055,0.008333333333333333,0.008333333333333335,nan,0.0
shortcut_tree_100,hierarchical_with_lateral_edges,shortcut_tree_navigation,egocentric_landmark,temporal_full,one_hot,0,lin_sequence_front_bands_r1_l4,1,4,4,front_bands,6,0.6685185185185185,0.006676946806414793,0.0,0.0,nan,0.0
shortcut_tree_100,hierarchical_with_lateral_edges,shortcut_tree_navigation,egocentric_landmark,temporal_full,one_hot,0,lin_sequence_front_bands_r1_l8,1,8,8,front_bands,6,0.6648148148148147,0.006029192813370264,0.008333333333333333,0.008333333333333335,nan,0.0
shortcut_tree_100,hierarchical_with_lateral_edges,shortcut_tree_navigation,egocentric_landmark,temporal_full,one_hot,0,lin_sequence_front_bands_r3_l2,3,2,4,front_bands,6,0.6592592592592592,0.006829292190587317,0.024999999999999998,0.025,nan,0.0
shortcut_tree_100,hierarchical_with_lateral_edges,shortcut_tree_navigation,egocentric_landmark,temporal_full,one_hot,0,lin_sequence_front_bands_r3_l4,3,4,6,front_bands,6,0.6574074074074073,0.008803603202966456,0.049999999999999996,0.01290994448735806,nan,0.0
shortcut_tree_100,hierarchical_with_lateral_edges,shortcut_tree_navigation,egocentric_landmark,temporal_full,one_hot,0,lin_sequence_front_bands_r3_l8,3,8,10,front_bands,6,0.6666666666666666,0.006415002990995839,0.0,0.0,nan,0.0
shortcut_tree_100,hierarchical_with_lateral_edges,shortcut_tree_navigation,egocentric_landmark,temporal_full,one_hot,0,lin_sequence_front_bands_r5_l2,5,2,6,front_bands,6,0.6666666666666666,0.008606629658238699,0.008333333333333333,0.008333333333333335,nan,0.0
shortcut_tree_100,hierarchical_with_lateral_edges,shortcut_tree_navigation,egocentric_landmark,temporal_full,one_hot,0,lin_sequence_front_bands_r5_l4,5,4,8,front_bands,6,0.6666666666666666,0.009938079899999055,0.016666666666666666,0.01666666666666667,nan,0.0
shortcut_tree_100,hierarchical_with_lateral_edges,shortcut_tree_navigation,egocentric_landmark,temporal_full,one_hot,0,lin_sequence_front_bands_r5_l8,5,8,12,front_bands,6,0.6722222222222222,0.006879324304076557,0.008333333333333333,0.008333333333333335,nan,0.0
shortcut_tree_100,hierarchical_with_lateral_edges,shortcut_tree_navigation,gaussian_sensory,temporal_cue_then_blank,one_hot,0,lin_sequence_all_units_r3_l4,3,4,6,all_units,6,0.6462962962962963,0.006029192813370264,0.0,0.0,nan,0.0
shortcut_tree_100,hierarchical_with_lateral_edges,shortcut_tree_navigation,gaussian_sensory,temporal_cue_then_blank,one_hot,0,lin_sequence_front_bands_r1_l2,1,2,2,front_bands,6,0.6666666666666666,0.012505142974914165,0.008333333333333333,0.008333333333333335,nan,0.0
shortcut_tree_100,hierarchical_with_lateral_edges,shortcut_tree_navigation,gaussian_sensory,temporal_cue_then_blank,one_hot,0,lin_sequence_front_bands_r1_l4,1,4,4,front_bands,6,0.6537037037037037,0.010508341451193403,0.016666666666666666,0.01666666666666667,nan,0.0
shortcut_tree_100,hierarchical_with_lateral_edges,shortcut_tree_navigation,gaussian_sensory,temporal_cue_then_blank,one_hot,0,lin_sequence_front_bands_r1_l8,1,8,8,front_bands,6,0.674074074074074,0.008445743889623238,0.008333333333333333,0.008333333333333335,nan,0.0
shortcut_tree_100,hierarchical_with_lateral_edges,shortcut_tree_navigation,gaussian_sensory,temporal_cue_then_blank,one_hot,0,lin_sequence_front_bands_r3_l2,3,2,4,front_bands,6,0.6481481481481481,0.01639699527494715,0.008333333333333333,0.008333333333333335,nan,0.0
shortcut_tree_100,hierarchical_with_lateral_edges,shortcut_tree_navigation,gaussian_sensory,temporal_cue_then_blank,one_hot,0,lin_sequence_front_bands_r3_l4,3,4,6,front_bands,6,0.6462962962962963,0.008803603202966458,0.016666666666666666,0.0105409255338946,nan,0.0
shortcut_tree_100,hierarchical_with_lateral_edges,shortcut_tree_navigation,gaussian_sensory,temporal_cue_then_blank,one_hot,0,lin_sequence_front_bands_r3_l8,3,8,10,front_bands,6,0.6685185185185185,0.010892919385076104,0.0,0.0,nan,0.0
shortcut_tree_100,hierarchical_with_lateral_edges,shortcut_tree_navigation,gaussian_sensory,temporal_cue_then_blank,one_hot,0,lin_sequence_front_bands_r5_l2,5,2,6,front_bands,6,0.6574074074074073,0.012641517159908145,0.0,0.0,nan,0.0
shortcut_tree_100,hierarchical_with_lateral_edges,shortcut_tree_navigation,gaussian_sensory,temporal_cue_then_blank,one_hot,0,lin_sequence_front_bands_r5_l4,5,4,8,front_bands,6,0.6592592592592592,0.016396995274947153,0.0,0.0,nan,0.0
shortcut_tree_100,hierarchical_with_lateral_edges,shortcut_tree_navigation,gaussian_sensory,temporal_cue_then_blank,one_hot,0,lin_sequence_front_bands_r5_l8,5,8,12,front_bands,6,0.6703703703703704,0.011355340530930298,0.0,0.0,nan,0.0
shortcut_tree_100,hierarchical_with_lateral_edges,shortcut_tree_navigation,gaussian_sensory,temporal_dropout,one_hot,0,lin_sequence_all_units_r3_l4,3,4,6,all_units,6,0.6351851851851852,0.015293202090416725,0.0,0.0,nan,0.0
shortcut_tree_100,hierarchical_with_lateral_edges,shortcut_tree_navigation,gaussian_sensory,temporal_dropout,one_hot,0,lin_sequence_front_bands_r1_l2,1,2,2,front_bands,6,0.6018518518518517,0.010892919385076118,0.008333333333333333,0.008333333333333335,nan,0.0
shortcut_tree_100,hierarchical_with_lateral_edges,shortcut_tree_navigation,gaussian_sensory,temporal_dropout,one_hot,0,lin_sequence_front_bands_r1_l4,1,4,4,front_bands,6,0.6425925925925926,0.015559964101925923,0.0,0.0,nan,0.0
shortcut_tree_100,hierarchical_with_lateral_edges,shortcut_tree_navigation,gaussian_sensory,temporal_dropout,one_hot,0,lin_sequence_front_bands_r1_l8,1,8,8,front_bands,6,0.6648148148148147,0.007812971522121844,0.0,0.0,nan,0.0
shortcut_tree_100,hierarchical_with_lateral_edges,shortcut_tree_navigation,gaussian_sensory,temporal_dropout,one_hot,0,lin_sequence_front_bands_r3_l2,3,2,4,front_bands,6,0.6407407407407407,0.01304208656419186,0.0,0.0,nan,0.0
shortcut_tree_100,hierarchical_with_lateral_edges,shortcut_tree_navigation,gaussian_sensory,temporal_dropout,one_hot,0,lin_sequence_front_bands_r3_l4,3,4,6,front_bands,6,0.6370370370370371,0.016144070161261757,0.008333333333333333,0.008333333333333335,nan,0.0
shortcut_tree_100,hierarchical_with_lateral_edges,shortcut_tree_navigation,gaussian_sensory,temporal_dropout,one_hot,0,lin_sequence_front_bands_r3_l8,3,8,10,front_bands,6,0.6722222222222222,0.009406240814222444,0.0,0.0,nan,0.0
shortcut_tree_100,hierarchical_with_lateral_edges,shortcut_tree_navigation,gaussian_sensory,temporal_dropout,one_hot,0,lin_sequence_front_bands_r5_l2,5,2,6,front_bands,6,0.6407407407407407,0.015360326928390905,0.0,0.0,nan,0.0
shortcut_tree_100,hierarchical_with_lateral_edges,shortcut_tree_navigation,gaussian_sensory,temporal_dropout,one_hot,0,lin_sequence_front_bands_r5_l4,5,4,8,front_bands,6,0.6314814814814815,0.013276628391803644,0.0,0.0,nan,0.0
shortcut_tree_100,hierarchical_with_lateral_edges,shortcut_tree_navigation,gaussian_sensory,temporal_dropout,one_hot,0,lin_sequence_front_bands_r5_l8,5,8,12,front_bands,6,0.6611111111111111,0.009406240814222443,0.0,0.0,nan,0.0
shortcut_tree_100,hierarchical_with_lateral_edges,shortcut_tree_navigation,gaussian_sensory,temporal_full,one_hot,0,lin_sequence_all_units_r3_l4,3,4,6,all_units,6,0.6518518518518518,0.010605793380204696,0.008333333333333333,0.008333333333333335,nan,0.0
shortcut_tree_100,hierarchical_with_lateral_edges,shortcut_tree_navigation,gaussian_sensory,temporal_full,one_hot,0,lin_sequence_front_bands_r1_l2,1,2,2,front_bands,6,0.6148148148148148,0.006829292190587332,0.008333333333333333,0.008333333333333335,nan,0.0
shortcut_tree_100,hierarchical_with_lateral_edges,shortcut_tree_navigation,gaussian_sensory,temporal_full,one_hot,0,lin_sequence_front_bands_r1_l4,1,4,4,front_bands,6,0.6462962962962963,0.013882714677030608,0.0,0.0,nan,0.0
shortcut_tree_100,hierarchical_with_lateral_edges,shortcut_tree_navigation,gaussian_sensory,temporal_full,one_hot,0,lin_sequence_front_bands_r1_l8,1,8,8,front_bands,6,0.6703703703703704,0.0037037037037037125,0.008333333333333333,0.008333333333333335,nan,0.0
shortcut_tree_100,hierarchical_with_lateral_edges,shortcut_tree_navigation,gaussian_sensory,temporal_full,one_hot,0,lin_sequence_front_bands_r3_l2,3,2,4,front_bands,6,0.6425925925925926,0.009259259259259262,0.0,0.0,nan,0.0
shortcut_tree_100,hierarchical_with_lateral_edges,shortcut_tree_navigation,gaussian_sensory,temporal_full,one_hot,0,lin_sequence_front_bands_r3_l4,3,4,6,front_bands,6,0.6499999999999999,0.006252571487457084,0.008333333333333333,0.008333333333333335,nan,0.0
shortcut_tree_100,hierarchical_with_lateral_edges,shortcut_tree_navigation,gaussian_sensory,temporal_full,one_hot,0,lin_sequence_front_bands_r3_l8,3,8,10,front_bands,6,0.6666666666666666,0.008114408259335803,0.0,0.0,nan,0.0
shortcut_tree_100,hierarchical_with_lateral_edges,shortcut_tree_navigation,gaussian_sensory,temporal_full,one_hot,0,lin_sequence_front_bands_r5_l2,5,2,6,front_bands,6,0.6388888888888888,0.012422599874998835,0.016666666666666666,0.010540925533894598,nan,0.0
shortcut_tree_100,hierarchical_with_lateral_edges,shortcut_tree_navigation,gaussian_sensory,temporal_full,one_hot,0,lin_sequence_front_bands_r5_l4,5,4,8,front_bands,6,0.6537037037037037,0.007267191433462447,0.008333333333333333,0.008333333333333335,nan,0.0
shortcut_tree_100,hierarchical_with_lateral_edges,shortcut_tree_navigation,gaussian_sensory,temporal_full,one_hot,0,lin_sequence_front_bands_r5_l8,5,8,12,front_bands,6,0.6592592592592592,0.007407407407407412,0.008333333333333333,0.008333333333333335,nan,0.0
shortcut_tree_100,hierarchical_with_lateral_edges,shortcut_tree_navigation,hybrid,temporal_cue_then_blank,one_hot,0,lin_sequence_all_units_r3_l4,3,4,6,all_units,6,0.65,0.00687932430407655,0.008333333333333333,0.008333333333333335,nan,0.0
shortcut_tree_100,hierarchical_with_lateral_edges,shortcut_tree_navigation,hybrid,temporal_cue_then_blank,one_hot,0,lin_sequence_front_bands_r1_l2,1,2,2,front_bands,6,0.6703703703703704,0.005493480360811606,0.016666666666666666,0.010540925533894598,nan,0.0
shortcut_tree_100,hierarchical_with_lateral_edges,shortcut_tree_navigation,hybrid,temporal_cue_then_blank,one_hot,0,lin_sequence_front_bands_r1_l4,1,4,4,front_bands,6,0.65,0.008486251286955262,0.0,0.0,nan,0.0
shortcut_tree_100,hierarchical_with_lateral_edges,shortcut_tree_navigation,hybrid,temporal_cue_then_blank,one_hot,0,lin_sequence_front_bands_r1_l8,1,8,8,front_bands,6,0.6685185185185185,0.007267191433462434,0.0,0.0,nan,0.0
shortcut_tree_100,hierarchical_with_lateral_edges,shortcut_tree_navigation,hybrid,temporal_cue_then_blank,one_hot,0,lin_sequence_front_bands_r3_l2,3,2,4,front_bands,6,0.6555555555555556,0.010343881513902914,0.008333333333333333,0.008333333333333335,nan,0.0
shortcut_tree_100,hierarchical_with_lateral_edges,shortcut_tree_navigation,hybrid,temporal_cue_then_blank,one_hot,0,lin_sequence_front_bands_r3_l4,3,4,6,front_bands,6,0.6425925925925926,0.010508341451193424,0.025000000000000005,0.017078251276599336,nan,0.0
shortcut_tree_100,hierarchical_with_lateral_edges,shortcut_tree_navigation,hybrid,temporal_cue_then_blank,one_hot,0,lin_sequence_front_bands_r3_l8,3,8,10,front_bands,6,0.6555555555555556,0.00759033390071082,0.016666666666666666,0.01666666666666667,nan,0.0
shortcut_tree_100,hierarchical_with_lateral_edges,shortcut_tree_navigation,hybrid,temporal_cue_then_blank,one_hot,0,lin_sequence_front_bands_r5_l2,5,2,6,front_bands,6,0.6611111111111111,0.006252571487457081,0.008333333333333333,0.008333333333333335,nan,0.0
shortcut_tree_100,hierarchical_with_lateral_edges,shortcut_tree_navigation,hybrid,temporal_cue_then_blank,one_hot,0,lin_sequence_front_bands_r5_l4,5,4,8,front_bands,6,0.662962962962963,0.006829292190587314,0.008333333333333333,0.008333333333333335,nan,0.0
shortcut_tree_100,hierarchical_with_lateral_edges,shortcut_tree_navigation,hybrid,temporal_cue_then_blank,one_hot,0,lin_sequence_front_bands_r5_l8,5,8,12,front_bands,6,0.6611111111111111,0.0047574935476537485,0.0,0.0,nan,0.0
shortcut_tree_100,hierarchical_with_lateral_edges,shortcut_tree_navigation,hybrid,temporal_dropout,one_hot,0,lin_sequence_all_units_r3_l4,3,4,6,all_units,6,0.6592592592592592,0.0037037037037036904,0.0,0.0,nan,0.0
shortcut_tree_100,hierarchical_with_lateral_edges,shortcut_tree_navigation,hybrid,temporal_dropout,one_hot,0,lin_sequence_front_bands_r1_l2,1,2,2,front_bands,6,0.6666666666666666,0.010734353145325509,0.0,0.0,nan,0.0
shortcut_tree_100,hierarchical_with_lateral_edges,shortcut_tree_navigation,hybrid,temporal_dropout,one_hot,0,lin_sequence_front_bands_r1_l4,1,4,4,front_bands,6,0.6574074074074073,0.006676946806414796,0.0,0.0,nan,0.0
shortcut_tree_100,hierarchical_with_lateral_edges,shortcut_tree_navigation,hybrid,temporal_dropout,one_hot,0,lin_sequence_front_bands_r1_l8,1,8,8,front_bands,6,0.6759259259259259,0.00832303890897934,0.0,0.0,nan,0.0
shortcut_tree_100,hierarchical_with_lateral_edges,shortcut_tree_navigation,hybrid,temporal_dropout,one_hot,0,lin_sequence_front_bands_r3_l2,3,2,4,front_bands,6,0.6462962962962963,0.010109143751078646,0.0,0.0,nan,0.0
shortcut_tree_100,hierarchical_with_lateral_edges,shortcut_tree_navigation,hybrid,temporal_dropout,one_hot,0,lin_sequence_front_bands_r3_l4,3,4,6,front_bands,6,0.6481481481481481,0.009369711585684073,0.0,0.0,nan,0.0
shortcut_tree_100,hierarchical_with_lateral_edges,shortcut_tree_navigation,hybrid,temporal_dropout,one_hot,0,lin_sequence_front_bands_r3_l8,3,8,10,front_bands,6,0.6648148148148147,0.003414646095293665,0.016666666666666666,0.0105409255338946,nan,0.0
shortcut_tree_100,hierarchical_with_lateral_edges,shortcut_tree_navigation,hybrid,temporal_dropout,one_hot,0,lin_sequence_front_bands_r5_l2,5,2,6,front_bands,6,0.6629629629629629,0.010605793380204707,0.0,0.0,nan,0.0
shortcut_tree_100,hierarchical_with_lateral_edges,shortcut_tree_navigation,hybrid,temporal_dropout,one_hot,0,lin_sequence_front_bands_r5_l4,5,4,8,front_bands,6,0.6592592592592592,0.009799078929868851,0.0,0.0,nan,0.0
shortcut_tree_100,hierarchical_with_lateral_edges,shortcut_tree_navigation,hybrid,temporal_dropout,one_hot,0,lin_sequence_front_bands_r5_l8,5,8,12,front_bands,6,0.6685185185185185,0.005302896690102356,0.0,0.0,nan,0.0
shortcut_tree_100,hierarchical_with_lateral_edges,shortcut_tree_navigation,hybrid,temporal_full,one_hot,0,lin_sequence_all_units_r3_l4,3,4,6,all_units,6,0.6518518518518518,0.012058385626740529,0.008333333333333333,0.008333333333333335,nan,0.0
shortcut_tree_100,hierarchical_with_lateral_edges,shortcut_tree_navigation,hybrid,temporal_full,one_hot,0,lin_sequence_front_bands_r1_l2,1,2,2,front_bands,6,0.6685185185185185,0.009259259259259262,0.016666666666666666,0.010540925533894598,nan,0.0
shortcut_tree_100,hierarchical_with_lateral_edges,shortcut_tree_navigation,hybrid,temporal_full,one_hot,0,lin_sequence_front_bands_r1_l4,1,4,4,front_bands,6,0.6444444444444445,0.008114408259335787,0.0,0.0,nan,0.0
shortcut_tree_100,hierarchical_with_lateral_edges,shortcut_tree_navigation,hybrid,temporal_full,one_hot,0,lin_sequence_front_bands_r1_l8,1,8,8,front_bands,6,0.6574074074074073,0.010892919385076106,0.0,0.0,nan,0.0
shortcut_tree_100,hierarchical_with_lateral_edges,shortcut_tree_navigation,hybrid,temporal_full,one_hot,0,lin_sequence_front_bands_r3_l2,3,2,4,front_bands,6,0.65,0.013981174880131012,0.008333333333333333,0.008333333333333335,nan,0.0
shortcut_tree_100,hierarchical_with_lateral_edges,shortcut_tree_navigation,hybrid,temporal_full,one_hot,0,lin_sequence_front_bands_r3_l4,3,4,6,front_bands,6,0.6537037037037037,0.01126437505610782,0.008333333333333333,0.008333333333333335,nan,0.0
shortcut_tree_100,hierarchical_with_lateral_edges,shortcut_tree_navigation,hybrid,temporal_full,one_hot,0,lin_sequence_front_bands_r3_l8,3,8,10,front_bands,6,0.6518518518518518,0.00794355947760267,0.0,0.0,nan,0.0
shortcut_tree_100,hierarchical_with_lateral_edges,shortcut_tree_navigation,hybrid,temporal_full,one_hot,0,lin_sequence_front_bands_r5_l2,5,2,6,front_bands,6,0.6518518518518518,0.010605793380204709,0.016666666666666666,0.010540925533894598,nan,0.0
shortcut_tree_100,hierarchical_with_lateral_edges,shortcut_tree_navigation,hybrid,temporal_full,one_hot,0,lin_sequence_front_bands_r5_l4,5,4,8,front_bands,6,0.6444444444444445,0.009514987095307506,0.016666666666666666,0.010540925533894598,nan,0.0
shortcut_tree_100,hierarchical_with_lateral_edges,shortcut_tree_navigation,hybrid,temporal_full,one_hot,0,lin_sequence_front_bands_r5_l8,5,8,12,front_bands,6,0.6648148148148147,0.008323038908979351,0.016666666666666666,0.010540925533894598,nan,0.0
shortcut_tree_100,hierarchical_with_lateral_edges,shortcut_tree_navigation,sparse_aliased,temporal_cue_then_blank,one_hot,0,lin_sequence_all_units_r3_l4,3,4,6,all_units,6,0.6555555555555556,0.004057204129667883,0.008333333333333333,0.008333333333333335,nan,0.0
shortcut_tree_100,hierarchical_with_lateral_edges,shortcut_tree_navigation,sparse_aliased,temporal_cue_then_blank,one_hot,0,lin_sequence_front_bands_r1_l2,1,2,2,front_bands,6,0.6685185185185185,0.006029192813370264,0.008333333333333333,0.008333333333333335,nan,0.0
shortcut_tree_100,hierarchical_with_lateral_edges,shortcut_tree_navigation,sparse_aliased,temporal_cue_then_blank,one_hot,0,lin_sequence_front_bands_r1_l4,1,4,4,front_bands,6,0.6574074074074073,0.00341464609529365,0.016666666666666666,0.010540925533894598,nan,0.0
shortcut_tree_100,hierarchical_with_lateral_edges,shortcut_tree_navigation,sparse_aliased,temporal_cue_then_blank,one_hot,0,lin_sequence_front_bands_r1_l8,1,8,8,front_bands,6,0.6648148148148147,0.007267191433462432,0.0,0.0,nan,0.0
shortcut_tree_100,hierarchical_with_lateral_edges,shortcut_tree_navigation,sparse_aliased,temporal_cue_then_blank,one_hot,0,lin_sequence_front_bands_r3_l2,3,2,4,front_bands,6,0.6629629629629629,0.0061974816780301836,0.008333333333333333,0.008333333333333335,nan,0.0
shortcut_tree_100,hierarchical_with_lateral_edges,shortcut_tree_navigation,sparse_aliased,temporal_cue_then_blank,one_hot,0,lin_sequence_front_bands_r3_l4,3,4,6,front_bands,6,0.6574074074074073,0.005302896690102349,0.008333333333333333,0.008333333333333335,nan,0.0
shortcut_tree_100,hierarchical_with_lateral_edges,shortcut_tree_navigation,sparse_aliased,temporal_cue_then_blank,one_hot,0,lin_sequence_front_bands_r3_l8,3,8,10,front_bands,6,0.6611111111111111,0.0047574935476537485,0.0,0.0,nan,0.0
shortcut_tree_100,hierarchical_with_lateral_edges,shortcut_tree_navigation,sparse_aliased,temporal_cue_then_blank,one_hot,0,lin_sequence_front_bands_r5_l2,5,2,6,front_bands,6,0.6648148148148147,0.005302896690102353,0.025000000000000005,0.01118033988749895,nan,0.0
shortcut_tree_100,hierarchical_with_lateral_edges,shortcut_tree_navigation,sparse_aliased,temporal_cue_then_blank,one_hot,0,lin_sequence_front_bands_r5_l4,5,4,8,front_bands,6,0.6574074074074074,0.005302896690102348,0.016666666666666666,0.010540925533894598,nan,0.0
shortcut_tree_100,hierarchical_with_lateral_edges,shortcut_tree_navigation,sparse_aliased,temporal_cue_then_blank,one_hot,0,lin_sequence_front_bands_r5_l8,5,8,12,front_bands,6,0.6703703703703704,0.005493480360811606,0.03333333333333333,0.02472066162365221,nan,0.0
shortcut_tree_100,hierarchical_with_lateral_edges,shortcut_tree_navigation,sparse_aliased,temporal_dropout,one_hot,0,lin_sequence_all_units_r3_l4,3,4,6,all_units,6,0.6611111111111111,0.007453559924999305,0.0,0.0,nan,0.0
shortcut_tree_100,hierarchical_with_lateral_edges,shortcut_tree_navigation,sparse_aliased,temporal_dropout,one_hot,0,lin_sequence_front_bands_r1_l2,1,2,2,front_bands,6,0.6462962962962963,0.012641517159908154,0.008333333333333333,0.008333333333333335,nan,0.0
shortcut_tree_100,hierarchical_with_lateral_edges,shortcut_tree_navigation,sparse_aliased,temporal_dropout,one_hot,0,lin_sequence_front_bands_r1_l4,1,4,4,front_bands,6,0.6444444444444445,0.009514987095307506,0.0,0.0,nan,0.0
shortcut_tree_100,hierarchical_with_lateral_edges,shortcut_tree_navigation,sparse_aliased,temporal_dropout,one_hot,0,lin_sequence_front_bands_r1_l8,1,8,8,front_bands,6,0.6537037037037037,0.010892919385076102,0.0,0.0,nan,0.0
shortcut_tree_100,hierarchical_with_lateral_edges,shortcut_tree_navigation,sparse_aliased,temporal_dropout,one_hot,0,lin_sequence_front_bands_r3_l2,3,2,4,front_bands,6,0.6537037037037037,0.01126437505610782,0.0,0.0,nan,0.0
shortcut_tree_100,hierarchical_with_lateral_edges,shortcut_tree_navigation,sparse_aliased,temporal_dropout,one_hot,0,lin_sequence_front_bands_r3_l4,3,4,6,front_bands,6,0.6296296296296297,0.013353893612829595,0.0,0.0,nan,0.0
shortcut_tree_100,hierarchical_with_lateral_edges,shortcut_tree_navigation,sparse_aliased,temporal_dropout,one_hot,0,lin_sequence_front_bands_r3_l8,3,8,10,front_bands,6,0.6574074074074073,0.013276628391803642,0.008333333333333333,0.008333333333333335,nan,0.0
shortcut_tree_100,hierarchical_with_lateral_edges,shortcut_tree_navigation,sparse_aliased,temporal_dropout,one_hot,0,lin_sequence_front_bands_r5_l2,5,2,6,front_bands,6,0.6425925925925926,0.012641517159908158,0.0,0.0,nan,0.0
shortcut_tree_100,hierarchical_with_lateral_edges,shortcut_tree_navigation,sparse_aliased,temporal_dropout,one_hot,0,lin_sequence_front_bands_r5_l4,5,4,8,front_bands,6,0.6444444444444445,0.002868876552746239,0.008333333333333333,0.008333333333333335,nan,0.0
shortcut_tree_100,hierarchical_with_lateral_edges,shortcut_tree_navigation,sparse_aliased,temporal_dropout,one_hot,0,lin_sequence_front_bands_r5_l8,5,8,12,front_bands,6,0.6685185185185185,0.006676946806414793,0.008333333333333333,0.008333333333333335,nan,0.0
shortcut_tree_100,hierarchical_with_lateral_edges,shortcut_tree_navigation,sparse_aliased,temporal_full,one_hot,0,lin_sequence_all_units_r3_l4,3,4,6,all_units,6,0.6629629629629629,0.012058385626740524,0.0,0.0,nan,0.0
shortcut_tree_100,hierarchical_with_lateral_edges,shortcut_tree_navigation,sparse_aliased,temporal_full,one_hot,0,lin_sequence_front_bands_r1_l2,1,2,2,front_bands,6,0.6722222222222222,0.0024845199749997824,0.024999999999999998,0.025000000000000005,nan,0.0
shortcut_tree_100,hierarchical_with_lateral_edges,shortcut_tree_navigation,sparse_aliased,temporal_full,one_hot,0,lin_sequence_front_bands_r1_l4,1,4,4,front_bands,6,0.6666666666666666,0.004969039949999541,0.0,0.0,nan,0.0
shortcut_tree_100,hierarchical_with_lateral_edges,shortcut_tree_navigation,sparse_aliased,temporal_full,one_hot,0,lin_sequence_front_bands_r1_l8,1,8,8,front_bands,6,0.674074074074074,0.007407407407407403,0.0,0.0,nan,0.0
shortcut_tree_100,hierarchical_with_lateral_edges,shortcut_tree_navigation,sparse_aliased,temporal_full,one_hot,0,lin_sequence_front_bands_r3_l2,3,2,4,front_bands,6,0.6592592592592592,0.0068292921905873235,0.025000000000000005,0.017078251276599336,nan,0.0
shortcut_tree_100,hierarchical_with_lateral_edges,shortcut_tree_navigation,sparse_aliased,temporal_full,one_hot,0,lin_sequence_front_bands_r3_l4,3,4,6,front_bands,6,0.6592592592592592,0.010605793380204707,0.025000000000000005,0.017078251276599336,nan,0.0
shortcut_tree_100,hierarchical_with_lateral_edges,shortcut_tree_navigation,sparse_aliased,temporal_full,one_hot,0,lin_sequence_front_bands_r3_l8,3,8,10,front_bands,6,0.6629629629629629,0.007943559477602677,0.016666666666666666,0.010540925533894598,nan,0.0
shortcut_tree_100,hierarchical_with_lateral_edges,shortcut_tree_navigation,sparse_aliased,temporal_full,one_hot,0,lin_sequence_front_bands_r5_l2,5,2,6,front_bands,6,0.6648148148148147,0.007267191433462442,0.008333333333333333,0.008333333333333335,nan,0.0
shortcut_tree_100,hierarchical_with_lateral_edges,shortcut_tree_navigation,sparse_aliased,temporal_full,one_hot,0,lin_sequence_front_bands_r5_l4,5,4,8,front_bands,6,0.6574074074074073,0.009259259259259271,0.0,0.0,nan,0.0
shortcut_tree_100,hierarchical_with_lateral_edges,shortcut_tree_navigation,sparse_aliased,temporal_full,one_hot,0,lin_sequence_front_bands_r5_l8,5,8,12,front_bands,6,0.6685185185185185,0.006029192813370264,0.016666666666666666,0.0105409255338946,nan,0.0
shortcut_tree_100,hierarchical_with_lateral_edges,shortcut_tree_navigation,vector,temporal_cue_then_blank,one_hot,0,lin_sequence_all_units_r3_l4,3,4,6,all_units,6,0.65,0.009406240814222441,0.008333333333333333,0.008333333333333335,nan,0.0
shortcut_tree_100,hierarchical_with_lateral_edges,shortcut_tree_navigation,vector,temporal_cue_then_blank,one_hot,0,lin_sequence_front_bands_r1_l2,1,2,2,front_bands,6,0.6703703703703704,0.00844574388962324,0.008333333333333333,0.008333333333333335,nan,0.0
shortcut_tree_100,hierarchical_with_lateral_edges,shortcut_tree_navigation,vector,temporal_cue_then_blank,one_hot,0,lin_sequence_front_bands_r1_l4,1,4,4,front_bands,6,0.6518518518518518,0.008919699687994307,0.008333333333333333,0.008333333333333335,nan,0.0
shortcut_tree_100,hierarchical_with_lateral_edges,shortcut_tree_navigation,vector,temporal_cue_then_blank,one_hot,0,lin_sequence_front_bands_r1_l8,1,8,8,front_bands,6,0.6611111111111111,0.00798661431586956,0.025000000000000005,0.017078251276599336,nan,0.0
shortcut_tree_100,hierarchical_with_lateral_edges,shortcut_tree_navigation,vector,temporal_cue_then_blank,one_hot,0,lin_sequence_front_bands_r3_l2,3,2,4,front_bands,6,0.6555555555555556,0.016972502573910517,0.0,0.0,nan,0.0
shortcut_tree_100,hierarchical_with_lateral_edges,shortcut_tree_navigation,vector,temporal_cue_then_blank,one_hot,0,lin_sequence_front_bands_r3_l4,3,4,6,front_bands,6,0.65,0.011385500851066222,0.0,0.0,nan,0.0
shortcut_tree_100,hierarchical_with_lateral_edges,shortcut_tree_navigation,vector,temporal_cue_then_blank,one_hot,0,lin_sequence_front_bands_r3_l8,3,8,10,front_bands,6,0.6518518518518518,0.008919699687994291,0.008333333333333333,0.008333333333333335,nan,0.0
shortcut_tree_100,hierarchical_with_lateral_edges,shortcut_tree_navigation,vector,temporal_cue_then_blank,one_hot,0,lin_sequence_front_bands_r5_l2,5,2,6,front_bands,6,0.6574074074074073,0.013583052459920178,0.016666666666666666,0.010540925533894598,nan,0.0
shortcut_tree_100,hierarchical_with_lateral_edges,shortcut_tree_navigation,vector,temporal_cue_then_blank,one_hot,0,lin_sequence_front_bands_r5_l4,5,4,8,front_bands,6,0.6425925925925926,0.008323038908979355,0.008333333333333333,0.008333333333333335,nan,0.0
shortcut_tree_100,hierarchical_with_lateral_edges,shortcut_tree_navigation,vector,temporal_cue_then_blank,one_hot,0,lin_sequence_front_bands_r5_l8,5,8,12,front_bands,6,0.6685185185185185,0.009259259259259248,0.0,0.0,nan,0.0
shortcut_tree_100,hierarchical_with_lateral_edges,shortcut_tree_navigation,vector,temporal_dropout,one_hot,0,lin_sequence_all_units_r3_l4,3,4,6,all_units,6,0.6462962962962963,0.008803603202966456,0.008333333333333333,0.008333333333333335,nan,0.0
shortcut_tree_100,hierarchical_with_lateral_edges,shortcut_tree_navigation,vector,temporal_dropout,one_hot,0,lin_sequence_front_bands_r1_l2,1,2,2,front_bands,6,0.6796296296296296,0.010892919385076104,0.016666666666666666,0.010540925533894598,nan,0.0
shortcut_tree_100,hierarchical_with_lateral_edges,shortcut_tree_navigation,vector,temporal_dropout,one_hot,0,lin_sequence_front_bands_r1_l4,1,4,4,front_bands,6,0.6574074074074073,0.012311681584144194,0.0,0.0,nan,0.0
shortcut_tree_100,hierarchical_with_lateral_edges,shortcut_tree_navigation,vector,temporal_dropout,one_hot,0,lin_sequence_front_bands_r1_l8,1,8,8,front_bands,6,0.6666666666666666,0.008114408259335787,0.025000000000000005,0.01118033988749895,nan,0.0
shortcut_tree_100,hierarchical_with_lateral_edges,shortcut_tree_navigation,vector,temporal_dropout,one_hot,0,lin_sequence_front_bands_r3_l2,3,2,4,front_bands,6,0.6629629629629629,0.007943559477602679,0.008333333333333333,0.008333333333333335,nan,0.0
shortcut_tree_100,hierarchical_with_lateral_edges,shortcut_tree_navigation,vector,temporal_dropout,one_hot,0,lin_sequence_front_bands_r3_l4,3,4,6,front_bands,6,0.6574074074074073,0.008803603202966456,0.0,0.0,nan,0.0
shortcut_tree_100,hierarchical_with_lateral_edges,shortcut_tree_navigation,vector,temporal_dropout,one_hot,0,lin_sequence_front_bands_r3_l8,3,8,10,front_bands,6,0.6648148148148147,0.004459849843997153,0.008333333333333333,0.008333333333333335,nan,0.0
shortcut_tree_100,hierarchical_with_lateral_edges,shortcut_tree_navigation,vector,temporal_dropout,one_hot,0,lin_sequence_front_bands_r5_l2,5,2,6,front_bands,6,0.6648148148148147,0.00832303890897934,0.0,0.0,nan,0.0
shortcut_tree_100,hierarchical_with_lateral_edges,shortcut_tree_navigation,vector,temporal_dropout,one_hot,0,lin_sequence_front_bands_r5_l4,5,4,8,front_bands,6,0.6555555555555556,0.007027283689263059,0.0,0.0,nan,0.0
shortcut_tree_100,hierarchical_with_lateral_edges,shortcut_tree_navigation,vector,temporal_dropout,one_hot,0,lin_sequence_front_bands_r5_l8,5,8,12,front_bands,6,0.6629629629629629,0.008919699687994298,0.008333333333333333,0.008333333333333335,nan,0.0
shortcut_tree_100,hierarchical_with_lateral_edges,shortcut_tree_navigation,vector,temporal_full,one_hot,0,lin_sequence_all_units_r3_l4,3,4,6,all_units,6,0.6518518518518518,0.010210406483029792,0.0,0.0,nan,0.0
shortcut_tree_100,hierarchical_with_lateral_edges,shortcut_tree_navigation,vector,temporal_full,one_hot,0,lin_sequence_front_bands_r1_l2,1,2,2,front_bands,6,0.6611111111111111,0.012422599874998826,0.0,0.0,nan,0.0
shortcut_tree_100,hierarchical_with_lateral_edges,shortcut_tree_navigation,vector,temporal_full,one_hot,0,lin_sequence_front_bands_r1_l4,1,4,4,front_bands,6,0.6444444444444445,0.012505142974914172,0.0,0.0,nan,0.0
shortcut_tree_100,hierarchical_with_lateral_edges,shortcut_tree_navigation,vector,temporal_full,one_hot,0,lin_sequence_front_bands_r1_l8,1,8,8,front_bands,6,0.674074074074074,0.007407407407407403,0.0,0.0,nan,0.0
shortcut_tree_100,hierarchical_with_lateral_edges,shortcut_tree_navigation,vector,temporal_full,one_hot,0,lin_sequence_front_bands_r3_l2,3,2,4,front_bands,6,0.6481481481481481,0.010210406483029798,0.0,0.0,nan,0.0
shortcut_tree_100,hierarchical_with_lateral_edges,shortcut_tree_navigation,vector,temporal_full,one_hot,0,lin_sequence_front_bands_r3_l4,3,4,6,front_bands,6,0.6518518518518518,0.008919699687994291,0.0,0.0,nan,0.0
shortcut_tree_100,hierarchical_with_lateral_edges,shortcut_tree_navigation,vector,temporal_full,one_hot,0,lin_sequence_front_bands_r3_l8,3,8,10,front_bands,6,0.662962962962963,0.007407407407407419,0.008333333333333333,0.008333333333333335,nan,0.0
shortcut_tree_100,hierarchical_with_lateral_edges,shortcut_tree_navigation,vector,temporal_full,one_hot,0,lin_sequence_front_bands_r5_l2,5,2,6,front_bands,6,0.6444444444444445,0.011475506210984943,0.008333333333333333,0.008333333333333335,nan,0.0
shortcut_tree_100,hierarchical_with_lateral_edges,shortcut_tree_navigation,vector,temporal_full,one_hot,0,lin_sequence_front_bands_r5_l4,5,4,8,front_bands,6,0.6537037037037037,0.009259259259259271,0.0,0.0,nan,0.0
shortcut_tree_100,hierarchical_with_lateral_edges,shortcut_tree_navigation,vector,temporal_full,one_hot,0,lin_sequence_front_bands_r5_l8,5,8,12,front_bands,6,0.6592592592592592,0.005493480360811596,0.008333333333333333,0.008333333333333335,nan,0.0
torus_lattice,locally_metric_periodic,metric_landmark,egocentric_landmark,temporal_cue_then_blank,one_hot,0,lin_sequence_all_units_r3_l4,3,4,6,all_units,6,0.18939393939393936,0.01396900675347407,0.26666666666666666,0.05109903238918631,nan,0.0
torus_lattice,locally_metric_periodic,metric_landmark,egocentric_landmark,temporal_cue_then_blank,one_hot,0,lin_sequence_front_bands_r1_l2,1,2,2,front_bands,6,0.32575757575757575,0.03787878787878788,0.19999999999999998,0.02886751345948129,nan,0.0
torus_lattice,locally_metric_periodic,metric_landmark,egocentric_landmark,temporal_cue_then_blank,one_hot,0,lin_sequence_front_bands_r1_l4,1,4,4,front_bands,6,0.26515151515151514,0.03965531008576486,0.3333333333333333,0.0881917103688197,nan,0.0
torus_lattice,locally_metric_periodic,metric_landmark,egocentric_landmark,temporal_cue_then_blank,one_hot,0,lin_sequence_front_bands_r1_l8,1,8,8,front_bands,6,0.25757575757575757,0.038330638305071274,0.18333333333333335,0.03333333333333333,nan,0.0
torus_lattice,locally_metric_periodic,metric_landmark,egocentric_landmark,temporal_cue_then_blank,one_hot,0,lin_sequence_front_bands_r3_l2,3,2,4,front_bands,6,0.25,0.022727272727272728,0.225,0.03593976442141304,nan,0.0
torus_lattice,locally_metric_periodic,metric_landmark,egocentric_landmark,temporal_cue_then_blank,one_hot,0,lin_sequence_front_bands_r3_l4,3,4,6,front_bands,6,0.26515151515151514,0.04298866957306397,0.27499999999999997,0.049581582602145055,nan,0.0
torus_lattice,locally_metric_periodic,metric_landmark,egocentric_landmark,temporal_cue_then_blank,one_hot,0,lin_sequence_front_bands_r3_l8,3,8,10,front_bands,6,0.2878787878787879,0.034550770457549645,0.3083333333333333,0.05230784942158406,nan,0.0
torus_lattice,locally_metric_periodic,metric_landmark,egocentric_landmark,temporal_cue_then_blank,one_hot,0,lin_sequence_front_bands_r5_l2,5,2,6,front_bands,6,0.1818181818181818,0.023472626340651014,0.3,0.06454972243679029,nan,0.0
torus_lattice,locally_metric_periodic,metric_landmark,egocentric_landmark,temporal_cue_then_blank,one_hot,0,lin_sequence_front_bands_r5_l4,5,4,8,front_bands,6,0.15151515151515152,0.04645366580835118,0.325,0.06291528696058958,nan,0.0
torus_lattice,locally_metric_periodic,metric_landmark,egocentric_landmark,temporal_cue_then_blank,one_hot,0,lin_sequence_front_bands_r5_l8,5,8,12,front_bands,6,0.27272727272727276,0.03319530651546462,0.26666666666666666,0.03073181485764296,nan,0.0
torus_lattice,locally_metric_periodic,metric_landmark,egocentric_landmark,temporal_dropout,one_hot,0,lin_sequence_all_units_r3_l4,3,4,6,all_units,6,0.25757575757575757,0.015151515151515154,0.375,0.03818813079129867,nan,0.0
torus_lattice,locally_metric_periodic,metric_landmark,egocentric_landmark,temporal_dropout,one_hot,0,lin_sequence_front_bands_r1_l2,1,2,2,front_bands,6,0.2272727272727273,0.023472626340651007,0.30833333333333335,0.07896905160321423,nan,0.0
torus_lattice,locally_metric_periodic,metric_landmark,egocentric_landmark,temporal_dropout,one_hot,0,lin_sequence_front_bands_r1_l4,1,4,4,front_bands,6,0.2727272727272727,0.03711348095126028,0.4083333333333334,0.03515837184954832,nan,0.0
torus_lattice,locally_metric_periodic,metric_landmark,egocentric_landmark,temporal_dropout,one_hot,0,lin_sequence_front_bands_r1_l8,1,8,8,front_bands,6,0.3181818181818182,0.03892494720807616,0.325,0.03593976442141305,nan,0.0
torus_lattice,locally_metric_periodic,metric_landmark,egocentric_landmark,temporal_dropout,one_hot,0,lin_sequence_front_bands_r3_l2,3,2,4,front_bands,6,0.3333333333333333,0.02535333413739623,0.3,0.046547466812563144,nan,0.0
torus_lattice,locally_metric_periodic,metric_landmark,egocentric_landmark,temporal_dropout,one_hot,0,lin_sequence_front_bands_r3_l4,3,4,6,front_bands,6,0.28030303030303033,0.03601474037577187,0.25833333333333336,0.015365907428821476,nan,0.0
torus_lattice,locally_metric_periodic,metric_landmark,egocentric_landmark,temporal_dropout,one_hot,0,lin_sequence_front_bands_r3_l8,3,8,10,front_bands,6,0.3106060606060606,0.04298866957306397,0.35000000000000003,0.0447213595499958,nan,0.0
torus_lattice,locally_metric_periodic,metric_landmark,egocentric_landmark,temporal_dropout,one_hot,0,lin_sequence_front_bands_r5_l2,5,2,6,front_bands,6,0.34848484848484845,0.03249637968110185,0.39999999999999997,0.05627314338711378,nan,0.0
torus_lattice,locally_metric_periodic,metric_landmark,egocentric_landmark,temporal_dropout,one_hot,0,lin_sequence_front_bands_r5_l4,5,4,8,front_bands,6,0.2196969696969697,0.029729419500528157,0.39999999999999997,0.048304589153964794,nan,0.0
torus_lattice,locally_metric_periodic,metric_landmark,egocentric_landmark,temporal_dropout,one_hot,0,lin_sequence_front_bands_r5_l8,5,8,12,front_bands,6,0.3333333333333333,0.043387336555382884,0.3833333333333333,0.060092521257733164,nan,0.0
torus_lattice,locally_metric_periodic,metric_landmark,egocentric_landmark,temporal_full,one_hot,0,lin_sequence_all_units_r3_l4,3,4,6,all_units,6,0.2045454545454545,0.030491836056815318,0.19999999999999998,0.02886751345948129,nan,0.0
torus_lattice,locally_metric_periodic,metric_landmark,egocentric_landmark,temporal_full,one_hot,0,lin_sequence_front_bands_r1_l2,1,2,2,front_bands,6,0.26515151515151514,0.03965531008576486,0.27499999999999997,0.030956959368344517,nan,0.0
torus_lattice,locally_metric_periodic,metric_landmark,egocentric_landmark,temporal_full,one_hot,0,lin_sequence_front_bands_r1_l4,1,4,4,front_bands,6,0.25757575757575757,0.019165319152535634,0.3916666666666666,0.08308295720409678,nan,0.0
torus_lattice,locally_metric_periodic,metric_landmark,egocentric_landmark,temporal_full,one_hot,0,lin_sequence_front_bands_r1_l8,1,8,8,front_bands,6,0.24242424242424243,0.04008714107673623,0.2833333333333333,0.060092521257733164,nan,0.0
torus_lattice,locally_metric_periodic,metric_landmark,egocentric_landmark,temporal_full,one_hot,0,lin_sequence_front_bands_r3_l2,3,2,4,front_bands,6,0.25,0.04507416600195006,0.21666666666666667,0.02788866755113585,nan,0.0
torus_lattice,locally_metric_periodic,metric_landmark,egocentric_landmark,temporal_full,one_hot,0,lin_sequence_front_bands_r3_l4,3,4,6,front_bands,6,0.2196969696969697,0.03404879553673369,0.30833333333333335,0.039616214413349046,nan,0.0
torus_lattice,locally_metric_periodic,metric_landmark,egocentric_landmark,temporal_full,one_hot,0,lin_sequence_front_bands_r3_l8,3,8,10,front_bands,6,0.3333333333333333,0.04494665749754948,0.34166666666666673,0.04901813723284248,nan,0.0
torus_lattice,locally_metric_periodic,metric_landmark,egocentric_landmark,temporal_full,one_hot,0,lin_sequence_front_bands_r5_l2,5,2,6,front_bands,6,0.2575757575757575,0.05070666827479246,0.4083333333333334,0.06379219736334882,nan,0.0
torus_lattice,locally_metric_periodic,metric_landmark,egocentric_landmark,temporal_full,one_hot,0,lin_sequence_front_bands_r5_l4,5,4,8,front_bands,6,0.21969696969696972,0.021693668277691442,0.25,0.03162277660168379,nan,0.0
torus_lattice,locally_metric_periodic,metric_landmark,egocentric_landmark,temporal_full,one_hot,0,lin_sequence_front_bands_r5_l8,5,8,12,front_bands,6,0.28030303030303033,0.02169366827769145,0.20000000000000004,0.0483045891539648,nan,0.0
torus_lattice,locally_metric_periodic,metric_landmark,gaussian_sensory,temporal_cue_then_blank,one_hot,0,lin_sequence_all_units_r3_l4,3,4,6,all_units,6,0.2878787878787879,0.030303030303030307,0.4166666666666667,0.047726070210921186,nan,0.0
torus_lattice,locally_metric_periodic,metric_landmark,gaussian_sensory,temporal_cue_then_blank,one_hot,0,lin_sequence_front_bands_r1_l2,1,2,2,front_bands,6,0.3636363636363636,0.033195306515464616,0.3,0.03872983346207417,nan,0.0
torus_lattice,locally_metric_periodic,metric_landmark,gaussian_sensory,temporal_cue_then_blank,one_hot,0,lin_sequence_front_bands_r1_l4,1,4,4,front_bands,6,0.23484848484848483,0.02731478238987871,0.44166666666666665,0.0650854139658888,nan,0.0
torus_lattice,locally_metric_periodic,metric_landmark,gaussian_sensory,temporal_cue_then_blank,one_hot,0,lin_sequence_front_bands_r1_l8,1,8,8,front_bands,6,0.3106060606060606,0.04135558807259449,0.25,0.040824829046386304,nan,0.0
torus_lattice,locally_metric_periodic,metric_landmark,gaussian_sensory,temporal_cue_then_blank,one_hot,0,lin_sequence_front_bands_r3_l2,3,2,4,front_bands,6,0.24242424242424243,0.03455077045754964,0.34166666666666673,0.04549114687985394,nan,0.0
torus_lattice,locally_metric_periodic,metric_landmark,gaussian_sensory,temporal_cue_then_blank,one_hot,0,lin_sequence_front_bands_r3_l4,3,4,6,front_bands,6,0.25757575757575757,0.03455077045754964,0.31666666666666665,0.06009252125773315,nan,0.0
torus_lattice,locally_metric_periodic,metric_landmark,gaussian_sensory,temporal_cue_then_blank,one_hot,0,lin_sequence_front_bands_r3_l8,3,8,10,front_bands,6,0.29545454545454547,0.03664662612862977,0.39166666666666666,0.06635343079131462,nan,0.0
torus_lattice,locally_metric_periodic,metric_landmark,gaussian_sensory,temporal_cue_then_blank,one_hot,0,lin_sequence_front_bands_r5_l2,5,2,6,front_bands,6,0.2196969696969697,0.04608153432044106,0.3499999999999999,0.0447213595499958,nan,0.0
torus_lattice,locally_metric_periodic,metric_landmark,gaussian_sensory,temporal_cue_then_blank,one_hot,0,lin_sequence_front_bands_r5_l4,5,4,8,front_bands,6,0.26515151515151514,0.03404879553673369,0.375,0.04958158260214507,nan,0.0
torus_lattice,locally_metric_periodic,metric_landmark,gaussian_sensory,temporal_cue_then_blank,one_hot,0,lin_sequence_front_bands_r5_l8,5,8,12,front_bands,6,0.25757575757575757,0.03648968054179484,0.26666666666666666,0.04013864859597432,nan,0.0
torus_lattice,locally_metric_periodic,metric_landmark,gaussian_sensory,temporal_dropout,one_hot,0,lin_sequence_all_units_r3_l4,3,4,6,all_units,6,0.28030303030303033,0.031962156226862104,0.24166666666666667,0.030046260628866575,nan,0.0
torus_lattice,locally_metric_periodic,metric_landmark,gaussian_sensory,temporal_dropout,one_hot,0,lin_sequence_front_bands_r1_l2,1,2,2,front_bands,6,0.22727272727272727,0.0165976532577323,0.3,0.05163977794943224,nan,0.0
torus_lattice,locally_metric_periodic,metric_landmark,gaussian_sensory,temporal_dropout,one_hot,0,lin_sequence_front_bands_r1_l4,1,4,4,front_bands,6,0.28030303030303033,0.031962156226862104,0.19999999999999998,0.025819888974716113,nan,0.0
torus_lattice,locally_metric_periodic,metric_landmark,gaussian_sensory,temporal_dropout,one_hot,0,lin_sequence_front_bands_r1_l8,1,8,8,front_bands,6,0.3181818181818182,0.028747978728803452,0.3583333333333334,0.03270236145058098,nan,0.0
torus_lattice,locally_metric_periodic,metric_landmark,gaussian_sensory,temporal_dropout,one_hot,0,lin_sequence_front_bands_r3_l2,3,2,4,front_bands,6,0.28787878787878785,0.02793801350694814,0.325,0.03593976442141305,nan,0.0
torus_lattice,locally_metric_periodic,metric_landmark,gaussian_sensory,temporal_dropout,one_hot,0,lin_sequence_front_bands_r3_l4,3,4,6,front_bands,6,0.356060606060606,0.04608153432044106,0.3166666666666667,0.040138648595974324,nan,0.0
torus_lattice,locally_metric_periodic,metric_landmark,gaussian_sensory,temporal_dropout,one_hot,0,lin_sequence_front_bands_r3_l8,3,8,10,front_bands,6,0.356060606060606,0.05171529747235157,0.39999999999999997,0.0483045891539648,nan,0.0
torus_lattice,locally_metric_periodic,metric_landmark,gaussian_sensory,temporal_dropout,one_hot,0,lin_sequence_front_bands_r5_l2,5,2,6,front_bands,6,0.2727272727272727,0.038924947208076155,0.2916666666666667,0.030046260628866582,nan,0.0
torus_lattice,locally_metric_periodic,metric_landmark,gaussian_sensory,temporal_dropout,one_hot,0,lin_sequence_front_bands_r5_l4,5,4,8,front_bands,6,0.32575757575757575,0.02169366827769145,0.35833333333333334,0.06247221604663771,nan,0.0
torus_lattice,locally_metric_periodic,metric_landmark,gaussian_sensory,temporal_dropout,one_hot,0,lin_sequence_front_bands_r5_l8,5,8,12,front_bands,6,0.27272727272727276,0.04391326286724073,0.31666666666666665,0.04216370213557839,nan,0.0
torus_lattice,locally_metric_periodic,metric_landmark,gaussian_sensory,temporal_full,one_hot,0,lin_sequence_all_units_r3_l4,3,4,6,all_units,6,0.16666666666666666,0.03249637968110185,0.325,0.058807595881257835,nan,0.0
torus_lattice,locally_metric_periodic,metric_landmark,gaussian_sensory,temporal_full,one_hot,0,lin_sequence_front_bands_r1_l2,1,2,2,front_bands,6,0.24242424242424243,0.04008714107673623,0.22499999999999998,0.04232808366400098,nan,0.0
torus_lattice,locally_metric_periodic,metric_landmark,gaussian_sensory,temporal_full,one_hot,0,lin_sequence_front_bands_r1_l4,1,4,4,front_bands,6,0.23484848484848483,0.03965531008576486,0.3416666666666666,0.06247221604663772,nan,0.0
torus_lattice,locally_metric_periodic,metric_landmark,gaussian_sensory,temporal_full,one_hot,0,lin_sequence_front_bands_r1_l8,1,8,8,front_bands,6,0.25757575757575757,0.041769844703303714,0.375,0.06157651067303723,nan,0.0
torus_lattice,locally_metric_periodic,metric_landmark,gaussian_sensory,temporal_full,one_hot,0,lin_sequence_front_bands_r3_l2,3,2,4,front_bands,6,0.24242424242424243,0.05204716374944748,0.4666666666666666,0.052704627669473,nan,0.0
torus_lattice,locally_metric_periodic,metric_landmark,gaussian_sensory,temporal_full,one_hot,0,lin_sequence_front_bands_r3_l4,3,4,6,front_bands,6,0.19696969696969693,0.03249637968110184,0.26666666666666666,0.057251880124392224,nan,0.0
torus_lattice,locally_metric_periodic,metric_landmark,gaussian_sensory,temporal_full,one_hot,0,lin_sequence_front_bands_r3_l8,3,8,10,front_bands,6,0.3181818181818182,0.02624319405407391,0.35833333333333334,0.04362084109434134,nan,0.0
torus_lattice,locally_metric_periodic,metric_landmark,gaussian_sensory,temporal_full,one_hot,0,lin_sequence_front_bands_r5_l2,5,2,6,front_bands,6,0.25757575757575757,0.0433873365553829,0.4166666666666667,0.0421637021355784,nan,0.0
torus_lattice,locally_metric_periodic,metric_landmark,gaussian_sensory,temporal_full,one_hot,0,lin_sequence_front_bands_r5_l4,5,4,8,front_bands,6,0.21212121212121207,0.03648968054179484,0.375,0.07041543391425871,nan,0.0
torus_lattice,locally_metric_periodic,metric_landmark,gaussian_sensory,temporal_full,one_hot,0,lin_sequence_front_bands_r5_l8,5,8,12,front_bands,6,0.3636363636363636,0.04694525268130203,0.35833333333333334,0.04166666666666667,nan,0.0
torus_lattice,locally_metric_periodic,metric_landmark,hybrid,temporal_cue_then_blank,one_hot,0,lin_sequence_all_units_r3_l4,3,4,6,all_units,6,0.25757575757575757,0.030303030303030307,0.25,0.053229064742237715,nan,0.0
torus_lattice,locally_metric_periodic,metric_landmark,hybrid,temporal_cue_then_blank,one_hot,0,lin_sequence_front_bands_r1_l2,1,2,2,front_bands,6,0.2803030303030303,0.02169366827769145,0.2583333333333333,0.03270236145058097,nan,0.0
torus_lattice,locally_metric_periodic,metric_landmark,hybrid,temporal_cue_then_blank,one_hot,0,lin_sequence_front_bands_r1_l4,1,4,4,front_bands,6,0.21212121212121213,0.02793801350694814,0.375,0.058807595881257835,nan,0.0
torus_lattice,locally_metric_periodic,metric_landmark,hybrid,temporal_cue_then_blank,one_hot,0,lin_sequence_front_bands_r1_l8,1,8,8,front_bands,6,0.27272727272727276,0.031051365957453333,0.3833333333333333,0.05109903238918631,nan,0.0
torus_lattice,locally_metric_periodic,metric_landmark,hybrid,temporal_cue_then_blank,one_hot,0,lin_sequence_front_bands_r3_l2,3,2,4,front_bands,6,0.25,0.01016394535227177,0.3166666666666667,0.06912147117775906,nan,0.0
torus_lattice,locally_metric_periodic,metric_landmark,hybrid,temporal_cue_then_blank,one_hot,0,lin_sequence_front_bands_r3_l4,3,4,6,front_bands,6,0.23484848484848483,0.04135558807259449,0.3083333333333333,0.04362084109434134,nan,0.0
torus_lattice,locally_metric_periodic,metric_landmark,hybrid,temporal_cue_then_blank,one_hot,0,lin_sequence_front_bands_r3_l8,3,8,10,front_bands,6,0.3181818181818182,0.016597653257732315,0.325,0.054390562906935745,nan,0.0
torus_lattice,locally_metric_periodic,metric_landmark,hybrid,temporal_cue_then_blank,one_hot,0,lin_sequence_front_bands_r5_l2,5,2,6,front_bands,6,0.22727272727272727,0.033195306515464616,0.325,0.0761030003788725,nan,0.0
torus_lattice,locally_metric_periodic,metric_landmark,hybrid,temporal_cue_then_blank,one_hot,0,lin_sequence_front_bands_r5_l4,5,4,8,front_bands,6,0.24999999999999997,0.055978646066397485,0.375,0.04425306015783918,nan,0.0
torus_lattice,locally_metric_periodic,metric_landmark,hybrid,temporal_cue_then_blank,one_hot,0,lin_sequence_front_bands_r5_l8,5,8,12,front_bands,6,0.2424242424242424,0.036489680541794835,0.26666666666666666,0.04409585518440985,nan,0.0
torus_lattice,locally_metric_periodic,metric_landmark,hybrid,temporal_dropout,one_hot,0,lin_sequence_all_units_r3_l4,3,4,6,all_units,6,0.2196969696969697,0.024664879691060158,0.26666666666666666,0.055777335102271716,nan,0.0
torus_lattice,locally_metric_periodic,metric_landmark,hybrid,temporal_dropout,one_hot,0,lin_sequence_front_bands_r1_l2,1,2,2,front_bands,6,0.24242424242424243,0.025353334137396228,0.27499999999999997,0.03095695936834452,nan,0.0
torus_lattice,locally_metric_periodic,metric_landmark,hybrid,temporal_dropout,one_hot,0,lin_sequence_front_bands_r1_l4,1,4,4,front_bands,6,0.2196969696969697,0.021693668277691442,0.17500000000000002,0.03354101966249684,nan,0.0
torus_lattice,locally_metric_periodic,metric_landmark,hybrid,temporal_dropout,one_hot,0,lin_sequence_front_bands_r1_l8,1,8,8,front_bands,6,0.2878787878787879,0.027938013506948155,0.3333333333333333,0.04772607021092118,nan,0.0
torus_lattice,locally_metric_periodic,metric_landmark,hybrid,temporal_dropout,one_hot,0,lin_sequence_front_bands_r3_l2,3,2,4,front_bands,6,0.19696969696969693,0.044946657497549475,0.3,0.0670820393249937,nan,0.0
torus_lattice,locally_metric_periodic,metric_landmark,hybrid,temporal_dropout,one_hot,0,lin_sequence_front_bands_r3_l4,3,4,6,front_bands,6,0.20454545454545456,0.030491836056815318,0.3416666666666666,0.023863035105460593,nan,0.0
torus_lattice,locally_metric_periodic,metric_landmark,hybrid,temporal_dropout,one_hot,0,lin_sequence_front_bands_r3_l8,3,8,10,front_bands,6,0.26515151515151514,0.05431347978465128,0.31666666666666665,0.040138648595974324,nan,0.0
torus_lattice,locally_metric_periodic,metric_landmark,hybrid,temporal_dropout,one_hot,0,lin_sequence_front_bands_r5_l2,5,2,6,front_bands,6,0.25757575757575757,0.03249637968110185,0.3833333333333333,0.03333333333333334,nan,0.0
torus_lattice,locally_metric_periodic,metric_landmark,hybrid,temporal_dropout,one_hot,0,lin_sequence_front_bands_r5_l4,5,4,8,front_bands,6,0.16666666666666666,0.03833063830507126,0.2833333333333334,0.08027729719194865,nan,0.0
torus_lattice,locally_metric_periodic,metric_landmark,hybrid,temporal_dropout,one_hot,0,lin_sequence_front_bands_r5_l8,5,8,12,front_bands,6,0.2575757575757576,0.044946657497549475,0.2333333333333333,0.03073181485764296,nan,0.0
torus_lattice,locally_metric_periodic,metric_landmark,hybrid,temporal_full,one_hot,0,lin_sequence_all_units_r3_l4,3,4,6,all_units,6,0.2196969696969697,0.03601474037577187,0.39999999999999997,0.051639777949432225,nan,0.0
torus_lattice,locally_metric_periodic,metric_landmark,hybrid,temporal_full,one_hot,0,lin_sequence_front_bands_r1_l2,1,2,2,front_bands,6,0.24242424242424246,0.038330638305071274,0.26666666666666666,0.06540472290116195,nan,0.0
torus_lattice,locally_metric_periodic,metric_landmark,hybrid,temporal_full,one_hot,0,lin_sequence_front_bands_r1_l4,1,4,4,front_bands,6,0.24242424242424243,0.0433873365553829,0.3666666666666667,0.03333333333333334,nan,0.0
torus_lattice,locally_metric_periodic,metric_landmark,hybrid,temporal_full,one_hot,0,lin_sequence_front_bands_r1_l8,1,8,8,front_bands,6,0.27272727272727276,0.031051365957453333,0.32499999999999996,0.02500000000000001,nan,0.0
torus_lattice,locally_metric_periodic,metric_landmark,hybrid,temporal_full,one_hot,0,lin_sequence_front_bands_r3_l2,3,2,4,front_bands,6,0.2196969696969697,0.04135558807259449,0.30833333333333335,0.05230784942158406,nan,0.0
torus_lattice,locally_metric_periodic,metric_landmark,hybrid,temporal_full,one_hot,0,lin_sequence_front_bands_r3_l4,3,4,6,front_bands,6,0.23484848484848486,0.04135558807259449,0.4000000000000001,0.06055300708194985,nan,0.0
torus_lattice,locally_metric_periodic,metric_landmark,hybrid,temporal_full,one_hot,0,lin_sequence_front_bands_r3_l8,3,8,10,front_bands,6,0.24242424242424243,0.03455077045754964,0.42500000000000004,0.0692218655243173,nan,0.0
torus_lattice,locally_metric_periodic,metric_landmark,hybrid,temporal_full,one_hot,0,lin_sequence_front_bands_r5_l2,5,2,6,front_bands,6,0.21212121212121213,0.030303030303030307,0.3583333333333334,0.05387743291748206,nan,0.0
torus_lattice,locally_metric_periodic,metric_landmark,hybrid,temporal_full,one_hot,0,lin_sequence_front_bands_r5_l4,5,4,8,front_bands,6,0.23484848484848483,0.05431347978465128,0.425,0.05283622494715787,nan,0.0
torus_lattice,locally_metric_periodic,metric_landmark,hybrid,temporal_full,one_hot,0,lin_sequence_front_bands_r5_l8,5,8,12,front_bands,6,0.27272727272727276,0.028747978728803452,0.2833333333333333,0.05725188012439224,nan,0.0
torus_lattice,locally_metric_periodic,metric_landmark,sparse_aliased,temporal_cue_then_blank,one_hot,0,lin_sequence_all_units_r3_l4,3,4,6,all_units,6,0.18939393939393936,0.021693668277691442,0.30833333333333335,0.04362084109434134,nan,0.0
torus_lattice,locally_metric_periodic,metric_landmark,sparse_aliased,temporal_cue_then_blank,one_hot,0,lin_sequence_front_bands_r1_l2,1,2,2,front_bands,6,0.3333333333333333,0.03455077045754964,0.19999999999999996,0.03415650255319866,nan,0.0
torus_lattice,locally_metric_periodic,metric_landmark,sparse_aliased,temporal_cue_then_blank,one_hot,0,lin_sequence_front_bands_r1_l4,1,4,4,front_bands,6,0.2878787878787879,0.02535333413739623,0.25,0.05773502691896258,nan,0.0
torus_lattice,locally_metric_periodic,metric_landmark,sparse_aliased,temporal_cue_then_blank,one_hot,0,lin_sequence_front_bands_r1_l8,1,8,8,front_bands,6,0.26515151515151514,0.01824484027089742,0.30833333333333335,0.03515837184954832,nan,0.0
torus_lattice,locally_metric_periodic,metric_landmark,sparse_aliased,temporal_cue_then_blank,one_hot,0,lin_sequence_front_bands_r3_l2,3,2,4,front_bands,6,0.25,0.02557870153959717,0.30833333333333335,0.015365907428821476,nan,0.0
torus_lattice,locally_metric_periodic,metric_landmark,sparse_aliased,temporal_cue_then_blank,one_hot,0,lin_sequence_front_bands_r3_l4,3,4,6,front_bands,6,0.2272727272727273,0.026243194054073903,0.3666666666666667,0.03574601764921203,nan,0.0
torus_lattice,locally_metric_periodic,metric_landmark,sparse_aliased,temporal_cue_then_blank,one_hot,0,lin_sequence_front_bands_r3_l8,3,8,10,front_bands,6,0.30303030303030304,0.027938013506948155,0.325,0.05590169943749474,nan,0.0
torus_lattice,locally_metric_periodic,metric_landmark,sparse_aliased,temporal_cue_then_blank,one_hot,0,lin_sequence_front_bands_r5_l2,5,2,6,front_bands,6,0.2424242424242424,0.02535333413739623,0.4083333333333334,0.05230784942158406,nan,0.0
torus_lattice,locally_metric_periodic,metric_landmark,sparse_aliased,temporal_cue_then_blank,one_hot,0,lin_sequence_front_bands_r5_l4,5,4,8,front_bands,6,0.196969696969697,0.025353334137396228,0.3083333333333333,0.08207381501496755,nan,0.0
torus_lattice,locally_metric_periodic,metric_landmark,sparse_aliased,temporal_cue_then_blank,one_hot,0,lin_sequence_front_bands_r5_l8,5,8,12,front_bands,6,0.25,0.01016394535227177,0.27499999999999997,0.028136571693556885,nan,0.0
torus_lattice,locally_metric_periodic,metric_landmark,sparse_aliased,temporal_dropout,one_hot,0,lin_sequence_all_units_r3_l4,3,4,6,all_units,6,0.15151515151515152,0.019165319152535634,0.26666666666666666,0.027888667551135848,nan,0.0
torus_lattice,locally_metric_periodic,metric_landmark,sparse_aliased,temporal_dropout,one_hot,0,lin_sequence_front_bands_r1_l2,1,2,2,front_bands,6,0.11363636363636365,0.028142690334858653,0.2833333333333333,0.05109903238918631,nan,0.0
torus_lattice,locally_metric_periodic,metric_landmark,sparse_aliased,temporal_dropout,one_hot,0,lin_sequence_front_bands_r1_l4,1,4,4,front_bands,6,0.2196969696969697,0.0319621562268621,0.36666666666666664,0.03333333333333334,nan,0.0
torus_lattice,locally_metric_periodic,metric_landmark,sparse_aliased,temporal_dropout,one_hot,0,lin_sequence_front_bands_r1_l8,1,8,8,front_bands,6,0.16666666666666666,0.02535333413739623,0.4083333333333334,0.04166666666666667,nan,0.0
torus_lattice,locally_metric_periodic,metric_landmark,sparse_aliased,temporal_dropout,one_hot,0,lin_sequence_front_bands_r3_l2,3,2,4,front_bands,6,0.17424242424242423,0.02466487969106016,0.3333333333333333,0.04944132324730443,nan,0.0
torus_lattice,locally_metric_periodic,metric_landmark,sparse_aliased,temporal_dropout,one_hot,0,lin_sequence_front_bands_r3_l4,3,4,6,front_bands,6,0.17424242424242423,0.04298866957306397,0.32499999999999996,0.028136571693556895,nan,0.0
torus_lattice,locally_metric_periodic,metric_landmark,sparse_aliased,temporal_dropout,one_hot,0,lin_sequence_front_bands_r3_l8,3,8,10,front_bands,6,0.21969696969696972,0.018244840270897414,0.3416666666666666,0.06247221604663771,nan,0.0
torus_lattice,locally_metric_periodic,metric_landmark,sparse_aliased,temporal_dropout,one_hot,0,lin_sequence_front_bands_r5_l2,5,2,6,front_bands,6,0.12878787878787878,0.01824484027089742,0.24166666666666667,0.05540256712864886,nan,0.0
torus_lattice,locally_metric_periodic,metric_landmark,sparse_aliased,temporal_dropout,one_hot,0,lin_sequence_front_bands_r5_l4,5,4,8,front_bands,6,0.1818181818181818,0.020327890704543546,0.35000000000000003,0.0483045891539648,nan,0.0
torus_lattice,locally_metric_periodic,metric_landmark,sparse_aliased,temporal_dropout,one_hot,0,lin_sequence_front_bands_r5_l8,5,8,12,front_bands,6,0.25757575757575757,0.0464536658083512,0.3,0.038729833462074176,nan,0.0
torus_lattice,locally_metric_periodic,metric_landmark,sparse_aliased,temporal_full,one_hot,0,lin_sequence_all_units_r3_l4,3,4,6,all_units,6,0.23484848484848486,0.02731478238987871,0.3416666666666666,0.07236097782030805,nan,0.0
torus_lattice,locally_metric_periodic,metric_landmark,sparse_aliased,temporal_full,one_hot,0,lin_sequence_front_bands_r1_l2,1,2,2,front_bands,6,0.2803030303030303,0.03404879553673369,0.35833333333333334,0.06881940940687527,nan,0.0
torus_lattice,locally_metric_periodic,metric_landmark,sparse_aliased,temporal_full,one_hot,0,lin_sequence_front_bands_r1_l4,1,4,4,front_bands,6,0.21969696969696972,0.01824484027089741,0.3,0.07416198487095664,nan,0.0
torus_lattice,locally_metric_periodic,metric_landmark,sparse_aliased,temporal_full,one_hot,0,lin_sequence_front_bands_r1_l8,1,8,8,front_bands,6,0.25,0.043519413988924456,0.3416666666666666,0.07236097782030804,nan,0.0
torus_lattice,locally_metric_periodic,metric_landmark,sparse_aliased,temporal_full,one_hot,0,lin_sequence_front_bands_r3_l2,3,2,4,front_bands,6,0.25757575757575757,0.03249637968110185,0.325,0.054390562906935745,nan,0.0
torus_lattice,locally_metric_periodic,metric_landmark,sparse_aliased,temporal_full,one_hot,0,lin_sequence_front_bands_r3_l4,3,4,6,front_bands,6,0.21212121212121207,0.049329759382120336,0.2833333333333333,0.055777335102271716,nan,0.0
torus_lattice,locally_metric_periodic,metric_landmark,sparse_aliased,temporal_full,one_hot,0,lin_sequence_front_bands_r3_l8,3,8,10,front_bands,6,0.25757575757575757,0.02535333413739623,0.4000000000000001,0.07527726527090811,nan,0.0
torus_lattice,locally_metric_periodic,metric_landmark,sparse_aliased,temporal_full,one_hot,0,lin_sequence_front_bands_r5_l2,5,2,6,front_bands,6,0.196969696969697,0.059458839001056314,0.26666666666666666,0.03073181485764296,nan,0.0
torus_lattice,locally_metric_periodic,metric_landmark,sparse_aliased,temporal_full,one_hot,0,lin_sequence_front_bands_r5_l4,5,4,8,front_bands,6,0.18939393939393936,0.04298866957306397,0.2916666666666667,0.06247221604663771,nan,0.0
torus_lattice,locally_metric_periodic,metric_landmark,sparse_aliased,temporal_full,one_hot,0,lin_sequence_front_bands_r5_l8,5,8,12,front_bands,6,0.25757575757575757,0.022473328748774737,0.24166666666666667,0.02713136766016617,nan,0.0
torus_lattice,locally_metric_periodic,metric_landmark,vector,temporal_cue_then_blank,one_hot,0,lin_sequence_all_units_r3_l4,3,4,6,all_units,6,0.29545454545454547,0.028142690334858656,0.3,0.046547466812563144,nan,0.0
torus_lattice,locally_metric_periodic,metric_landmark,vector,temporal_cue_then_blank,one_hot,0,lin_sequence_front_bands_r1_l2,1,2,2,front_bands,6,0.2878787878787879,0.047913297881339086,0.2833333333333334,0.03333333333333333,nan,0.0
torus_lattice,locally_metric_periodic,metric_landmark,vector,temporal_cue_then_blank,one_hot,0,lin_sequence_front_bands_r1_l4,1,4,4,front_bands,6,0.3106060606060606,0.024664879691060168,0.3,0.05627314338711379,nan,0.0
torus_lattice,locally_metric_periodic,metric_landmark,vector,temporal_cue_then_blank,one_hot,0,lin_sequence_front_bands_r1_l8,1,8,8,front_bands,6,0.29545454545454547,0.01946247360403808,0.3833333333333333,0.04772607021092118,nan,0.0
torus_lattice,locally_metric_periodic,metric_landmark,vector,temporal_cue_then_blank,one_hot,0,lin_sequence_front_bands_r3_l2,3,2,4,front_bands,6,0.2727272727272727,0.023472626340651014,0.3833333333333333,0.08232726023485647,nan,0.0
torus_lattice,locally_metric_periodic,metric_landmark,vector,temporal_cue_then_blank,one_hot,0,lin_sequence_front_bands_r3_l4,3,4,6,front_bands,6,0.26515151515151514,0.021693668277691446,0.3,0.03651483716701107,nan,0.0
torus_lattice,locally_metric_periodic,metric_landmark,vector,temporal_cue_then_blank,one_hot,0,lin_sequence_front_bands_r3_l8,3,8,10,front_bands,6,0.3106060606060606,0.027314782389878712,0.31666666666666665,0.052704627669473,nan,0.0
torus_lattice,locally_metric_periodic,metric_landmark,vector,temporal_cue_then_blank,one_hot,0,lin_sequence_front_bands_r5_l2,5,2,6,front_bands,6,0.25757575757575757,0.02535333413739623,0.30833333333333335,0.07350359023733315,nan,0.0
torus_lattice,locally_metric_periodic,metric_landmark,vector,temporal_cue_then_blank,one_hot,0,lin_sequence_front_bands_r5_l4,5,4,8,front_bands,6,0.34848484848484845,0.04008714107673623,0.4583333333333333,0.04362084109434134,nan,0.0
torus_lattice,locally_metric_periodic,metric_landmark,vector,temporal_cue_then_blank,one_hot,0,lin_sequence_front_bands_r5_l8,5,8,12,front_bands,6,0.29545454545454547,0.02557870153959718,0.39166666666666666,0.0637921973633488,nan,0.0
torus_lattice,locally_metric_periodic,metric_landmark,vector,temporal_dropout,one_hot,0,lin_sequence_all_units_r3_l4,3,4,6,all_units,6,0.30303030303030304,0.015151515151515159,0.3833333333333333,0.05868938953886338,nan,0.0
torus_lattice,locally_metric_periodic,metric_landmark,vector,temporal_dropout,one_hot,0,lin_sequence_front_bands_r1_l2,1,2,2,front_bands,6,0.29545454545454547,0.041907020260422215,0.21666666666666667,0.044095855184409845,nan,0.0
torus_lattice,locally_metric_periodic,metric_landmark,vector,temporal_dropout,one_hot,0,lin_sequence_front_bands_r1_l4,1,4,4,front_bands,6,0.28030303030303033,0.029729419500528164,0.3166666666666667,0.05725188012439224,nan,0.0
torus_lattice,locally_metric_periodic,metric_landmark,vector,temporal_dropout,one_hot,0,lin_sequence_front_bands_r1_l8,1,8,8,front_bands,6,0.28787878787878785,0.015151515151515154,0.35833333333333334,0.07001983845866669,nan,0.0
torus_lattice,locally_metric_periodic,metric_landmark,vector,temporal_dropout,one_hot,0,lin_sequence_front_bands_r3_l2,3,2,4,front_bands,6,0.303030303030303,0.015151515151515159,0.3416666666666666,0.06759766596891083,nan,0.0
torus_lattice,locally_metric_periodic,metric_landmark,vector,temporal_dropout,one_hot,0,lin_sequence_front_bands_r3_l4,3,4,6,front_bands,6,0.29545454545454547,0.032672513110375494,0.3666666666666667,0.021081851067789203,nan,0.0
torus_lattice,locally_metric_periodic,metric_landmark,vector,temporal_dropout,one_hot,0,lin_sequence_front_bands_r3_l8,3,8,10,front_bands,6,0.27272727272727276,0.033195306515464616,0.4000000000000001,0.0695221787153807,nan,0.0
torus_lattice,locally_metric_periodic,metric_landmark,vector,temporal_dropout,one_hot,0,lin_sequence_front_bands_r5_l2,5,2,6,front_bands,6,0.25757575757575757,0.02793801350694814,0.3666666666666667,0.06666666666666667,nan,0.0
torus_lattice,locally_metric_periodic,metric_landmark,vector,temporal_dropout,one_hot,0,lin_sequence_front_bands_r5_l4,5,4,8,front_bands,6,0.24242424242424243,0.038330638305071274,0.2916666666666667,0.02386303510546059,nan,0.0
torus_lattice,locally_metric_periodic,metric_landmark,vector,temporal_dropout,one_hot,0,lin_sequence_front_bands_r5_l8,5,8,12,front_bands,6,0.3106060606060606,0.027314782389878712,0.3666666666666667,0.0380058475033046,nan,0.0
torus_lattice,locally_metric_periodic,metric_landmark,vector,temporal_full,one_hot,0,lin_sequence_all_units_r3_l4,3,4,6,all_units,6,0.30303030303030304,0.054629564779757424,0.3833333333333333,0.055777335102271716,nan,0.0
torus_lattice,locally_metric_periodic,metric_landmark,vector,temporal_full,one_hot,0,lin_sequence_front_bands_r1_l2,1,2,2,front_bands,6,0.30303030303030304,0.01916531915253564,0.25833333333333336,0.053877432917482045,nan,0.0
torus_lattice,locally_metric_periodic,metric_landmark,vector,temporal_full,one_hot,0,lin_sequence_front_bands_r1_l4,1,4,4,front_bands,6,0.3106060606060606,0.029729419500528164,0.25833333333333336,0.037453675090407056,nan,0.0
torus_lattice,locally_metric_periodic,metric_landmark,vector,temporal_full,one_hot,0,lin_sequence_front_bands_r1_l8,1,8,8,front_bands,6,0.3181818181818182,0.023472626340651018,0.3333333333333333,0.03574601764921203,nan,0.0
torus_lattice,locally_metric_periodic,metric_landmark,vector,temporal_full,one_hot,0,lin_sequence_front_bands_r3_l2,3,2,4,front_bands,6,0.3181818181818182,0.016597653257732315,0.3666666666666667,0.0726483157256779,nan,0.0
torus_lattice,locally_metric_periodic,metric_landmark,vector,temporal_full,one_hot,0,lin_sequence_front_bands_r3_l4,3,4,6,front_bands,6,0.25,0.04803293177014352,0.34166666666666673,0.03745367509040706,nan,0.0
torus_lattice,locally_metric_periodic,metric_landmark,vector,temporal_full,one_hot,0,lin_sequence_front_bands_r3_l8,3,8,10,front_bands,6,0.3181818181818182,0.045454545454545456,0.325,0.02813657169355689,nan,0.0
torus_lattice,locally_metric_periodic,metric_landmark,vector,temporal_full,one_hot,0,lin_sequence_front_bands_r5_l2,5,2,6,front_bands,6,0.303030303030303,0.05204716374944749,0.375,0.051234753829797995,nan,0.0
torus_lattice,locally_metric_periodic,metric_landmark,vector,temporal_full,one_hot,0,lin_sequence_front_bands_r5_l4,5,4,8,front_bands,6,0.3106060606060606,0.04298866957306397,0.34166666666666673,0.039616214413349046,nan,0.0
torus_lattice,locally_metric_periodic,metric_landmark,vector,temporal_full,one_hot,0,lin_sequence_front_bands_r5_l8,5,8,12,front_bands,6,0.2727272727272727,0.011736313170325507,0.325,0.04958158260214506,nan,0.0
tree,hierarchical_branching,tree,egocentric_landmark,temporal_cue_then_blank,one_hot,0,lin_sequence_all_units_r3_l4,3,4,6,all_units,6,0.9666666666666667,0.0049690399499995146,0.008333333333333333,0.008333333333333335,nan,0.0
tree,hierarchical_branching,tree,egocentric_landmark,temporal_cue_then_blank,one_hot,0,lin_sequence_front_bands_r1_l2,1,2,2,front_bands,6,0.9592592592592593,0.008919699687994284,0.0,0.0,nan,0.0
tree,hierarchical_branching,tree,egocentric_landmark,temporal_cue_then_blank,one_hot,0,lin_sequence_front_bands_r1_l4,1,4,4,front_bands,6,0.9666666666666667,0.0049690399499995146,0.016666666666666666,0.01666666666666667,nan,0.0
tree,hierarchical_branching,tree,egocentric_landmark,temporal_cue_then_blank,one_hot,0,lin_sequence_front_bands_r1_l8,1,8,8,front_bands,6,0.9666666666666667,0.0049690399499995146,0.0,0.0,nan,0.0
tree,hierarchical_branching,tree,egocentric_landmark,temporal_cue_then_blank,one_hot,0,lin_sequence_front_bands_r3_l2,3,2,4,front_bands,6,0.9666666666666667,0.0049690399499995146,0.016666666666666666,0.010540925533894598,nan,0.0
tree,hierarchical_branching,tree,egocentric_landmark,temporal_cue_then_blank,one_hot,0,lin_sequence_front_bands_r3_l4,3,4,6,front_bands,6,0.9666666666666667,0.0049690399499995146,0.0,0.0,nan,0.0
tree,hierarchical_branching,tree,egocentric_landmark,temporal_cue_then_blank,one_hot,0,lin_sequence_front_bands_r3_l8,3,8,10,front_bands,6,0.9666666666666667,0.0049690399499995146,0.0,0.0,nan,0.0
tree,hierarchical_branching,tree,egocentric_landmark,temporal_cue_then_blank,one_hot,0,lin_sequence_front_bands_r5_l2,5,2,6,front_bands,6,0.9666666666666667,0.0049690399499995146,0.0,0.0,nan,0.0
tree,hierarchical_branching,tree,egocentric_landmark,temporal_cue_then_blank,one_hot,0,lin_sequence_front_bands_r5_l4,5,4,8,front_bands,6,0.9666666666666667,0.0049690399499995146,0.008333333333333333,0.008333333333333335,nan,0.0
tree,hierarchical_branching,tree,egocentric_landmark,temporal_cue_then_blank,one_hot,0,lin_sequence_front_bands_r5_l8,5,8,12,front_bands,6,0.9685185185185184,0.004459849843997131,0.0,0.0,nan,0.0
tree,hierarchical_branching,tree,egocentric_landmark,temporal_dropout,one_hot,0,lin_sequence_all_units_r3_l4,3,4,6,all_units,6,0.9703703703703703,0.0037037037037036913,0.0,0.0,nan,0.0
tree,hierarchical_branching,tree,egocentric_landmark,temporal_dropout,one_hot,0,lin_sequence_front_bands_r1_l2,1,2,2,front_bands,6,0.9666666666666667,0.0049690399499995146,0.0,0.0,nan,0.0
tree,hierarchical_branching,tree,egocentric_landmark,temporal_dropout,one_hot,0,lin_sequence_front_bands_r1_l4,1,4,4,front_bands,6,0.9666666666666667,0.0049690399499995146,0.0,0.0,nan,0.0
tree,hierarchical_branching,tree,egocentric_landmark,temporal_dropout,one_hot,0,lin_sequence_front_bands_r1_l8,1,8,8,front_bands,6,0.9722222222222222,0.0024845199749997573,0.0,0.0,nan,0.0
tree,hierarchical_branching,tree,egocentric_landmark,temporal_dropout,one_hot,0,lin_sequence_front_bands_r3_l2,3,2,4,front_bands,6,0.9666666666666667,0.0049690399499995146,0.0,0.0,nan,0.0
tree,hierarchical_branching,tree,egocentric_landmark,temporal_dropout,one_hot,0,lin_sequence_front_bands_r3_l4,3,4,6,front_bands,6,0.9703703703703703,0.0037037037037036913,0.0,0.0,nan,0.0
tree,hierarchical_branching,tree,egocentric_landmark,temporal_dropout,one_hot,0,lin_sequence_front_bands_r3_l8,3,8,10,front_bands,6,0.9722222222222222,0.0024845199749997573,0.008333333333333333,0.008333333333333335,nan,0.0
tree,hierarchical_branching,tree,egocentric_landmark,temporal_dropout,one_hot,0,lin_sequence_front_bands_r5_l2,5,2,6,front_bands,6,0.9703703703703703,0.0037037037037036913,0.0,0.0,nan,0.0
tree,hierarchical_branching,tree,egocentric_landmark,temporal_dropout,one_hot,0,lin_sequence_front_bands_r5_l4,5,4,8,front_bands,6,0.9722222222222222,0.0024845199749997573,0.0,0.0,nan,0.0
tree,hierarchical_branching,tree,egocentric_landmark,temporal_dropout,one_hot,0,lin_sequence_front_bands_r5_l8,5,8,12,front_bands,6,0.9722222222222222,0.0024845199749997573,0.0,0.0,nan,0.0
tree,hierarchical_branching,tree,egocentric_landmark,temporal_full,one_hot,0,lin_sequence_all_units_r3_l4,3,4,6,all_units,6,0.9685185185185184,0.004459849843997131,0.0,0.0,nan,0.0
tree,hierarchical_branching,tree,egocentric_landmark,temporal_full,one_hot,0,lin_sequence_front_bands_r1_l2,1,2,2,front_bands,6,0.9722222222222222,0.0024845199749997573,0.0,0.0,nan,0.0
tree,hierarchical_branching,tree,egocentric_landmark,temporal_full,one_hot,0,lin_sequence_front_bands_r1_l4,1,4,4,front_bands,6,0.9703703703703703,0.0037037037037036913,0.016666666666666666,0.010540925533894598,nan,0.0
tree,hierarchical_branching,tree,egocentric_landmark,temporal_full,one_hot,0,lin_sequence_front_bands_r1_l8,1,8,8,front_bands,6,0.9722222222222222,0.0024845199749997573,0.0,0.0,nan,0.0
tree,hierarchical_branching,tree,egocentric_landmark,temporal_full,one_hot,0,lin_sequence_front_bands_r3_l2,3,2,4,front_bands,6,0.9685185185185184,0.004459849843997131,0.0,0.0,nan,0.0
tree,hierarchical_branching,tree,egocentric_landmark,temporal_full,one_hot,0,lin_sequence_front_bands_r3_l4,3,4,6,front_bands,6,0.9703703703703703,0.0037037037037036913,0.008333333333333333,0.008333333333333335,nan,0.0
tree,hierarchical_branching,tree,egocentric_landmark,temporal_full,one_hot,0,lin_sequence_front_bands_r3_l8,3,8,10,front_bands,6,0.9722222222222222,0.0024845199749997573,0.0,0.0,nan,0.0
tree,hierarchical_branching,tree,egocentric_landmark,temporal_full,one_hot,0,lin_sequence_front_bands_r5_l2,5,2,6,front_bands,6,0.9666666666666667,0.0049690399499995146,0.008333333333333333,0.008333333333333335,nan,0.0
tree,hierarchical_branching,tree,egocentric_landmark,temporal_full,one_hot,0,lin_sequence_front_bands_r5_l4,5,4,8,front_bands,6,0.9703703703703703,0.0037037037037036913,0.008333333333333333,0.008333333333333335,nan,0.0
tree,hierarchical_branching,tree,egocentric_landmark,temporal_full,one_hot,0,lin_sequence_front_bands_r5_l8,5,8,12,front_bands,6,0.9722222222222222,0.0024845199749997573,0.008333333333333333,0.008333333333333335,nan,0.0
tree,hierarchical_branching,tree,gaussian_sensory,temporal_cue_then_blank,one_hot,0,lin_sequence_all_units_r3_l4,3,4,6,all_units,6,0.9666666666666667,0.0049690399499995146,0.0,0.0,nan,0.0
tree,hierarchical_branching,tree,gaussian_sensory,temporal_cue_then_blank,one_hot,0,lin_sequence_front_bands_r1_l2,1,2,2,front_bands,6,0.9555555555555556,0.011111111111111096,0.0,0.0,nan,0.0
tree,hierarchical_branching,tree,gaussian_sensory,temporal_cue_then_blank,one_hot,0,lin_sequence_front_bands_r1_l4,1,4,4,front_bands,6,0.9629629629629629,0.007407407407407398,0.0,0.0,nan,0.0
tree,hierarchical_branching,tree,gaussian_sensory,temporal_cue_then_blank,one_hot,0,lin_sequence_front_bands_r1_l8,1,8,8,front_bands,6,0.9722222222222222,0.0024845199749997573,0.0,0.0,nan,0.0
tree,hierarchical_branching,tree,gaussian_sensory,temporal_cue_then_blank,one_hot,0,lin_sequence_front_bands_r3_l2,3,2,4,front_bands,6,0.9666666666666667,0.0049690399499995146,0.0,0.0,nan,0.0
tree,hierarchical_branching,tree,gaussian_sensory,temporal_cue_then_blank,one_hot,0,lin_sequence_front_bands_r3_l4,3,4,6,front_bands,6,0.9666666666666667,0.0049690399499995146,0.0,0.0,nan,0.0
tree,hierarchical_branching,tree,gaussian_sensory,temporal_cue_then_blank,one_hot,0,lin_sequence_front_bands_r3_l8,3,8,10,front_bands,6,0.9685185185185184,0.004459849843997131,0.0,0.0,nan,0.0
tree,hierarchical_branching,tree,gaussian_sensory,temporal_cue_then_blank,one_hot,0,lin_sequence_front_bands_r5_l2,5,2,6,front_bands,6,0.9666666666666667,0.0049690399499995146,0.0,0.0,nan,0.0
tree,hierarchical_branching,tree,gaussian_sensory,temporal_cue_then_blank,one_hot,0,lin_sequence_front_bands_r5_l4,5,4,8,front_bands,6,0.9666666666666667,0.0049690399499995146,0.0,0.0,nan,0.0
tree,hierarchical_branching,tree,gaussian_sensory,temporal_cue_then_blank,one_hot,0,lin_sequence_front_bands_r5_l8,5,8,12,front_bands,6,0.9703703703703703,0.0037037037037036913,0.0,0.0,nan,0.0
tree,hierarchical_branching,tree,gaussian_sensory,temporal_dropout,one_hot,0,lin_sequence_all_units_r3_l4,3,4,6,all_units,6,0.9722222222222222,0.0024845199749997573,0.0,0.0,nan,0.0
tree,hierarchical_branching,tree,gaussian_sensory,temporal_dropout,one_hot,0,lin_sequence_front_bands_r1_l2,1,2,2,front_bands,6,0.9722222222222222,0.0024845199749997573,0.0,0.0,nan,0.0
tree,hierarchical_branching,tree,gaussian_sensory,temporal_dropout,one_hot,0,lin_sequence_front_bands_r1_l4,1,4,4,front_bands,6,0.9703703703703703,0.0023424278964210136,0.008333333333333333,0.008333333333333335,nan,0.0
tree,hierarchical_branching,tree,gaussian_sensory,temporal_dropout,one_hot,0,lin_sequence_front_bands_r1_l8,1,8,8,front_bands,6,0.9722222222222222,0.0024845199749997573,0.0,0.0,nan,0.0
tree,hierarchical_branching,tree,gaussian_sensory,temporal_dropout,one_hot,0,lin_sequence_front_bands_r3_l2,3,2,4,front_bands,6,0.9722222222222222,0.0024845199749997573,0.0,0.0,nan,0.0
tree,hierarchical_branching,tree,gaussian_sensory,temporal_dropout,one_hot,0,lin_sequence_front_bands_r3_l4,3,4,6,front_bands,6,0.9722222222222222,0.0024845199749997573,0.0,0.0,nan,0.0
tree,hierarchical_branching,tree,gaussian_sensory,temporal_dropout,one_hot,0,lin_sequence_front_bands_r3_l8,3,8,10,front_bands,6,0.9722222222222222,0.0024845199749997573,0.016666666666666666,0.010540925533894598,nan,0.0
tree,hierarchical_branching,tree,gaussian_sensory,temporal_dropout,one_hot,0,lin_sequence_front_bands_r5_l2,5,2,6,front_bands,6,0.9722222222222222,0.0024845199749997573,0.0,0.0,nan,0.0
tree,hierarchical_branching,tree,gaussian_sensory,temporal_dropout,one_hot,0,lin_sequence_front_bands_r5_l4,5,4,8,front_bands,6,0.9722222222222222,0.0024845199749997573,0.0,0.0,nan,0.0
tree,hierarchical_branching,tree,gaussian_sensory,temporal_dropout,one_hot,0,lin_sequence_front_bands_r5_l8,5,8,12,front_bands,6,0.9722222222222222,0.0024845199749997573,0.0,0.0,nan,0.0
tree,hierarchical_branching,tree,gaussian_sensory,temporal_full,one_hot,0,lin_sequence_all_units_r3_l4,3,4,6,all_units,6,0.9722222222222222,0.0024845199749997573,0.0,0.0,nan,0.0
tree,hierarchical_branching,tree,gaussian_sensory,temporal_full,one_hot,0,lin_sequence_front_bands_r1_l2,1,2,2,front_bands,6,0.9722222222222222,0.0024845199749997573,0.0,0.0,nan,0.0
tree,hierarchical_branching,tree,gaussian_sensory,temporal_full,one_hot,0,lin_sequence_front_bands_r1_l4,1,4,4,front_bands,6,0.9685185185185184,0.00341464609529365,0.0,0.0,nan,0.0
tree,hierarchical_branching,tree,gaussian_sensory,temporal_full,one_hot,0,lin_sequence_front_bands_r1_l8,1,8,8,front_bands,6,0.9722222222222222,0.0024845199749997573,0.0,0.0,nan,0.0
tree,hierarchical_branching,tree,gaussian_sensory,temporal_full,one_hot,0,lin_sequence_front_bands_r3_l2,3,2,4,front_bands,6,0.9722222222222222,0.0024845199749997573,0.0,0.0,nan,0.0
tree,hierarchical_branching,tree,gaussian_sensory,temporal_full,one_hot,0,lin_sequence_front_bands_r3_l4,3,4,6,front_bands,6,0.9703703703703703,0.0023424278964210136,0.0,0.0,nan,0.0
tree,hierarchical_branching,tree,gaussian_sensory,temporal_full,one_hot,0,lin_sequence_front_bands_r3_l8,3,8,10,front_bands,6,0.9722222222222222,0.0024845199749997573,0.008333333333333333,0.008333333333333335,nan,0.0
tree,hierarchical_branching,tree,gaussian_sensory,temporal_full,one_hot,0,lin_sequence_front_bands_r5_l2,5,2,6,front_bands,6,0.9722222222222222,0.0024845199749997573,0.0,0.0,nan,0.0
tree,hierarchical_branching,tree,gaussian_sensory,temporal_full,one_hot,0,lin_sequence_front_bands_r5_l4,5,4,8,front_bands,6,0.9722222222222222,0.0024845199749997573,0.0,0.0,nan,0.0
tree,hierarchical_branching,tree,gaussian_sensory,temporal_full,one_hot,0,lin_sequence_front_bands_r5_l8,5,8,12,front_bands,6,0.9722222222222222,0.0024845199749997573,0.008333333333333333,0.008333333333333335,nan,0.0
tree,hierarchical_branching,tree,hybrid,temporal_cue_then_blank,one_hot,0,lin_sequence_all_units_r3_l4,3,4,6,all_units,6,0.9666666666666667,0.0049690399499995146,0.0,0.0,nan,0.0
tree,hierarchical_branching,tree,hybrid,temporal_cue_then_blank,one_hot,0,lin_sequence_front_bands_r1_l2,1,2,2,front_bands,6,0.9629629629629629,0.007407407407407398,0.008333333333333333,0.008333333333333335,nan,0.0
tree,hierarchical_branching,tree,hybrid,temporal_cue_then_blank,one_hot,0,lin_sequence_front_bands_r1_l4,1,4,4,front_bands,6,0.9666666666666667,0.0049690399499995146,0.0,0.0,nan,0.0
tree,hierarchical_branching,tree,hybrid,temporal_cue_then_blank,one_hot,0,lin_sequence_front_bands_r1_l8,1,8,8,front_bands,6,0.9685185185185184,0.004459849843997131,0.016666666666666666,0.010540925533894598,nan,0.0
tree,hierarchical_branching,tree,hybrid,temporal_cue_then_blank,one_hot,0,lin_sequence_front_bands_r3_l2,3,2,4,front_bands,6,0.9666666666666667,0.0049690399499995146,0.008333333333333333,0.008333333333333335,nan,0.0
tree,hierarchical_branching,tree,hybrid,temporal_cue_then_blank,one_hot,0,lin_sequence_front_bands_r3_l4,3,4,6,front_bands,6,0.9666666666666667,0.0049690399499995146,0.0,0.0,nan,0.0
tree,hierarchical_branching,tree,hybrid,temporal_cue_then_blank,one_hot,0,lin_sequence_front_bands_r3_l8,3,8,10,front_bands,6,0.9666666666666667,0.0049690399499995146,0.0,0.0,nan,0.0
tree,hierarchical_branching,tree,hybrid,temporal_cue_then_blank,one_hot,0,lin_sequence_front_bands_r5_l2,5,2,6,front_bands,6,0.9666666666666667,0.0049690399499995146,0.0,0.0,nan,0.0
tree,hierarchical_branching,tree,hybrid,temporal_cue_then_blank,one_hot,0,lin_sequence_front_bands_r5_l4,5,4,8,front_bands,6,0.9666666666666667,0.0049690399499995146,0.008333333333333333,0.008333333333333335,nan,0.0
tree,hierarchical_branching,tree,hybrid,temporal_cue_then_blank,one_hot,0,lin_sequence_front_bands_r5_l8,5,8,12,front_bands,6,0.9703703703703703,0.0037037037037036913,0.025000000000000005,0.017078251276599336,nan,0.0
tree,hierarchical_branching,tree,hybrid,temporal_dropout,one_hot,0,lin_sequence_all_units_r3_l4,3,4,6,all_units,6,0.9722222222222222,0.0024845199749997573,0.0,0.0,nan,0.0
tree,hierarchical_branching,tree,hybrid,temporal_dropout,one_hot,0,lin_sequence_front_bands_r1_l2,1,2,2,front_bands,6,0.9648148148148148,0.00341464609529365,0.0,0.0,nan,0.0
tree,hierarchical_branching,tree,hybrid,temporal_dropout,one_hot,0,lin_sequence_front_bands_r1_l4,1,4,4,front_bands,6,0.9685185185185184,0.004459849843997131,0.0,0.0,nan,0.0
tree,hierarchical_branching,tree,hybrid,temporal_dropout,one_hot,0,lin_sequence_front_bands_r1_l8,1,8,8,front_bands,6,0.9722222222222222,0.0024845199749997573,0.0,0.0,nan,0.0
tree,hierarchical_branching,tree,hybrid,temporal_dropout,one_hot,0,lin_sequence_front_bands_r3_l2,3,2,4,front_bands,6,0.9722222222222222,0.0024845199749997573,0.0,0.0,nan,0.0
tree,hierarchical_branching,tree,hybrid,temporal_dropout,one_hot,0,lin_sequence_front_bands_r3_l4,3,4,6,front_bands,6,0.9722222222222222,0.0024845199749997573,0.0,0.0,nan,0.0
tree,hierarchical_branching,tree,hybrid,temporal_dropout,one_hot,0,lin_sequence_front_bands_r3_l8,3,8,10,front_bands,6,0.9722222222222222,0.0024845199749997573,0.0,0.0,nan,0.0
tree,hierarchical_branching,tree,hybrid,temporal_dropout,one_hot,0,lin_sequence_front_bands_r5_l2,5,2,6,front_bands,6,0.9703703703703703,0.0037037037037036913,0.0,0.0,nan,0.0
tree,hierarchical_branching,tree,hybrid,temporal_dropout,one_hot,0,lin_sequence_front_bands_r5_l4,5,4,8,front_bands,6,0.9666666666666667,0.0049690399499995146,0.0,0.0,nan,0.0
tree,hierarchical_branching,tree,hybrid,temporal_dropout,one_hot,0,lin_sequence_front_bands_r5_l8,5,8,12,front_bands,6,0.9722222222222222,0.0024845199749997573,0.016666666666666666,0.01666666666666667,nan,0.0
tree,hierarchical_branching,tree,hybrid,temporal_full,one_hot,0,lin_sequence_all_units_r3_l4,3,4,6,all_units,6,0.9685185185185184,0.004459849843997131,0.0,0.0,nan,0.0
tree,hierarchical_branching,tree,hybrid,temporal_full,one_hot,0,lin_sequence_front_bands_r1_l2,1,2,2,front_bands,6,0.9685185185185184,0.004459849843997131,0.0,0.0,nan,0.0
tree,hierarchical_branching,tree,hybrid,temporal_full,one_hot,0,lin_sequence_front_bands_r1_l4,1,4,4,front_bands,6,0.9666666666666667,0.0049690399499995146,0.0,0.0,nan,0.0
tree,hierarchical_branching,tree,hybrid,temporal_full,one_hot,0,lin_sequence_front_bands_r1_l8,1,8,8,front_bands,6,0.9722222222222222,0.0024845199749997573,0.0,0.0,nan,0.0
tree,hierarchical_branching,tree,hybrid,temporal_full,one_hot,0,lin_sequence_front_bands_r3_l2,3,2,4,front_bands,6,0.9666666666666667,0.0049690399499995146,0.0,0.0,nan,0.0
tree,hierarchical_branching,tree,hybrid,temporal_full,one_hot,0,lin_sequence_front_bands_r3_l4,3,4,6,front_bands,6,0.9666666666666667,0.0049690399499995146,0.0,0.0,nan,0.0
tree,hierarchical_branching,tree,hybrid,temporal_full,one_hot,0,lin_sequence_front_bands_r3_l8,3,8,10,front_bands,6,0.9685185185185184,0.004459849843997131,0.016666666666666666,0.0105409255338946,nan,0.0
tree,hierarchical_branching,tree,hybrid,temporal_full,one_hot,0,lin_sequence_front_bands_r5_l2,5,2,6,front_bands,6,0.9685185185185184,0.004459849843997131,0.0,0.0,nan,0.0
tree,hierarchical_branching,tree,hybrid,temporal_full,one_hot,0,lin_sequence_front_bands_r5_l4,5,4,8,front_bands,6,0.9666666666666667,0.0049690399499995146,0.0,0.0,nan,0.0
tree,hierarchical_branching,tree,hybrid,temporal_full,one_hot,0,lin_sequence_front_bands_r5_l8,5,8,12,front_bands,6,0.9722222222222222,0.0024845199749997573,0.0,0.0,nan,0.0
tree,hierarchical_branching,tree,sparse_aliased,temporal_cue_then_blank,one_hot,0,lin_sequence_all_units_r3_l4,3,4,6,all_units,6,0.9666666666666667,0.0049690399499995146,0.0,0.0,nan,0.0
tree,hierarchical_branching,tree,sparse_aliased,temporal_cue_then_blank,one_hot,0,lin_sequence_front_bands_r1_l2,1,2,2,front_bands,6,0.9592592592592593,0.008919699687994284,0.0,0.0,nan,0.0
tree,hierarchical_branching,tree,sparse_aliased,temporal_cue_then_blank,one_hot,0,lin_sequence_front_bands_r1_l4,1,4,4,front_bands,6,0.9629629629629629,0.007407407407407398,0.0,0.0,nan,0.0
tree,hierarchical_branching,tree,sparse_aliased,temporal_cue_then_blank,one_hot,0,lin_sequence_front_bands_r1_l8,1,8,8,front_bands,6,0.9685185185185184,0.004459849843997131,0.0,0.0,nan,0.0
tree,hierarchical_branching,tree,sparse_aliased,temporal_cue_then_blank,one_hot,0,lin_sequence_front_bands_r3_l2,3,2,4,front_bands,6,0.9666666666666667,0.0049690399499995146,0.0,0.0,nan,0.0
tree,hierarchical_branching,tree,sparse_aliased,temporal_cue_then_blank,one_hot,0,lin_sequence_front_bands_r3_l4,3,4,6,front_bands,6,0.9666666666666667,0.0049690399499995146,0.008333333333333333,0.008333333333333335,nan,0.0
tree,hierarchical_branching,tree,sparse_aliased,temporal_cue_then_blank,one_hot,0,lin_sequence_front_bands_r3_l8,3,8,10,front_bands,6,0.9666666666666667,0.0049690399499995146,0.0,0.0,nan,0.0
tree,hierarchical_branching,tree,sparse_aliased,temporal_cue_then_blank,one_hot,0,lin_sequence_front_bands_r5_l2,5,2,6,front_bands,6,0.9666666666666667,0.0049690399499995146,0.0,0.0,nan,0.0
tree,hierarchical_branching,tree,sparse_aliased,temporal_cue_then_blank,one_hot,0,lin_sequence_front_bands_r5_l4,5,4,8,front_bands,6,0.9666666666666667,0.0049690399499995146,0.008333333333333333,0.008333333333333335,nan,0.0
tree,hierarchical_branching,tree,sparse_aliased,temporal_cue_then_blank,one_hot,0,lin_sequence_front_bands_r5_l8,5,8,12,front_bands,6,0.9666666666666667,0.0049690399499995146,0.016666666666666666,0.010540925533894598,nan,0.0
tree,hierarchical_branching,tree,sparse_aliased,temporal_dropout,one_hot,0,lin_sequence_all_units_r3_l4,3,4,6,all_units,6,0.9722222222222222,0.0024845199749997573,0.008333333333333333,0.008333333333333335,nan,0.0
tree,hierarchical_branching,tree,sparse_aliased,temporal_dropout,one_hot,0,lin_sequence_front_bands_r1_l2,1,2,2,front_bands,6,0.9685185185185184,0.004459849843997131,0.008333333333333333,0.008333333333333335,nan,0.0
tree,hierarchical_branching,tree,sparse_aliased,temporal_dropout,one_hot,0,lin_sequence_front_bands_r1_l4,1,4,4,front_bands,6,0.9685185185185184,0.004459849843997131,0.008333333333333333,0.008333333333333335,nan,0.0
tree,hierarchical_branching,tree,sparse_aliased,temporal_dropout,one_hot,0,lin_sequence_front_bands_r1_l8,1,8,8,front_bands,6,0.9722222222222222,0.0024845199749997573,0.008333333333333333,0.008333333333333335,nan,0.0
tree,hierarchical_branching,tree,sparse_aliased,temporal_dropout,one_hot,0,lin_sequence_front_bands_r3_l2,3,2,4,front_bands,6,0.9666666666666667,0.0049690399499995146,0.0,0.0,nan,0.0
tree,hierarchical_branching,tree,sparse_aliased,temporal_dropout,one_hot,0,lin_sequence_front_bands_r3_l4,3,4,6,front_bands,6,0.9722222222222222,0.0024845199749997573,0.0,0.0,nan,0.0
tree,hierarchical_branching,tree,sparse_aliased,temporal_dropout,one_hot,0,lin_sequence_front_bands_r3_l8,3,8,10,front_bands,6,0.9722222222222222,0.0024845199749997573,0.024999999999999998,0.025,nan,0.0
tree,hierarchical_branching,tree,sparse_aliased,temporal_dropout,one_hot,0,lin_sequence_front_bands_r5_l2,5,2,6,front_bands,6,0.9722222222222222,0.0024845199749997573,0.0,0.0,nan,0.0
tree,hierarchical_branching,tree,sparse_aliased,temporal_dropout,one_hot,0,lin_sequence_front_bands_r5_l4,5,4,8,front_bands,6,0.9722222222222222,0.0024845199749997573,0.008333333333333333,0.008333333333333335,nan,0.0
tree,hierarchical_branching,tree,sparse_aliased,temporal_dropout,one_hot,0,lin_sequence_front_bands_r5_l8,5,8,12,front_bands,6,0.9722222222222222,0.0024845199749997573,0.008333333333333333,0.008333333333333335,nan,0.0
tree,hierarchical_branching,tree,sparse_aliased,temporal_full,one_hot,0,lin_sequence_all_units_r3_l4,3,4,6,all_units,6,0.9685185185185184,0.004459849843997131,0.0,0.0,nan,0.0
tree,hierarchical_branching,tree,sparse_aliased,temporal_full,one_hot,0,lin_sequence_front_bands_r1_l2,1,2,2,front_bands,6,0.9722222222222222,0.0024845199749997573,0.008333333333333333,0.008333333333333335,nan,0.0
tree,hierarchical_branching,tree,sparse_aliased,temporal_full,one_hot,0,lin_sequence_front_bands_r1_l4,1,4,4,front_bands,6,0.9722222222222222,0.0024845199749997573,0.0,0.0,nan,0.0
tree,hierarchical_branching,tree,sparse_aliased,temporal_full,one_hot,0,lin_sequence_front_bands_r1_l8,1,8,8,front_bands,6,0.9703703703703703,0.0037037037037036913,0.0,0.0,nan,0.0
tree,hierarchical_branching,tree,sparse_aliased,temporal_full,one_hot,0,lin_sequence_front_bands_r3_l2,3,2,4,front_bands,6,0.9722222222222222,0.0024845199749997573,0.0,0.0,nan,0.0
tree,hierarchical_branching,tree,sparse_aliased,temporal_full,one_hot,0,lin_sequence_front_bands_r3_l4,3,4,6,front_bands,6,0.9685185185185184,0.004459849843997131,0.0,0.0,nan,0.0
tree,hierarchical_branching,tree,sparse_aliased,temporal_full,one_hot,0,lin_sequence_front_bands_r3_l8,3,8,10,front_bands,6,0.9703703703703703,0.0037037037037036913,0.0,0.0,nan,0.0
tree,hierarchical_branching,tree,sparse_aliased,temporal_full,one_hot,0,lin_sequence_front_bands_r5_l2,5,2,6,front_bands,6,0.9703703703703703,0.0037037037037036913,0.0,0.0,nan,0.0
tree,hierarchical_branching,tree,sparse_aliased,temporal_full,one_hot,0,lin_sequence_front_bands_r5_l4,5,4,8,front_bands,6,0.9722222222222222,0.0024845199749997573,0.008333333333333333,0.008333333333333335,nan,0.0
tree,hierarchical_branching,tree,sparse_aliased,temporal_full,one_hot,0,lin_sequence_front_bands_r5_l8,5,8,12,front_bands,6,0.9685185185185184,0.004459849843997131,0.0,0.0,nan,0.0
tree,hierarchical_branching,tree,vector,temporal_cue_then_blank,one_hot,0,lin_sequence_all_units_r3_l4,3,4,6,all_units,6,0.9666666666666667,0.0049690399499995146,0.0,0.0,nan,0.0
tree,hierarchical_branching,tree,vector,temporal_cue_then_blank,one_hot,0,lin_sequence_front_bands_r1_l2,1,2,2,front_bands,6,0.9666666666666667,0.0049690399499995146,0.016666666666666666,0.010540925533894598,nan,0.0
tree,hierarchical_branching,tree,vector,temporal_cue_then_blank,one_hot,0,lin_sequence_front_bands_r1_l4,1,4,4,front_bands,6,0.9666666666666667,0.0049690399499995146,0.0,0.0,nan,0.0
tree,hierarchical_branching,tree,vector,temporal_cue_then_blank,one_hot,0,lin_sequence_front_bands_r1_l8,1,8,8,front_bands,6,0.9703703703703703,0.0037037037037036913,0.0,0.0,nan,0.0
tree,hierarchical_branching,tree,vector,temporal_cue_then_blank,one_hot,0,lin_sequence_front_bands_r3_l2,3,2,4,front_bands,6,0.9666666666666667,0.0049690399499995146,0.008333333333333333,0.008333333333333335,nan,0.0
tree,hierarchical_branching,tree,vector,temporal_cue_then_blank,one_hot,0,lin_sequence_front_bands_r3_l4,3,4,6,front_bands,6,0.9648148148148148,0.006029192813370254,0.0,0.0,nan,0.0
tree,hierarchical_branching,tree,vector,temporal_cue_then_blank,one_hot,0,lin_sequence_front_bands_r3_l8,3,8,10,front_bands,6,0.9703703703703703,0.0037037037037036913,0.0,0.0,nan,0.0
tree,hierarchical_branching,tree,vector,temporal_cue_then_blank,one_hot,0,lin_sequence_front_bands_r5_l2,5,2,6,front_bands,6,0.9666666666666667,0.0049690399499995146,0.0,0.0,nan,0.0
tree,hierarchical_branching,tree,vector,temporal_cue_then_blank,one_hot,0,lin_sequence_front_bands_r5_l4,5,4,8,front_bands,6,0.9666666666666667,0.0049690399499995146,0.0,0.0,nan,0.0
tree,hierarchical_branching,tree,vector,temporal_cue_then_blank,one_hot,0,lin_sequence_front_bands_r5_l8,5,8,12,front_bands,6,0.9666666666666667,0.004057204129667883,0.0,0.0,nan,0.0
tree,hierarchical_branching,tree,vector,temporal_dropout,one_hot,0,lin_sequence_all_units_r3_l4,3,4,6,all_units,6,0.9722222222222222,0.0024845199749997573,0.0,0.0,nan,0.0
tree,hierarchical_branching,tree,vector,temporal_dropout,one_hot,0,lin_sequence_front_bands_r1_l2,1,2,2,front_bands,6,0.9722222222222222,0.0024845199749997573,0.008333333333333333,0.008333333333333335,nan,0.0
tree,hierarchical_branching,tree,vector,temporal_dropout,one_hot,0,lin_sequence_front_bands_r1_l4,1,4,4,front_bands,6,0.9722222222222222,0.0024845199749997573,0.0,0.0,nan,0.0
tree,hierarchical_branching,tree,vector,temporal_dropout,one_hot,0,lin_sequence_front_bands_r1_l8,1,8,8,front_bands,6,0.9703703703703703,0.0023424278964210136,0.0,0.0,nan,0.0
tree,hierarchical_branching,tree,vector,temporal_dropout,one_hot,0,lin_sequence_front_bands_r3_l2,3,2,4,front_bands,6,0.9685185185185184,0.00341464609529365,0.0,0.0,nan,0.0
tree,hierarchical_branching,tree,vector,temporal_dropout,one_hot,0,lin_sequence_front_bands_r3_l4,3,4,6,front_bands,6,0.9722222222222222,0.0024845199749997573,0.0,0.0,nan,0.0
tree,hierarchical_branching,tree,vector,temporal_dropout,one_hot,0,lin_sequence_front_bands_r3_l8,3,8,10,front_bands,6,0.9722222222222222,0.0024845199749997573,0.016666666666666666,0.010540925533894598,nan,0.0
tree,hierarchical_branching,tree,vector,temporal_dropout,one_hot,0,lin_sequence_front_bands_r5_l2,5,2,6,front_bands,6,0.9722222222222222,0.0024845199749997573,0.0,0.0,nan,0.0
tree,hierarchical_branching,tree,vector,temporal_dropout,one_hot,0,lin_sequence_front_bands_r5_l4,5,4,8,front_bands,6,0.9722222222222222,0.0024845199749997573,0.0,0.0,nan,0.0
tree,hierarchical_branching,tree,vector,temporal_dropout,one_hot,0,lin_sequence_front_bands_r5_l8,5,8,12,front_bands,6,0.9722222222222222,0.0024845199749997573,0.0,0.0,nan,0.0
tree,hierarchical_branching,tree,vector,temporal_full,one_hot,0,lin_sequence_all_units_r3_l4,3,4,6,all_units,6,0.9703703703703703,0.0037037037037036913,0.0,0.0,nan,0.0
tree,hierarchical_branching,tree,vector,temporal_full,one_hot,0,lin_sequence_front_bands_r1_l2,1,2,2,front_bands,6,0.9666666666666667,0.0049690399499995146,0.0,0.0,nan,0.0
tree,hierarchical_branching,tree,vector,temporal_full,one_hot,0,lin_sequence_front_bands_r1_l4,1,4,4,front_bands,6,0.9666666666666667,0.0049690399499995146,0.0,0.0,nan,0.0
tree,hierarchical_branching,tree,vector,temporal_full,one_hot,0,lin_sequence_front_bands_r1_l8,1,8,8,front_bands,6,0.9703703703703703,0.0037037037037036913,0.0,0.0,nan,0.0
tree,hierarchical_branching,tree,vector,temporal_full,one_hot,0,lin_sequence_front_bands_r3_l2,3,2,4,front_bands,6,0.9685185185185184,0.004459849843997131,0.0,0.0,nan,0.0
tree,hierarchical_branching,tree,vector,temporal_full,one_hot,0,lin_sequence_front_bands_r3_l4,3,4,6,front_bands,6,0.9666666666666667,0.0049690399499995146,0.008333333333333333,0.008333333333333335,nan,0.0
tree,hierarchical_branching,tree,vector,temporal_full,one_hot,0,lin_sequence_front_bands_r3_l8,3,8,10,front_bands,6,0.9685185185185184,0.004459849843997131,0.025000000000000005,0.017078251276599336,nan,0.0
tree,hierarchical_branching,tree,vector,temporal_full,one_hot,0,lin_sequence_front_bands_r5_l2,5,2,6,front_bands,6,0.9685185185185184,0.004459849843997131,0.0,0.0,nan,0.0
tree,hierarchical_branching,tree,vector,temporal_full,one_hot,0,lin_sequence_front_bands_r5_l4,5,4,8,front_bands,6,0.9666666666666667,0.0049690399499995146,0.0,0.0,nan,0.0
tree,hierarchical_branching,tree,vector,temporal_full,one_hot,0,lin_sequence_front_bands_r5_l8,5,8,12,front_bands,6,0.9685185185185184,0.004459849843997131,0.0,0.0,nan,0.0
