task,geometry,behavior_family,obs_mode,temporal_mode,action_input,action_embedding_dim,model,sequence_r,sequence_l,sequence_ell,input_injection,n_runs,action_accuracy_mean,action_accuracy_sem,greedy_success_mean,greedy_success_sem,context_accuracy_mean,context_accuracy_sem
aliased_loop_rooms,looped_repeated_rooms,repeated_room_loop,gaussian_sensory,temporal_cue_then_blank,embedding,8,lin_block_r1_l2,1,2,2,independent_blocks,2,0.5,0.09999999999999998,nan,0.0,nan,0.0
aliased_loop_rooms,looped_repeated_rooms,repeated_room_loop,gaussian_sensory,temporal_cue_then_blank,embedding,8,lin_block_r1_l4,1,4,4,independent_blocks,2,0.35,0.05,nan,0.0,nan,0.0
aliased_loop_rooms,looped_repeated_rooms,repeated_room_loop,gaussian_sensory,temporal_cue_then_blank,embedding,8,lin_block_r1_l8,1,8,8,independent_blocks,2,0.4,0.1,nan,0.0,nan,0.0
aliased_loop_rooms,looped_repeated_rooms,repeated_room_loop,gaussian_sensory,temporal_cue_then_blank,embedding,8,lin_block_r3_l2,3,2,4,independent_blocks,2,0.44999999999999996,0.15,nan,0.0,nan,0.0
aliased_loop_rooms,looped_repeated_rooms,repeated_room_loop,gaussian_sensory,temporal_cue_then_blank,embedding,8,lin_block_r3_l4,3,4,6,independent_blocks,2,0.44999999999999996,0.15,nan,0.0,nan,0.0
aliased_loop_rooms,looped_repeated_rooms,repeated_room_loop,gaussian_sensory,temporal_cue_then_blank,embedding,8,lin_block_r3_l8,3,8,10,independent_blocks,2,0.44999999999999996,0.15,nan,0.0,nan,0.0
aliased_loop_rooms,looped_repeated_rooms,repeated_room_loop,gaussian_sensory,temporal_cue_then_blank,embedding,8,lin_block_r5_l2,5,2,6,independent_blocks,2,0.44999999999999996,0.15,nan,0.0,nan,0.0
aliased_loop_rooms,looped_repeated_rooms,repeated_room_loop,gaussian_sensory,temporal_cue_then_blank,embedding,8,lin_block_r5_l4,5,4,8,independent_blocks,2,0.35,0.05,nan,0.0,nan,0.0
aliased_loop_rooms,looped_repeated_rooms,repeated_room_loop,gaussian_sensory,temporal_cue_then_blank,embedding,8,lin_block_r5_l8,5,8,12,independent_blocks,2,0.35,0.05,nan,0.0,nan,0.0
aliased_loop_rooms,looped_repeated_rooms,repeated_room_loop,gaussian_sensory,temporal_cue_then_blank,embedding,8,lin_sequence_all_units_r3_l4,3,4,6,all_units,6,0.25,0.05000000000000001,0.26666666666666666,0.04944132324730442,0.8666666666666667,0.033333333333333326
aliased_loop_rooms,looped_repeated_rooms,repeated_room_loop,gaussian_sensory,temporal_cue_then_blank,embedding,8,lin_sequence_front_bands_r1_l2,1,2,2,front_bands,6,0.3333333333333334,0.03333333333333334,0.2833333333333333,0.04772607021092118,0.9166666666666666,0.04013864859597432
aliased_loop_rooms,looped_repeated_rooms,repeated_room_loop,gaussian_sensory,temporal_cue_then_blank,embedding,8,lin_sequence_front_bands_r1_l4,1,4,4,front_bands,6,0.4333333333333333,0.04944132324730442,0.3,0.05163977794943224,0.8666666666666666,0.042163702135578386
aliased_loop_rooms,looped_repeated_rooms,repeated_room_loop,gaussian_sensory,temporal_cue_then_blank,embedding,8,lin_sequence_front_bands_r1_l8,1,8,8,front_bands,6,0.3333333333333333,0.04216370213557839,0.2333333333333333,0.04944132324730442,0.7333333333333334,0.06666666666666668
aliased_loop_rooms,looped_repeated_rooms,repeated_room_loop,gaussian_sensory,temporal_cue_then_blank,embedding,8,lin_sequence_front_bands_r3_l2,3,2,4,front_bands,6,0.35000000000000003,0.05627314338711377,0.3166666666666667,0.04772607021092118,0.8666666666666667,0.033333333333333326
aliased_loop_rooms,looped_repeated_rooms,repeated_room_loop,gaussian_sensory,temporal_cue_then_blank,embedding,8,lin_sequence_front_bands_r3_l4,3,4,6,front_bands,6,0.2333333333333333,0.07149203529842406,0.15,0.06708203932499368,0.8166666666666665,0.060092521257733164
aliased_loop_rooms,looped_repeated_rooms,repeated_room_loop,gaussian_sensory,temporal_cue_then_blank,embedding,8,lin_sequence_front_bands_r3_l8,3,8,10,front_bands,6,0.3,0.051639777949432225,0.2833333333333333,0.040138648595974324,0.6,0.03651483716701107
aliased_loop_rooms,looped_repeated_rooms,repeated_room_loop,gaussian_sensory,temporal_cue_then_blank,embedding,8,lin_sequence_front_bands_r5_l2,5,2,6,front_bands,6,0.19999999999999998,0.05773502691896258,0.3,0.06831300510639735,0.8833333333333333,0.060092521257733164
aliased_loop_rooms,looped_repeated_rooms,repeated_room_loop,gaussian_sensory,temporal_cue_then_blank,embedding,8,lin_sequence_front_bands_r5_l4,5,4,8,front_bands,6,0.2333333333333333,0.04216370213557839,0.1666666666666667,0.021081851067789197,0.7999999999999999,4.965068306494546e-17
aliased_loop_rooms,looped_repeated_rooms,repeated_room_loop,gaussian_sensory,temporal_cue_then_blank,embedding,8,lin_sequence_front_bands_r5_l8,5,8,12,front_bands,6,0.2833333333333334,0.040138648595974324,0.25,0.042817441928883766,0.7499999999999999,0.06191391873668904
aliased_loop_rooms,looped_repeated_rooms,repeated_room_loop,gaussian_sensory,temporal_cue_then_blank,embedding,8,memoryless_linear,,,,,2,0.45,0.04999999999999999,0.2,0.0,nan,0.0
aliased_loop_rooms,looped_repeated_rooms,repeated_room_loop,gaussian_sensory,temporal_cue_then_blank,embedding,8,memoryless_mlp,,,,,2,0.45,0.04999999999999999,0.2,0.0,nan,0.0
aliased_loop_rooms,looped_repeated_rooms,repeated_room_loop,gaussian_sensory,temporal_cue_then_blank,embedding,8,numpy_rnn,,,,,2,0.35,0.05,0.2,0.0,nan,0.0
aliased_loop_rooms,looped_repeated_rooms,repeated_room_loop,gaussian_sensory,temporal_cue_then_blank,embedding,8,reservoir_block_hybrid,,,,,6,0.26666666666666666,0.04216370213557839,0.2833333333333334,0.05426273532033236,nan,0.0
aliased_loop_rooms,looped_repeated_rooms,repeated_room_loop,gaussian_sensory,temporal_cue_then_blank,embedding,8,reservoir_diagonal,,,,,6,0.6,0.03651483716701107,0.4666666666666666,0.055777335102271716,nan,0.0
aliased_loop_rooms,looped_repeated_rooms,repeated_room_loop,gaussian_sensory,temporal_cue_then_blank,embedding,8,reservoir_low_rank,,,,,6,0.3166666666666667,0.040138648595974324,0.2833333333333333,0.07031674369909663,nan,0.0
aliased_loop_rooms,looped_repeated_rooms,repeated_room_loop,gaussian_sensory,temporal_cue_then_blank,embedding,8,reservoir_nilpotent,,,,,6,0.25,0.06191391873668904,0.2833333333333334,0.07923242882669808,nan,0.0
aliased_loop_rooms,looped_repeated_rooms,repeated_room_loop,gaussian_sensory,temporal_cue_then_blank,embedding,8,reservoir_orthogonal,,,,,6,0.21666666666666667,0.06540472290116194,0.20000000000000004,0.06831300510639735,nan,0.0
aliased_loop_rooms,looped_repeated_rooms,repeated_room_loop,gaussian_sensory,temporal_cue_then_blank,embedding,8,reservoir_oscillatory,,,,,6,0.4166666666666667,0.05426273532033236,0.2833333333333333,0.040138648595974324,nan,0.0
aliased_loop_rooms,looped_repeated_rooms,repeated_room_loop,gaussian_sensory,temporal_cue_then_blank,embedding,8,reservoir_random,,,,,6,0.2833333333333334,0.03073181485764296,0.23333333333333336,0.042163702135578386,nan,0.0
aliased_loop_rooms,looped_repeated_rooms,repeated_room_loop,gaussian_sensory,temporal_cue_then_blank,embedding,8,reservoir_sparse,,,,,6,0.3666666666666667,0.0557773351022717,0.35000000000000003,0.07637626158259733,nan,0.0
aliased_loop_rooms,looped_repeated_rooms,repeated_room_loop,gaussian_sensory,temporal_cue_then_blank,embedding,8,reservoir_symmetric,,,,,6,0.3333333333333333,0.04944132324730442,0.25,0.03415650255319867,nan,0.0
aliased_loop_rooms,looped_repeated_rooms,repeated_room_loop,gaussian_sensory,temporal_cue_then_blank,none,0,lin_block_r1_l2,1,2,2,independent_blocks,2,0.35,0.05,nan,0.0,nan,0.0
aliased_loop_rooms,looped_repeated_rooms,repeated_room_loop,gaussian_sensory,temporal_cue_then_blank,none,0,lin_block_r1_l4,1,4,4,independent_blocks,2,0.35,0.05,nan,0.0,nan,0.0
aliased_loop_rooms,looped_repeated_rooms,repeated_room_loop,gaussian_sensory,temporal_cue_then_blank,none,0,lin_block_r1_l8,1,8,8,independent_blocks,2,0.35,0.05,nan,0.0,nan,0.0
aliased_loop_rooms,looped_repeated_rooms,repeated_room_loop,gaussian_sensory,temporal_cue_then_blank,none,0,lin_block_r3_l2,3,2,4,independent_blocks,2,0.35,0.05,nan,0.0,nan,0.0
aliased_loop_rooms,looped_repeated_rooms,repeated_room_loop,gaussian_sensory,temporal_cue_then_blank,none,0,lin_block_r3_l4,3,4,6,independent_blocks,2,0.35,0.05,nan,0.0,nan,0.0
aliased_loop_rooms,looped_repeated_rooms,repeated_room_loop,gaussian_sensory,temporal_cue_then_blank,none,0,lin_block_r3_l8,3,8,10,independent_blocks,2,0.35,0.05,nan,0.0,nan,0.0
aliased_loop_rooms,looped_repeated_rooms,repeated_room_loop,gaussian_sensory,temporal_cue_then_blank,none,0,lin_block_r5_l2,5,2,6,independent_blocks,2,0.35,0.05,nan,0.0,nan,0.0
aliased_loop_rooms,looped_repeated_rooms,repeated_room_loop,gaussian_sensory,temporal_cue_then_blank,none,0,lin_block_r5_l4,5,4,8,independent_blocks,2,0.35,0.05,nan,0.0,nan,0.0
aliased_loop_rooms,looped_repeated_rooms,repeated_room_loop,gaussian_sensory,temporal_cue_then_blank,none,0,lin_block_r5_l8,5,8,12,independent_blocks,2,0.35,0.05,nan,0.0,nan,0.0
aliased_loop_rooms,looped_repeated_rooms,repeated_room_loop,gaussian_sensory,temporal_cue_then_blank,none,0,lin_sequence_all_units_r3_l4,3,4,6,all_units,6,0.19999999999999998,0.05773502691896258,0.20000000000000004,0.07302967433402215,0.55,0.07637626158259733
aliased_loop_rooms,looped_repeated_rooms,repeated_room_loop,gaussian_sensory,temporal_cue_then_blank,none,0,lin_sequence_front_bands_r1_l2,1,2,2,front_bands,6,0.18333333333333332,0.03073181485764296,0.2333333333333333,0.03333333333333334,0.7000000000000001,0.03651483716701108
aliased_loop_rooms,looped_repeated_rooms,repeated_room_loop,gaussian_sensory,temporal_cue_then_blank,none,0,lin_sequence_front_bands_r1_l4,1,4,4,front_bands,6,0.19999999999999998,0.03651483716701107,0.20000000000000004,0.03651483716701107,0.48333333333333334,0.06009252125773315
aliased_loop_rooms,looped_repeated_rooms,repeated_room_loop,gaussian_sensory,temporal_cue_then_blank,none,0,lin_sequence_front_bands_r1_l8,1,8,8,front_bands,6,0.30000000000000004,0.02581988897471612,0.2833333333333333,0.040138648595974324,0.4166666666666666,0.04772607021092118
aliased_loop_rooms,looped_repeated_rooms,repeated_room_loop,gaussian_sensory,temporal_cue_then_blank,none,0,lin_sequence_front_bands_r3_l2,3,2,4,front_bands,6,0.11666666666666665,0.030731814857642967,0.26666666666666666,0.04944132324730443,0.5166666666666667,0.030731814857642953
aliased_loop_rooms,looped_repeated_rooms,repeated_room_loop,gaussian_sensory,temporal_cue_then_blank,none,0,lin_sequence_front_bands_r3_l4,3,4,6,front_bands,6,0.09999999999999999,0.03651483716701108,0.11666666666666668,0.06540472290116196,0.5,0.10327955589886448
aliased_loop_rooms,looped_repeated_rooms,repeated_room_loop,gaussian_sensory,temporal_cue_then_blank,none,0,lin_sequence_front_bands_r3_l8,3,8,10,front_bands,6,0.23333333333333336,0.03333333333333333,0.2666666666666667,0.055777335102271716,0.3333333333333333,0.0557773351022717
aliased_loop_rooms,looped_repeated_rooms,repeated_room_loop,gaussian_sensory,temporal_cue_then_blank,none,0,lin_sequence_front_bands_r5_l2,5,2,6,front_bands,6,0.11666666666666668,0.047726070210921186,0.26666666666666666,0.08432740427115679,0.4000000000000001,0.03651483716701108
aliased_loop_rooms,looped_repeated_rooms,repeated_room_loop,gaussian_sensory,temporal_cue_then_blank,none,0,lin_sequence_front_bands_r5_l4,5,4,8,front_bands,6,0.15,0.042817441928883766,0.16666666666666666,0.04944132324730442,0.5,0.03651483716701107
aliased_loop_rooms,looped_repeated_rooms,repeated_room_loop,gaussian_sensory,temporal_cue_then_blank,none,0,lin_sequence_front_bands_r5_l8,5,8,12,front_bands,6,0.2333333333333333,0.04944132324730442,0.16666666666666666,0.04216370213557839,0.30000000000000004,0.06324555320336758
aliased_loop_rooms,looped_repeated_rooms,repeated_room_loop,gaussian_sensory,temporal_cue_then_blank,none,0,memoryless_linear,,,,,2,0.35,0.05,0.1,0.0,nan,0.0
aliased_loop_rooms,looped_repeated_rooms,repeated_room_loop,gaussian_sensory,temporal_cue_then_blank,none,0,memoryless_mlp,,,,,2,0.35,0.05,0.1,0.0,nan,0.0
aliased_loop_rooms,looped_repeated_rooms,repeated_room_loop,gaussian_sensory,temporal_cue_then_blank,none,0,numpy_rnn,,,,,2,0.35,0.05,0.2,0.0,nan,0.0
aliased_loop_rooms,looped_repeated_rooms,repeated_room_loop,gaussian_sensory,temporal_cue_then_blank,none,0,reservoir_block_hybrid,,,,,6,0.15,0.03415650255319867,0.11666666666666665,0.047726070210921186,nan,0.0
aliased_loop_rooms,looped_repeated_rooms,repeated_room_loop,gaussian_sensory,temporal_cue_then_blank,none,0,reservoir_diagonal,,,,,6,0.4666666666666666,0.033333333333333326,0.39999999999999997,0.051639777949432225,nan,0.0
aliased_loop_rooms,looped_repeated_rooms,repeated_room_loop,gaussian_sensory,temporal_cue_then_blank,none,0,reservoir_low_rank,,,,,6,0.13333333333333333,0.021081851067789197,0.16666666666666666,0.04216370213557839,nan,0.0
aliased_loop_rooms,looped_repeated_rooms,repeated_room_loop,gaussian_sensory,temporal_cue_then_blank,none,0,reservoir_nilpotent,,,,,6,0.15,0.042817441928883766,0.13333333333333333,0.04216370213557839,nan,0.0
aliased_loop_rooms,looped_repeated_rooms,repeated_room_loop,gaussian_sensory,temporal_cue_then_blank,none,0,reservoir_orthogonal,,,,,6,0.16666666666666666,0.021081851067789197,0.2833333333333333,0.07031674369909663,nan,0.0
aliased_loop_rooms,looped_repeated_rooms,repeated_room_loop,gaussian_sensory,temporal_cue_then_blank,none,0,reservoir_oscillatory,,,,,6,0.15,0.0223606797749979,0.08333333333333333,0.05426273532033237,nan,0.0
aliased_loop_rooms,looped_repeated_rooms,repeated_room_loop,gaussian_sensory,temporal_cue_then_blank,none,0,reservoir_random,,,,,6,0.15,0.05627314338711378,0.15,0.05627314338711378,nan,0.0
aliased_loop_rooms,looped_repeated_rooms,repeated_room_loop,gaussian_sensory,temporal_cue_then_blank,none,0,reservoir_sparse,,,,,6,0.16666666666666666,0.04216370213557839,0.11666666666666668,0.04772607021092118,nan,0.0
aliased_loop_rooms,looped_repeated_rooms,repeated_room_loop,gaussian_sensory,temporal_cue_then_blank,none,0,reservoir_symmetric,,,,,6,0.11666666666666665,0.01666666666666667,0.13333333333333333,0.04944132324730442,nan,0.0
aliased_loop_rooms,looped_repeated_rooms,repeated_room_loop,gaussian_sensory,temporal_cue_then_blank,one_hot,0,lin_block_r1_l2,1,2,2,independent_blocks,2,0.5,0.09999999999999998,nan,0.0,nan,0.0
aliased_loop_rooms,looped_repeated_rooms,repeated_room_loop,gaussian_sensory,temporal_cue_then_blank,one_hot,0,lin_block_r1_l4,1,4,4,independent_blocks,2,0.4,0.1,nan,0.0,nan,0.0
aliased_loop_rooms,looped_repeated_rooms,repeated_room_loop,gaussian_sensory,temporal_cue_then_blank,one_hot,0,lin_block_r1_l8,1,8,8,independent_blocks,2,0.44999999999999996,0.15,nan,0.0,nan,0.0
aliased_loop_rooms,looped_repeated_rooms,repeated_room_loop,gaussian_sensory,temporal_cue_then_blank,one_hot,0,lin_block_r3_l2,3,2,4,independent_blocks,2,0.44999999999999996,0.15,nan,0.0,nan,0.0
aliased_loop_rooms,looped_repeated_rooms,repeated_room_loop,gaussian_sensory,temporal_cue_then_blank,one_hot,0,lin_block_r3_l4,3,4,6,independent_blocks,2,0.44999999999999996,0.15,nan,0.0,nan,0.0
aliased_loop_rooms,looped_repeated_rooms,repeated_room_loop,gaussian_sensory,temporal_cue_then_blank,one_hot,0,lin_block_r3_l8,3,8,10,independent_blocks,2,0.5,0.19999999999999998,nan,0.0,nan,0.0
aliased_loop_rooms,looped_repeated_rooms,repeated_room_loop,gaussian_sensory,temporal_cue_then_blank,one_hot,0,lin_block_r5_l2,5,2,6,independent_blocks,2,0.44999999999999996,0.15,nan,0.0,nan,0.0
aliased_loop_rooms,looped_repeated_rooms,repeated_room_loop,gaussian_sensory,temporal_cue_then_blank,one_hot,0,lin_block_r5_l4,5,4,8,independent_blocks,2,0.44999999999999996,0.15,nan,0.0,nan,0.0
aliased_loop_rooms,looped_repeated_rooms,repeated_room_loop,gaussian_sensory,temporal_cue_then_blank,one_hot,0,lin_block_r5_l8,5,8,12,independent_blocks,2,0.44999999999999996,0.15,nan,0.0,nan,0.0
aliased_loop_rooms,looped_repeated_rooms,repeated_room_loop,gaussian_sensory,temporal_cue_then_blank,one_hot,0,lin_sequence_all_units_r3_l4,3,4,6,all_units,6,0.16666666666666666,0.04216370213557839,0.1666666666666667,0.04216370213557839,0.85,0.05000000000000001
aliased_loop_rooms,looped_repeated_rooms,repeated_room_loop,gaussian_sensory,temporal_cue_then_blank,one_hot,0,lin_sequence_front_bands_r1_l2,1,2,2,front_bands,6,0.38333333333333336,0.030731814857642967,0.3,0.03651483716701108,0.8999999999999999,0.04472135954999579
aliased_loop_rooms,looped_repeated_rooms,repeated_room_loop,gaussian_sensory,temporal_cue_then_blank,one_hot,0,lin_sequence_front_bands_r1_l4,1,4,4,front_bands,6,0.26666666666666666,0.03333333333333333,0.2333333333333333,0.06666666666666668,0.8999999999999999,0.03651483716701107
aliased_loop_rooms,looped_repeated_rooms,repeated_room_loop,gaussian_sensory,temporal_cue_then_blank,one_hot,0,lin_sequence_front_bands_r1_l8,1,8,8,front_bands,6,0.3166666666666667,0.040138648595974324,0.2833333333333334,0.03073181485764296,0.6833333333333332,0.030731814857642967
aliased_loop_rooms,looped_repeated_rooms,repeated_room_loop,gaussian_sensory,temporal_cue_then_blank,one_hot,0,lin_sequence_front_bands_r3_l2,3,2,4,front_bands,6,0.23333333333333336,0.04216370213557839,0.2833333333333334,0.07490735018081411,0.8666666666666667,0.04216370213557839
aliased_loop_rooms,looped_repeated_rooms,repeated_room_loop,gaussian_sensory,temporal_cue_then_blank,one_hot,0,lin_sequence_front_bands_r3_l4,3,4,6,front_bands,6,0.23333333333333336,0.04944132324730442,0.20000000000000004,0.051639777949432225,0.7000000000000001,0.06324555320336761
aliased_loop_rooms,looped_repeated_rooms,repeated_room_loop,gaussian_sensory,temporal_cue_then_blank,one_hot,0,lin_sequence_front_bands_r3_l8,3,8,10,front_bands,6,0.2833333333333334,0.03073181485764296,0.2333333333333333,0.021081851067789193,0.7999999999999999,0.057735026918962595
aliased_loop_rooms,looped_repeated_rooms,repeated_room_loop,gaussian_sensory,temporal_cue_then_blank,one_hot,0,lin_sequence_front_bands_r5_l2,5,2,6,front_bands,6,0.19999999999999998,0.025819888974716113,0.1666666666666667,0.04944132324730442,0.9,0.03651483716701107
aliased_loop_rooms,looped_repeated_rooms,repeated_room_loop,gaussian_sensory,temporal_cue_then_blank,one_hot,0,lin_sequence_front_bands_r5_l4,5,4,8,front_bands,6,0.26666666666666666,0.06146362971528592,0.26666666666666666,0.08027729719194865,0.7833333333333332,0.047726070210921186
aliased_loop_rooms,looped_repeated_rooms,repeated_room_loop,gaussian_sensory,temporal_cue_then_blank,one_hot,0,lin_sequence_front_bands_r5_l8,5,8,12,front_bands,6,0.2833333333333334,0.07031674369909663,0.26666666666666666,0.04944132324730443,0.6666666666666666,0.07149203529842406
aliased_loop_rooms,looped_repeated_rooms,repeated_room_loop,gaussian_sensory,temporal_cue_then_blank,one_hot,0,memoryless_linear,,,,,2,0.45,0.04999999999999999,0.25,0.04999999999999999,nan,0.0
aliased_loop_rooms,looped_repeated_rooms,repeated_room_loop,gaussian_sensory,temporal_cue_then_blank,one_hot,0,memoryless_mlp,,,,,2,0.45,0.04999999999999999,0.25,0.04999999999999999,nan,0.0
aliased_loop_rooms,looped_repeated_rooms,repeated_room_loop,gaussian_sensory,temporal_cue_then_blank,one_hot,0,numpy_rnn,,,,,2,0.35,0.05,0.2,0.0,nan,0.0
aliased_loop_rooms,looped_repeated_rooms,repeated_room_loop,gaussian_sensory,temporal_cue_then_blank,one_hot,0,reservoir_block_hybrid,,,,,6,0.3333333333333333,0.04216370213557839,0.26666666666666666,0.06666666666666668,nan,0.0
aliased_loop_rooms,looped_repeated_rooms,repeated_room_loop,gaussian_sensory,temporal_cue_then_blank,one_hot,0,reservoir_diagonal,,,,,6,0.5499999999999999,0.05627314338711377,0.4833333333333334,0.08333333333333334,nan,0.0
aliased_loop_rooms,looped_repeated_rooms,repeated_room_loop,gaussian_sensory,temporal_cue_then_blank,one_hot,0,reservoir_low_rank,,,,,6,0.3833333333333333,0.08724168218868268,0.25,0.08850612031567837,nan,0.0
aliased_loop_rooms,looped_repeated_rooms,repeated_room_loop,gaussian_sensory,temporal_cue_then_blank,one_hot,0,reservoir_nilpotent,,,,,6,0.3166666666666667,0.04772607021092118,0.2666666666666667,0.04216370213557839,nan,0.0
aliased_loop_rooms,looped_repeated_rooms,repeated_room_loop,gaussian_sensory,temporal_cue_then_blank,one_hot,0,reservoir_orthogonal,,,,,6,0.2833333333333333,0.04772607021092118,0.25000000000000006,0.034156502553198666,nan,0.0
aliased_loop_rooms,looped_repeated_rooms,repeated_room_loop,gaussian_sensory,temporal_cue_then_blank,one_hot,0,reservoir_oscillatory,,,,,6,0.38333333333333336,0.07031674369909663,0.25,0.03415650255319867,nan,0.0
aliased_loop_rooms,looped_repeated_rooms,repeated_room_loop,gaussian_sensory,temporal_cue_then_blank,one_hot,0,reservoir_random,,,,,6,0.2666666666666667,0.06666666666666668,0.2833333333333333,0.060092521257733164,nan,0.0
aliased_loop_rooms,looped_repeated_rooms,repeated_room_loop,gaussian_sensory,temporal_cue_then_blank,one_hot,0,reservoir_sparse,,,,,6,0.25,0.0670820393249937,0.30000000000000004,0.08563488385776753,nan,0.0
aliased_loop_rooms,looped_repeated_rooms,repeated_room_loop,gaussian_sensory,temporal_cue_then_blank,one_hot,0,reservoir_symmetric,,,,,6,0.3666666666666667,0.03333333333333334,0.3333333333333333,0.021081851067789207,nan,0.0
aliased_loop_rooms,looped_repeated_rooms,repeated_room_loop,gaussian_sensory,temporal_dropout,embedding,8,lin_block_r1_l2,1,2,2,independent_blocks,2,0.25,0.04999999999999999,nan,0.0,nan,0.0
aliased_loop_rooms,looped_repeated_rooms,repeated_room_loop,gaussian_sensory,temporal_dropout,embedding,8,lin_block_r1_l4,1,4,4,independent_blocks,2,0.15,0.15,nan,0.0,nan,0.0
aliased_loop_rooms,looped_repeated_rooms,repeated_room_loop,gaussian_sensory,temporal_dropout,embedding,8,lin_block_r1_l8,1,8,8,independent_blocks,2,0.1,0.1,nan,0.0,nan,0.0
aliased_loop_rooms,looped_repeated_rooms,repeated_room_loop,gaussian_sensory,temporal_dropout,embedding,8,lin_block_r3_l2,3,2,4,independent_blocks,2,0.4,0.1,nan,0.0,nan,0.0
aliased_loop_rooms,looped_repeated_rooms,repeated_room_loop,gaussian_sensory,temporal_dropout,embedding,8,lin_block_r3_l4,3,4,6,independent_blocks,2,0.25,0.15,nan,0.0,nan,0.0
aliased_loop_rooms,looped_repeated_rooms,repeated_room_loop,gaussian_sensory,temporal_dropout,embedding,8,lin_block_r3_l8,3,8,10,independent_blocks,2,0.25,0.15,nan,0.0,nan,0.0
aliased_loop_rooms,looped_repeated_rooms,repeated_room_loop,gaussian_sensory,temporal_dropout,embedding,8,lin_block_r5_l2,5,2,6,independent_blocks,2,0.35,0.15,nan,0.0,nan,0.0
aliased_loop_rooms,looped_repeated_rooms,repeated_room_loop,gaussian_sensory,temporal_dropout,embedding,8,lin_block_r5_l4,5,4,8,independent_blocks,2,0.3,0.19999999999999998,nan,0.0,nan,0.0
aliased_loop_rooms,looped_repeated_rooms,repeated_room_loop,gaussian_sensory,temporal_dropout,embedding,8,lin_block_r5_l8,5,8,12,independent_blocks,2,0.3,0.19999999999999998,nan,0.0,nan,0.0
aliased_loop_rooms,looped_repeated_rooms,repeated_room_loop,gaussian_sensory,temporal_dropout,embedding,8,lin_sequence_all_units_r3_l4,3,4,6,all_units,6,0.2833333333333334,0.0749073501808141,0.23333333333333336,0.0760116950066092,0.6833333333333332,0.09457507306074071
aliased_loop_rooms,looped_repeated_rooms,repeated_room_loop,gaussian_sensory,temporal_dropout,embedding,8,lin_sequence_front_bands_r1_l2,1,2,2,front_bands,6,0.26666666666666666,0.04944132324730442,0.16666666666666666,0.021081851067789197,0.8333333333333334,0.021081851067789193
aliased_loop_rooms,looped_repeated_rooms,repeated_room_loop,gaussian_sensory,temporal_dropout,embedding,8,lin_sequence_front_bands_r1_l4,1,4,4,front_bands,6,0.21666666666666665,0.047726070210921186,0.2833333333333333,0.060092521257733164,0.5166666666666667,0.04772607021092117
aliased_loop_rooms,looped_repeated_rooms,repeated_room_loop,gaussian_sensory,temporal_dropout,embedding,8,lin_sequence_front_bands_r1_l8,1,8,8,front_bands,6,0.25000000000000006,0.06191391873668904,0.21666666666666665,0.06540472290116194,0.35000000000000003,0.06708203932499368
aliased_loop_rooms,looped_repeated_rooms,repeated_room_loop,gaussian_sensory,temporal_dropout,embedding,8,lin_sequence_front_bands_r3_l2,3,2,4,front_bands,6,0.20000000000000004,0.05773502691896258,0.21666666666666667,0.047726070210921186,0.6666666666666665,0.06146362971528592
aliased_loop_rooms,looped_repeated_rooms,repeated_room_loop,gaussian_sensory,temporal_dropout,embedding,8,lin_sequence_front_bands_r3_l4,3,4,6,front_bands,6,0.2833333333333334,0.07923242882669808,0.4166666666666667,0.04772607021092118,0.6333333333333334,0.08432740427115679
aliased_loop_rooms,looped_repeated_rooms,repeated_room_loop,gaussian_sensory,temporal_dropout,embedding,8,lin_sequence_front_bands_r3_l8,3,8,10,front_bands,6,0.23333333333333336,0.03333333333333333,0.26666666666666666,0.0557773351022717,0.5166666666666667,0.030731814857642953
aliased_loop_rooms,looped_repeated_rooms,repeated_room_loop,gaussian_sensory,temporal_dropout,embedding,8,lin_sequence_front_bands_r5_l2,5,2,6,front_bands,6,0.13333333333333333,0.04216370213557839,0.16666666666666666,0.04216370213557839,0.6333333333333333,0.07149203529842406
aliased_loop_rooms,looped_repeated_rooms,repeated_room_loop,gaussian_sensory,temporal_dropout,embedding,8,lin_sequence_front_bands_r5_l4,5,4,8,front_bands,6,0.18333333333333335,0.05426273532033237,0.16666666666666666,0.0760116950066092,0.5499999999999999,0.07637626158259735
aliased_loop_rooms,looped_repeated_rooms,repeated_room_loop,gaussian_sensory,temporal_dropout,embedding,8,lin_sequence_front_bands_r5_l8,5,8,12,front_bands,6,0.31666666666666665,0.047726070210921186,0.2833333333333333,0.016666666666666663,0.6,0.08563488385776753
aliased_loop_rooms,looped_repeated_rooms,repeated_room_loop,gaussian_sensory,temporal_dropout,embedding,8,memoryless_linear,,,,,2,0.30000000000000004,0.1,0.25,0.04999999999999999,nan,0.0
aliased_loop_rooms,looped_repeated_rooms,repeated_room_loop,gaussian_sensory,temporal_dropout,embedding,8,memoryless_mlp,,,,,2,0.30000000000000004,0.1,0.25,0.04999999999999999,nan,0.0
aliased_loop_rooms,looped_repeated_rooms,repeated_room_loop,gaussian_sensory,temporal_dropout,embedding,8,numpy_rnn,,,,,2,0.35,0.05,0.25,0.04999999999999999,nan,0.0
aliased_loop_rooms,looped_repeated_rooms,repeated_room_loop,gaussian_sensory,temporal_dropout,embedding,8,reservoir_block_hybrid,,,,,6,0.25000000000000006,0.06191391873668904,0.20000000000000004,0.0447213595499958,nan,0.0
aliased_loop_rooms,looped_repeated_rooms,repeated_room_loop,gaussian_sensory,temporal_dropout,embedding,8,reservoir_diagonal,,,,,6,0.3499999999999999,0.0806225774829855,0.3,0.09999999999999999,nan,0.0
aliased_loop_rooms,looped_repeated_rooms,repeated_room_loop,gaussian_sensory,temporal_dropout,embedding,8,reservoir_low_rank,,,,,6,0.19999999999999998,0.07745966692414834,0.16666666666666666,0.03333333333333333,nan,0.0
aliased_loop_rooms,looped_repeated_rooms,repeated_room_loop,gaussian_sensory,temporal_dropout,embedding,8,reservoir_nilpotent,,,,,6,0.20000000000000004,0.06831300510639733,0.19999999999999998,0.0447213595499958,nan,0.0
aliased_loop_rooms,looped_repeated_rooms,repeated_room_loop,gaussian_sensory,temporal_dropout,embedding,8,reservoir_orthogonal,,,,,6,0.23333333333333336,0.06146362971528592,0.26666666666666666,0.06666666666666667,nan,0.0
aliased_loop_rooms,looped_repeated_rooms,repeated_room_loop,gaussian_sensory,temporal_dropout,embedding,8,reservoir_oscillatory,,,,,6,0.2833333333333334,0.06009252125773315,0.21666666666666667,0.08333333333333334,nan,0.0
aliased_loop_rooms,looped_repeated_rooms,repeated_room_loop,gaussian_sensory,temporal_dropout,embedding,8,reservoir_random,,,,,6,0.2833333333333333,0.04772607021092118,0.16666666666666666,0.04944132324730442,nan,0.0
aliased_loop_rooms,looped_repeated_rooms,repeated_room_loop,gaussian_sensory,temporal_dropout,embedding,8,reservoir_sparse,,,,,6,0.31666666666666665,0.060092521257733164,0.2333333333333333,0.08432740427115679,nan,0.0
aliased_loop_rooms,looped_repeated_rooms,repeated_room_loop,gaussian_sensory,temporal_dropout,embedding,8,reservoir_symmetric,,,,,6,0.3,0.02581988897471612,0.15,0.03415650255319866,nan,0.0
aliased_loop_rooms,looped_repeated_rooms,repeated_room_loop,gaussian_sensory,temporal_dropout,none,0,lin_block_r1_l2,1,2,2,independent_blocks,2,0.3,0.0,nan,0.0,nan,0.0
aliased_loop_rooms,looped_repeated_rooms,repeated_room_loop,gaussian_sensory,temporal_dropout,none,0,lin_block_r1_l4,1,4,4,independent_blocks,2,0.2,0.09999999999999999,nan,0.0,nan,0.0
aliased_loop_rooms,looped_repeated_rooms,repeated_room_loop,gaussian_sensory,temporal_dropout,none,0,lin_block_r1_l8,1,8,8,independent_blocks,2,0.25,0.04999999999999999,nan,0.0,nan,0.0
aliased_loop_rooms,looped_repeated_rooms,repeated_room_loop,gaussian_sensory,temporal_dropout,none,0,lin_block_r3_l2,3,2,4,independent_blocks,2,0.35,0.15,nan,0.0,nan,0.0
aliased_loop_rooms,looped_repeated_rooms,repeated_room_loop,gaussian_sensory,temporal_dropout,none,0,lin_block_r3_l4,3,4,6,independent_blocks,2,0.25,0.04999999999999999,nan,0.0,nan,0.0
aliased_loop_rooms,looped_repeated_rooms,repeated_room_loop,gaussian_sensory,temporal_dropout,none,0,lin_block_r3_l8,3,8,10,independent_blocks,2,0.25,0.04999999999999999,nan,0.0,nan,0.0
aliased_loop_rooms,looped_repeated_rooms,repeated_room_loop,gaussian_sensory,temporal_dropout,none,0,lin_block_r5_l2,5,2,6,independent_blocks,2,0.35,0.15,nan,0.0,nan,0.0
aliased_loop_rooms,looped_repeated_rooms,repeated_room_loop,gaussian_sensory,temporal_dropout,none,0,lin_block_r5_l4,5,4,8,independent_blocks,2,0.25,0.04999999999999999,nan,0.0,nan,0.0
aliased_loop_rooms,looped_repeated_rooms,repeated_room_loop,gaussian_sensory,temporal_dropout,none,0,lin_block_r5_l8,5,8,12,independent_blocks,2,0.25,0.04999999999999999,nan,0.0,nan,0.0
aliased_loop_rooms,looped_repeated_rooms,repeated_room_loop,gaussian_sensory,temporal_dropout,none,0,lin_sequence_all_units_r3_l4,3,4,6,all_units,6,0.26666666666666666,0.04944132324730443,0.18333333333333335,0.03073181485764296,0.5,0.051639777949432225
aliased_loop_rooms,looped_repeated_rooms,repeated_room_loop,gaussian_sensory,temporal_dropout,none,0,lin_sequence_front_bands_r1_l2,1,2,2,front_bands,6,0.26666666666666666,0.021081851067789193,0.2333333333333333,0.04944132324730442,0.2833333333333334,0.04772607021092118
aliased_loop_rooms,looped_repeated_rooms,repeated_room_loop,gaussian_sensory,temporal_dropout,none,0,lin_sequence_front_bands_r1_l4,1,4,4,front_bands,6,0.2333333333333333,0.04216370213557839,0.25,0.06191391873668904,0.35000000000000003,0.07187952884282608
aliased_loop_rooms,looped_repeated_rooms,repeated_room_loop,gaussian_sensory,temporal_dropout,none,0,lin_sequence_front_bands_r1_l8,1,8,8,front_bands,6,0.31666666666666665,0.04772607021092118,0.2833333333333334,0.06009252125773315,0.4333333333333333,0.09888264649460884
aliased_loop_rooms,looped_repeated_rooms,repeated_room_loop,gaussian_sensory,temporal_dropout,none,0,lin_sequence_front_bands_r3_l2,3,2,4,front_bands,6,0.21666666666666667,0.04013864859597432,0.20000000000000004,0.07302967433402215,0.3333333333333333,0.04216370213557839
aliased_loop_rooms,looped_repeated_rooms,repeated_room_loop,gaussian_sensory,temporal_dropout,none,0,lin_sequence_front_bands_r3_l4,3,4,6,front_bands,6,0.21666666666666667,0.03073181485764296,0.11666666666666665,0.05426273532033237,0.3333333333333333,0.07149203529842406
aliased_loop_rooms,looped_repeated_rooms,repeated_room_loop,gaussian_sensory,temporal_dropout,none,0,lin_sequence_front_bands_r3_l8,3,8,10,front_bands,6,0.3333333333333333,0.021081851067789207,0.25,0.0670820393249937,0.4000000000000001,0.06831300510639732
aliased_loop_rooms,looped_repeated_rooms,repeated_room_loop,gaussian_sensory,temporal_dropout,none,0,lin_sequence_front_bands_r5_l2,5,2,6,front_bands,6,0.21666666666666667,0.05426273532033237,0.23333333333333336,0.07149203529842406,0.3666666666666667,0.04216370213557839
aliased_loop_rooms,looped_repeated_rooms,repeated_room_loop,gaussian_sensory,temporal_dropout,none,0,lin_sequence_front_bands_r5_l4,5,4,8,front_bands,6,0.19999999999999998,0.03651483716701107,0.26666666666666666,0.06146362971528592,0.2833333333333333,0.05426273532033237
aliased_loop_rooms,looped_repeated_rooms,repeated_room_loop,gaussian_sensory,temporal_dropout,none,0,lin_sequence_front_bands_r5_l8,5,8,12,front_bands,6,0.16666666666666666,0.0210818510677892,0.16666666666666666,0.04216370213557839,0.4166666666666667,0.060092521257733164
aliased_loop_rooms,looped_repeated_rooms,repeated_room_loop,gaussian_sensory,temporal_dropout,none,0,memoryless_linear,,,,,2,0.30000000000000004,0.1,0.30000000000000004,0.1,nan,0.0
aliased_loop_rooms,looped_repeated_rooms,repeated_room_loop,gaussian_sensory,temporal_dropout,none,0,memoryless_mlp,,,,,2,0.30000000000000004,0.1,0.30000000000000004,0.1,nan,0.0
aliased_loop_rooms,looped_repeated_rooms,repeated_room_loop,gaussian_sensory,temporal_dropout,none,0,numpy_rnn,,,,,2,0.35,0.05,0.25,0.04999999999999999,nan,0.0
aliased_loop_rooms,looped_repeated_rooms,repeated_room_loop,gaussian_sensory,temporal_dropout,none,0,reservoir_block_hybrid,,,,,6,0.3333333333333333,0.04216370213557839,0.25,0.05627314338711378,nan,0.0
aliased_loop_rooms,looped_repeated_rooms,repeated_room_loop,gaussian_sensory,temporal_dropout,none,0,reservoir_diagonal,,,,,6,0.31666666666666665,0.060092521257733164,0.18333333333333332,0.04772607021092118,nan,0.0
aliased_loop_rooms,looped_repeated_rooms,repeated_room_loop,gaussian_sensory,temporal_dropout,none,0,reservoir_low_rank,,,,,6,0.35000000000000003,0.042817441928883766,0.3333333333333333,0.021081851067789207,nan,0.0
aliased_loop_rooms,looped_repeated_rooms,repeated_room_loop,gaussian_sensory,temporal_dropout,none,0,reservoir_nilpotent,,,,,6,0.2333333333333333,0.04216370213557839,0.15,0.0223606797749979,nan,0.0
aliased_loop_rooms,looped_repeated_rooms,repeated_room_loop,gaussian_sensory,temporal_dropout,none,0,reservoir_orthogonal,,,,,6,0.16666666666666666,0.04216370213557839,0.20000000000000004,0.03651483716701107,nan,0.0
aliased_loop_rooms,looped_repeated_rooms,repeated_room_loop,gaussian_sensory,temporal_dropout,none,0,reservoir_oscillatory,,,,,6,0.2833333333333333,0.040138648595974324,0.26666666666666666,0.04944132324730443,nan,0.0
aliased_loop_rooms,looped_repeated_rooms,repeated_room_loop,gaussian_sensory,temporal_dropout,none,0,reservoir_random,,,,,6,0.3166666666666667,0.047726070210921186,0.2833333333333334,0.047726070210921186,nan,0.0
aliased_loop_rooms,looped_repeated_rooms,repeated_room_loop,gaussian_sensory,temporal_dropout,none,0,reservoir_sparse,,,,,6,0.3,0.05163977794943224,0.2833333333333333,0.06540472290116195,nan,0.0
aliased_loop_rooms,looped_repeated_rooms,repeated_room_loop,gaussian_sensory,temporal_dropout,none,0,reservoir_symmetric,,,,,6,0.25,0.042817441928883766,0.16666666666666666,0.03333333333333333,nan,0.0
aliased_loop_rooms,looped_repeated_rooms,repeated_room_loop,gaussian_sensory,temporal_dropout,one_hot,0,lin_block_r1_l2,1,2,2,independent_blocks,2,0.3,0.0,nan,0.0,nan,0.0
aliased_loop_rooms,looped_repeated_rooms,repeated_room_loop,gaussian_sensory,temporal_dropout,one_hot,0,lin_block_r1_l4,1,4,4,independent_blocks,2,0.2,0.0,nan,0.0,nan,0.0
aliased_loop_rooms,looped_repeated_rooms,repeated_room_loop,gaussian_sensory,temporal_dropout,one_hot,0,lin_block_r1_l8,1,8,8,independent_blocks,2,0.25,0.04999999999999999,nan,0.0,nan,0.0
aliased_loop_rooms,looped_repeated_rooms,repeated_room_loop,gaussian_sensory,temporal_dropout,one_hot,0,lin_block_r3_l2,3,2,4,independent_blocks,2,0.35,0.15,nan,0.0,nan,0.0
aliased_loop_rooms,looped_repeated_rooms,repeated_room_loop,gaussian_sensory,temporal_dropout,one_hot,0,lin_block_r3_l4,3,4,6,independent_blocks,2,0.25,0.15,nan,0.0,nan,0.0
aliased_loop_rooms,looped_repeated_rooms,repeated_room_loop,gaussian_sensory,temporal_dropout,one_hot,0,lin_block_r3_l8,3,8,10,independent_blocks,2,0.3,0.19999999999999998,nan,0.0,nan,0.0
aliased_loop_rooms,looped_repeated_rooms,repeated_room_loop,gaussian_sensory,temporal_dropout,one_hot,0,lin_block_r5_l2,5,2,6,independent_blocks,2,0.35,0.15,nan,0.0,nan,0.0
aliased_loop_rooms,looped_repeated_rooms,repeated_room_loop,gaussian_sensory,temporal_dropout,one_hot,0,lin_block_r5_l4,5,4,8,independent_blocks,2,0.25,0.15,nan,0.0,nan,0.0
aliased_loop_rooms,looped_repeated_rooms,repeated_room_loop,gaussian_sensory,temporal_dropout,one_hot,0,lin_block_r5_l8,5,8,12,independent_blocks,2,0.25,0.15,nan,0.0,nan,0.0
aliased_loop_rooms,looped_repeated_rooms,repeated_room_loop,gaussian_sensory,temporal_dropout,one_hot,0,lin_sequence_all_units_r3_l4,3,4,6,all_units,6,0.3333333333333333,0.06666666666666667,0.25,0.03415650255319867,0.7833333333333333,0.04013864859597434
aliased_loop_rooms,looped_repeated_rooms,repeated_room_loop,gaussian_sensory,temporal_dropout,one_hot,0,lin_sequence_front_bands_r1_l2,1,2,2,front_bands,6,0.3666666666666667,0.03333333333333334,0.25000000000000006,0.06191391873668904,0.8833333333333333,0.04013864859597431
aliased_loop_rooms,looped_repeated_rooms,repeated_room_loop,gaussian_sensory,temporal_dropout,one_hot,0,lin_sequence_front_bands_r1_l4,1,4,4,front_bands,6,0.19999999999999998,0.025819888974716113,0.2333333333333333,0.021081851067789193,0.6666666666666666,0.055777335102271716
aliased_loop_rooms,looped_repeated_rooms,repeated_room_loop,gaussian_sensory,temporal_dropout,one_hot,0,lin_sequence_front_bands_r1_l8,1,8,8,front_bands,6,0.23333333333333336,0.033333333333333326,0.21666666666666667,0.05426273532033237,0.48333333333333334,0.07031674369909664
aliased_loop_rooms,looped_repeated_rooms,repeated_room_loop,gaussian_sensory,temporal_dropout,one_hot,0,lin_sequence_front_bands_r3_l2,3,2,4,front_bands,6,0.35000000000000003,0.0670820393249937,0.3,0.0632455532033676,0.8666666666666667,0.042163702135578386
aliased_loop_rooms,looped_repeated_rooms,repeated_room_loop,gaussian_sensory,temporal_dropout,one_hot,0,lin_sequence_front_bands_r3_l4,3,4,6,front_bands,6,0.26666666666666666,0.0557773351022717,0.25,0.042817441928883766,0.8166666666666668,0.047726070210921186
aliased_loop_rooms,looped_repeated_rooms,repeated_room_loop,gaussian_sensory,temporal_dropout,one_hot,0,lin_sequence_front_bands_r3_l8,3,8,10,front_bands,6,0.3,0.0447213595499958,0.26666666666666666,0.06146362971528592,0.4833333333333334,0.07923242882669809
aliased_loop_rooms,looped_repeated_rooms,repeated_room_loop,gaussian_sensory,temporal_dropout,one_hot,0,lin_sequence_front_bands_r5_l2,5,2,6,front_bands,6,0.25000000000000006,0.034156502553198666,0.3333333333333333,0.07149203529842406,0.8333333333333334,0.042163702135578414
aliased_loop_rooms,looped_repeated_rooms,repeated_room_loop,gaussian_sensory,temporal_dropout,one_hot,0,lin_sequence_front_bands_r5_l4,5,4,8,front_bands,6,0.19999999999999998,0.025819888974716113,0.18333333333333335,0.04013864859597432,0.6166666666666667,0.04772607021092117
aliased_loop_rooms,looped_repeated_rooms,repeated_room_loop,gaussian_sensory,temporal_dropout,one_hot,0,lin_sequence_front_bands_r5_l8,5,8,12,front_bands,6,0.3333333333333333,0.04944132324730442,0.26666666666666666,0.06666666666666667,0.5666666666666667,0.07149203529842406
aliased_loop_rooms,looped_repeated_rooms,repeated_room_loop,gaussian_sensory,temporal_dropout,one_hot,0,memoryless_linear,,,,,2,0.30000000000000004,0.1,0.3,0.0,nan,0.0
aliased_loop_rooms,looped_repeated_rooms,repeated_room_loop,gaussian_sensory,temporal_dropout,one_hot,0,memoryless_mlp,,,,,2,0.30000000000000004,0.1,0.3,0.0,nan,0.0
aliased_loop_rooms,looped_repeated_rooms,repeated_room_loop,gaussian_sensory,temporal_dropout,one_hot,0,numpy_rnn,,,,,2,0.45,0.04999999999999999,0.3,0.0,nan,0.0
aliased_loop_rooms,looped_repeated_rooms,repeated_room_loop,gaussian_sensory,temporal_dropout,one_hot,0,reservoir_block_hybrid,,,,,6,0.21666666666666667,0.047726070210921186,0.21666666666666667,0.047726070210921186,nan,0.0
aliased_loop_rooms,looped_repeated_rooms,repeated_room_loop,gaussian_sensory,temporal_dropout,one_hot,0,reservoir_diagonal,,,,,6,0.4166666666666667,0.06009252125773315,0.3666666666666667,0.06146362971528592,nan,0.0
aliased_loop_rooms,looped_repeated_rooms,repeated_room_loop,gaussian_sensory,temporal_dropout,one_hot,0,reservoir_low_rank,,,,,6,0.19999999999999998,0.025819888974716113,0.20000000000000004,0.0632455532033676,nan,0.0
aliased_loop_rooms,looped_repeated_rooms,repeated_room_loop,gaussian_sensory,temporal_dropout,one_hot,0,reservoir_nilpotent,,,,,6,0.2333333333333333,0.03333333333333333,0.19999999999999998,0.03651483716701107,nan,0.0
aliased_loop_rooms,looped_repeated_rooms,repeated_room_loop,gaussian_sensory,temporal_dropout,one_hot,0,reservoir_orthogonal,,,,,6,0.25,0.042817441928883766,0.2166666666666667,0.08333333333333334,nan,0.0
aliased_loop_rooms,looped_repeated_rooms,repeated_room_loop,gaussian_sensory,temporal_dropout,one_hot,0,reservoir_oscillatory,,,,,6,0.30000000000000004,0.03651483716701108,0.21666666666666665,0.06009252125773315,nan,0.0
aliased_loop_rooms,looped_repeated_rooms,repeated_room_loop,gaussian_sensory,temporal_dropout,one_hot,0,reservoir_random,,,,,6,0.3333333333333333,0.021081851067789207,0.3,0.03651483716701108,nan,0.0
aliased_loop_rooms,looped_repeated_rooms,repeated_room_loop,gaussian_sensory,temporal_dropout,one_hot,0,reservoir_sparse,,,,,6,0.4166666666666667,0.060092521257733164,0.30000000000000004,0.03651483716701108,nan,0.0
aliased_loop_rooms,looped_repeated_rooms,repeated_room_loop,gaussian_sensory,temporal_dropout,one_hot,0,reservoir_symmetric,,,,,6,0.30000000000000004,0.05163977794943224,0.3666666666666667,0.08432740427115679,nan,0.0
aliased_loop_rooms,looped_repeated_rooms,repeated_room_loop,gaussian_sensory,temporal_full,embedding,8,lin_block_r1_l2,1,2,2,independent_blocks,2,0.44999999999999996,0.15,nan,0.0,nan,0.0
aliased_loop_rooms,looped_repeated_rooms,repeated_room_loop,gaussian_sensory,temporal_full,embedding,8,lin_block_r1_l4,1,4,4,independent_blocks,2,0.35,0.15,nan,0.0,nan,0.0
aliased_loop_rooms,looped_repeated_rooms,repeated_room_loop,gaussian_sensory,temporal_full,embedding,8,lin_block_r1_l8,1,8,8,independent_blocks,2,0.4,0.19999999999999998,nan,0.0,nan,0.0
aliased_loop_rooms,looped_repeated_rooms,repeated_room_loop,gaussian_sensory,temporal_full,embedding,8,lin_block_r3_l2,3,2,4,independent_blocks,2,0.44999999999999996,0.15,nan,0.0,nan,0.0
aliased_loop_rooms,looped_repeated_rooms,repeated_room_loop,gaussian_sensory,temporal_full,embedding,8,lin_block_r3_l4,3,4,6,independent_blocks,2,0.35,0.05,nan,0.0,nan,0.0
aliased_loop_rooms,looped_repeated_rooms,repeated_room_loop,gaussian_sensory,temporal_full,embedding,8,lin_block_r3_l8,3,8,10,independent_blocks,2,0.35,0.05,nan,0.0,nan,0.0
aliased_loop_rooms,looped_repeated_rooms,repeated_room_loop,gaussian_sensory,temporal_full,embedding,8,lin_block_r5_l2,5,2,6,independent_blocks,2,0.44999999999999996,0.15,nan,0.0,nan,0.0
aliased_loop_rooms,looped_repeated_rooms,repeated_room_loop,gaussian_sensory,temporal_full,embedding,8,lin_block_r5_l4,5,4,8,independent_blocks,2,0.4,0.1,nan,0.0,nan,0.0
aliased_loop_rooms,looped_repeated_rooms,repeated_room_loop,gaussian_sensory,temporal_full,embedding,8,lin_block_r5_l8,5,8,12,independent_blocks,2,0.4,0.1,nan,0.0,nan,0.0
aliased_loop_rooms,looped_repeated_rooms,repeated_room_loop,gaussian_sensory,temporal_full,embedding,8,lin_sequence_all_units_r3_l4,3,4,6,all_units,6,0.21666666666666667,0.04013864859597433,0.26666666666666666,0.03333333333333333,0.7333333333333333,0.08027729719194865
aliased_loop_rooms,looped_repeated_rooms,repeated_room_loop,gaussian_sensory,temporal_full,embedding,8,lin_sequence_front_bands_r1_l2,1,2,2,front_bands,6,0.5,0.0447213595499958,0.39999999999999997,0.051639777949432225,0.8666666666666666,0.033333333333333326
aliased_loop_rooms,looped_repeated_rooms,repeated_room_loop,gaussian_sensory,temporal_full,embedding,8,lin_sequence_front_bands_r1_l4,1,4,4,front_bands,6,0.26666666666666666,0.08432740427115679,0.18333333333333335,0.03073181485764296,0.8333333333333334,0.06146362971528593
aliased_loop_rooms,looped_repeated_rooms,repeated_room_loop,gaussian_sensory,temporal_full,embedding,8,lin_sequence_front_bands_r1_l8,1,8,8,front_bands,6,0.3,0.05163977794943224,0.31666666666666665,0.06540472290116196,0.6833333333333332,0.05426273532033237
aliased_loop_rooms,looped_repeated_rooms,repeated_room_loop,gaussian_sensory,temporal_full,embedding,8,lin_sequence_front_bands_r3_l2,3,2,4,front_bands,6,0.2833333333333334,0.047726070210921186,0.19999999999999998,0.0447213595499958,0.8999999999999999,0.04472135954999579
aliased_loop_rooms,looped_repeated_rooms,repeated_room_loop,gaussian_sensory,temporal_full,embedding,8,lin_sequence_front_bands_r3_l4,3,4,6,front_bands,6,0.26666666666666666,0.0760116950066092,0.25,0.0718795288428261,0.7999999999999999,0.0447213595499958
aliased_loop_rooms,looped_repeated_rooms,repeated_room_loop,gaussian_sensory,temporal_full,embedding,8,lin_sequence_front_bands_r3_l8,3,8,10,front_bands,6,0.25000000000000006,0.06191391873668904,0.2833333333333333,0.040138648595974324,0.8000000000000002,0.057735026918962595
aliased_loop_rooms,looped_repeated_rooms,repeated_room_loop,gaussian_sensory,temporal_full,embedding,8,lin_sequence_front_bands_r5_l2,5,2,6,front_bands,6,0.3333333333333333,0.06146362971528592,0.4166666666666667,0.07490735018081411,0.7833333333333333,0.06540472290116195
aliased_loop_rooms,looped_repeated_rooms,repeated_room_loop,gaussian_sensory,temporal_full,embedding,8,lin_sequence_front_bands_r5_l4,5,4,8,front_bands,6,0.26666666666666666,0.021081851067789193,0.36666666666666664,0.08027729719194864,0.7666666666666666,0.055777335102271716
aliased_loop_rooms,looped_repeated_rooms,repeated_room_loop,gaussian_sensory,temporal_full,embedding,8,lin_sequence_front_bands_r5_l8,5,8,12,front_bands,6,0.3666666666666667,0.0557773351022717,0.35000000000000003,0.08465616732800196,0.7166666666666667,0.04013864859597434
aliased_loop_rooms,looped_repeated_rooms,repeated_room_loop,gaussian_sensory,temporal_full,embedding,8,memoryless_linear,,,,,2,0.5,0.09999999999999998,0.55,0.04999999999999999,nan,0.0
aliased_loop_rooms,looped_repeated_rooms,repeated_room_loop,gaussian_sensory,temporal_full,embedding,8,memoryless_mlp,,,,,2,0.5,0.09999999999999998,0.55,0.04999999999999999,nan,0.0
aliased_loop_rooms,looped_repeated_rooms,repeated_room_loop,gaussian_sensory,temporal_full,embedding,8,numpy_rnn,,,,,2,0.35,0.05,0.2,0.0,nan,0.0
aliased_loop_rooms,looped_repeated_rooms,repeated_room_loop,gaussian_sensory,temporal_full,embedding,8,reservoir_block_hybrid,,,,,6,0.2333333333333333,0.042163702135578386,0.21666666666666667,0.060092521257733164,nan,0.0
aliased_loop_rooms,looped_repeated_rooms,repeated_room_loop,gaussian_sensory,temporal_full,embedding,8,reservoir_diagonal,,,,,6,0.5499999999999999,0.0718795288428261,0.5833333333333333,0.07923242882669809,nan,0.0
aliased_loop_rooms,looped_repeated_rooms,repeated_room_loop,gaussian_sensory,temporal_full,embedding,8,reservoir_low_rank,,,,,6,0.2833333333333334,0.07031674369909663,0.25,0.06191391873668904,nan,0.0
aliased_loop_rooms,looped_repeated_rooms,repeated_room_loop,gaussian_sensory,temporal_full,embedding,8,reservoir_nilpotent,,,,,6,0.2833333333333334,0.05426273532033236,0.3333333333333334,0.055777335102271716,nan,0.0
aliased_loop_rooms,looped_repeated_rooms,repeated_room_loop,gaussian_sensory,temporal_full,embedding,8,reservoir_orthogonal,,,,,6,0.2333333333333333,0.04216370213557839,0.25,0.0670820393249937,nan,0.0
aliased_loop_rooms,looped_repeated_rooms,repeated_room_loop,gaussian_sensory,temporal_full,embedding,8,reservoir_oscillatory,,,,,6,0.3499999999999999,0.042817441928883766,0.3666666666666667,0.04944132324730442,nan,0.0
aliased_loop_rooms,looped_repeated_rooms,repeated_room_loop,gaussian_sensory,temporal_full,embedding,8,reservoir_random,,,,,6,0.23333333333333336,0.06666666666666668,0.15,0.042817441928883766,nan,0.0
aliased_loop_rooms,looped_repeated_rooms,repeated_room_loop,gaussian_sensory,temporal_full,embedding,8,reservoir_sparse,,,,,6,0.3166666666666667,0.07031674369909661,0.31666666666666665,0.06009252125773315,nan,0.0
aliased_loop_rooms,looped_repeated_rooms,repeated_room_loop,gaussian_sensory,temporal_full,embedding,8,reservoir_symmetric,,,,,6,0.3833333333333333,0.06540472290116194,0.4833333333333334,0.07490735018081411,nan,0.0
aliased_loop_rooms,looped_repeated_rooms,repeated_room_loop,gaussian_sensory,temporal_full,none,0,lin_block_r1_l2,1,2,2,independent_blocks,2,0.44999999999999996,0.15,nan,0.0,nan,0.0
aliased_loop_rooms,looped_repeated_rooms,repeated_room_loop,gaussian_sensory,temporal_full,none,0,lin_block_r1_l4,1,4,4,independent_blocks,2,0.3,0.0,nan,0.0,nan,0.0
aliased_loop_rooms,looped_repeated_rooms,repeated_room_loop,gaussian_sensory,temporal_full,none,0,lin_block_r1_l8,1,8,8,independent_blocks,2,0.3,0.0,nan,0.0,nan,0.0
aliased_loop_rooms,looped_repeated_rooms,repeated_room_loop,gaussian_sensory,temporal_full,none,0,lin_block_r3_l2,3,2,4,independent_blocks,2,0.44999999999999996,0.15,nan,0.0,nan,0.0
aliased_loop_rooms,looped_repeated_rooms,repeated_room_loop,gaussian_sensory,temporal_full,none,0,lin_block_r3_l4,3,4,6,independent_blocks,2,0.35,0.05,nan,0.0,nan,0.0
aliased_loop_rooms,looped_repeated_rooms,repeated_room_loop,gaussian_sensory,temporal_full,none,0,lin_block_r3_l8,3,8,10,independent_blocks,2,0.35,0.05,nan,0.0,nan,0.0
aliased_loop_rooms,looped_repeated_rooms,repeated_room_loop,gaussian_sensory,temporal_full,none,0,lin_block_r5_l2,5,2,6,independent_blocks,2,0.4,0.1,nan,0.0,nan,0.0
aliased_loop_rooms,looped_repeated_rooms,repeated_room_loop,gaussian_sensory,temporal_full,none,0,lin_block_r5_l4,5,4,8,independent_blocks,2,0.35,0.05,nan,0.0,nan,0.0
aliased_loop_rooms,looped_repeated_rooms,repeated_room_loop,gaussian_sensory,temporal_full,none,0,lin_block_r5_l8,5,8,12,independent_blocks,2,0.35,0.05,nan,0.0,nan,0.0
aliased_loop_rooms,looped_repeated_rooms,repeated_room_loop,gaussian_sensory,temporal_full,none,0,lin_sequence_all_units_r3_l4,3,4,6,all_units,6,0.08333333333333333,0.030731814857642967,0.19999999999999998,0.0632455532033676,0.5166666666666667,0.030731814857642953
aliased_loop_rooms,looped_repeated_rooms,repeated_room_loop,gaussian_sensory,temporal_full,none,0,lin_sequence_front_bands_r1_l2,1,2,2,front_bands,6,0.25,0.022360679774997894,0.35000000000000003,0.07637626158259733,0.75,0.05000000000000002
aliased_loop_rooms,looped_repeated_rooms,repeated_room_loop,gaussian_sensory,temporal_full,none,0,lin_sequence_front_bands_r1_l4,1,4,4,front_bands,6,0.21666666666666665,0.03073181485764296,0.21666666666666667,0.07031674369909663,0.5666666666666668,0.06666666666666668
aliased_loop_rooms,looped_repeated_rooms,repeated_room_loop,gaussian_sensory,temporal_full,none,0,lin_sequence_front_bands_r1_l8,1,8,8,front_bands,6,0.2833333333333334,0.03073181485764296,0.21666666666666665,0.060092521257733164,0.3666666666666667,0.04944132324730443
aliased_loop_rooms,looped_repeated_rooms,repeated_room_loop,gaussian_sensory,temporal_full,none,0,lin_sequence_front_bands_r3_l2,3,2,4,front_bands,6,0.19999999999999998,0.025819888974716113,0.2833333333333334,0.10775486583496409,0.6166666666666666,0.047726070210921186
aliased_loop_rooms,looped_repeated_rooms,repeated_room_loop,gaussian_sensory,temporal_full,none,0,lin_sequence_front_bands_r3_l4,3,4,6,front_bands,6,0.16666666666666666,0.08027729719194865,0.21666666666666667,0.06009252125773318,0.5333333333333333,0.049441323247304415
aliased_loop_rooms,looped_repeated_rooms,repeated_room_loop,gaussian_sensory,temporal_full,none,0,lin_sequence_front_bands_r3_l8,3,8,10,front_bands,6,0.18333333333333335,0.060092521257733164,0.18333333333333335,0.047726070210921186,0.4166666666666667,0.07031674369909663
aliased_loop_rooms,looped_repeated_rooms,repeated_room_loop,gaussian_sensory,temporal_full,none,0,lin_sequence_front_bands_r5_l2,5,2,6,front_bands,6,0.20000000000000004,0.057735026918962595,0.3,0.07302967433402215,0.5666666666666668,0.033333333333333326
aliased_loop_rooms,looped_repeated_rooms,repeated_room_loop,gaussian_sensory,temporal_full,none,0,lin_sequence_front_bands_r5_l4,5,4,8,front_bands,6,0.20000000000000004,0.0447213595499958,0.3333333333333333,0.04944132324730442,0.6,0.06831300510639735
aliased_loop_rooms,looped_repeated_rooms,repeated_room_loop,gaussian_sensory,temporal_full,none,0,lin_sequence_front_bands_r5_l8,5,8,12,front_bands,6,0.26666666666666666,0.04944132324730443,0.3333333333333333,0.07149203529842406,0.36666666666666664,0.04944132324730442
aliased_loop_rooms,looped_repeated_rooms,repeated_room_loop,gaussian_sensory,temporal_full,none,0,memoryless_linear,,,,,2,0.55,0.14999999999999997,0.55,0.44999999999999996,nan,0.0
aliased_loop_rooms,looped_repeated_rooms,repeated_room_loop,gaussian_sensory,temporal_full,none,0,memoryless_mlp,,,,,2,0.55,0.14999999999999997,0.55,0.44999999999999996,nan,0.0
aliased_loop_rooms,looped_repeated_rooms,repeated_room_loop,gaussian_sensory,temporal_full,none,0,numpy_rnn,,,,,2,0.4,0.1,0.4,0.0,nan,0.0
aliased_loop_rooms,looped_repeated_rooms,repeated_room_loop,gaussian_sensory,temporal_full,none,0,reservoir_block_hybrid,,,,,6,0.18333333333333335,0.047726070210921186,0.3,0.051639777949432225,nan,0.0
aliased_loop_rooms,looped_repeated_rooms,repeated_room_loop,gaussian_sensory,temporal_full,none,0,reservoir_diagonal,,,,,6,0.25,0.05000000000000001,0.5,0.10327955589886448,nan,0.0
aliased_loop_rooms,looped_repeated_rooms,repeated_room_loop,gaussian_sensory,temporal_full,none,0,reservoir_low_rank,,,,,6,0.3,0.08944271909999159,0.45,0.08465616732800195,nan,0.0
aliased_loop_rooms,looped_repeated_rooms,repeated_room_loop,gaussian_sensory,temporal_full,none,0,reservoir_nilpotent,,,,,6,0.21666666666666667,0.047726070210921186,0.38333333333333336,0.08724168218868267,nan,0.0
aliased_loop_rooms,looped_repeated_rooms,repeated_room_loop,gaussian_sensory,temporal_full,none,0,reservoir_orthogonal,,,,,6,0.21666666666666665,0.04772607021092118,0.2833333333333334,0.06540472290116194,nan,0.0
aliased_loop_rooms,looped_repeated_rooms,repeated_room_loop,gaussian_sensory,temporal_full,none,0,reservoir_oscillatory,,,,,6,0.23333333333333336,0.07149203529842406,0.3666666666666667,0.0760116950066092,nan,0.0
aliased_loop_rooms,looped_repeated_rooms,repeated_room_loop,gaussian_sensory,temporal_full,none,0,reservoir_random,,,,,6,0.21666666666666667,0.04772607021092118,0.3333333333333333,0.08027729719194865,nan,0.0
aliased_loop_rooms,looped_repeated_rooms,repeated_room_loop,gaussian_sensory,temporal_full,none,0,reservoir_sparse,,,,,6,0.25,0.05000000000000001,0.4166666666666667,0.09457507306074071,nan,0.0
aliased_loop_rooms,looped_repeated_rooms,repeated_room_loop,gaussian_sensory,temporal_full,none,0,reservoir_symmetric,,,,,6,0.2833333333333334,0.04772607021092118,0.5833333333333333,0.07490735018081411,nan,0.0
aliased_loop_rooms,looped_repeated_rooms,repeated_room_loop,gaussian_sensory,temporal_full,one_hot,0,lin_block_r1_l2,1,2,2,independent_blocks,2,0.5,0.09999999999999998,nan,0.0,nan,0.0
aliased_loop_rooms,looped_repeated_rooms,repeated_room_loop,gaussian_sensory,temporal_full,one_hot,0,lin_block_r1_l4,1,4,4,independent_blocks,2,0.44999999999999996,0.15,nan,0.0,nan,0.0
aliased_loop_rooms,looped_repeated_rooms,repeated_room_loop,gaussian_sensory,temporal_full,one_hot,0,lin_block_r1_l8,1,8,8,independent_blocks,2,0.44999999999999996,0.15,nan,0.0,nan,0.0
aliased_loop_rooms,looped_repeated_rooms,repeated_room_loop,gaussian_sensory,temporal_full,one_hot,0,lin_block_r3_l2,3,2,4,independent_blocks,2,0.44999999999999996,0.15,nan,0.0,nan,0.0
aliased_loop_rooms,looped_repeated_rooms,repeated_room_loop,gaussian_sensory,temporal_full,one_hot,0,lin_block_r3_l4,3,4,6,independent_blocks,2,0.44999999999999996,0.15,nan,0.0,nan,0.0
aliased_loop_rooms,looped_repeated_rooms,repeated_room_loop,gaussian_sensory,temporal_full,one_hot,0,lin_block_r3_l8,3,8,10,independent_blocks,2,0.5,0.19999999999999998,nan,0.0,nan,0.0
aliased_loop_rooms,looped_repeated_rooms,repeated_room_loop,gaussian_sensory,temporal_full,one_hot,0,lin_block_r5_l2,5,2,6,independent_blocks,2,0.44999999999999996,0.15,nan,0.0,nan,0.0
aliased_loop_rooms,looped_repeated_rooms,repeated_room_loop,gaussian_sensory,temporal_full,one_hot,0,lin_block_r5_l4,5,4,8,independent_blocks,2,0.44999999999999996,0.15,nan,0.0,nan,0.0
aliased_loop_rooms,looped_repeated_rooms,repeated_room_loop,gaussian_sensory,temporal_full,one_hot,0,lin_block_r5_l8,5,8,12,independent_blocks,2,0.44999999999999996,0.15,nan,0.0,nan,0.0
aliased_loop_rooms,looped_repeated_rooms,repeated_room_loop,gaussian_sensory,temporal_full,one_hot,0,lin_sequence_all_units_r3_l4,3,4,6,all_units,6,0.2833333333333333,0.03073181485764296,0.25,0.05000000000000001,0.85,0.06191391873668904
aliased_loop_rooms,looped_repeated_rooms,repeated_room_loop,gaussian_sensory,temporal_full,one_hot,0,lin_sequence_front_bands_r1_l2,1,2,2,front_bands,6,0.3333333333333334,0.04216370213557839,0.4333333333333333,0.09189365834726816,0.9333333333333332,0.042163702135578386
aliased_loop_rooms,looped_repeated_rooms,repeated_room_loop,gaussian_sensory,temporal_full,one_hot,0,lin_sequence_front_bands_r1_l4,1,4,4,front_bands,6,0.31666666666666665,0.05426273532033236,0.3333333333333333,0.04216370213557839,0.8833333333333333,0.030731814857642953
aliased_loop_rooms,looped_repeated_rooms,repeated_room_loop,gaussian_sensory,temporal_full,one_hot,0,lin_sequence_front_bands_r1_l8,1,8,8,front_bands,6,0.3499999999999999,0.07187952884282608,0.3666666666666667,0.09189365834726816,0.5499999999999999,0.07187952884282608
aliased_loop_rooms,looped_repeated_rooms,repeated_room_loop,gaussian_sensory,temporal_full,one_hot,0,lin_sequence_front_bands_r3_l2,3,2,4,front_bands,6,0.21666666666666665,0.05426273532033236,0.21666666666666667,0.07923242882669809,0.85,0.05627314338711378
aliased_loop_rooms,looped_repeated_rooms,repeated_room_loop,gaussian_sensory,temporal_full,one_hot,0,lin_sequence_front_bands_r3_l4,3,4,6,front_bands,6,0.21666666666666665,0.07031674369909663,0.19999999999999998,0.0632455532033676,0.8333333333333334,0.04216370213557839
aliased_loop_rooms,looped_repeated_rooms,repeated_room_loop,gaussian_sensory,temporal_full,one_hot,0,lin_sequence_front_bands_r3_l8,3,8,10,front_bands,6,0.3666666666666667,0.04216370213557839,0.3,0.02581988897471612,0.7333333333333334,0.07149203529842407
aliased_loop_rooms,looped_repeated_rooms,repeated_room_loop,gaussian_sensory,temporal_full,one_hot,0,lin_sequence_front_bands_r5_l2,5,2,6,front_bands,6,0.3333333333333333,0.04216370213557839,0.3666666666666667,0.0557773351022717,0.8833333333333333,0.05426273532033237
aliased_loop_rooms,looped_repeated_rooms,repeated_room_loop,gaussian_sensory,temporal_full,one_hot,0,lin_sequence_front_bands_r5_l4,5,4,8,front_bands,6,0.18333333333333332,0.04013864859597432,0.21666666666666667,0.03073181485764296,0.7833333333333332,0.06009252125773318
aliased_loop_rooms,looped_repeated_rooms,repeated_room_loop,gaussian_sensory,temporal_full,one_hot,0,lin_sequence_front_bands_r5_l8,5,8,12,front_bands,6,0.3333333333333333,0.055777335102271716,0.4166666666666667,0.03073181485764296,0.6666666666666666,0.04216370213557839
aliased_loop_rooms,looped_repeated_rooms,repeated_room_loop,gaussian_sensory,temporal_full,one_hot,0,memoryless_linear,,,,,2,0.5,0.09999999999999998,0.8,0.2,nan,0.0
aliased_loop_rooms,looped_repeated_rooms,repeated_room_loop,gaussian_sensory,temporal_full,one_hot,0,memoryless_mlp,,,,,2,0.5,0.09999999999999998,0.8,0.2,nan,0.0
aliased_loop_rooms,looped_repeated_rooms,repeated_room_loop,gaussian_sensory,temporal_full,one_hot,0,numpy_rnn,,,,,2,0.35,0.05,0.35,0.15,nan,0.0
aliased_loop_rooms,looped_repeated_rooms,repeated_room_loop,gaussian_sensory,temporal_full,one_hot,0,reservoir_block_hybrid,,,,,6,0.35000000000000003,0.042817441928883766,0.26666666666666666,0.03333333333333333,nan,0.0
aliased_loop_rooms,looped_repeated_rooms,repeated_room_loop,gaussian_sensory,temporal_full,one_hot,0,reservoir_diagonal,,,,,6,0.5,0.03651483716701107,0.5666666666666668,0.06666666666666668,nan,0.0
aliased_loop_rooms,looped_repeated_rooms,repeated_room_loop,gaussian_sensory,temporal_full,one_hot,0,reservoir_low_rank,,,,,6,0.3333333333333333,0.07149203529842406,0.3333333333333333,0.09189365834726815,nan,0.0
aliased_loop_rooms,looped_repeated_rooms,repeated_room_loop,gaussian_sensory,temporal_full,one_hot,0,reservoir_nilpotent,,,,,6,0.3333333333333334,0.04216370213557839,0.31666666666666665,0.04772607021092118,nan,0.0
aliased_loop_rooms,looped_repeated_rooms,repeated_room_loop,gaussian_sensory,temporal_full,one_hot,0,reservoir_orthogonal,,,,,6,0.25,0.05,0.30000000000000004,0.08164965809277261,nan,0.0
aliased_loop_rooms,looped_repeated_rooms,repeated_room_loop,gaussian_sensory,temporal_full,one_hot,0,reservoir_oscillatory,,,,,6,0.3166666666666667,0.040138648595974324,0.25,0.042817441928883766,nan,0.0
aliased_loop_rooms,looped_repeated_rooms,repeated_room_loop,gaussian_sensory,temporal_full,one_hot,0,reservoir_random,,,,,6,0.2833333333333333,0.047726070210921186,0.2833333333333333,0.05426273532033236,nan,0.0
aliased_loop_rooms,looped_repeated_rooms,repeated_room_loop,gaussian_sensory,temporal_full,one_hot,0,reservoir_sparse,,,,,6,0.21666666666666665,0.04772607021092118,0.20000000000000004,0.05773502691896258,nan,0.0
aliased_loop_rooms,looped_repeated_rooms,repeated_room_loop,gaussian_sensory,temporal_full,one_hot,0,reservoir_symmetric,,,,,6,0.3166666666666667,0.016666666666666673,0.4000000000000001,0.07745966692414834,nan,0.0
aliased_rooms,repeated_room_bottleneck,repeated_room,gaussian_sensory,temporal_cue_then_blank,embedding,8,lin_block_r1_l2,1,2,2,independent_blocks,2,0.6333333333333333,0.033333333333333326,nan,0.0,nan,0.0
aliased_rooms,repeated_room_bottleneck,repeated_room,gaussian_sensory,temporal_cue_then_blank,embedding,8,lin_block_r1_l4,1,4,4,independent_blocks,2,0.6666666666666666,0.06666666666666665,nan,0.0,nan,0.0
aliased_rooms,repeated_room_bottleneck,repeated_room,gaussian_sensory,temporal_cue_then_blank,embedding,8,lin_block_r1_l8,1,8,8,independent_blocks,2,0.7,0.1,nan,0.0,nan,0.0
aliased_rooms,repeated_room_bottleneck,repeated_room,gaussian_sensory,temporal_cue_then_blank,embedding,8,lin_block_r3_l2,3,2,4,independent_blocks,2,0.7,0.033333333333333326,nan,0.0,nan,0.0
aliased_rooms,repeated_room_bottleneck,repeated_room,gaussian_sensory,temporal_cue_then_blank,embedding,8,lin_block_r3_l4,3,4,6,independent_blocks,2,0.6,0.1333333333333333,nan,0.0,nan,0.0
aliased_rooms,repeated_room_bottleneck,repeated_room,gaussian_sensory,temporal_cue_then_blank,embedding,8,lin_block_r3_l8,3,8,10,independent_blocks,2,0.8,0.0,nan,0.0,nan,0.0
aliased_rooms,repeated_room_bottleneck,repeated_room,gaussian_sensory,temporal_cue_then_blank,embedding,8,lin_block_r5_l2,5,2,6,independent_blocks,2,0.7,0.033333333333333326,nan,0.0,nan,0.0
aliased_rooms,repeated_room_bottleneck,repeated_room,gaussian_sensory,temporal_cue_then_blank,embedding,8,lin_block_r5_l4,5,4,8,independent_blocks,2,0.7,0.033333333333333326,nan,0.0,nan,0.0
aliased_rooms,repeated_room_bottleneck,repeated_room,gaussian_sensory,temporal_cue_then_blank,embedding,8,lin_block_r5_l8,5,8,12,independent_blocks,2,0.7666666666666666,0.03333333333333338,nan,0.0,nan,0.0
aliased_rooms,repeated_room_bottleneck,repeated_room,gaussian_sensory,temporal_cue_then_blank,embedding,8,lin_sequence_all_units_r3_l4,3,4,6,all_units,6,0.6333333333333333,0.05900408021045224,0.26666666666666666,0.03849001794597506,0.8111111111111112,0.08678055195451838
aliased_rooms,repeated_room_bottleneck,repeated_room,gaussian_sensory,temporal_cue_then_blank,embedding,8,lin_sequence_front_bands_r1_l2,1,2,2,front_bands,6,0.5555555555555555,0.02810913475705226,0.2222222222222222,0.03718489006818114,0.6666666666666666,0.034426518632954824
aliased_rooms,repeated_room_bottleneck,repeated_room,gaussian_sensory,temporal_cue_then_blank,embedding,8,lin_sequence_front_bands_r1_l4,1,4,4,front_bands,6,0.6555555555555556,0.058161121459121785,0.3444444444444444,0.046877829132731086,0.8666666666666667,0.04216370213557839
aliased_rooms,repeated_room_bottleneck,repeated_room,gaussian_sensory,temporal_cue_then_blank,embedding,8,lin_sequence_front_bands_r1_l8,1,8,8,front_bands,6,0.6999999999999998,0.0479196858952174,0.3888888888888889,0.06758625033664689,0.9777777777777779,0.02222222222222222
aliased_rooms,repeated_room_bottleneck,repeated_room,gaussian_sensory,temporal_cue_then_blank,embedding,8,lin_sequence_front_bands_r3_l2,3,2,4,front_bands,6,0.5444444444444444,0.04687782913273107,0.3,0.028544961285922512,0.7999999999999999,0.0455420034042649
aliased_rooms,repeated_room_bottleneck,repeated_room,gaussian_sensory,temporal_cue_then_blank,embedding,8,lin_sequence_front_bands_r3_l4,3,4,6,front_bands,6,0.5888888888888889,0.04360314860077464,0.25555555555555554,0.046877829132731086,0.8666666666666666,0.06666666666666668
aliased_rooms,repeated_room_bottleneck,repeated_room,gaussian_sensory,temporal_cue_then_blank,embedding,8,lin_sequence_front_bands_r3_l8,3,8,10,front_bands,6,0.611111111111111,0.09175921254250037,0.41111111111111115,0.06305004870716048,0.9333333333333332,0.02981423969999719
aliased_rooms,repeated_room_bottleneck,repeated_room,gaussian_sensory,temporal_cue_then_blank,embedding,8,lin_sequence_front_bands_r5_l2,5,2,6,front_bands,6,0.49999999999999994,0.04791968589521739,0.26666666666666666,0.034426518632954824,0.8555555555555556,0.02675909906398288
aliased_rooms,repeated_room_bottleneck,repeated_room,gaussian_sensory,temporal_cue_then_blank,embedding,8,lin_sequence_front_bands_r5_l4,5,4,8,front_bands,6,0.41111111111111115,0.02675909906398289,0.2777777777777778,0.06974379922877874,0.9111111111111111,0.047661356865616046
aliased_rooms,repeated_room_bottleneck,repeated_room,gaussian_sensory,temporal_cue_then_blank,embedding,8,lin_sequence_front_bands_r5_l8,5,8,12,front_bands,6,0.5888888888888889,0.04993823345387606,0.5,0.028544961285922505,0.9222222222222222,0.05555555555555556
aliased_rooms,repeated_room_bottleneck,repeated_room,gaussian_sensory,temporal_cue_then_blank,embedding,8,memoryless_linear,,,,,2,0.5666666666666667,0.09999999999999998,0.06666666666666667,0.06666666666666667,nan,0.0
aliased_rooms,repeated_room_bottleneck,repeated_room,gaussian_sensory,temporal_cue_then_blank,embedding,8,memoryless_mlp,,,,,2,0.5666666666666667,0.09999999999999998,0.06666666666666667,0.06666666666666667,nan,0.0
aliased_rooms,repeated_room_bottleneck,repeated_room,gaussian_sensory,temporal_cue_then_blank,embedding,8,numpy_rnn,,,,,2,0.7333333333333334,0.06666666666666671,0.13333333333333333,0.0,nan,0.0
aliased_rooms,repeated_room_bottleneck,repeated_room,gaussian_sensory,temporal_cue_then_blank,embedding,8,reservoir_block_hybrid,,,,,6,0.5888888888888889,0.06535751631045662,0.39999999999999997,0.07097208632298362,nan,0.0
aliased_rooms,repeated_room_bottleneck,repeated_room,gaussian_sensory,temporal_cue_then_blank,embedding,8,reservoir_diagonal,,,,,6,0.6555555555555556,0.04360314860077463,0.3888888888888889,0.04687782913273107,nan,0.0
aliased_rooms,repeated_room_bottleneck,repeated_room,gaussian_sensory,temporal_cue_then_blank,embedding,8,reservoir_low_rank,,,,,6,0.4222222222222222,0.04097575314352395,0.26666666666666666,0.062063289083417524,nan,0.0
aliased_rooms,repeated_room_bottleneck,repeated_room,gaussian_sensory,temporal_cue_then_blank,embedding,8,reservoir_nilpotent,,,,,6,0.4777777777777777,0.06065486250647192,0.2222222222222222,0.06363476028122823,nan,0.0
aliased_rooms,repeated_room_bottleneck,repeated_room,gaussian_sensory,temporal_cue_then_blank,embedding,8,reservoir_orthogonal,,,,,6,0.5111111111111111,0.05067446333773946,0.22222222222222224,0.044444444444444446,nan,0.0
aliased_rooms,repeated_room_bottleneck,repeated_room,gaussian_sensory,temporal_cue_then_blank,embedding,8,reservoir_oscillatory,,,,,6,0.5222222222222223,0.08678055195451839,0.2888888888888889,0.06813204318558175,nan,0.0
aliased_rooms,repeated_room_bottleneck,repeated_room,gaussian_sensory,temporal_cue_then_blank,embedding,8,reservoir_random,,,,,6,0.43333333333333335,0.06382847385042253,0.24444444444444444,0.05879447357921312,nan,0.0
aliased_rooms,repeated_room_bottleneck,repeated_room,gaussian_sensory,temporal_cue_then_blank,embedding,8,reservoir_sparse,,,,,6,0.6666666666666666,0.06440611887195306,0.41111111111111104,0.052821619217798724,nan,0.0
aliased_rooms,repeated_room_bottleneck,repeated_room,gaussian_sensory,temporal_cue_then_blank,embedding,8,reservoir_symmetric,,,,,6,0.6444444444444444,0.056218269514104524,0.3,0.06831300510639735,nan,0.0
aliased_rooms,repeated_room_bottleneck,repeated_room,gaussian_sensory,temporal_cue_then_blank,none,0,lin_block_r1_l2,1,2,2,independent_blocks,2,0.7333333333333333,0.0,nan,0.0,nan,0.0
aliased_rooms,repeated_room_bottleneck,repeated_room,gaussian_sensory,temporal_cue_then_blank,none,0,lin_block_r1_l4,1,4,4,independent_blocks,2,0.8666666666666667,0.06666666666666665,nan,0.0,nan,0.0
aliased_rooms,repeated_room_bottleneck,repeated_room,gaussian_sensory,temporal_cue_then_blank,none,0,lin_block_r1_l8,1,8,8,independent_blocks,2,0.8333333333333334,0.033333333333333326,nan,0.0,nan,0.0
aliased_rooms,repeated_room_bottleneck,repeated_room,gaussian_sensory,temporal_cue_then_blank,none,0,lin_block_r3_l2,3,2,4,independent_blocks,2,0.8,0.0,nan,0.0,nan,0.0
aliased_rooms,repeated_room_bottleneck,repeated_room,gaussian_sensory,temporal_cue_then_blank,none,0,lin_block_r3_l4,3,4,6,independent_blocks,2,0.8,0.06666666666666671,nan,0.0,nan,0.0
aliased_rooms,repeated_room_bottleneck,repeated_room,gaussian_sensory,temporal_cue_then_blank,none,0,lin_block_r3_l8,3,8,10,independent_blocks,2,0.7,0.1,nan,0.0,nan,0.0
aliased_rooms,repeated_room_bottleneck,repeated_room,gaussian_sensory,temporal_cue_then_blank,none,0,lin_block_r5_l2,5,2,6,independent_blocks,2,0.8,0.06666666666666671,nan,0.0,nan,0.0
aliased_rooms,repeated_room_bottleneck,repeated_room,gaussian_sensory,temporal_cue_then_blank,none,0,lin_block_r5_l4,5,4,8,independent_blocks,2,0.6666666666666667,0.13333333333333333,nan,0.0,nan,0.0
aliased_rooms,repeated_room_bottleneck,repeated_room,gaussian_sensory,temporal_cue_then_blank,none,0,lin_block_r5_l8,5,8,12,independent_blocks,2,0.8666666666666667,0.0,nan,0.0,nan,0.0
aliased_rooms,repeated_room_bottleneck,repeated_room,gaussian_sensory,temporal_cue_then_blank,none,0,lin_sequence_all_units_r3_l4,3,4,6,all_units,6,0.46666666666666673,0.07097208632298362,0.2222222222222222,0.02222222222222222,0.8777777777777778,0.07387008950486516
aliased_rooms,repeated_room_bottleneck,repeated_room,gaussian_sensory,temporal_cue_then_blank,none,0,lin_sequence_front_bands_r1_l2,1,2,2,front_bands,6,0.7111111111111111,0.02222222222222222,0.06666666666666667,0.029814239699997202,0.6888888888888888,0.02222222222222222
aliased_rooms,repeated_room_bottleneck,repeated_room,gaussian_sensory,temporal_cue_then_blank,none,0,lin_sequence_front_bands_r1_l4,1,4,4,front_bands,6,0.8222222222222221,0.028109134757052262,0.27777777777777773,0.03181738014061412,0.8777777777777778,0.05555555555555556
aliased_rooms,repeated_room_bottleneck,repeated_room,gaussian_sensory,temporal_cue_then_blank,none,0,lin_sequence_front_bands_r1_l8,1,8,8,front_bands,6,0.7666666666666666,0.04472135954999581,0.6111111111111112,0.04993823345387607,0.9222222222222222,0.04006168083848877
aliased_rooms,repeated_room_bottleneck,repeated_room,gaussian_sensory,temporal_cue_then_blank,none,0,lin_sequence_front_bands_r3_l2,3,2,4,front_bands,6,0.7000000000000001,0.04127594582445936,0.25555555555555554,0.020487876571761966,0.7999999999999999,0.05443310539518175
aliased_rooms,repeated_room_bottleneck,repeated_room,gaussian_sensory,temporal_cue_then_blank,none,0,lin_sequence_front_bands_r3_l4,3,4,6,front_bands,6,0.5333333333333333,0.057089922571845024,0.19999999999999998,0.03442651863295482,0.8555555555555555,0.07777777777777778
aliased_rooms,repeated_room_bottleneck,repeated_room,gaussian_sensory,temporal_cue_then_blank,none,0,lin_sequence_front_bands_r3_l8,3,8,10,front_bands,6,0.7888888888888889,0.02048787657176199,0.5,0.0447213595499958,0.888888888888889,0.037184890068181126
aliased_rooms,repeated_room_bottleneck,repeated_room,gaussian_sensory,temporal_cue_then_blank,none,0,lin_sequence_front_bands_r5_l2,5,2,6,front_bands,6,0.4555555555555555,0.06065486250647192,0.19999999999999998,0.04216370213557839,0.8666666666666667,0.06666666666666667
aliased_rooms,repeated_room_bottleneck,repeated_room,gaussian_sensory,temporal_cue_then_blank,none,0,lin_sequence_front_bands_r5_l4,5,4,8,front_bands,6,0.6222222222222222,0.07235031376044315,0.3,0.05643744488533465,0.8777777777777779,0.04687782913273109
aliased_rooms,repeated_room_bottleneck,repeated_room,gaussian_sensory,temporal_cue_then_blank,none,0,lin_sequence_front_bands_r5_l8,5,8,12,front_bands,6,0.6777777777777777,0.04687782913273109,0.26666666666666666,0.05163977794943224,0.9,0.022771001702132438
aliased_rooms,repeated_room_bottleneck,repeated_room,gaussian_sensory,temporal_cue_then_blank,none,0,memoryless_linear,,,,,2,0.5666666666666667,0.033333333333333326,0.06666666666666667,0.06666666666666667,nan,0.0
aliased_rooms,repeated_room_bottleneck,repeated_room,gaussian_sensory,temporal_cue_then_blank,none,0,memoryless_mlp,,,,,2,0.5666666666666667,0.033333333333333326,0.06666666666666667,0.06666666666666667,nan,0.0
aliased_rooms,repeated_room_bottleneck,repeated_room,gaussian_sensory,temporal_cue_then_blank,none,0,numpy_rnn,,,,,2,0.7666666666666666,0.03333333333333338,0.16666666666666669,0.03333333333333333,nan,0.0
aliased_rooms,repeated_room_bottleneck,repeated_room,gaussian_sensory,temporal_cue_then_blank,none,0,reservoir_block_hybrid,,,,,6,0.5444444444444444,0.06305004870716047,0.24444444444444444,0.04766135686561603,nan,0.0
aliased_rooms,repeated_room_bottleneck,repeated_room,gaussian_sensory,temporal_cue_then_blank,none,0,reservoir_diagonal,,,,,6,0.7111111111111112,0.06363476028122823,0.3333333333333333,0.03849001794597506,nan,0.0
aliased_rooms,repeated_room_bottleneck,repeated_room,gaussian_sensory,temporal_cue_then_blank,none,0,reservoir_low_rank,,,,,6,0.6222222222222222,0.053518198127965766,0.3111111111111111,0.040975753143523946,nan,0.0
aliased_rooms,repeated_room_bottleneck,repeated_room,gaussian_sensory,temporal_cue_then_blank,none,0,reservoir_nilpotent,,,,,6,0.7222222222222223,0.06065486250647193,0.36666666666666664,0.04127594582445936,nan,0.0
aliased_rooms,repeated_room_bottleneck,repeated_room,gaussian_sensory,temporal_cue_then_blank,none,0,reservoir_orthogonal,,,,,6,0.6777777777777777,0.04006168083848879,0.35555555555555557,0.044444444444444446,nan,0.0
aliased_rooms,repeated_room_bottleneck,repeated_room,gaussian_sensory,temporal_cue_then_blank,none,0,reservoir_oscillatory,,,,,6,0.6555555555555556,0.07777777777777778,0.3222222222222222,0.049938233453876074,nan,0.0
aliased_rooms,repeated_room_bottleneck,repeated_room,gaussian_sensory,temporal_cue_then_blank,none,0,reservoir_random,,,,,6,0.4777777777777778,0.06758625033664688,0.3333333333333333,0.06885303726590965,nan,0.0
aliased_rooms,repeated_room_bottleneck,repeated_room,gaussian_sensory,temporal_cue_then_blank,none,0,reservoir_sparse,,,,,6,0.5111111111111112,0.04766135686561603,0.27777777777777773,0.04360314860077464,nan,0.0
aliased_rooms,repeated_room_bottleneck,repeated_room,gaussian_sensory,temporal_cue_then_blank,none,0,reservoir_symmetric,,,,,6,0.6333333333333333,0.0479196858952174,0.28888888888888886,0.02222222222222222,nan,0.0
aliased_rooms,repeated_room_bottleneck,repeated_room,gaussian_sensory,temporal_cue_then_blank,one_hot,0,lin_block_r1_l2,1,2,2,independent_blocks,2,0.6666666666666666,0.06666666666666665,nan,0.0,nan,0.0
aliased_rooms,repeated_room_bottleneck,repeated_room,gaussian_sensory,temporal_cue_then_blank,one_hot,0,lin_block_r1_l4,1,4,4,independent_blocks,2,0.6666666666666666,0.06666666666666665,nan,0.0,nan,0.0
aliased_rooms,repeated_room_bottleneck,repeated_room,gaussian_sensory,temporal_cue_then_blank,one_hot,0,lin_block_r1_l8,1,8,8,independent_blocks,2,0.7333333333333334,0.13333333333333333,nan,0.0,nan,0.0
aliased_rooms,repeated_room_bottleneck,repeated_room,gaussian_sensory,temporal_cue_then_blank,one_hot,0,lin_block_r3_l2,3,2,4,independent_blocks,2,0.6666666666666666,0.06666666666666665,nan,0.0,nan,0.0
aliased_rooms,repeated_room_bottleneck,repeated_room,gaussian_sensory,temporal_cue_then_blank,one_hot,0,lin_block_r3_l4,3,4,6,independent_blocks,2,0.6,0.1333333333333333,nan,0.0,nan,0.0
aliased_rooms,repeated_room_bottleneck,repeated_room,gaussian_sensory,temporal_cue_then_blank,one_hot,0,lin_block_r3_l8,3,8,10,independent_blocks,2,0.7333333333333334,0.13333333333333333,nan,0.0,nan,0.0
aliased_rooms,repeated_room_bottleneck,repeated_room,gaussian_sensory,temporal_cue_then_blank,one_hot,0,lin_block_r5_l2,5,2,6,independent_blocks,2,0.7,0.033333333333333326,nan,0.0,nan,0.0
aliased_rooms,repeated_room_bottleneck,repeated_room,gaussian_sensory,temporal_cue_then_blank,one_hot,0,lin_block_r5_l4,5,4,8,independent_blocks,2,0.7,0.033333333333333326,nan,0.0,nan,0.0
aliased_rooms,repeated_room_bottleneck,repeated_room,gaussian_sensory,temporal_cue_then_blank,one_hot,0,lin_block_r5_l8,5,8,12,independent_blocks,2,0.7666666666666666,0.03333333333333338,nan,0.0,nan,0.0
aliased_rooms,repeated_room_bottleneck,repeated_room,gaussian_sensory,temporal_cue_then_blank,one_hot,0,lin_sequence_all_units_r3_l4,3,4,6,all_units,6,0.5777777777777778,0.02222222222222222,0.3,0.06146362971528592,0.8222222222222223,0.053518198127965766
aliased_rooms,repeated_room_bottleneck,repeated_room,gaussian_sensory,temporal_cue_then_blank,one_hot,0,lin_sequence_front_bands_r1_l2,1,2,2,front_bands,6,0.5666666666666667,0.04472135954999579,0.17777777777777778,0.05879447357921313,0.6444444444444444,0.01405456737852613
aliased_rooms,repeated_room_bottleneck,repeated_room,gaussian_sensory,temporal_cue_then_blank,one_hot,0,lin_sequence_front_bands_r1_l4,1,4,4,front_bands,6,0.688888888888889,0.05879447357921314,0.3111111111111111,0.05067446333773947,0.9333333333333335,0.03442651863295481
aliased_rooms,repeated_room_bottleneck,repeated_room,gaussian_sensory,temporal_cue_then_blank,one_hot,0,lin_sequence_front_bands_r1_l8,1,8,8,front_bands,6,0.6666666666666666,0.08073734277593314,0.41111111111111115,0.06305004870716048,0.9222222222222222,0.04006168083848879
aliased_rooms,repeated_room_bottleneck,repeated_room,gaussian_sensory,temporal_cue_then_blank,one_hot,0,lin_sequence_front_bands_r3_l2,3,2,4,front_bands,6,0.6888888888888888,0.02810913475705226,0.26666666666666666,0.017213259316477405,0.8333333333333334,0.03333333333333334
aliased_rooms,repeated_room_bottleneck,repeated_room,gaussian_sensory,temporal_cue_then_blank,one_hot,0,lin_sequence_front_bands_r3_l4,3,4,6,front_bands,6,0.5888888888888889,0.06758625033664689,0.3333333333333333,0.07503085784948503,0.8333333333333334,0.04127594582445936
aliased_rooms,repeated_room_bottleneck,repeated_room,gaussian_sensory,temporal_cue_then_blank,one_hot,0,lin_sequence_front_bands_r3_l8,3,8,10,front_bands,6,0.6,0.057089922571845024,0.31111111111111106,0.040975753143523946,0.8444444444444444,0.04766135686561604
aliased_rooms,repeated_room_bottleneck,repeated_room,gaussian_sensory,temporal_cue_then_blank,one_hot,0,lin_sequence_front_bands_r5_l2,5,2,6,front_bands,6,0.611111111111111,0.05282161921779874,0.31111111111111106,0.06363476028122823,0.888888888888889,0.04097575314352395
aliased_rooms,repeated_room_bottleneck,repeated_room,gaussian_sensory,temporal_cue_then_blank,one_hot,0,lin_sequence_front_bands_r5_l4,5,4,8,front_bands,6,0.4777777777777778,0.04687782913273108,0.24444444444444444,0.05879447357921312,0.8777777777777779,0.06065486250647193
aliased_rooms,repeated_room_bottleneck,repeated_room,gaussian_sensory,temporal_cue_then_blank,one_hot,0,lin_sequence_front_bands_r5_l8,5,8,12,front_bands,6,0.6333333333333333,0.08388704928078611,0.3666666666666667,0.07044829992954382,0.9222222222222222,0.02675909906398288
aliased_rooms,repeated_room_bottleneck,repeated_room,gaussian_sensory,temporal_cue_then_blank,one_hot,0,memoryless_linear,,,,,2,0.5666666666666667,0.09999999999999998,0.06666666666666667,0.06666666666666667,nan,0.0
aliased_rooms,repeated_room_bottleneck,repeated_room,gaussian_sensory,temporal_cue_then_blank,one_hot,0,memoryless_mlp,,,,,2,0.5666666666666667,0.09999999999999998,0.06666666666666667,0.06666666666666667,nan,0.0
aliased_rooms,repeated_room_bottleneck,repeated_room,gaussian_sensory,temporal_cue_then_blank,one_hot,0,numpy_rnn,,,,,2,0.7666666666666666,0.03333333333333338,0.16666666666666669,0.03333333333333333,nan,0.0
aliased_rooms,repeated_room_bottleneck,repeated_room,gaussian_sensory,temporal_cue_then_blank,one_hot,0,reservoir_block_hybrid,,,,,6,0.5222222222222223,0.05816112145912178,0.3111111111111111,0.032960882164869615,nan,0.0
aliased_rooms,repeated_room_bottleneck,repeated_room,gaussian_sensory,temporal_cue_then_blank,one_hot,0,reservoir_diagonal,,,,,6,0.611111111111111,0.020487876571761966,0.35555555555555557,0.06813204318558173,nan,0.0
aliased_rooms,repeated_room_bottleneck,repeated_room,gaussian_sensory,temporal_cue_then_blank,one_hot,0,reservoir_low_rank,,,,,6,0.5222222222222223,0.08329628806218362,0.26666666666666666,0.04216370213557839,nan,0.0
aliased_rooms,repeated_room_bottleneck,repeated_room,gaussian_sensory,temporal_cue_then_blank,one_hot,0,reservoir_nilpotent,,,,,6,0.3666666666666667,0.050917507721731564,0.24444444444444444,0.04766135686561603,nan,0.0
aliased_rooms,repeated_room_bottleneck,repeated_room,gaussian_sensory,temporal_cue_then_blank,one_hot,0,reservoir_orthogonal,,,,,6,0.4666666666666666,0.07097208632298362,0.28888888888888886,0.044444444444444446,nan,0.0
aliased_rooms,repeated_room_bottleneck,repeated_room,gaussian_sensory,temporal_cue_then_blank,one_hot,0,reservoir_oscillatory,,,,,6,0.5666666666666665,0.05091750772173157,0.25555555555555554,0.040061680838488774,nan,0.0
aliased_rooms,repeated_room_bottleneck,repeated_room,gaussian_sensory,temporal_cue_then_blank,one_hot,0,reservoir_random,,,,,6,0.3666666666666667,0.0969917904124231,0.15555555555555556,0.047661356865616046,nan,0.0
aliased_rooms,repeated_room_bottleneck,repeated_room,gaussian_sensory,temporal_cue_then_blank,one_hot,0,reservoir_sparse,,,,,6,0.5333333333333333,0.0596284793999944,0.2888888888888889,0.056218269514104524,nan,0.0
aliased_rooms,repeated_room_bottleneck,repeated_room,gaussian_sensory,temporal_cue_then_blank,one_hot,0,reservoir_symmetric,,,,,6,0.611111111111111,0.05282161921779872,0.3444444444444444,0.04687782913273108,nan,0.0
aliased_rooms,repeated_room_bottleneck,repeated_room,gaussian_sensory,temporal_dropout,embedding,8,lin_block_r1_l2,1,2,2,independent_blocks,2,0.6,0.0,nan,0.0,nan,0.0
aliased_rooms,repeated_room_bottleneck,repeated_room,gaussian_sensory,temporal_dropout,embedding,8,lin_block_r1_l4,1,4,4,independent_blocks,2,0.7,0.16666666666666669,nan,0.0,nan,0.0
aliased_rooms,repeated_room_bottleneck,repeated_room,gaussian_sensory,temporal_dropout,embedding,8,lin_block_r1_l8,1,8,8,independent_blocks,2,0.7666666666666666,0.03333333333333338,nan,0.0,nan,0.0
aliased_rooms,repeated_room_bottleneck,repeated_room,gaussian_sensory,temporal_dropout,embedding,8,lin_block_r3_l2,3,2,4,independent_blocks,2,0.7,0.1,nan,0.0,nan,0.0
aliased_rooms,repeated_room_bottleneck,repeated_room,gaussian_sensory,temporal_dropout,embedding,8,lin_block_r3_l4,3,4,6,independent_blocks,2,0.7666666666666666,0.1,nan,0.0,nan,0.0
aliased_rooms,repeated_room_bottleneck,repeated_room,gaussian_sensory,temporal_dropout,embedding,8,lin_block_r3_l8,3,8,10,independent_blocks,2,0.7666666666666666,0.03333333333333338,nan,0.0,nan,0.0
aliased_rooms,repeated_room_bottleneck,repeated_room,gaussian_sensory,temporal_dropout,embedding,8,lin_block_r5_l2,5,2,6,independent_blocks,2,0.7333333333333333,0.0,nan,0.0,nan,0.0
aliased_rooms,repeated_room_bottleneck,repeated_room,gaussian_sensory,temporal_dropout,embedding,8,lin_block_r5_l4,5,4,8,independent_blocks,2,0.8,0.0,nan,0.0,nan,0.0
aliased_rooms,repeated_room_bottleneck,repeated_room,gaussian_sensory,temporal_dropout,embedding,8,lin_block_r5_l8,5,8,12,independent_blocks,2,0.8,0.0,nan,0.0,nan,0.0
aliased_rooms,repeated_room_bottleneck,repeated_room,gaussian_sensory,temporal_dropout,embedding,8,lin_sequence_all_units_r3_l4,3,4,6,all_units,6,0.41111111111111115,0.04687782913273109,0.2222222222222222,0.04097575314352395,0.8444444444444444,0.028109134757052276
aliased_rooms,repeated_room_bottleneck,repeated_room,gaussian_sensory,temporal_dropout,embedding,8,lin_sequence_front_bands_r1_l2,1,2,2,front_bands,6,0.4777777777777778,0.07777777777777777,0.27777777777777773,0.036175156880221576,0.6,0.03849001794597505
aliased_rooms,repeated_room_bottleneck,repeated_room,gaussian_sensory,temporal_dropout,embedding,8,lin_sequence_front_bands_r1_l4,1,4,4,front_bands,6,0.6333333333333334,0.04791968589521738,0.19999999999999998,0.05443310539518174,0.9222222222222222,0.03181738014061411
aliased_rooms,repeated_room_bottleneck,repeated_room,gaussian_sensory,temporal_dropout,embedding,8,lin_sequence_front_bands_r1_l8,1,8,8,front_bands,6,0.5444444444444444,0.043603148600774626,0.2888888888888889,0.053518198127965766,0.9666666666666668,0.022771001702132438
aliased_rooms,repeated_room_bottleneck,repeated_room,gaussian_sensory,temporal_dropout,embedding,8,lin_sequence_front_bands_r3_l2,3,2,4,front_bands,6,0.5555555555555556,0.08720629720154927,0.2333333333333333,0.074535599249993,0.7888888888888889,0.02048787657176199
aliased_rooms,repeated_room_bottleneck,repeated_room,gaussian_sensory,temporal_dropout,embedding,8,lin_sequence_front_bands_r3_l4,3,4,6,front_bands,6,0.45555555555555555,0.049938233453876074,0.15555555555555556,0.028109134757052262,0.7888888888888889,0.04360314860077465
aliased_rooms,repeated_room_bottleneck,repeated_room,gaussian_sensory,temporal_dropout,embedding,8,lin_sequence_front_bands_r3_l8,3,8,10,front_bands,6,0.611111111111111,0.04006168083848877,0.22222222222222224,0.06813204318558175,0.9,0.05643744488533465
aliased_rooms,repeated_room_bottleneck,repeated_room,gaussian_sensory,temporal_dropout,embedding,8,lin_sequence_front_bands_r5_l2,5,2,6,front_bands,6,0.5333333333333333,0.04868644955601477,0.2111111111111111,0.040061680838488774,0.8444444444444446,0.01405456737852613
aliased_rooms,repeated_room_bottleneck,repeated_room,gaussian_sensory,temporal_dropout,embedding,8,lin_sequence_front_bands_r5_l4,5,4,8,front_bands,6,0.43333333333333335,0.06610877680286008,0.16666666666666666,0.0479196858952174,0.7777777777777778,0.04097575314352396
aliased_rooms,repeated_room_bottleneck,repeated_room,gaussian_sensory,temporal_dropout,embedding,8,lin_sequence_front_bands_r5_l8,5,8,12,front_bands,6,0.5888888888888889,0.03617515688022156,0.31111111111111106,0.03718489006818114,0.8555555555555555,0.04360314860077465
aliased_rooms,repeated_room_bottleneck,repeated_room,gaussian_sensory,temporal_dropout,embedding,8,memoryless_linear,,,,,2,0.5333333333333333,0.1333333333333333,0.26666666666666666,0.0,nan,0.0
aliased_rooms,repeated_room_bottleneck,repeated_room,gaussian_sensory,temporal_dropout,embedding,8,memoryless_mlp,,,,,2,0.5333333333333333,0.1333333333333333,0.26666666666666666,0.0,nan,0.0
aliased_rooms,repeated_room_bottleneck,repeated_room,gaussian_sensory,temporal_dropout,embedding,8,numpy_rnn,,,,,2,0.7666666666666666,0.03333333333333338,0.16666666666666669,0.03333333333333333,nan,0.0
aliased_rooms,repeated_room_bottleneck,repeated_room,gaussian_sensory,temporal_dropout,embedding,8,reservoir_block_hybrid,,,,,6,0.5333333333333333,0.06666666666666667,0.24444444444444444,0.05879447357921312,nan,0.0
aliased_rooms,repeated_room_bottleneck,repeated_room,gaussian_sensory,temporal_dropout,embedding,8,reservoir_diagonal,,,,,6,0.6111111111111112,0.07965977035082186,0.28888888888888886,0.028109134757052262,nan,0.0
aliased_rooms,repeated_room_bottleneck,repeated_room,gaussian_sensory,temporal_dropout,embedding,8,reservoir_low_rank,,,,,6,0.5555555555555555,0.061262438898178756,0.28888888888888886,0.056218269514104524,nan,0.0
aliased_rooms,repeated_room_bottleneck,repeated_room,gaussian_sensory,temporal_dropout,embedding,8,reservoir_nilpotent,,,,,6,0.47777777777777786,0.03181738014061412,0.13333333333333333,0.024343224778007388,nan,0.0
aliased_rooms,repeated_room_bottleneck,repeated_room,gaussian_sensory,temporal_dropout,embedding,8,reservoir_orthogonal,,,,,6,0.4666666666666666,0.08073734277593311,0.35555555555555557,0.040975753143523946,nan,0.0
aliased_rooms,repeated_room_bottleneck,repeated_room,gaussian_sensory,temporal_dropout,embedding,8,reservoir_oscillatory,,,,,6,0.39999999999999997,0.06885303726590963,0.17777777777777778,0.028109134757052262,nan,0.0
aliased_rooms,repeated_room_bottleneck,repeated_room,gaussian_sensory,temporal_dropout,embedding,8,reservoir_random,,,,,6,0.5777777777777778,0.07436978013636228,0.24444444444444444,0.044444444444444446,nan,0.0
aliased_rooms,repeated_room_bottleneck,repeated_room,gaussian_sensory,temporal_dropout,embedding,8,reservoir_sparse,,,,,6,0.43333333333333335,0.07649739768026004,0.22222222222222224,0.06592176432973923,nan,0.0
aliased_rooms,repeated_room_bottleneck,repeated_room,gaussian_sensory,temporal_dropout,embedding,8,reservoir_symmetric,,,,,6,0.6222222222222222,0.053518198127965766,0.25555555555555554,0.06305004870716048,nan,0.0
aliased_rooms,repeated_room_bottleneck,repeated_room,gaussian_sensory,temporal_dropout,none,0,lin_block_r1_l2,1,2,2,independent_blocks,2,0.6333333333333333,0.033333333333333326,nan,0.0,nan,0.0
aliased_rooms,repeated_room_bottleneck,repeated_room,gaussian_sensory,temporal_dropout,none,0,lin_block_r1_l4,1,4,4,independent_blocks,2,0.5666666666666667,0.1666666666666666,nan,0.0,nan,0.0
aliased_rooms,repeated_room_bottleneck,repeated_room,gaussian_sensory,temporal_dropout,none,0,lin_block_r1_l8,1,8,8,independent_blocks,2,0.6000000000000001,0.2,nan,0.0,nan,0.0
aliased_rooms,repeated_room_bottleneck,repeated_room,gaussian_sensory,temporal_dropout,none,0,lin_block_r3_l2,3,2,4,independent_blocks,2,0.6,0.06666666666666665,nan,0.0,nan,0.0
aliased_rooms,repeated_room_bottleneck,repeated_room,gaussian_sensory,temporal_dropout,none,0,lin_block_r3_l4,3,4,6,independent_blocks,2,0.6333333333333333,0.033333333333333326,nan,0.0,nan,0.0
aliased_rooms,repeated_room_bottleneck,repeated_room,gaussian_sensory,temporal_dropout,none,0,lin_block_r3_l8,3,8,10,independent_blocks,2,0.7,0.1,nan,0.0,nan,0.0
aliased_rooms,repeated_room_bottleneck,repeated_room,gaussian_sensory,temporal_dropout,none,0,lin_block_r5_l2,5,2,6,independent_blocks,2,0.7,0.033333333333333326,nan,0.0,nan,0.0
aliased_rooms,repeated_room_bottleneck,repeated_room,gaussian_sensory,temporal_dropout,none,0,lin_block_r5_l4,5,4,8,independent_blocks,2,0.7333333333333334,0.06666666666666671,nan,0.0,nan,0.0
aliased_rooms,repeated_room_bottleneck,repeated_room,gaussian_sensory,temporal_dropout,none,0,lin_block_r5_l8,5,8,12,independent_blocks,2,0.6666666666666667,0.13333333333333333,nan,0.0,nan,0.0
aliased_rooms,repeated_room_bottleneck,repeated_room,gaussian_sensory,temporal_dropout,none,0,lin_sequence_all_units_r3_l4,3,4,6,all_units,6,0.4777777777777778,0.07584910295944894,0.15555555555555556,0.044444444444444446,0.7111111111111111,0.04097575314352395
aliased_rooms,repeated_room_bottleneck,repeated_room,gaussian_sensory,temporal_dropout,none,0,lin_sequence_front_bands_r1_l2,1,2,2,front_bands,6,0.6,0.05163977794943222,0.26666666666666666,0.057089922571845024,0.43333333333333335,0.06610877680286008
aliased_rooms,repeated_room_bottleneck,repeated_room,gaussian_sensory,temporal_dropout,none,0,lin_sequence_front_bands_r1_l4,1,4,4,front_bands,6,0.4777777777777778,0.040061680838488774,0.19999999999999998,0.03849001794597505,0.7444444444444445,0.03617515688022158
aliased_rooms,repeated_room_bottleneck,repeated_room,gaussian_sensory,temporal_dropout,none,0,lin_sequence_front_bands_r1_l8,1,8,8,front_bands,6,0.5555555555555556,0.09054021683317051,0.28888888888888886,0.05879447357921313,0.8111111111111112,0.03617515688022158
aliased_rooms,repeated_room_bottleneck,repeated_room,gaussian_sensory,temporal_dropout,none,0,lin_sequence_front_bands_r3_l2,3,2,4,front_bands,6,0.5888888888888889,0.05282161921779874,0.19999999999999998,0.03442651863295482,0.6666666666666666,0.034426518632954824
aliased_rooms,repeated_room_bottleneck,repeated_room,gaussian_sensory,temporal_dropout,none,0,lin_sequence_front_bands_r3_l4,3,4,6,front_bands,6,0.4666666666666666,0.07503085784948503,0.16666666666666666,0.03751542892474252,0.7222222222222223,0.06305004870716048
aliased_rooms,repeated_room_bottleneck,repeated_room,gaussian_sensory,temporal_dropout,none,0,lin_sequence_front_bands_r3_l8,3,8,10,front_bands,6,0.611111111111111,0.04360314860077462,0.25555555555555554,0.040061680838488774,0.7222222222222223,0.020487876571761984
aliased_rooms,repeated_room_bottleneck,repeated_room,gaussian_sensory,temporal_dropout,none,0,lin_sequence_front_bands_r5_l2,5,2,6,front_bands,6,0.43333333333333335,0.014907119849998596,0.14444444444444446,0.046877829132731086,0.6333333333333333,0.03751542892474253
aliased_rooms,repeated_room_bottleneck,repeated_room,gaussian_sensory,temporal_dropout,none,0,lin_sequence_front_bands_r5_l4,5,4,8,front_bands,6,0.4222222222222222,0.08195150628704788,0.19999999999999998,0.051639777949432225,0.5777777777777777,0.03296088216486961
aliased_rooms,repeated_room_bottleneck,repeated_room,gaussian_sensory,temporal_dropout,none,0,lin_sequence_front_bands_r5_l8,5,8,12,front_bands,6,0.5777777777777778,0.056218269514104524,0.2222222222222222,0.044444444444444446,0.7555555555555555,0.04444444444444446
aliased_rooms,repeated_room_bottleneck,repeated_room,gaussian_sensory,temporal_dropout,none,0,memoryless_linear,,,,,2,0.7,0.033333333333333326,0.26666666666666666,0.06666666666666665,nan,0.0
aliased_rooms,repeated_room_bottleneck,repeated_room,gaussian_sensory,temporal_dropout,none,0,memoryless_mlp,,,,,2,0.7,0.033333333333333326,0.26666666666666666,0.06666666666666665,nan,0.0
aliased_rooms,repeated_room_bottleneck,repeated_room,gaussian_sensory,temporal_dropout,none,0,numpy_rnn,,,,,2,0.7666666666666666,0.03333333333333338,0.16666666666666669,0.03333333333333333,nan,0.0
aliased_rooms,repeated_room_bottleneck,repeated_room,gaussian_sensory,temporal_dropout,none,0,reservoir_block_hybrid,,,,,6,0.5,0.05643744488533464,0.2888888888888889,0.044444444444444446,nan,0.0
aliased_rooms,repeated_room_bottleneck,repeated_room,gaussian_sensory,temporal_dropout,none,0,reservoir_diagonal,,,,,6,0.7000000000000001,0.050917507721731564,0.19999999999999998,0.059628479399994404,nan,0.0
aliased_rooms,repeated_room_bottleneck,repeated_room,gaussian_sensory,temporal_dropout,none,0,reservoir_low_rank,,,,,6,0.5,0.0479196858952174,0.15555555555555556,0.037184890068181146,nan,0.0
aliased_rooms,repeated_room_bottleneck,repeated_room,gaussian_sensory,temporal_dropout,none,0,reservoir_nilpotent,,,,,6,0.46666666666666673,0.029814239699997202,0.17777777777777778,0.03718489006818114,nan,0.0
aliased_rooms,repeated_room_bottleneck,repeated_room,gaussian_sensory,temporal_dropout,none,0,reservoir_orthogonal,,,,,6,0.35555555555555557,0.032960882164869615,0.17777777777777778,0.028109134757052262,nan,0.0
aliased_rooms,repeated_room_bottleneck,repeated_room,gaussian_sensory,temporal_dropout,none,0,reservoir_oscillatory,,,,,6,0.45555555555555566,0.03617515688022157,0.12222222222222222,0.04687782913273108,nan,0.0
aliased_rooms,repeated_room_bottleneck,repeated_room,gaussian_sensory,temporal_dropout,none,0,reservoir_random,,,,,6,0.3222222222222222,0.03617515688022158,0.15555555555555556,0.032960882164869615,nan,0.0
aliased_rooms,repeated_room_bottleneck,repeated_room,gaussian_sensory,temporal_dropout,none,0,reservoir_sparse,,,,,6,0.5555555555555557,0.06363476028122823,0.25555555555555554,0.040061680838488774,nan,0.0
aliased_rooms,repeated_room_bottleneck,repeated_room,gaussian_sensory,temporal_dropout,none,0,reservoir_symmetric,,,,,6,0.5333333333333333,0.03442651863295481,0.16666666666666666,0.03751542892474252,nan,0.0
aliased_rooms,repeated_room_bottleneck,repeated_room,gaussian_sensory,temporal_dropout,one_hot,0,lin_block_r1_l2,1,2,2,independent_blocks,2,0.6,0.0,nan,0.0,nan,0.0
aliased_rooms,repeated_room_bottleneck,repeated_room,gaussian_sensory,temporal_dropout,one_hot,0,lin_block_r1_l4,1,4,4,independent_blocks,2,0.7333333333333334,0.13333333333333333,nan,0.0,nan,0.0
aliased_rooms,repeated_room_bottleneck,repeated_room,gaussian_sensory,temporal_dropout,one_hot,0,lin_block_r1_l8,1,8,8,independent_blocks,2,0.7333333333333334,0.06666666666666671,nan,0.0,nan,0.0
aliased_rooms,repeated_room_bottleneck,repeated_room,gaussian_sensory,temporal_dropout,one_hot,0,lin_block_r3_l2,3,2,4,independent_blocks,2,0.7666666666666666,0.1,nan,0.0,nan,0.0
aliased_rooms,repeated_room_bottleneck,repeated_room,gaussian_sensory,temporal_dropout,one_hot,0,lin_block_r3_l4,3,4,6,independent_blocks,2,0.8,0.06666666666666671,nan,0.0,nan,0.0
aliased_rooms,repeated_room_bottleneck,repeated_room,gaussian_sensory,temporal_dropout,one_hot,0,lin_block_r3_l8,3,8,10,independent_blocks,2,0.7666666666666666,0.03333333333333338,nan,0.0,nan,0.0
aliased_rooms,repeated_room_bottleneck,repeated_room,gaussian_sensory,temporal_dropout,one_hot,0,lin_block_r5_l2,5,2,6,independent_blocks,2,0.7666666666666666,0.03333333333333338,nan,0.0,nan,0.0
aliased_rooms,repeated_room_bottleneck,repeated_room,gaussian_sensory,temporal_dropout,one_hot,0,lin_block_r5_l4,5,4,8,independent_blocks,2,0.8,0.06666666666666671,nan,0.0,nan,0.0
aliased_rooms,repeated_room_bottleneck,repeated_room,gaussian_sensory,temporal_dropout,one_hot,0,lin_block_r5_l8,5,8,12,independent_blocks,2,0.7666666666666666,0.03333333333333338,nan,0.0,nan,0.0
aliased_rooms,repeated_room_bottleneck,repeated_room,gaussian_sensory,temporal_dropout,one_hot,0,lin_sequence_all_units_r3_l4,3,4,6,all_units,6,0.41111111111111115,0.09013022129188111,0.2111111111111111,0.03181738014061412,0.8333333333333334,0.059004080210452246
aliased_rooms,repeated_room_bottleneck,repeated_room,gaussian_sensory,temporal_dropout,one_hot,0,lin_sequence_front_bands_r1_l2,1,2,2,front_bands,6,0.48888888888888893,0.06592176432973923,0.28888888888888886,0.02222222222222222,0.6222222222222222,0.056218269514104524
aliased_rooms,repeated_room_bottleneck,repeated_room,gaussian_sensory,temporal_dropout,one_hot,0,lin_sequence_front_bands_r1_l4,1,4,4,front_bands,6,0.5444444444444445,0.07387008950486516,0.08888888888888889,0.032960882164869615,0.8777777777777778,0.046877829132731086
aliased_rooms,repeated_room_bottleneck,repeated_room,gaussian_sensory,temporal_dropout,one_hot,0,lin_sequence_front_bands_r1_l8,1,8,8,front_bands,6,0.5333333333333333,0.07097208632298362,0.2888888888888889,0.053518198127965766,0.9222222222222222,0.026759099063982873
aliased_rooms,repeated_room_bottleneck,repeated_room,gaussian_sensory,temporal_dropout,one_hot,0,lin_sequence_front_bands_r3_l2,3,2,4,front_bands,6,0.5555555555555556,0.07633584016585629,0.2222222222222222,0.053518198127965766,0.8444444444444444,0.03296088216486962
aliased_rooms,repeated_room_bottleneck,repeated_room,gaussian_sensory,temporal_dropout,one_hot,0,lin_sequence_front_bands_r3_l4,3,4,6,front_bands,6,0.45555555555555555,0.07584910295944894,0.15555555555555556,0.028109134757052262,0.9,0.03751542892474253
aliased_rooms,repeated_room_bottleneck,repeated_room,gaussian_sensory,temporal_dropout,one_hot,0,lin_sequence_front_bands_r3_l8,3,8,10,front_bands,6,0.5888888888888888,0.05816112145912178,0.2111111111111111,0.049938233453876074,0.8777777777777778,0.040061680838488774
aliased_rooms,repeated_room_bottleneck,repeated_room,gaussian_sensory,temporal_dropout,one_hot,0,lin_sequence_front_bands_r5_l2,5,2,6,front_bands,6,0.45555555555555555,0.046877829132731086,0.17777777777777778,0.06363476028122823,0.6444444444444445,0.05879447357921313
aliased_rooms,repeated_room_bottleneck,repeated_room,gaussian_sensory,temporal_dropout,one_hot,0,lin_sequence_front_bands_r5_l4,5,4,8,front_bands,6,0.48888888888888893,0.05879447357921312,0.2111111111111111,0.040061680838488774,0.7777777777777778,0.0763358401658563
aliased_rooms,repeated_room_bottleneck,repeated_room,gaussian_sensory,temporal_dropout,one_hot,0,lin_sequence_front_bands_r5_l8,5,8,12,front_bands,6,0.7000000000000001,0.03751542892474253,0.24444444444444444,0.032960882164869615,0.8111111111111112,0.0630500487071605
aliased_rooms,repeated_room_bottleneck,repeated_room,gaussian_sensory,temporal_dropout,one_hot,0,memoryless_linear,,,,,2,0.5333333333333333,0.1333333333333333,0.16666666666666666,0.09999999999999999,nan,0.0
aliased_rooms,repeated_room_bottleneck,repeated_room,gaussian_sensory,temporal_dropout,one_hot,0,memoryless_mlp,,,,,2,0.5333333333333333,0.1333333333333333,0.16666666666666666,0.09999999999999999,nan,0.0
aliased_rooms,repeated_room_bottleneck,repeated_room,gaussian_sensory,temporal_dropout,one_hot,0,numpy_rnn,,,,,2,0.8,0.06666666666666671,0.26666666666666666,0.06666666666666665,nan,0.0
aliased_rooms,repeated_room_bottleneck,repeated_room,gaussian_sensory,temporal_dropout,one_hot,0,reservoir_block_hybrid,,,,,6,0.46666666666666673,0.057089922571845024,0.2333333333333333,0.050917507721731564,nan,0.0
aliased_rooms,repeated_room_bottleneck,repeated_room,gaussian_sensory,temporal_dropout,one_hot,0,reservoir_diagonal,,,,,6,0.6333333333333334,0.05643744488533465,0.3666666666666667,0.022771001702132452,nan,0.0
aliased_rooms,repeated_room_bottleneck,repeated_room,gaussian_sensory,temporal_dropout,one_hot,0,reservoir_low_rank,,,,,6,0.4444444444444444,0.04766135686561603,0.24444444444444444,0.06813204318558173,nan,0.0
aliased_rooms,repeated_room_bottleneck,repeated_room,gaussian_sensory,temporal_dropout,one_hot,0,reservoir_nilpotent,,,,,6,0.43333333333333335,0.05643744488533465,0.16666666666666666,0.06610877680286009,nan,0.0
aliased_rooms,repeated_room_bottleneck,repeated_room,gaussian_sensory,temporal_dropout,one_hot,0,reservoir_orthogonal,,,,,6,0.5,0.05643744488533463,0.12222222222222223,0.040061680838488774,nan,0.0
aliased_rooms,repeated_room_bottleneck,repeated_room,gaussian_sensory,temporal_dropout,one_hot,0,reservoir_oscillatory,,,,,6,0.48888888888888893,0.08888888888888889,0.1111111111111111,0.014054567378526131,nan,0.0
aliased_rooms,repeated_room_bottleneck,repeated_room,gaussian_sensory,temporal_dropout,one_hot,0,reservoir_random,,,,,6,0.5,0.10147066717183001,0.24444444444444444,0.028109134757052262,nan,0.0
aliased_rooms,repeated_room_bottleneck,repeated_room,gaussian_sensory,temporal_dropout,one_hot,0,reservoir_sparse,,,,,6,0.5555555555555556,0.0763358401658563,0.14444444444444446,0.03181738014061412,nan,0.0
aliased_rooms,repeated_room_bottleneck,repeated_room,gaussian_sensory,temporal_dropout,one_hot,0,reservoir_symmetric,,,,,6,0.6333333333333333,0.05643744488533464,0.3111111111111111,0.037184890068181146,nan,0.0
aliased_rooms,repeated_room_bottleneck,repeated_room,gaussian_sensory,temporal_full,embedding,8,lin_block_r1_l2,1,2,2,independent_blocks,2,0.6666666666666666,0.06666666666666665,nan,0.0,nan,0.0
aliased_rooms,repeated_room_bottleneck,repeated_room,gaussian_sensory,temporal_full,embedding,8,lin_block_r1_l4,1,4,4,independent_blocks,2,0.7666666666666666,0.03333333333333338,nan,0.0,nan,0.0
aliased_rooms,repeated_room_bottleneck,repeated_room,gaussian_sensory,temporal_full,embedding,8,lin_block_r1_l8,1,8,8,independent_blocks,2,0.7333333333333334,0.13333333333333333,nan,0.0,nan,0.0
aliased_rooms,repeated_room_bottleneck,repeated_room,gaussian_sensory,temporal_full,embedding,8,lin_block_r3_l2,3,2,4,independent_blocks,2,0.7,0.033333333333333326,nan,0.0,nan,0.0
aliased_rooms,repeated_room_bottleneck,repeated_room,gaussian_sensory,temporal_full,embedding,8,lin_block_r3_l4,3,4,6,independent_blocks,2,0.6,0.1333333333333333,nan,0.0,nan,0.0
aliased_rooms,repeated_room_bottleneck,repeated_room,gaussian_sensory,temporal_full,embedding,8,lin_block_r3_l8,3,8,10,independent_blocks,2,0.7333333333333333,0.0,nan,0.0,nan,0.0
aliased_rooms,repeated_room_bottleneck,repeated_room,gaussian_sensory,temporal_full,embedding,8,lin_block_r5_l2,5,2,6,independent_blocks,2,0.7333333333333333,0.0,nan,0.0,nan,0.0
aliased_rooms,repeated_room_bottleneck,repeated_room,gaussian_sensory,temporal_full,embedding,8,lin_block_r5_l4,5,4,8,independent_blocks,2,0.7,0.033333333333333326,nan,0.0,nan,0.0
aliased_rooms,repeated_room_bottleneck,repeated_room,gaussian_sensory,temporal_full,embedding,8,lin_block_r5_l8,5,8,12,independent_blocks,2,0.7666666666666666,0.03333333333333338,nan,0.0,nan,0.0
aliased_rooms,repeated_room_bottleneck,repeated_room,gaussian_sensory,temporal_full,embedding,8,lin_sequence_all_units_r3_l4,3,4,6,all_units,6,0.4777777777777778,0.04687782913273108,0.2333333333333333,0.050917507721731564,0.8555555555555556,0.07584910295944895
aliased_rooms,repeated_room_bottleneck,repeated_room,gaussian_sensory,temporal_full,embedding,8,lin_sequence_front_bands_r1_l2,1,2,2,front_bands,6,0.45555555555555555,0.03181738014061412,0.2333333333333333,0.05900408021045224,0.7666666666666666,0.03333333333333335
aliased_rooms,repeated_room_bottleneck,repeated_room,gaussian_sensory,temporal_full,embedding,8,lin_sequence_front_bands_r1_l4,1,4,4,front_bands,6,0.6777777777777777,0.03181738014061412,0.3,0.0447213595499958,0.9888888888888889,0.01111111111111111
aliased_rooms,repeated_room_bottleneck,repeated_room,gaussian_sensory,temporal_full,embedding,8,lin_sequence_front_bands_r1_l8,1,8,8,front_bands,6,0.7999999999999999,0.02981423969999722,0.39999999999999997,0.04868644955601477,0.9666666666666668,0.022771001702132438
aliased_rooms,repeated_room_bottleneck,repeated_room,gaussian_sensory,temporal_full,embedding,8,lin_sequence_front_bands_r3_l2,3,2,4,front_bands,6,0.611111111111111,0.03617515688022156,0.39999999999999997,0.09737289911202955,0.888888888888889,0.03296088216486961
aliased_rooms,repeated_room_bottleneck,repeated_room,gaussian_sensory,temporal_full,embedding,8,lin_sequence_front_bands_r3_l4,3,4,6,front_bands,6,0.4222222222222223,0.04766135686561603,0.2111111111111111,0.020487876571761973,0.8666666666666668,0.05708992257184503
aliased_rooms,repeated_room_bottleneck,repeated_room,gaussian_sensory,temporal_full,embedding,8,lin_sequence_front_bands_r3_l8,3,8,10,front_bands,6,0.5666666666666667,0.08902766944004503,0.24444444444444444,0.06813204318558173,0.9888888888888889,0.01111111111111111
aliased_rooms,repeated_room_bottleneck,repeated_room,gaussian_sensory,temporal_full,embedding,8,lin_sequence_front_bands_r5_l2,5,2,6,front_bands,6,0.5111111111111111,0.04097575314352393,0.19999999999999998,0.05443310539518174,0.888888888888889,0.044444444444444446
aliased_rooms,repeated_room_bottleneck,repeated_room,gaussian_sensory,temporal_full,embedding,8,lin_sequence_front_bands_r5_l4,5,4,8,front_bands,6,0.4444444444444444,0.056218269514104524,0.15555555555555556,0.044444444444444446,0.9222222222222222,0.02675909906398288
aliased_rooms,repeated_room_bottleneck,repeated_room,gaussian_sensory,temporal_full,embedding,8,lin_sequence_front_bands_r5_l8,5,8,12,front_bands,6,0.6666666666666666,0.048686449556014776,0.4444444444444445,0.028109134757052262,0.9555555555555557,0.02222222222222222
aliased_rooms,repeated_room_bottleneck,repeated_room,gaussian_sensory,temporal_full,embedding,8,memoryless_linear,,,,,2,0.6666666666666666,0.0,0.5333333333333333,0.06666666666666665,nan,0.0
aliased_rooms,repeated_room_bottleneck,repeated_room,gaussian_sensory,temporal_full,embedding,8,memoryless_mlp,,,,,2,0.6666666666666666,0.0,0.5333333333333333,0.06666666666666665,nan,0.0
aliased_rooms,repeated_room_bottleneck,repeated_room,gaussian_sensory,temporal_full,embedding,8,numpy_rnn,,,,,2,0.7333333333333333,0.0,0.1,0.1,nan,0.0
aliased_rooms,repeated_room_bottleneck,repeated_room,gaussian_sensory,temporal_full,embedding,8,reservoir_block_hybrid,,,,,6,0.5111111111111111,0.044444444444444446,0.25555555555555554,0.05282161921779874,nan,0.0
aliased_rooms,repeated_room_bottleneck,repeated_room,gaussian_sensory,temporal_full,embedding,8,reservoir_diagonal,,,,,6,0.7000000000000001,0.04127594582445936,0.37777777777777777,0.056218269514104524,nan,0.0
aliased_rooms,repeated_room_bottleneck,repeated_room,gaussian_sensory,temporal_full,embedding,8,reservoir_low_rank,,,,,6,0.5111111111111112,0.08012336167697755,0.19999999999999998,0.04216370213557839,nan,0.0
aliased_rooms,repeated_room_bottleneck,repeated_room,gaussian_sensory,temporal_full,embedding,8,reservoir_nilpotent,,,,,6,0.4666666666666666,0.05962847939999438,0.24444444444444444,0.04097575314352394,nan,0.0
aliased_rooms,repeated_room_bottleneck,repeated_room,gaussian_sensory,temporal_full,embedding,8,reservoir_orthogonal,,,,,6,0.4444444444444445,0.03718489006818113,0.2222222222222222,0.044444444444444446,nan,0.0
aliased_rooms,repeated_room_bottleneck,repeated_room,gaussian_sensory,temporal_full,embedding,8,reservoir_oscillatory,,,,,6,0.5888888888888889,0.04006168083848877,0.3444444444444445,0.046877829132731086,nan,0.0
aliased_rooms,repeated_room_bottleneck,repeated_room,gaussian_sensory,temporal_full,embedding,8,reservoir_random,,,,,6,0.45555555555555555,0.049938233453876074,0.3111111111111111,0.08195150628704789,nan,0.0
aliased_rooms,repeated_room_bottleneck,repeated_room,gaussian_sensory,temporal_full,embedding,8,reservoir_sparse,,,,,6,0.5222222222222223,0.05282161921779872,0.2333333333333333,0.0479196858952174,nan,0.0
aliased_rooms,repeated_room_bottleneck,repeated_room,gaussian_sensory,temporal_full,embedding,8,reservoir_symmetric,,,,,6,0.6666666666666666,0.05163977794943224,0.17777777777777778,0.03718489006818114,nan,0.0
aliased_rooms,repeated_room_bottleneck,repeated_room,gaussian_sensory,temporal_full,none,0,lin_block_r1_l2,1,2,2,independent_blocks,2,0.7666666666666666,0.1,nan,0.0,nan,0.0
aliased_rooms,repeated_room_bottleneck,repeated_room,gaussian_sensory,temporal_full,none,0,lin_block_r1_l4,1,4,4,independent_blocks,2,0.7666666666666666,0.03333333333333338,nan,0.0,nan,0.0
aliased_rooms,repeated_room_bottleneck,repeated_room,gaussian_sensory,temporal_full,none,0,lin_block_r1_l8,1,8,8,independent_blocks,2,0.8333333333333334,0.033333333333333326,nan,0.0,nan,0.0
aliased_rooms,repeated_room_bottleneck,repeated_room,gaussian_sensory,temporal_full,none,0,lin_block_r3_l2,3,2,4,independent_blocks,2,0.7333333333333333,0.0,nan,0.0,nan,0.0
aliased_rooms,repeated_room_bottleneck,repeated_room,gaussian_sensory,temporal_full,none,0,lin_block_r3_l4,3,4,6,independent_blocks,2,0.6666666666666666,0.06666666666666665,nan,0.0,nan,0.0
aliased_rooms,repeated_room_bottleneck,repeated_room,gaussian_sensory,temporal_full,none,0,lin_block_r3_l8,3,8,10,independent_blocks,2,0.8333333333333334,0.033333333333333326,nan,0.0,nan,0.0
aliased_rooms,repeated_room_bottleneck,repeated_room,gaussian_sensory,temporal_full,none,0,lin_block_r5_l2,5,2,6,independent_blocks,2,0.7666666666666666,0.03333333333333338,nan,0.0,nan,0.0
aliased_rooms,repeated_room_bottleneck,repeated_room,gaussian_sensory,temporal_full,none,0,lin_block_r5_l4,5,4,8,independent_blocks,2,0.7333333333333333,0.0,nan,0.0,nan,0.0
aliased_rooms,repeated_room_bottleneck,repeated_room,gaussian_sensory,temporal_full,none,0,lin_block_r5_l8,5,8,12,independent_blocks,2,0.8,0.0,nan,0.0,nan,0.0
aliased_rooms,repeated_room_bottleneck,repeated_room,gaussian_sensory,temporal_full,none,0,lin_sequence_all_units_r3_l4,3,4,6,all_units,6,0.4333333333333333,0.08902766944004502,0.2222222222222222,0.04766135686561604,0.7888888888888889,0.07387008950486518
aliased_rooms,repeated_room_bottleneck,repeated_room,gaussian_sensory,temporal_full,none,0,lin_sequence_front_bands_r1_l2,1,2,2,front_bands,6,0.37777777777777777,0.03296088216486962,0.2111111111111111,0.07387008950486516,0.5888888888888889,0.03181738014061412
aliased_rooms,repeated_room_bottleneck,repeated_room,gaussian_sensory,temporal_full,none,0,lin_sequence_front_bands_r1_l4,1,4,4,front_bands,6,0.6666666666666666,0.0596284793999944,0.27777777777777773,0.05282161921779874,0.9555555555555556,0.03296088216486961
aliased_rooms,repeated_room_bottleneck,repeated_room,gaussian_sensory,temporal_full,none,0,lin_sequence_front_bands_r1_l8,1,8,8,front_bands,6,0.6888888888888888,0.04766135686561605,0.3444444444444445,0.040061680838488774,0.9888888888888889,0.01111111111111111
aliased_rooms,repeated_room_bottleneck,repeated_room,gaussian_sensory,temporal_full,none,0,lin_sequence_front_bands_r3_l2,3,2,4,front_bands,6,0.5555555555555556,0.06363476028122823,0.2333333333333333,0.037515428924742515,0.6777777777777777,0.07584910295944895
aliased_rooms,repeated_room_bottleneck,repeated_room,gaussian_sensory,temporal_full,none,0,lin_sequence_front_bands_r3_l4,3,4,6,front_bands,6,0.5111111111111112,0.06363476028122823,0.2222222222222222,0.028109134757052262,0.8777777777777778,0.040061680838488774
aliased_rooms,repeated_room_bottleneck,repeated_room,gaussian_sensory,temporal_full,none,0,lin_sequence_front_bands_r3_l8,3,8,10,front_bands,6,0.6333333333333333,0.06610877680286009,0.3222222222222222,0.05282161921779874,0.9666666666666667,0.022771001702132438
aliased_rooms,repeated_room_bottleneck,repeated_room,gaussian_sensory,temporal_full,none,0,lin_sequence_front_bands_r5_l2,5,2,6,front_bands,6,0.5333333333333333,0.048686449556014755,0.2222222222222222,0.04444444444444445,0.6444444444444444,0.08195150628704789
aliased_rooms,repeated_room_bottleneck,repeated_room,gaussian_sensory,temporal_full,none,0,lin_sequence_front_bands_r5_l4,5,4,8,front_bands,6,0.5111111111111111,0.06592176432973922,0.26666666666666666,0.048686449556014776,0.8666666666666668,0.048686449556014776
aliased_rooms,repeated_room_bottleneck,repeated_room,gaussian_sensory,temporal_full,none,0,lin_sequence_front_bands_r5_l8,5,8,12,front_bands,6,0.7444444444444445,0.04006168083848879,0.48888888888888893,0.044444444444444446,0.9111111111111111,0.047661356865616046
aliased_rooms,repeated_room_bottleneck,repeated_room,gaussian_sensory,temporal_full,none,0,memoryless_linear,,,,,2,0.7333333333333334,0.06666666666666671,0.06666666666666667,0.06666666666666667,nan,0.0
aliased_rooms,repeated_room_bottleneck,repeated_room,gaussian_sensory,temporal_full,none,0,memoryless_mlp,,,,,2,0.7333333333333334,0.06666666666666671,0.06666666666666667,0.06666666666666667,nan,0.0
aliased_rooms,repeated_room_bottleneck,repeated_room,gaussian_sensory,temporal_full,none,0,numpy_rnn,,,,,2,0.7333333333333333,0.0,0.06666666666666667,0.06666666666666667,nan,0.0
aliased_rooms,repeated_room_bottleneck,repeated_room,gaussian_sensory,temporal_full,none,0,reservoir_block_hybrid,,,,,6,0.4777777777777778,0.05816112145912178,0.28888888888888886,0.06126243889817878,nan,0.0
aliased_rooms,repeated_room_bottleneck,repeated_room,gaussian_sensory,temporal_full,none,0,reservoir_diagonal,,,,,6,0.5888888888888889,0.06065486250647192,0.4222222222222222,0.028109134757052262,nan,0.0
aliased_rooms,repeated_room_bottleneck,repeated_room,gaussian_sensory,temporal_full,none,0,reservoir_low_rank,,,,,6,0.611111111111111,0.04006168083848877,0.38888888888888884,0.0901302212918811,nan,0.0
aliased_rooms,repeated_room_bottleneck,repeated_room,gaussian_sensory,temporal_full,none,0,reservoir_nilpotent,,,,,6,0.45555555555555555,0.06535751631045662,0.26666666666666666,0.07302967433402216,nan,0.0
aliased_rooms,repeated_room_bottleneck,repeated_room,gaussian_sensory,temporal_full,none,0,reservoir_orthogonal,,,,,6,0.3666666666666667,0.06146362971528592,0.15555555555555556,0.022222222222222227,nan,0.0
aliased_rooms,repeated_room_bottleneck,repeated_room,gaussian_sensory,temporal_full,none,0,reservoir_oscillatory,,,,,6,0.4111111111111112,0.04360314860077463,0.2222222222222222,0.06592176432973923,nan,0.0
aliased_rooms,repeated_room_bottleneck,repeated_room,gaussian_sensory,temporal_full,none,0,reservoir_random,,,,,6,0.5666666666666668,0.04791968589521738,0.2111111111111111,0.05555555555555556,nan,0.0
aliased_rooms,repeated_room_bottleneck,repeated_room,gaussian_sensory,temporal_full,none,0,reservoir_sparse,,,,,6,0.5444444444444444,0.06065486250647192,0.3666666666666667,0.08902766944004503,nan,0.0
aliased_rooms,repeated_room_bottleneck,repeated_room,gaussian_sensory,temporal_full,none,0,reservoir_symmetric,,,,,6,0.5444444444444444,0.04687782913273107,0.2111111111111111,0.04360314860077463,nan,0.0
aliased_rooms,repeated_room_bottleneck,repeated_room,gaussian_sensory,temporal_full,one_hot,0,lin_block_r1_l2,1,2,2,independent_blocks,2,0.6666666666666666,0.06666666666666665,nan,0.0,nan,0.0
aliased_rooms,repeated_room_bottleneck,repeated_room,gaussian_sensory,temporal_full,one_hot,0,lin_block_r1_l4,1,4,4,independent_blocks,2,0.7666666666666666,0.03333333333333338,nan,0.0,nan,0.0
aliased_rooms,repeated_room_bottleneck,repeated_room,gaussian_sensory,temporal_full,one_hot,0,lin_block_r1_l8,1,8,8,independent_blocks,2,0.8333333333333334,0.033333333333333326,nan,0.0,nan,0.0
aliased_rooms,repeated_room_bottleneck,repeated_room,gaussian_sensory,temporal_full,one_hot,0,lin_block_r3_l2,3,2,4,independent_blocks,2,0.7,0.033333333333333326,nan,0.0,nan,0.0
aliased_rooms,repeated_room_bottleneck,repeated_room,gaussian_sensory,temporal_full,one_hot,0,lin_block_r3_l4,3,4,6,independent_blocks,2,0.6333333333333333,0.09999999999999998,nan,0.0,nan,0.0
aliased_rooms,repeated_room_bottleneck,repeated_room,gaussian_sensory,temporal_full,one_hot,0,lin_block_r3_l8,3,8,10,independent_blocks,2,0.7666666666666666,0.03333333333333338,nan,0.0,nan,0.0
aliased_rooms,repeated_room_bottleneck,repeated_room,gaussian_sensory,temporal_full,one_hot,0,lin_block_r5_l2,5,2,6,independent_blocks,2,0.7333333333333333,0.0,nan,0.0,nan,0.0
aliased_rooms,repeated_room_bottleneck,repeated_room,gaussian_sensory,temporal_full,one_hot,0,lin_block_r5_l4,5,4,8,independent_blocks,2,0.7,0.033333333333333326,nan,0.0,nan,0.0
aliased_rooms,repeated_room_bottleneck,repeated_room,gaussian_sensory,temporal_full,one_hot,0,lin_block_r5_l8,5,8,12,independent_blocks,2,0.7666666666666666,0.03333333333333338,nan,0.0,nan,0.0
aliased_rooms,repeated_room_bottleneck,repeated_room,gaussian_sensory,temporal_full,one_hot,0,lin_sequence_all_units_r3_l4,3,4,6,all_units,6,0.5444444444444444,0.05555555555555557,0.24444444444444444,0.032960882164869615,0.8777777777777778,0.046877829132731086
aliased_rooms,repeated_room_bottleneck,repeated_room,gaussian_sensory,temporal_full,one_hot,0,lin_sequence_front_bands_r1_l2,1,2,2,front_bands,6,0.39999999999999997,0.03849001794597506,0.14444444444444446,0.046877829132731086,0.5444444444444445,0.06065486250647192
aliased_rooms,repeated_room_bottleneck,repeated_room,gaussian_sensory,temporal_full,one_hot,0,lin_sequence_front_bands_r1_l4,1,4,4,front_bands,6,0.6555555555555556,0.03181738014061412,0.2777777777777778,0.040061680838488774,0.9666666666666667,0.033333333333333326
aliased_rooms,repeated_room_bottleneck,repeated_room,gaussian_sensory,temporal_full,one_hot,0,lin_sequence_front_bands_r1_l8,1,8,8,front_bands,6,0.7666666666666666,0.03333333333333335,0.4444444444444444,0.08373974969518566,0.9555555555555556,0.03296088216486961
aliased_rooms,repeated_room_bottleneck,repeated_room,gaussian_sensory,temporal_full,one_hot,0,lin_sequence_front_bands_r3_l2,3,2,4,front_bands,6,0.5888888888888889,0.08847124105508616,0.24444444444444444,0.07027283689263064,0.888888888888889,0.05067446333773947
aliased_rooms,repeated_room_bottleneck,repeated_room,gaussian_sensory,temporal_full,one_hot,0,lin_sequence_front_bands_r3_l4,3,4,6,front_bands,6,0.5555555555555556,0.053518198127965745,0.2222222222222222,0.01405456737852613,0.9444444444444445,0.026759099063982873
aliased_rooms,repeated_room_bottleneck,repeated_room,gaussian_sensory,temporal_full,one_hot,0,lin_sequence_front_bands_r3_l8,3,8,10,front_bands,6,0.6444444444444444,0.07027283689263066,0.3111111111111111,0.06813204318558175,0.9888888888888889,0.01111111111111111
aliased_rooms,repeated_room_bottleneck,repeated_room,gaussian_sensory,temporal_full,one_hot,0,lin_sequence_front_bands_r5_l2,5,2,6,front_bands,6,0.6222222222222222,0.07235031376044314,0.3222222222222222,0.0718365772233094,0.8666666666666667,0.04868644955601478
aliased_rooms,repeated_room_bottleneck,repeated_room,gaussian_sensory,temporal_full,one_hot,0,lin_sequence_front_bands_r5_l4,5,4,8,front_bands,6,0.5222222222222221,0.04360314860077463,0.3,0.050917507721731564,0.9222222222222222,0.03181738014061412
aliased_rooms,repeated_room_bottleneck,repeated_room,gaussian_sensory,temporal_full,one_hot,0,lin_sequence_front_bands_r5_l8,5,8,12,front_bands,6,0.6666666666666666,0.05443310539518175,0.4666666666666666,0.07097208632298362,0.8666666666666666,0.06666666666666668
aliased_rooms,repeated_room_bottleneck,repeated_room,gaussian_sensory,temporal_full,one_hot,0,memoryless_linear,,,,,2,0.6666666666666666,0.0,0.5333333333333333,0.06666666666666665,nan,0.0
aliased_rooms,repeated_room_bottleneck,repeated_room,gaussian_sensory,temporal_full,one_hot,0,memoryless_mlp,,,,,2,0.6666666666666666,0.0,0.5333333333333333,0.06666666666666665,nan,0.0
aliased_rooms,repeated_room_bottleneck,repeated_room,gaussian_sensory,temporal_full,one_hot,0,numpy_rnn,,,,,2,0.7333333333333333,0.0,0.06666666666666667,0.06666666666666667,nan,0.0
aliased_rooms,repeated_room_bottleneck,repeated_room,gaussian_sensory,temporal_full,one_hot,0,reservoir_block_hybrid,,,,,6,0.5555555555555555,0.05067446333773946,0.28888888888888886,0.04766135686561604,nan,0.0
aliased_rooms,repeated_room_bottleneck,repeated_room,gaussian_sensory,temporal_full,one_hot,0,reservoir_diagonal,,,,,6,0.7222222222222222,0.058161121459121785,0.43333333333333335,0.07044829992954381,nan,0.0
aliased_rooms,repeated_room_bottleneck,repeated_room,gaussian_sensory,temporal_full,one_hot,0,reservoir_low_rank,,,,,6,0.48888888888888893,0.044444444444444446,0.39999999999999997,0.09108400680852975,nan,0.0
aliased_rooms,repeated_room_bottleneck,repeated_room,gaussian_sensory,temporal_full,one_hot,0,reservoir_nilpotent,,,,,6,0.4777777777777778,0.05555555555555555,0.18888888888888888,0.05555555555555556,nan,0.0
aliased_rooms,repeated_room_bottleneck,repeated_room,gaussian_sensory,temporal_full,one_hot,0,reservoir_orthogonal,,,,,6,0.5444444444444444,0.02048787657176197,0.35555555555555557,0.044444444444444446,nan,0.0
aliased_rooms,repeated_room_bottleneck,repeated_room,gaussian_sensory,temporal_full,one_hot,0,reservoir_oscillatory,,,,,6,0.4222222222222222,0.06363476028122823,0.2333333333333333,0.037515428924742515,nan,0.0
aliased_rooms,repeated_room_bottleneck,repeated_room,gaussian_sensory,temporal_full,one_hot,0,reservoir_random,,,,,6,0.5333333333333333,0.06885303726590965,0.2111111111111111,0.04360314860077463,nan,0.0
aliased_rooms,repeated_room_bottleneck,repeated_room,gaussian_sensory,temporal_full,one_hot,0,reservoir_sparse,,,,,6,0.5444444444444444,0.0718365772233094,0.32222222222222224,0.05282161921779874,nan,0.0
aliased_rooms,repeated_room_bottleneck,repeated_room,gaussian_sensory,temporal_full,one_hot,0,reservoir_symmetric,,,,,6,0.5666666666666668,0.04791968589521738,0.39999999999999997,0.07888106377466154,nan,0.0
aliased_t_maze,t_maze,delayed_landmark_choice,gaussian_sensory,temporal_cue_then_blank,embedding,8,lin_block_r1_l2,1,2,2,independent_blocks,2,0.5,0.16666666666666666,nan,0.0,nan,0.0
aliased_t_maze,t_maze,delayed_landmark_choice,gaussian_sensory,temporal_cue_then_blank,embedding,8,lin_block_r1_l4,1,4,4,independent_blocks,2,0.41666666666666663,0.08333333333333334,nan,0.0,nan,0.0
aliased_t_maze,t_maze,delayed_landmark_choice,gaussian_sensory,temporal_cue_then_blank,embedding,8,lin_block_r1_l8,1,8,8,independent_blocks,2,1.0,0.0,nan,0.0,nan,0.0
aliased_t_maze,t_maze,delayed_landmark_choice,gaussian_sensory,temporal_cue_then_blank,embedding,8,lin_block_r3_l2,3,2,4,independent_blocks,2,0.41666666666666663,0.08333333333333334,nan,0.0,nan,0.0
aliased_t_maze,t_maze,delayed_landmark_choice,gaussian_sensory,temporal_cue_then_blank,embedding,8,lin_block_r3_l4,3,4,6,independent_blocks,2,0.8333333333333334,0.0,nan,0.0,nan,0.0
aliased_t_maze,t_maze,delayed_landmark_choice,gaussian_sensory,temporal_cue_then_blank,embedding,8,lin_block_r3_l8,3,8,10,independent_blocks,2,1.0,0.0,nan,0.0,nan,0.0
aliased_t_maze,t_maze,delayed_landmark_choice,gaussian_sensory,temporal_cue_then_blank,embedding,8,lin_block_r5_l2,5,2,6,independent_blocks,2,0.75,0.08333333333333337,nan,0.0,nan,0.0
aliased_t_maze,t_maze,delayed_landmark_choice,gaussian_sensory,temporal_cue_then_blank,embedding,8,lin_block_r5_l4,5,4,8,independent_blocks,2,1.0,0.0,nan,0.0,nan,0.0
aliased_t_maze,t_maze,delayed_landmark_choice,gaussian_sensory,temporal_cue_then_blank,embedding,8,lin_block_r5_l8,5,8,12,independent_blocks,2,1.0,0.0,nan,0.0,nan,0.0
aliased_t_maze,t_maze,delayed_landmark_choice,gaussian_sensory,temporal_cue_then_blank,embedding,8,lin_sequence_all_units_r3_l4,3,4,6,all_units,6,0.6666666666666666,0.060858061945018464,0.3333333333333333,0.0,1.0,0.0
aliased_t_maze,t_maze,delayed_landmark_choice,gaussian_sensory,temporal_cue_then_blank,embedding,8,lin_sequence_front_bands_r1_l2,1,2,2,front_bands,6,0.47222222222222215,0.0668977476599572,0.1111111111111111,0.03513641844631533,1.0,0.0
aliased_t_maze,t_maze,delayed_landmark_choice,gaussian_sensory,temporal_cue_then_blank,embedding,8,lin_sequence_front_bands_r1_l4,1,4,4,front_bands,6,0.4166666666666667,0.0372677996249965,0.25000000000000006,0.037267799624996496,1.0,0.0
aliased_t_maze,t_maze,delayed_landmark_choice,gaussian_sensory,temporal_cue_then_blank,embedding,8,lin_sequence_front_bands_r1_l8,1,8,8,front_bands,6,0.8333333333333334,0.04303314829119353,0.638888888888889,0.09043789220055394,0.9722222222222223,0.02777777777777777
aliased_t_maze,t_maze,delayed_landmark_choice,gaussian_sensory,temporal_cue_then_blank,embedding,8,lin_sequence_front_bands_r3_l2,3,2,4,front_bands,6,0.38888888888888884,0.035136418446315335,0.25000000000000006,0.037267799624996496,1.0,0.0
aliased_t_maze,t_maze,delayed_landmark_choice,gaussian_sensory,temporal_cue_then_blank,embedding,8,lin_sequence_front_bands_r3_l4,3,4,6,front_bands,6,0.6944444444444445,0.06689774765995721,0.3333333333333333,0.0,1.0,0.0
aliased_t_maze,t_maze,delayed_landmark_choice,gaussian_sensory,temporal_cue_then_blank,embedding,8,lin_sequence_front_bands_r3_l8,3,8,10,front_bands,6,0.9722222222222223,0.02777777777777777,0.9722222222222223,0.02777777777777777,1.0,0.0
aliased_t_maze,t_maze,delayed_landmark_choice,gaussian_sensory,temporal_cue_then_blank,embedding,8,lin_sequence_front_bands_r5_l2,5,2,6,front_bands,6,0.5833333333333333,0.03726779962499649,0.3333333333333333,0.0,1.0,0.0
aliased_t_maze,t_maze,delayed_landmark_choice,gaussian_sensory,temporal_cue_then_blank,embedding,8,lin_sequence_front_bands_r5_l4,5,4,8,front_bands,6,0.5833333333333334,0.07136240321480629,0.4444444444444444,0.03513641844631533,1.0,0.0
aliased_t_maze,t_maze,delayed_landmark_choice,gaussian_sensory,temporal_cue_then_blank,embedding,8,lin_sequence_front_bands_r5_l8,5,8,12,front_bands,6,0.8611111111111112,0.05121969142940494,0.7222222222222223,0.10243938285880988,1.0,0.0
aliased_t_maze,t_maze,delayed_landmark_choice,gaussian_sensory,temporal_cue_then_blank,embedding,8,memoryless_linear,,,,,2,0.5,0.16666666666666666,0.08333333333333333,0.08333333333333333,nan,0.0
aliased_t_maze,t_maze,delayed_landmark_choice,gaussian_sensory,temporal_cue_then_blank,embedding,8,memoryless_mlp,,,,,2,0.5,0.16666666666666666,0.08333333333333333,0.08333333333333333,nan,0.0
aliased_t_maze,t_maze,delayed_landmark_choice,gaussian_sensory,temporal_cue_then_blank,embedding,8,numpy_rnn,,,,,2,0.6666666666666666,0.0,0.0,0.0,nan,0.0
aliased_t_maze,t_maze,delayed_landmark_choice,gaussian_sensory,temporal_cue_then_blank,embedding,8,reservoir_block_hybrid,,,,,6,0.611111111111111,0.05555555555555556,0.5555555555555556,0.07027283689263067,nan,0.0
aliased_t_maze,t_maze,delayed_landmark_choice,gaussian_sensory,temporal_cue_then_blank,embedding,8,reservoir_diagonal,,,,,6,0.8055555555555555,0.05121969142940494,0.3333333333333333,0.0,nan,0.0
aliased_t_maze,t_maze,delayed_landmark_choice,gaussian_sensory,temporal_cue_then_blank,embedding,8,reservoir_low_rank,,,,,6,0.6388888888888888,0.09043789220055393,0.3333333333333333,0.0,nan,0.0
aliased_t_maze,t_maze,delayed_landmark_choice,gaussian_sensory,temporal_cue_then_blank,embedding,8,reservoir_nilpotent,,,,,6,0.75,0.03726779962499651,0.638888888888889,0.06689774765995721,nan,0.0
aliased_t_maze,t_maze,delayed_landmark_choice,gaussian_sensory,temporal_cue_then_blank,embedding,8,reservoir_orthogonal,,,,,6,0.6666666666666666,0.08606629658238706,0.47222222222222227,0.051219691429404926,nan,0.0
aliased_t_maze,t_maze,delayed_landmark_choice,gaussian_sensory,temporal_cue_then_blank,embedding,8,reservoir_oscillatory,,,,,6,0.5555555555555555,0.03513641844631532,0.49999999999999994,0.04303314829119352,nan,0.0
aliased_t_maze,t_maze,delayed_landmark_choice,gaussian_sensory,temporal_cue_then_blank,embedding,8,reservoir_random,,,,,6,0.75,0.11180339887498951,0.6944444444444443,0.1248455836346902,nan,0.0
aliased_t_maze,t_maze,delayed_landmark_choice,gaussian_sensory,temporal_cue_then_blank,embedding,8,reservoir_sparse,,,,,6,0.5555555555555555,0.05555555555555556,0.47222222222222215,0.051219691429404926,nan,0.0
aliased_t_maze,t_maze,delayed_landmark_choice,gaussian_sensory,temporal_cue_then_blank,embedding,8,reservoir_symmetric,,,,,6,0.6944444444444443,0.06689774765995721,0.3611111111111111,0.02777777777777778,nan,0.0
aliased_t_maze,t_maze,delayed_landmark_choice,gaussian_sensory,temporal_cue_then_blank,none,0,lin_block_r1_l2,1,2,2,independent_blocks,2,0.5,0.16666666666666666,nan,0.0,nan,0.0
aliased_t_maze,t_maze,delayed_landmark_choice,gaussian_sensory,temporal_cue_then_blank,none,0,lin_block_r1_l4,1,4,4,independent_blocks,2,0.3333333333333333,0.0,nan,0.0,nan,0.0
aliased_t_maze,t_maze,delayed_landmark_choice,gaussian_sensory,temporal_cue_then_blank,none,0,lin_block_r1_l8,1,8,8,independent_blocks,2,1.0,0.0,nan,0.0,nan,0.0
aliased_t_maze,t_maze,delayed_landmark_choice,gaussian_sensory,temporal_cue_then_blank,none,0,lin_block_r3_l2,3,2,4,independent_blocks,2,0.3333333333333333,0.0,nan,0.0,nan,0.0
aliased_t_maze,t_maze,delayed_landmark_choice,gaussian_sensory,temporal_cue_then_blank,none,0,lin_block_r3_l4,3,4,6,independent_blocks,2,0.75,0.08333333333333337,nan,0.0,nan,0.0
aliased_t_maze,t_maze,delayed_landmark_choice,gaussian_sensory,temporal_cue_then_blank,none,0,lin_block_r3_l8,3,8,10,independent_blocks,2,1.0,0.0,nan,0.0,nan,0.0
aliased_t_maze,t_maze,delayed_landmark_choice,gaussian_sensory,temporal_cue_then_blank,none,0,lin_block_r5_l2,5,2,6,independent_blocks,2,0.75,0.08333333333333337,nan,0.0,nan,0.0
aliased_t_maze,t_maze,delayed_landmark_choice,gaussian_sensory,temporal_cue_then_blank,none,0,lin_block_r5_l4,5,4,8,independent_blocks,2,1.0,0.0,nan,0.0,nan,0.0
aliased_t_maze,t_maze,delayed_landmark_choice,gaussian_sensory,temporal_cue_then_blank,none,0,lin_block_r5_l8,5,8,12,independent_blocks,2,1.0,0.0,nan,0.0,nan,0.0
aliased_t_maze,t_maze,delayed_landmark_choice,gaussian_sensory,temporal_cue_then_blank,none,0,lin_sequence_all_units_r3_l4,3,4,6,all_units,6,0.5,0.04303314829119352,0.3333333333333333,0.0,1.0,0.0
aliased_t_maze,t_maze,delayed_landmark_choice,gaussian_sensory,temporal_cue_then_blank,none,0,lin_sequence_front_bands_r1_l2,1,2,2,front_bands,6,0.47222222222222215,0.0668977476599572,0.1111111111111111,0.03513641844631533,1.0,0.0
aliased_t_maze,t_maze,delayed_landmark_choice,gaussian_sensory,temporal_cue_then_blank,none,0,lin_sequence_front_bands_r1_l4,1,4,4,front_bands,6,0.38888888888888884,0.035136418446315335,0.25000000000000006,0.037267799624996496,1.0,0.0
aliased_t_maze,t_maze,delayed_landmark_choice,gaussian_sensory,temporal_cue_then_blank,none,0,lin_sequence_front_bands_r1_l8,1,8,8,front_bands,6,0.9444444444444445,0.03513641844631532,0.8333333333333334,0.105409255338946,1.0,0.0
aliased_t_maze,t_maze,delayed_landmark_choice,gaussian_sensory,temporal_cue_then_blank,none,0,lin_sequence_front_bands_r3_l2,3,2,4,front_bands,6,0.3611111111111111,0.027777777777777787,0.25000000000000006,0.037267799624996496,1.0,0.0
aliased_t_maze,t_maze,delayed_landmark_choice,gaussian_sensory,temporal_cue_then_blank,none,0,lin_sequence_front_bands_r3_l4,3,4,6,front_bands,6,0.5833333333333334,0.0937885723118563,0.3333333333333333,0.0,1.0,0.0
aliased_t_maze,t_maze,delayed_landmark_choice,gaussian_sensory,temporal_cue_then_blank,none,0,lin_sequence_front_bands_r3_l8,3,8,10,front_bands,6,0.8611111111111112,0.027777777777777776,0.7222222222222222,0.07027283689263066,1.0,0.0
aliased_t_maze,t_maze,delayed_landmark_choice,gaussian_sensory,temporal_cue_then_blank,none,0,lin_sequence_front_bands_r5_l2,5,2,6,front_bands,6,0.611111111111111,0.10243938285880988,0.3333333333333333,0.0,1.0,0.0
aliased_t_maze,t_maze,delayed_landmark_choice,gaussian_sensory,temporal_cue_then_blank,none,0,lin_sequence_front_bands_r5_l4,5,4,8,front_bands,6,0.5555555555555555,0.03513641844631532,0.38888888888888884,0.035136418446315335,1.0,0.0
aliased_t_maze,t_maze,delayed_landmark_choice,gaussian_sensory,temporal_cue_then_blank,none,0,lin_sequence_front_bands_r5_l8,5,8,12,front_bands,6,0.9444444444444443,0.05555555555555556,0.9166666666666666,0.08333333333333334,1.0,0.0
aliased_t_maze,t_maze,delayed_landmark_choice,gaussian_sensory,temporal_cue_then_blank,none,0,memoryless_linear,,,,,2,0.6666666666666666,0.0,0.0,0.0,nan,0.0
aliased_t_maze,t_maze,delayed_landmark_choice,gaussian_sensory,temporal_cue_then_blank,none,0,memoryless_mlp,,,,,2,0.6666666666666666,0.0,0.0,0.0,nan,0.0
aliased_t_maze,t_maze,delayed_landmark_choice,gaussian_sensory,temporal_cue_then_blank,none,0,numpy_rnn,,,,,2,0.6666666666666666,0.0,0.0,0.0,nan,0.0
aliased_t_maze,t_maze,delayed_landmark_choice,gaussian_sensory,temporal_cue_then_blank,none,0,reservoir_block_hybrid,,,,,6,0.6944444444444445,0.05121969142940494,0.611111111111111,0.05555555555555556,nan,0.0
aliased_t_maze,t_maze,delayed_landmark_choice,gaussian_sensory,temporal_cue_then_blank,none,0,reservoir_diagonal,,,,,6,0.8055555555555557,0.05121969142940494,0.3333333333333333,0.0,nan,0.0
aliased_t_maze,t_maze,delayed_landmark_choice,gaussian_sensory,temporal_cue_then_blank,none,0,reservoir_low_rank,,,,,6,0.6944444444444445,0.10015420209622194,0.3055555555555555,0.02777777777777778,nan,0.0
aliased_t_maze,t_maze,delayed_landmark_choice,gaussian_sensory,temporal_cue_then_blank,none,0,reservoir_nilpotent,,,,,6,0.8055555555555555,0.05121969142940494,0.6666666666666666,0.08606629658238704,nan,0.0
aliased_t_maze,t_maze,delayed_landmark_choice,gaussian_sensory,temporal_cue_then_blank,none,0,reservoir_orthogonal,,,,,6,0.8055555555555555,0.06689774765995721,0.7222222222222222,0.11111111111111112,nan,0.0
aliased_t_maze,t_maze,delayed_landmark_choice,gaussian_sensory,temporal_cue_then_blank,none,0,reservoir_oscillatory,,,,,6,0.5833333333333333,0.03726779962499648,0.5,0.0,nan,0.0
aliased_t_maze,t_maze,delayed_landmark_choice,gaussian_sensory,temporal_cue_then_blank,none,0,reservoir_random,,,,,6,0.5555555555555555,0.07027283689263066,0.5277777777777778,0.06689774765995721,nan,0.0
aliased_t_maze,t_maze,delayed_landmark_choice,gaussian_sensory,temporal_cue_then_blank,none,0,reservoir_sparse,,,,,6,0.6666666666666666,0.07453559924999299,0.5833333333333334,0.0937885723118563,nan,0.0
aliased_t_maze,t_maze,delayed_landmark_choice,gaussian_sensory,temporal_cue_then_blank,none,0,reservoir_symmetric,,,,,6,0.6944444444444445,0.02777777777777779,0.3611111111111111,0.027777777777777787,nan,0.0
aliased_t_maze,t_maze,delayed_landmark_choice,gaussian_sensory,temporal_cue_then_blank,one_hot,0,lin_block_r1_l2,1,2,2,independent_blocks,2,0.41666666666666663,0.08333333333333334,nan,0.0,nan,0.0
aliased_t_maze,t_maze,delayed_landmark_choice,gaussian_sensory,temporal_cue_then_blank,one_hot,0,lin_block_r1_l4,1,4,4,independent_blocks,2,0.5,0.16666666666666666,nan,0.0,nan,0.0
aliased_t_maze,t_maze,delayed_landmark_choice,gaussian_sensory,temporal_cue_then_blank,one_hot,0,lin_block_r1_l8,1,8,8,independent_blocks,2,1.0,0.0,nan,0.0,nan,0.0
aliased_t_maze,t_maze,delayed_landmark_choice,gaussian_sensory,temporal_cue_then_blank,one_hot,0,lin_block_r3_l2,3,2,4,independent_blocks,2,0.41666666666666663,0.08333333333333334,nan,0.0,nan,0.0
aliased_t_maze,t_maze,delayed_landmark_choice,gaussian_sensory,temporal_cue_then_blank,one_hot,0,lin_block_r3_l4,3,4,6,independent_blocks,2,0.75,0.08333333333333337,nan,0.0,nan,0.0
aliased_t_maze,t_maze,delayed_landmark_choice,gaussian_sensory,temporal_cue_then_blank,one_hot,0,lin_block_r3_l8,3,8,10,independent_blocks,2,1.0,0.0,nan,0.0,nan,0.0
aliased_t_maze,t_maze,delayed_landmark_choice,gaussian_sensory,temporal_cue_then_blank,one_hot,0,lin_block_r5_l2,5,2,6,independent_blocks,2,0.75,0.08333333333333337,nan,0.0,nan,0.0
aliased_t_maze,t_maze,delayed_landmark_choice,gaussian_sensory,temporal_cue_then_blank,one_hot,0,lin_block_r5_l4,5,4,8,independent_blocks,2,1.0,0.0,nan,0.0,nan,0.0
aliased_t_maze,t_maze,delayed_landmark_choice,gaussian_sensory,temporal_cue_then_blank,one_hot,0,lin_block_r5_l8,5,8,12,independent_blocks,2,1.0,0.0,nan,0.0,nan,0.0
aliased_t_maze,t_maze,delayed_landmark_choice,gaussian_sensory,temporal_cue_then_blank,one_hot,0,lin_sequence_all_units_r3_l4,3,4,6,all_units,6,0.638888888888889,0.10015420209622194,0.3333333333333333,0.0,1.0,0.0
aliased_t_maze,t_maze,delayed_landmark_choice,gaussian_sensory,temporal_cue_then_blank,one_hot,0,lin_sequence_front_bands_r1_l2,1,2,2,front_bands,6,0.49999999999999994,0.07453559924999299,0.08333333333333333,0.0372677996249965,1.0,0.0
aliased_t_maze,t_maze,delayed_landmark_choice,gaussian_sensory,temporal_cue_then_blank,one_hot,0,lin_sequence_front_bands_r1_l4,1,4,4,front_bands,6,0.4166666666666667,0.0372677996249965,0.25000000000000006,0.037267799624996496,0.9722222222222222,0.027777777777777776
aliased_t_maze,t_maze,delayed_landmark_choice,gaussian_sensory,temporal_cue_then_blank,one_hot,0,lin_sequence_front_bands_r1_l8,1,8,8,front_bands,6,0.9444444444444445,0.03513641844631532,0.861111111111111,0.09043789220055394,1.0,0.0
aliased_t_maze,t_maze,delayed_landmark_choice,gaussian_sensory,temporal_cue_then_blank,one_hot,0,lin_sequence_front_bands_r3_l2,3,2,4,front_bands,6,0.3611111111111111,0.05121969142940494,0.2777777777777778,0.03513641844631533,1.0,0.0
aliased_t_maze,t_maze,delayed_landmark_choice,gaussian_sensory,temporal_cue_then_blank,one_hot,0,lin_sequence_front_bands_r3_l4,3,4,6,front_bands,6,0.5833333333333334,0.0569275042553311,0.3333333333333333,0.0,1.0,0.0
aliased_t_maze,t_maze,delayed_landmark_choice,gaussian_sensory,temporal_cue_then_blank,one_hot,0,lin_sequence_front_bands_r3_l8,3,8,10,front_bands,6,0.9444444444444445,0.03513641844631532,0.8333333333333334,0.10540925533894598,1.0,0.0
aliased_t_maze,t_maze,delayed_landmark_choice,gaussian_sensory,temporal_cue_then_blank,one_hot,0,lin_sequence_front_bands_r5_l2,5,2,6,front_bands,6,0.6111111111111112,0.10243938285880988,0.3333333333333333,0.0,1.0,0.0
aliased_t_maze,t_maze,delayed_landmark_choice,gaussian_sensory,temporal_cue_then_blank,one_hot,0,lin_sequence_front_bands_r5_l4,5,4,8,front_bands,6,0.6944444444444445,0.06689774765995721,0.638888888888889,0.0795434503515353,1.0,0.0
aliased_t_maze,t_maze,delayed_landmark_choice,gaussian_sensory,temporal_cue_then_blank,one_hot,0,lin_sequence_front_bands_r5_l8,5,8,12,front_bands,6,0.9166666666666666,0.03726779962499649,0.8055555555555555,0.09043789220055393,1.0,0.0
aliased_t_maze,t_maze,delayed_landmark_choice,gaussian_sensory,temporal_cue_then_blank,one_hot,0,memoryless_linear,,,,,2,0.5,0.16666666666666666,0.08333333333333333,0.08333333333333333,nan,0.0
aliased_t_maze,t_maze,delayed_landmark_choice,gaussian_sensory,temporal_cue_then_blank,one_hot,0,memoryless_mlp,,,,,2,0.5,0.16666666666666666,0.08333333333333333,0.08333333333333333,nan,0.0
aliased_t_maze,t_maze,delayed_landmark_choice,gaussian_sensory,temporal_cue_then_blank,one_hot,0,numpy_rnn,,,,,2,0.6666666666666666,0.0,0.0,0.0,nan,0.0
aliased_t_maze,t_maze,delayed_landmark_choice,gaussian_sensory,temporal_cue_then_blank,one_hot,0,reservoir_block_hybrid,,,,,6,0.7777777777777777,0.08240220541217405,0.7222222222222222,0.09296222517045286,nan,0.0
aliased_t_maze,t_maze,delayed_landmark_choice,gaussian_sensory,temporal_cue_then_blank,one_hot,0,reservoir_diagonal,,,,,6,0.8611111111111112,0.05121969142940494,0.3333333333333333,0.0,nan,0.0
aliased_t_maze,t_maze,delayed_landmark_choice,gaussian_sensory,temporal_cue_then_blank,one_hot,0,reservoir_low_rank,,,,,6,0.7222222222222222,0.08240220541217405,0.4166666666666666,0.0569275042553311,nan,0.0
aliased_t_maze,t_maze,delayed_landmark_choice,gaussian_sensory,temporal_cue_then_blank,one_hot,0,reservoir_nilpotent,,,,,6,0.8055555555555555,0.06689774765995721,0.7777777777777777,0.08240220541217405,nan,0.0
aliased_t_maze,t_maze,delayed_landmark_choice,gaussian_sensory,temporal_cue_then_blank,one_hot,0,reservoir_orthogonal,,,,,6,0.7777777777777778,0.03513641844631534,0.6666666666666666,0.04303314829119353,nan,0.0
aliased_t_maze,t_maze,delayed_landmark_choice,gaussian_sensory,temporal_cue_then_blank,one_hot,0,reservoir_oscillatory,,,,,6,0.5277777777777778,0.051219691429404926,0.5277777777777778,0.051219691429404926,nan,0.0
aliased_t_maze,t_maze,delayed_landmark_choice,gaussian_sensory,temporal_cue_then_blank,one_hot,0,reservoir_random,,,,,6,0.5833333333333334,0.056927504255331114,0.47222222222222227,0.07954345035153532,nan,0.0
aliased_t_maze,t_maze,delayed_landmark_choice,gaussian_sensory,temporal_cue_then_blank,one_hot,0,reservoir_sparse,,,,,6,0.6666666666666666,0.060858061945018464,0.5277777777777778,0.09043789220055393,nan,0.0
aliased_t_maze,t_maze,delayed_landmark_choice,gaussian_sensory,temporal_cue_then_blank,one_hot,0,reservoir_symmetric,,,,,6,0.6666666666666666,0.04303314829119353,0.4166666666666667,0.0372677996249965,nan,0.0
aliased_t_maze,t_maze,delayed_landmark_choice,gaussian_sensory,temporal_dropout,embedding,8,lin_block_r1_l2,1,2,2,independent_blocks,2,0.6666666666666666,0.0,nan,0.0,nan,0.0
aliased_t_maze,t_maze,delayed_landmark_choice,gaussian_sensory,temporal_dropout,embedding,8,lin_block_r1_l4,1,4,4,independent_blocks,2,0.6666666666666667,0.16666666666666669,nan,0.0,nan,0.0
aliased_t_maze,t_maze,delayed_landmark_choice,gaussian_sensory,temporal_dropout,embedding,8,lin_block_r1_l8,1,8,8,independent_blocks,2,0.9166666666666667,0.0833333333333333,nan,0.0,nan,0.0
aliased_t_maze,t_maze,delayed_landmark_choice,gaussian_sensory,temporal_dropout,embedding,8,lin_block_r3_l2,3,2,4,independent_blocks,2,0.5,0.16666666666666666,nan,0.0,nan,0.0
aliased_t_maze,t_maze,delayed_landmark_choice,gaussian_sensory,temporal_dropout,embedding,8,lin_block_r3_l4,3,4,6,independent_blocks,2,0.75,0.08333333333333337,nan,0.0,nan,0.0
aliased_t_maze,t_maze,delayed_landmark_choice,gaussian_sensory,temporal_dropout,embedding,8,lin_block_r3_l8,3,8,10,independent_blocks,2,1.0,0.0,nan,0.0,nan,0.0
aliased_t_maze,t_maze,delayed_landmark_choice,gaussian_sensory,temporal_dropout,embedding,8,lin_block_r5_l2,5,2,6,independent_blocks,2,0.75,0.08333333333333337,nan,0.0,nan,0.0
aliased_t_maze,t_maze,delayed_landmark_choice,gaussian_sensory,temporal_dropout,embedding,8,lin_block_r5_l4,5,4,8,independent_blocks,2,0.9166666666666667,0.0833333333333333,nan,0.0,nan,0.0
aliased_t_maze,t_maze,delayed_landmark_choice,gaussian_sensory,temporal_dropout,embedding,8,lin_block_r5_l8,5,8,12,independent_blocks,2,1.0,0.0,nan,0.0,nan,0.0
aliased_t_maze,t_maze,delayed_landmark_choice,gaussian_sensory,temporal_dropout,embedding,8,lin_sequence_all_units_r3_l4,3,4,6,all_units,6,0.7499999999999999,0.1031898645611484,0.4166666666666667,0.0372677996249965,1.0,0.0
aliased_t_maze,t_maze,delayed_landmark_choice,gaussian_sensory,temporal_dropout,embedding,8,lin_sequence_front_bands_r1_l2,1,2,2,front_bands,6,0.7777777777777778,0.05555555555555557,0.3333333333333333,0.074535599249993,1.0,0.0
aliased_t_maze,t_maze,delayed_landmark_choice,gaussian_sensory,temporal_dropout,embedding,8,lin_sequence_front_bands_r1_l4,1,4,4,front_bands,6,0.6388888888888888,0.0795434503515353,0.4166666666666667,0.0372677996249965,1.0,0.0
aliased_t_maze,t_maze,delayed_landmark_choice,gaussian_sensory,temporal_dropout,embedding,8,lin_sequence_front_bands_r1_l8,1,8,8,front_bands,6,0.9444444444444445,0.03513641844631532,0.7222222222222223,0.10243938285880988,0.9444444444444445,0.03513641844631532
aliased_t_maze,t_maze,delayed_landmark_choice,gaussian_sensory,temporal_dropout,embedding,8,lin_sequence_front_bands_r3_l2,3,2,4,front_bands,6,0.7222222222222222,0.09296222517045286,0.38888888888888884,0.035136418446315335,1.0,0.0
aliased_t_maze,t_maze,delayed_landmark_choice,gaussian_sensory,temporal_dropout,embedding,8,lin_sequence_front_bands_r3_l4,3,4,6,front_bands,6,0.638888888888889,0.09043789220055394,0.4166666666666667,0.0372677996249965,0.9722222222222223,0.02777777777777777
aliased_t_maze,t_maze,delayed_landmark_choice,gaussian_sensory,temporal_dropout,embedding,8,lin_sequence_front_bands_r3_l8,3,8,10,front_bands,6,0.8611111111111112,0.02777777777777777,0.6944444444444445,0.0795434503515353,1.0,0.0
aliased_t_maze,t_maze,delayed_landmark_choice,gaussian_sensory,temporal_dropout,embedding,8,lin_sequence_front_bands_r5_l2,5,2,6,front_bands,6,0.6944444444444445,0.0795434503515353,0.4166666666666667,0.0372677996249965,1.0,0.0
aliased_t_maze,t_maze,delayed_landmark_choice,gaussian_sensory,temporal_dropout,embedding,8,lin_sequence_front_bands_r5_l4,5,4,8,front_bands,6,0.638888888888889,0.06689774765995721,0.4166666666666666,0.07136240321480629,0.9722222222222222,0.027777777777777776
aliased_t_maze,t_maze,delayed_landmark_choice,gaussian_sensory,temporal_dropout,embedding,8,lin_sequence_front_bands_r5_l8,5,8,12,front_bands,6,0.7777777777777777,0.08240220541217405,0.5833333333333334,0.11180339887498948,1.0,0.0
aliased_t_maze,t_maze,delayed_landmark_choice,gaussian_sensory,temporal_dropout,embedding,8,memoryless_linear,,,,,2,0.5,0.16666666666666666,0.25,0.08333333333333333,nan,0.0
aliased_t_maze,t_maze,delayed_landmark_choice,gaussian_sensory,temporal_dropout,embedding,8,memoryless_mlp,,,,,2,0.5,0.16666666666666666,0.25,0.08333333333333333,nan,0.0
aliased_t_maze,t_maze,delayed_landmark_choice,gaussian_sensory,temporal_dropout,embedding,8,numpy_rnn,,,,,2,0.6666666666666666,0.0,0.0,0.0,nan,0.0
aliased_t_maze,t_maze,delayed_landmark_choice,gaussian_sensory,temporal_dropout,embedding,8,reservoir_block_hybrid,,,,,6,0.6944444444444443,0.0668977476599572,0.4444444444444445,0.09296222517045284,nan,0.0
aliased_t_maze,t_maze,delayed_landmark_choice,gaussian_sensory,temporal_dropout,embedding,8,reservoir_diagonal,,,,,6,0.6944444444444445,0.09043789220055394,0.4166666666666667,0.0372677996249965,nan,0.0
aliased_t_maze,t_maze,delayed_landmark_choice,gaussian_sensory,temporal_dropout,embedding,8,reservoir_low_rank,,,,,6,0.611111111111111,0.05555555555555556,0.38888888888888884,0.035136418446315335,nan,0.0
aliased_t_maze,t_maze,delayed_landmark_choice,gaussian_sensory,temporal_dropout,embedding,8,reservoir_nilpotent,,,,,6,0.861111111111111,0.051219691429404926,0.6666666666666666,0.060858061945018464,nan,0.0
aliased_t_maze,t_maze,delayed_landmark_choice,gaussian_sensory,temporal_dropout,embedding,8,reservoir_orthogonal,,,,,6,0.6388888888888888,0.0795434503515353,0.3611111111111111,0.02777777777777778,nan,0.0
aliased_t_maze,t_maze,delayed_landmark_choice,gaussian_sensory,temporal_dropout,embedding,8,reservoir_oscillatory,,,,,6,0.638888888888889,0.07954345035153532,0.4444444444444444,0.05555555555555556,nan,0.0
aliased_t_maze,t_maze,delayed_landmark_choice,gaussian_sensory,temporal_dropout,embedding,8,reservoir_random,,,,,6,0.5833333333333334,0.07136240321480629,0.4166666666666667,0.0569275042553311,nan,0.0
aliased_t_maze,t_maze,delayed_landmark_choice,gaussian_sensory,temporal_dropout,embedding,8,reservoir_sparse,,,,,6,0.611111111111111,0.09296222517045286,0.3611111111111111,0.05121969142940494,nan,0.0
aliased_t_maze,t_maze,delayed_landmark_choice,gaussian_sensory,temporal_dropout,embedding,8,reservoir_symmetric,,,,,6,0.611111111111111,0.03513641844631532,0.3055555555555555,0.02777777777777778,nan,0.0
aliased_t_maze,t_maze,delayed_landmark_choice,gaussian_sensory,temporal_dropout,none,0,lin_block_r1_l2,1,2,2,independent_blocks,2,0.5833333333333333,0.0833333333333333,nan,0.0,nan,0.0
aliased_t_maze,t_maze,delayed_landmark_choice,gaussian_sensory,temporal_dropout,none,0,lin_block_r1_l4,1,4,4,independent_blocks,2,0.6666666666666667,0.16666666666666669,nan,0.0,nan,0.0
aliased_t_maze,t_maze,delayed_landmark_choice,gaussian_sensory,temporal_dropout,none,0,lin_block_r1_l8,1,8,8,independent_blocks,2,0.9166666666666667,0.0833333333333333,nan,0.0,nan,0.0
aliased_t_maze,t_maze,delayed_landmark_choice,gaussian_sensory,temporal_dropout,none,0,lin_block_r3_l2,3,2,4,independent_blocks,2,0.41666666666666663,0.08333333333333334,nan,0.0,nan,0.0
aliased_t_maze,t_maze,delayed_landmark_choice,gaussian_sensory,temporal_dropout,none,0,lin_block_r3_l4,3,4,6,independent_blocks,2,0.75,0.08333333333333337,nan,0.0,nan,0.0
aliased_t_maze,t_maze,delayed_landmark_choice,gaussian_sensory,temporal_dropout,none,0,lin_block_r3_l8,3,8,10,independent_blocks,2,1.0,0.0,nan,0.0,nan,0.0
aliased_t_maze,t_maze,delayed_landmark_choice,gaussian_sensory,temporal_dropout,none,0,lin_block_r5_l2,5,2,6,independent_blocks,2,0.75,0.08333333333333337,nan,0.0,nan,0.0
aliased_t_maze,t_maze,delayed_landmark_choice,gaussian_sensory,temporal_dropout,none,0,lin_block_r5_l4,5,4,8,independent_blocks,2,0.8333333333333334,0.0,nan,0.0,nan,0.0
aliased_t_maze,t_maze,delayed_landmark_choice,gaussian_sensory,temporal_dropout,none,0,lin_block_r5_l8,5,8,12,independent_blocks,2,1.0,0.0,nan,0.0,nan,0.0
aliased_t_maze,t_maze,delayed_landmark_choice,gaussian_sensory,temporal_dropout,none,0,lin_sequence_all_units_r3_l4,3,4,6,all_units,6,0.7777777777777778,0.11915339216404011,0.3611111111111111,0.06689774765995721,1.0,0.0
aliased_t_maze,t_maze,delayed_landmark_choice,gaussian_sensory,temporal_dropout,none,0,lin_sequence_front_bands_r1_l2,1,2,2,front_bands,6,0.8333333333333334,0.074535599249993,0.36111111111111116,0.0668977476599572,0.9722222222222222,0.027777777777777776
aliased_t_maze,t_maze,delayed_landmark_choice,gaussian_sensory,temporal_dropout,none,0,lin_sequence_front_bands_r1_l4,1,4,4,front_bands,6,0.7222222222222222,0.07027283689263067,0.3611111111111111,0.02777777777777778,0.9722222222222222,0.027777777777777776
aliased_t_maze,t_maze,delayed_landmark_choice,gaussian_sensory,temporal_dropout,none,0,lin_sequence_front_bands_r1_l8,1,8,8,front_bands,6,0.8611111111111112,0.05121969142940494,0.4444444444444444,0.05555555555555556,0.9444444444444445,0.03513641844631532
aliased_t_maze,t_maze,delayed_landmark_choice,gaussian_sensory,temporal_dropout,none,0,lin_sequence_front_bands_r3_l2,3,2,4,front_bands,6,0.5833333333333334,0.0937885723118563,0.25000000000000006,0.037267799624996496,1.0,0.0
aliased_t_maze,t_maze,delayed_landmark_choice,gaussian_sensory,temporal_dropout,none,0,lin_sequence_front_bands_r3_l4,3,4,6,front_bands,6,0.6944444444444445,0.05121969142940494,0.3611111111111111,0.05121969142940494,1.0,0.0
aliased_t_maze,t_maze,delayed_landmark_choice,gaussian_sensory,temporal_dropout,none,0,lin_sequence_front_bands_r3_l8,3,8,10,front_bands,6,0.9166666666666666,0.037267799624996496,0.6944444444444443,0.10015420209622194,0.9722222222222223,0.02777777777777777
aliased_t_maze,t_maze,delayed_landmark_choice,gaussian_sensory,temporal_dropout,none,0,lin_sequence_front_bands_r5_l2,5,2,6,front_bands,6,0.7222222222222222,0.07027283689263067,0.4166666666666667,0.0372677996249965,1.0,0.0
aliased_t_maze,t_maze,delayed_landmark_choice,gaussian_sensory,temporal_dropout,none,0,lin_sequence_front_bands_r5_l4,5,4,8,front_bands,6,0.6666666666666666,0.09622504486493763,0.3611111111111111,0.05121969142940494,1.0,0.0
aliased_t_maze,t_maze,delayed_landmark_choice,gaussian_sensory,temporal_dropout,none,0,lin_sequence_front_bands_r5_l8,5,8,12,front_bands,6,0.8611111111111112,0.06689774765995721,0.47222222222222215,0.0795434503515353,0.9166666666666669,0.056927504255331114
aliased_t_maze,t_maze,delayed_landmark_choice,gaussian_sensory,temporal_dropout,none,0,memoryless_linear,,,,,2,0.41666666666666663,0.24999999999999997,0.16666666666666666,0.0,nan,0.0
aliased_t_maze,t_maze,delayed_landmark_choice,gaussian_sensory,temporal_dropout,none,0,memoryless_mlp,,,,,2,0.41666666666666663,0.24999999999999997,0.16666666666666666,0.0,nan,0.0
aliased_t_maze,t_maze,delayed_landmark_choice,gaussian_sensory,temporal_dropout,none,0,numpy_rnn,,,,,2,0.6666666666666666,0.0,0.0,0.0,nan,0.0
aliased_t_maze,t_maze,delayed_landmark_choice,gaussian_sensory,temporal_dropout,none,0,reservoir_block_hybrid,,,,,6,0.638888888888889,0.10015420209622194,0.3888888888888889,0.05555555555555556,nan,0.0
aliased_t_maze,t_maze,delayed_landmark_choice,gaussian_sensory,temporal_dropout,none,0,reservoir_diagonal,,,,,6,0.6666666666666666,0.074535599249993,0.5,0.04303314829119352,nan,0.0
aliased_t_maze,t_maze,delayed_landmark_choice,gaussian_sensory,temporal_dropout,none,0,reservoir_low_rank,,,,,6,0.6111111111111112,0.10243938285880988,0.4444444444444444,0.05555555555555556,nan,0.0
aliased_t_maze,t_maze,delayed_landmark_choice,gaussian_sensory,temporal_dropout,none,0,reservoir_nilpotent,,,,,6,0.7777777777777778,0.07027283689263067,0.5277777777777778,0.05121969142940494,nan,0.0
aliased_t_maze,t_maze,delayed_landmark_choice,gaussian_sensory,temporal_dropout,none,0,reservoir_orthogonal,,,,,6,0.7222222222222222,0.09296222517045286,0.3611111111111111,0.05121969142940494,nan,0.0
aliased_t_maze,t_maze,delayed_landmark_choice,gaussian_sensory,temporal_dropout,none,0,reservoir_oscillatory,,,,,6,0.7222222222222223,0.05555555555555557,0.47222222222222227,0.027777777777777787,nan,0.0
aliased_t_maze,t_maze,delayed_landmark_choice,gaussian_sensory,temporal_dropout,none,0,reservoir_random,,,,,6,0.7222222222222222,0.07027283689263067,0.3888888888888889,0.07027283689263066,nan,0.0
aliased_t_maze,t_maze,delayed_landmark_choice,gaussian_sensory,temporal_dropout,none,0,reservoir_sparse,,,,,6,0.7222222222222223,0.08240220541217405,0.4444444444444444,0.07027283689263066,nan,0.0
aliased_t_maze,t_maze,delayed_landmark_choice,gaussian_sensory,temporal_dropout,none,0,reservoir_symmetric,,,,,6,0.75,0.07136240321480629,0.3888888888888889,0.05555555555555556,nan,0.0
aliased_t_maze,t_maze,delayed_landmark_choice,gaussian_sensory,temporal_dropout,one_hot,0,lin_block_r1_l2,1,2,2,independent_blocks,2,0.6666666666666666,0.0,nan,0.0,nan,0.0
aliased_t_maze,t_maze,delayed_landmark_choice,gaussian_sensory,temporal_dropout,one_hot,0,lin_block_r1_l4,1,4,4,independent_blocks,2,0.6666666666666667,0.16666666666666669,nan,0.0,nan,0.0
aliased_t_maze,t_maze,delayed_landmark_choice,gaussian_sensory,temporal_dropout,one_hot,0,lin_block_r1_l8,1,8,8,independent_blocks,2,0.9166666666666667,0.0833333333333333,nan,0.0,nan,0.0
aliased_t_maze,t_maze,delayed_landmark_choice,gaussian_sensory,temporal_dropout,one_hot,0,lin_block_r3_l2,3,2,4,independent_blocks,2,0.41666666666666663,0.08333333333333334,nan,0.0,nan,0.0
aliased_t_maze,t_maze,delayed_landmark_choice,gaussian_sensory,temporal_dropout,one_hot,0,lin_block_r3_l4,3,4,6,independent_blocks,2,0.75,0.08333333333333337,nan,0.0,nan,0.0
aliased_t_maze,t_maze,delayed_landmark_choice,gaussian_sensory,temporal_dropout,one_hot,0,lin_block_r3_l8,3,8,10,independent_blocks,2,1.0,0.0,nan,0.0,nan,0.0
aliased_t_maze,t_maze,delayed_landmark_choice,gaussian_sensory,temporal_dropout,one_hot,0,lin_block_r5_l2,5,2,6,independent_blocks,2,0.75,0.08333333333333337,nan,0.0,nan,0.0
aliased_t_maze,t_maze,delayed_landmark_choice,gaussian_sensory,temporal_dropout,one_hot,0,lin_block_r5_l4,5,4,8,independent_blocks,2,0.9166666666666667,0.0833333333333333,nan,0.0,nan,0.0
aliased_t_maze,t_maze,delayed_landmark_choice,gaussian_sensory,temporal_dropout,one_hot,0,lin_block_r5_l8,5,8,12,independent_blocks,2,1.0,0.0,nan,0.0,nan,0.0
aliased_t_maze,t_maze,delayed_landmark_choice,gaussian_sensory,temporal_dropout,one_hot,0,lin_sequence_all_units_r3_l4,3,4,6,all_units,6,0.6944444444444443,0.06689774765995721,0.4166666666666667,0.0372677996249965,1.0,0.0
aliased_t_maze,t_maze,delayed_landmark_choice,gaussian_sensory,temporal_dropout,one_hot,0,lin_sequence_front_bands_r1_l2,1,2,2,front_bands,6,0.7222222222222222,0.03513641844631534,0.2777777777777778,0.05555555555555556,1.0,0.0
aliased_t_maze,t_maze,delayed_landmark_choice,gaussian_sensory,temporal_dropout,one_hot,0,lin_sequence_front_bands_r1_l4,1,4,4,front_bands,6,0.6666666666666666,0.04303314829119353,0.3333333333333333,0.0,0.9444444444444445,0.03513641844631532
aliased_t_maze,t_maze,delayed_landmark_choice,gaussian_sensory,temporal_dropout,one_hot,0,lin_sequence_front_bands_r1_l8,1,8,8,front_bands,6,0.8055555555555557,0.10015420209622194,0.6666666666666666,0.105409255338946,0.9166666666666665,0.05692750425533112
aliased_t_maze,t_maze,delayed_landmark_choice,gaussian_sensory,temporal_dropout,one_hot,0,lin_sequence_front_bands_r3_l2,3,2,4,front_bands,6,0.5555555555555556,0.10243938285880988,0.3333333333333333,0.04303314829119352,1.0,0.0
aliased_t_maze,t_maze,delayed_landmark_choice,gaussian_sensory,temporal_dropout,one_hot,0,lin_sequence_front_bands_r3_l4,3,4,6,front_bands,6,0.75,0.05692750425533112,0.4166666666666667,0.0372677996249965,0.9722222222222222,0.027777777777777776
aliased_t_maze,t_maze,delayed_landmark_choice,gaussian_sensory,temporal_dropout,one_hot,0,lin_sequence_front_bands_r3_l8,3,8,10,front_bands,6,0.8888888888888888,0.07027283689263066,0.6666666666666666,0.074535599249993,0.9722222222222223,0.02777777777777777
aliased_t_maze,t_maze,delayed_landmark_choice,gaussian_sensory,temporal_dropout,one_hot,0,lin_sequence_front_bands_r5_l2,5,2,6,front_bands,6,0.75,0.1031898645611484,0.38888888888888884,0.035136418446315335,1.0,0.0
aliased_t_maze,t_maze,delayed_landmark_choice,gaussian_sensory,temporal_dropout,one_hot,0,lin_sequence_front_bands_r5_l4,5,4,8,front_bands,6,0.6944444444444445,0.02777777777777779,0.3611111111111111,0.02777777777777778,1.0,0.0
aliased_t_maze,t_maze,delayed_landmark_choice,gaussian_sensory,temporal_dropout,one_hot,0,lin_sequence_front_bands_r5_l8,5,8,12,front_bands,6,0.8055555555555555,0.05121969142940494,0.5277777777777778,0.051219691429404926,0.9166666666666669,0.056927504255331114
aliased_t_maze,t_maze,delayed_landmark_choice,gaussian_sensory,temporal_dropout,one_hot,0,memoryless_linear,,,,,2,0.5,0.16666666666666666,0.25,0.08333333333333333,nan,0.0
aliased_t_maze,t_maze,delayed_landmark_choice,gaussian_sensory,temporal_dropout,one_hot,0,memoryless_mlp,,,,,2,0.5,0.16666666666666666,0.25,0.08333333333333333,nan,0.0
aliased_t_maze,t_maze,delayed_landmark_choice,gaussian_sensory,temporal_dropout,one_hot,0,numpy_rnn,,,,,2,0.6666666666666666,0.0,0.0,0.0,nan,0.0
aliased_t_maze,t_maze,delayed_landmark_choice,gaussian_sensory,temporal_dropout,one_hot,0,reservoir_block_hybrid,,,,,6,0.5277777777777778,0.0795434503515353,0.3888888888888889,0.07027283689263066,nan,0.0
aliased_t_maze,t_maze,delayed_landmark_choice,gaussian_sensory,temporal_dropout,one_hot,0,reservoir_diagonal,,,,,6,0.5555555555555555,0.03513641844631532,0.3333333333333333,0.0,nan,0.0
aliased_t_maze,t_maze,delayed_landmark_choice,gaussian_sensory,temporal_dropout,one_hot,0,reservoir_low_rank,,,,,6,0.5555555555555555,0.05555555555555555,0.3055555555555555,0.02777777777777778,nan,0.0
aliased_t_maze,t_maze,delayed_landmark_choice,gaussian_sensory,temporal_dropout,one_hot,0,reservoir_nilpotent,,,,,6,0.8333333333333331,0.04303314829119353,0.6111111111111112,0.08240220541217405,nan,0.0
aliased_t_maze,t_maze,delayed_landmark_choice,gaussian_sensory,temporal_dropout,one_hot,0,reservoir_orthogonal,,,,,6,0.7222222222222222,0.07027283689263066,0.47222222222222215,0.051219691429404926,nan,0.0
aliased_t_maze,t_maze,delayed_landmark_choice,gaussian_sensory,temporal_dropout,one_hot,0,reservoir_oscillatory,,,,,6,0.638888888888889,0.06689774765995721,0.3611111111111111,0.05121969142940494,nan,0.0
aliased_t_maze,t_maze,delayed_landmark_choice,gaussian_sensory,temporal_dropout,one_hot,0,reservoir_random,,,,,6,0.6666666666666666,0.11385500851066223,0.4444444444444444,0.03513641844631533,nan,0.0
aliased_t_maze,t_maze,delayed_landmark_choice,gaussian_sensory,temporal_dropout,one_hot,0,reservoir_sparse,,,,,6,0.6388888888888888,0.027777777777777776,0.3888888888888889,0.07027283689263066,nan,0.0
aliased_t_maze,t_maze,delayed_landmark_choice,gaussian_sensory,temporal_dropout,one_hot,0,reservoir_symmetric,,,,,6,0.7222222222222222,0.05555555555555557,0.3611111111111111,0.05121969142940494,nan,0.0
aliased_t_maze,t_maze,delayed_landmark_choice,gaussian_sensory,temporal_full,embedding,8,lin_block_r1_l2,1,2,2,independent_blocks,2,0.8333333333333333,0.16666666666666669,nan,0.0,nan,0.0
aliased_t_maze,t_maze,delayed_landmark_choice,gaussian_sensory,temporal_full,embedding,8,lin_block_r1_l4,1,4,4,independent_blocks,2,0.6666666666666667,0.16666666666666669,nan,0.0,nan,0.0
aliased_t_maze,t_maze,delayed_landmark_choice,gaussian_sensory,temporal_full,embedding,8,lin_block_r1_l8,1,8,8,independent_blocks,2,1.0,0.0,nan,0.0,nan,0.0
aliased_t_maze,t_maze,delayed_landmark_choice,gaussian_sensory,temporal_full,embedding,8,lin_block_r3_l2,3,2,4,independent_blocks,2,0.8333333333333333,0.16666666666666669,nan,0.0,nan,0.0
aliased_t_maze,t_maze,delayed_landmark_choice,gaussian_sensory,temporal_full,embedding,8,lin_block_r3_l4,3,4,6,independent_blocks,2,1.0,0.0,nan,0.0,nan,0.0
aliased_t_maze,t_maze,delayed_landmark_choice,gaussian_sensory,temporal_full,embedding,8,lin_block_r3_l8,3,8,10,independent_blocks,2,1.0,0.0,nan,0.0,nan,0.0
aliased_t_maze,t_maze,delayed_landmark_choice,gaussian_sensory,temporal_full,embedding,8,lin_block_r5_l2,5,2,6,independent_blocks,2,1.0,0.0,nan,0.0,nan,0.0
aliased_t_maze,t_maze,delayed_landmark_choice,gaussian_sensory,temporal_full,embedding,8,lin_block_r5_l4,5,4,8,independent_blocks,2,1.0,0.0,nan,0.0,nan,0.0
aliased_t_maze,t_maze,delayed_landmark_choice,gaussian_sensory,temporal_full,embedding,8,lin_block_r5_l8,5,8,12,independent_blocks,2,1.0,0.0,nan,0.0,nan,0.0
aliased_t_maze,t_maze,delayed_landmark_choice,gaussian_sensory,temporal_full,embedding,8,lin_sequence_all_units_r3_l4,3,4,6,all_units,6,0.9444444444444443,0.05555555555555556,0.9444444444444443,0.05555555555555556,1.0,0.0
aliased_t_maze,t_maze,delayed_landmark_choice,gaussian_sensory,temporal_full,embedding,8,lin_sequence_front_bands_r1_l2,1,2,2,front_bands,6,0.9166666666666666,0.056927504255331114,0.888888888888889,0.08240220541217406,1.0,0.0
aliased_t_maze,t_maze,delayed_landmark_choice,gaussian_sensory,temporal_full,embedding,8,lin_sequence_front_bands_r1_l4,1,4,4,front_bands,6,0.8055555555555557,0.0795434503515353,0.75,0.0937885723118563,1.0,0.0
aliased_t_maze,t_maze,delayed_landmark_choice,gaussian_sensory,temporal_full,embedding,8,lin_sequence_front_bands_r1_l8,1,8,8,front_bands,6,1.0,0.0,1.0,0.0,0.9722222222222223,0.02777777777777777
aliased_t_maze,t_maze,delayed_landmark_choice,gaussian_sensory,temporal_full,embedding,8,lin_sequence_front_bands_r3_l2,3,2,4,front_bands,6,0.9722222222222223,0.02777777777777777,0.9722222222222223,0.02777777777777777,1.0,0.0
aliased_t_maze,t_maze,delayed_landmark_choice,gaussian_sensory,temporal_full,embedding,8,lin_sequence_front_bands_r3_l4,3,4,6,front_bands,6,0.9166666666666666,0.056927504255331114,0.8611111111111112,0.10900787150193658,1.0,0.0
aliased_t_maze,t_maze,delayed_landmark_choice,gaussian_sensory,temporal_full,embedding,8,lin_sequence_front_bands_r3_l8,3,8,10,front_bands,6,0.9444444444444445,0.03513641844631532,0.861111111111111,0.09043789220055394,0.9722222222222223,0.02777777777777777
aliased_t_maze,t_maze,delayed_landmark_choice,gaussian_sensory,temporal_full,embedding,8,lin_sequence_front_bands_r5_l2,5,2,6,front_bands,6,0.8611111111111112,0.0795434503515353,0.8611111111111112,0.0795434503515353,0.9722222222222222,0.027777777777777776
aliased_t_maze,t_maze,delayed_landmark_choice,gaussian_sensory,temporal_full,embedding,8,lin_sequence_front_bands_r5_l4,5,4,8,front_bands,6,0.9166666666666666,0.056927504255331114,0.9166666666666666,0.056927504255331114,1.0,0.0
aliased_t_maze,t_maze,delayed_landmark_choice,gaussian_sensory,temporal_full,embedding,8,lin_sequence_front_bands_r5_l8,5,8,12,front_bands,6,0.9722222222222222,0.027777777777777776,0.9722222222222222,0.027777777777777776,0.9722222222222222,0.027777777777777776
aliased_t_maze,t_maze,delayed_landmark_choice,gaussian_sensory,temporal_full,embedding,8,memoryless_linear,,,,,2,0.5833333333333333,0.0833333333333333,0.5833333333333333,0.0833333333333333,nan,0.0
aliased_t_maze,t_maze,delayed_landmark_choice,gaussian_sensory,temporal_full,embedding,8,memoryless_mlp,,,,,2,0.5833333333333333,0.0833333333333333,0.5833333333333333,0.0833333333333333,nan,0.0
aliased_t_maze,t_maze,delayed_landmark_choice,gaussian_sensory,temporal_full,embedding,8,numpy_rnn,,,,,2,0.75,0.08333333333333337,0.3333333333333333,0.3333333333333333,nan,0.0
aliased_t_maze,t_maze,delayed_landmark_choice,gaussian_sensory,temporal_full,embedding,8,reservoir_block_hybrid,,,,,6,0.9166666666666666,0.03726779962499648,0.861111111111111,0.06689774765995721,nan,0.0
aliased_t_maze,t_maze,delayed_landmark_choice,gaussian_sensory,temporal_full,embedding,8,reservoir_diagonal,,,,,6,0.75,0.07136240321480629,0.6944444444444445,0.09043789220055393,nan,0.0
aliased_t_maze,t_maze,delayed_landmark_choice,gaussian_sensory,temporal_full,embedding,8,reservoir_low_rank,,,,,6,0.861111111111111,0.051219691429404926,0.8333333333333331,0.060858061945018464,nan,0.0
aliased_t_maze,t_maze,delayed_landmark_choice,gaussian_sensory,temporal_full,embedding,8,reservoir_nilpotent,,,,,6,0.9166666666666666,0.056927504255331114,0.9166666666666666,0.056927504255331114,nan,0.0
aliased_t_maze,t_maze,delayed_landmark_choice,gaussian_sensory,temporal_full,embedding,8,reservoir_orthogonal,,,,,6,0.7222222222222222,0.03513641844631535,0.6944444444444445,0.05121969142940494,nan,0.0
aliased_t_maze,t_maze,delayed_landmark_choice,gaussian_sensory,temporal_full,embedding,8,reservoir_oscillatory,,,,,6,0.7777777777777777,0.08240220541217405,0.75,0.0937885723118563,nan,0.0
aliased_t_maze,t_maze,delayed_landmark_choice,gaussian_sensory,temporal_full,embedding,8,reservoir_random,,,,,6,0.8333333333333334,0.074535599249993,0.75,0.11180339887498948,nan,0.0
aliased_t_maze,t_maze,delayed_landmark_choice,gaussian_sensory,temporal_full,embedding,8,reservoir_sparse,,,,,6,0.8333333333333331,0.060858061945018464,0.8055555555555555,0.0795434503515353,nan,0.0
aliased_t_maze,t_maze,delayed_landmark_choice,gaussian_sensory,temporal_full,embedding,8,reservoir_symmetric,,,,,6,0.7777777777777778,0.05555555555555557,0.6944444444444445,0.09043789220055393,nan,0.0
aliased_t_maze,t_maze,delayed_landmark_choice,gaussian_sensory,temporal_full,none,0,lin_block_r1_l2,1,2,2,independent_blocks,2,0.75,0.08333333333333337,nan,0.0,nan,0.0
aliased_t_maze,t_maze,delayed_landmark_choice,gaussian_sensory,temporal_full,none,0,lin_block_r1_l4,1,4,4,independent_blocks,2,0.75,0.08333333333333337,nan,0.0,nan,0.0
aliased_t_maze,t_maze,delayed_landmark_choice,gaussian_sensory,temporal_full,none,0,lin_block_r1_l8,1,8,8,independent_blocks,2,1.0,0.0,nan,0.0,nan,0.0
aliased_t_maze,t_maze,delayed_landmark_choice,gaussian_sensory,temporal_full,none,0,lin_block_r3_l2,3,2,4,independent_blocks,2,0.9166666666666667,0.0833333333333333,nan,0.0,nan,0.0
aliased_t_maze,t_maze,delayed_landmark_choice,gaussian_sensory,temporal_full,none,0,lin_block_r3_l4,3,4,6,independent_blocks,2,1.0,0.0,nan,0.0,nan,0.0
aliased_t_maze,t_maze,delayed_landmark_choice,gaussian_sensory,temporal_full,none,0,lin_block_r3_l8,3,8,10,independent_blocks,2,1.0,0.0,nan,0.0,nan,0.0
aliased_t_maze,t_maze,delayed_landmark_choice,gaussian_sensory,temporal_full,none,0,lin_block_r5_l2,5,2,6,independent_blocks,2,1.0,0.0,nan,0.0,nan,0.0
aliased_t_maze,t_maze,delayed_landmark_choice,gaussian_sensory,temporal_full,none,0,lin_block_r5_l4,5,4,8,independent_blocks,2,1.0,0.0,nan,0.0,nan,0.0
aliased_t_maze,t_maze,delayed_landmark_choice,gaussian_sensory,temporal_full,none,0,lin_block_r5_l8,5,8,12,independent_blocks,2,1.0,0.0,nan,0.0,nan,0.0
aliased_t_maze,t_maze,delayed_landmark_choice,gaussian_sensory,temporal_full,none,0,lin_sequence_all_units_r3_l4,3,4,6,all_units,6,0.9166666666666666,0.056927504255331114,0.888888888888889,0.08240220541217406,1.0,0.0
aliased_t_maze,t_maze,delayed_landmark_choice,gaussian_sensory,temporal_full,none,0,lin_sequence_front_bands_r1_l2,1,2,2,front_bands,6,0.9444444444444443,0.05555555555555556,0.9444444444444443,0.05555555555555556,1.0,0.0
aliased_t_maze,t_maze,delayed_landmark_choice,gaussian_sensory,temporal_full,none,0,lin_sequence_front_bands_r1_l4,1,4,4,front_bands,6,0.9166666666666666,0.03726779962499648,0.9166666666666666,0.03726779962499648,1.0,0.0
aliased_t_maze,t_maze,delayed_landmark_choice,gaussian_sensory,temporal_full,none,0,lin_sequence_front_bands_r1_l8,1,8,8,front_bands,6,0.9166666666666666,0.056927504255331114,0.861111111111111,0.09043789220055394,0.9722222222222223,0.02777777777777777
aliased_t_maze,t_maze,delayed_landmark_choice,gaussian_sensory,temporal_full,none,0,lin_sequence_front_bands_r3_l2,3,2,4,front_bands,6,0.8888888888888888,0.03513641844631532,0.861111111111111,0.051219691429404926,1.0,0.0
aliased_t_maze,t_maze,delayed_landmark_choice,gaussian_sensory,temporal_full,none,0,lin_sequence_front_bands_r3_l4,3,4,6,front_bands,6,0.8333333333333334,0.08606629658238704,0.7777777777777777,0.10243938285880988,1.0,0.0
aliased_t_maze,t_maze,delayed_landmark_choice,gaussian_sensory,temporal_full,none,0,lin_sequence_front_bands_r3_l8,3,8,10,front_bands,6,0.9722222222222223,0.02777777777777777,0.9444444444444443,0.05555555555555556,1.0,0.0
aliased_t_maze,t_maze,delayed_landmark_choice,gaussian_sensory,temporal_full,none,0,lin_sequence_front_bands_r5_l2,5,2,6,front_bands,6,0.9444444444444443,0.03513641844631532,0.9444444444444443,0.03513641844631532,1.0,0.0
aliased_t_maze,t_maze,delayed_landmark_choice,gaussian_sensory,temporal_full,none,0,lin_sequence_front_bands_r5_l4,5,4,8,front_bands,6,0.9444444444444445,0.03513641844631532,0.9444444444444445,0.03513641844631532,1.0,0.0
aliased_t_maze,t_maze,delayed_landmark_choice,gaussian_sensory,temporal_full,none,0,lin_sequence_front_bands_r5_l8,5,8,12,front_bands,6,0.9722222222222223,0.02777777777777777,0.9444444444444443,0.05555555555555556,0.9444444444444445,0.03513641844631532
aliased_t_maze,t_maze,delayed_landmark_choice,gaussian_sensory,temporal_full,none,0,memoryless_linear,,,,,2,0.5833333333333333,0.0833333333333333,0.5833333333333333,0.0833333333333333,nan,0.0
aliased_t_maze,t_maze,delayed_landmark_choice,gaussian_sensory,temporal_full,none,0,memoryless_mlp,,,,,2,0.5833333333333333,0.0833333333333333,0.5833333333333333,0.0833333333333333,nan,0.0
aliased_t_maze,t_maze,delayed_landmark_choice,gaussian_sensory,temporal_full,none,0,numpy_rnn,,,,,2,0.8333333333333334,0.0,0.6666666666666666,0.0,nan,0.0
aliased_t_maze,t_maze,delayed_landmark_choice,gaussian_sensory,temporal_full,none,0,reservoir_block_hybrid,,,,,6,0.8333333333333334,0.07453559924999299,0.8333333333333334,0.07453559924999299,nan,0.0
aliased_t_maze,t_maze,delayed_landmark_choice,gaussian_sensory,temporal_full,none,0,reservoir_diagonal,,,,,6,0.9166666666666665,0.05692750425533112,0.9166666666666665,0.05692750425533112,nan,0.0
aliased_t_maze,t_maze,delayed_landmark_choice,gaussian_sensory,temporal_full,none,0,reservoir_low_rank,,,,,6,0.9444444444444445,0.03513641844631532,0.9444444444444445,0.03513641844631532,nan,0.0
aliased_t_maze,t_maze,delayed_landmark_choice,gaussian_sensory,temporal_full,none,0,reservoir_nilpotent,,,,,6,0.9444444444444445,0.03513641844631532,0.9166666666666666,0.056927504255331114,nan,0.0
aliased_t_maze,t_maze,delayed_landmark_choice,gaussian_sensory,temporal_full,none,0,reservoir_orthogonal,,,,,6,0.9444444444444443,0.05555555555555556,0.9166666666666666,0.08333333333333334,nan,0.0
aliased_t_maze,t_maze,delayed_landmark_choice,gaussian_sensory,temporal_full,none,0,reservoir_oscillatory,,,,,6,0.8888888888888888,0.05555555555555556,0.8888888888888888,0.05555555555555556,nan,0.0
aliased_t_maze,t_maze,delayed_landmark_choice,gaussian_sensory,temporal_full,none,0,reservoir_random,,,,,6,0.888888888888889,0.05555555555555556,0.8611111111111112,0.0795434503515353,nan,0.0
aliased_t_maze,t_maze,delayed_landmark_choice,gaussian_sensory,temporal_full,none,0,reservoir_sparse,,,,,6,0.9166666666666666,0.03726779962499648,0.9166666666666666,0.03726779962499648,nan,0.0
aliased_t_maze,t_maze,delayed_landmark_choice,gaussian_sensory,temporal_full,none,0,reservoir_symmetric,,,,,6,0.9722222222222222,0.027777777777777776,0.9722222222222222,0.027777777777777776,nan,0.0
aliased_t_maze,t_maze,delayed_landmark_choice,gaussian_sensory,temporal_full,one_hot,0,lin_block_r1_l2,1,2,2,independent_blocks,2,0.8333333333333333,0.16666666666666669,nan,0.0,nan,0.0
aliased_t_maze,t_maze,delayed_landmark_choice,gaussian_sensory,temporal_full,one_hot,0,lin_block_r1_l4,1,4,4,independent_blocks,2,0.6666666666666667,0.16666666666666669,nan,0.0,nan,0.0
aliased_t_maze,t_maze,delayed_landmark_choice,gaussian_sensory,temporal_full,one_hot,0,lin_block_r1_l8,1,8,8,independent_blocks,2,1.0,0.0,nan,0.0,nan,0.0
aliased_t_maze,t_maze,delayed_landmark_choice,gaussian_sensory,temporal_full,one_hot,0,lin_block_r3_l2,3,2,4,independent_blocks,2,0.8333333333333333,0.16666666666666669,nan,0.0,nan,0.0
aliased_t_maze,t_maze,delayed_landmark_choice,gaussian_sensory,temporal_full,one_hot,0,lin_block_r3_l4,3,4,6,independent_blocks,2,1.0,0.0,nan,0.0,nan,0.0
aliased_t_maze,t_maze,delayed_landmark_choice,gaussian_sensory,temporal_full,one_hot,0,lin_block_r3_l8,3,8,10,independent_blocks,2,1.0,0.0,nan,0.0,nan,0.0
aliased_t_maze,t_maze,delayed_landmark_choice,gaussian_sensory,temporal_full,one_hot,0,lin_block_r5_l2,5,2,6,independent_blocks,2,1.0,0.0,nan,0.0,nan,0.0
aliased_t_maze,t_maze,delayed_landmark_choice,gaussian_sensory,temporal_full,one_hot,0,lin_block_r5_l4,5,4,8,independent_blocks,2,1.0,0.0,nan,0.0,nan,0.0
aliased_t_maze,t_maze,delayed_landmark_choice,gaussian_sensory,temporal_full,one_hot,0,lin_block_r5_l8,5,8,12,independent_blocks,2,1.0,0.0,nan,0.0,nan,0.0
aliased_t_maze,t_maze,delayed_landmark_choice,gaussian_sensory,temporal_full,one_hot,0,lin_sequence_all_units_r3_l4,3,4,6,all_units,6,0.9166666666666666,0.03726779962499649,0.9166666666666666,0.03726779962499649,1.0,0.0
aliased_t_maze,t_maze,delayed_landmark_choice,gaussian_sensory,temporal_full,one_hot,0,lin_sequence_front_bands_r1_l2,1,2,2,front_bands,6,0.861111111111111,0.06689774765995721,0.7777777777777777,0.10243938285880988,1.0,0.0
aliased_t_maze,t_maze,delayed_landmark_choice,gaussian_sensory,temporal_full,one_hot,0,lin_sequence_front_bands_r1_l4,1,4,4,front_bands,6,0.888888888888889,0.03513641844631532,0.8611111111111112,0.05121969142940494,1.0,0.0
aliased_t_maze,t_maze,delayed_landmark_choice,gaussian_sensory,temporal_full,one_hot,0,lin_sequence_front_bands_r1_l8,1,8,8,front_bands,6,1.0,0.0,1.0,0.0,0.9722222222222223,0.02777777777777777
aliased_t_maze,t_maze,delayed_landmark_choice,gaussian_sensory,temporal_full,one_hot,0,lin_sequence_front_bands_r3_l2,3,2,4,front_bands,6,0.9166666666666666,0.03726779962499649,0.8888888888888888,0.05555555555555556,0.9722222222222222,0.027777777777777776
aliased_t_maze,t_maze,delayed_landmark_choice,gaussian_sensory,temporal_full,one_hot,0,lin_sequence_front_bands_r3_l4,3,4,6,front_bands,6,0.8055555555555555,0.0668977476599572,0.7222222222222222,0.07027283689263067,1.0,0.0
aliased_t_maze,t_maze,delayed_landmark_choice,gaussian_sensory,temporal_full,one_hot,0,lin_sequence_front_bands_r3_l8,3,8,10,front_bands,6,0.9722222222222223,0.02777777777777777,0.9722222222222223,0.02777777777777777,1.0,0.0
aliased_t_maze,t_maze,delayed_landmark_choice,gaussian_sensory,temporal_full,one_hot,0,lin_sequence_front_bands_r5_l2,5,2,6,front_bands,6,0.9722222222222223,0.02777777777777777,0.9722222222222223,0.02777777777777777,1.0,0.0
aliased_t_maze,t_maze,delayed_landmark_choice,gaussian_sensory,temporal_full,one_hot,0,lin_sequence_front_bands_r5_l4,5,4,8,front_bands,6,1.0,0.0,1.0,0.0,1.0,0.0
aliased_t_maze,t_maze,delayed_landmark_choice,gaussian_sensory,temporal_full,one_hot,0,lin_sequence_front_bands_r5_l8,5,8,12,front_bands,6,1.0,0.0,1.0,0.0,0.9444444444444445,0.03513641844631532
aliased_t_maze,t_maze,delayed_landmark_choice,gaussian_sensory,temporal_full,one_hot,0,memoryless_linear,,,,,2,0.5833333333333333,0.0833333333333333,0.5833333333333333,0.0833333333333333,nan,0.0
aliased_t_maze,t_maze,delayed_landmark_choice,gaussian_sensory,temporal_full,one_hot,0,memoryless_mlp,,,,,2,0.5833333333333333,0.0833333333333333,0.5833333333333333,0.0833333333333333,nan,0.0
aliased_t_maze,t_maze,delayed_landmark_choice,gaussian_sensory,temporal_full,one_hot,0,numpy_rnn,,,,,2,0.6666666666666666,0.0,0.0,0.0,nan,0.0
aliased_t_maze,t_maze,delayed_landmark_choice,gaussian_sensory,temporal_full,one_hot,0,reservoir_block_hybrid,,,,,6,0.861111111111111,0.051219691429404926,0.8055555555555555,0.0795434503515353,nan,0.0
aliased_t_maze,t_maze,delayed_landmark_choice,gaussian_sensory,temporal_full,one_hot,0,reservoir_diagonal,,,,,6,0.9166666666666666,0.056927504255331114,0.888888888888889,0.08240220541217406,nan,0.0
aliased_t_maze,t_maze,delayed_landmark_choice,gaussian_sensory,temporal_full,one_hot,0,reservoir_low_rank,,,,,6,0.9722222222222222,0.027777777777777776,0.9722222222222222,0.027777777777777776,nan,0.0
aliased_t_maze,t_maze,delayed_landmark_choice,gaussian_sensory,temporal_full,one_hot,0,reservoir_nilpotent,,,,,6,1.0,0.0,1.0,0.0,nan,0.0
aliased_t_maze,t_maze,delayed_landmark_choice,gaussian_sensory,temporal_full,one_hot,0,reservoir_orthogonal,,,,,6,0.9166666666666666,0.056927504255331114,0.9166666666666666,0.056927504255331114,nan,0.0
aliased_t_maze,t_maze,delayed_landmark_choice,gaussian_sensory,temporal_full,one_hot,0,reservoir_oscillatory,,,,,6,0.8055555555555557,0.05121969142940494,0.75,0.07136240321480629,nan,0.0
aliased_t_maze,t_maze,delayed_landmark_choice,gaussian_sensory,temporal_full,one_hot,0,reservoir_random,,,,,6,0.8611111111111112,0.05121969142940494,0.8055555555555557,0.0795434503515353,nan,0.0
aliased_t_maze,t_maze,delayed_landmark_choice,gaussian_sensory,temporal_full,one_hot,0,reservoir_sparse,,,,,6,0.6944444444444443,0.05121969142940494,0.6111111111111112,0.08240220541217405,nan,0.0
aliased_t_maze,t_maze,delayed_landmark_choice,gaussian_sensory,temporal_full,one_hot,0,reservoir_symmetric,,,,,6,0.861111111111111,0.06689774765995721,0.8055555555555557,0.10015420209622194,nan,0.0
bottleneck_rooms,local_metric_global_bottleneck,bottleneck_route,gaussian_sensory,temporal_cue_then_blank,embedding,8,lin_block_r1_l2,1,2,2,independent_blocks,2,0.6333333333333333,0.16666666666666669,nan,0.0,nan,0.0
bottleneck_rooms,local_metric_global_bottleneck,bottleneck_route,gaussian_sensory,temporal_cue_then_blank,embedding,8,lin_block_r1_l4,1,4,4,independent_blocks,2,0.7333333333333334,0.06666666666666671,nan,0.0,nan,0.0
bottleneck_rooms,local_metric_global_bottleneck,bottleneck_route,gaussian_sensory,temporal_cue_then_blank,embedding,8,lin_block_r1_l8,1,8,8,independent_blocks,2,0.7,0.033333333333333326,nan,0.0,nan,0.0
bottleneck_rooms,local_metric_global_bottleneck,bottleneck_route,gaussian_sensory,temporal_cue_then_blank,embedding,8,lin_block_r3_l2,3,2,4,independent_blocks,2,0.7333333333333334,0.13333333333333333,nan,0.0,nan,0.0
bottleneck_rooms,local_metric_global_bottleneck,bottleneck_route,gaussian_sensory,temporal_cue_then_blank,embedding,8,lin_block_r3_l4,3,4,6,independent_blocks,2,0.7,0.1,nan,0.0,nan,0.0
bottleneck_rooms,local_metric_global_bottleneck,bottleneck_route,gaussian_sensory,temporal_cue_then_blank,embedding,8,lin_block_r3_l8,3,8,10,independent_blocks,2,0.6333333333333333,0.033333333333333326,nan,0.0,nan,0.0
bottleneck_rooms,local_metric_global_bottleneck,bottleneck_route,gaussian_sensory,temporal_cue_then_blank,embedding,8,lin_block_r5_l2,5,2,6,independent_blocks,2,0.7,0.1,nan,0.0,nan,0.0
bottleneck_rooms,local_metric_global_bottleneck,bottleneck_route,gaussian_sensory,temporal_cue_then_blank,embedding,8,lin_block_r5_l4,5,4,8,independent_blocks,2,0.6,0.06666666666666665,nan,0.0,nan,0.0
bottleneck_rooms,local_metric_global_bottleneck,bottleneck_route,gaussian_sensory,temporal_cue_then_blank,embedding,8,lin_block_r5_l8,5,8,12,independent_blocks,2,0.6333333333333333,0.033333333333333326,nan,0.0,nan,0.0
bottleneck_rooms,local_metric_global_bottleneck,bottleneck_route,gaussian_sensory,temporal_cue_then_blank,embedding,8,lin_sequence_all_units_r3_l4,3,4,6,all_units,6,0.5777777777777778,0.06592176432973924,0.24444444444444444,0.07027283689263066,nan,0.0
bottleneck_rooms,local_metric_global_bottleneck,bottleneck_route,gaussian_sensory,temporal_cue_then_blank,embedding,8,lin_sequence_front_bands_r1_l2,1,2,2,front_bands,6,0.5555555555555556,0.07027283689263066,0.13333333333333333,0.034426518632954824,nan,0.0
bottleneck_rooms,local_metric_global_bottleneck,bottleneck_route,gaussian_sensory,temporal_cue_then_blank,embedding,8,lin_sequence_front_bands_r1_l4,1,4,4,front_bands,6,0.7333333333333334,0.07097208632298362,0.3,0.0447213595499958,nan,0.0
bottleneck_rooms,local_metric_global_bottleneck,bottleneck_route,gaussian_sensory,temporal_cue_then_blank,embedding,8,lin_sequence_front_bands_r1_l8,1,8,8,front_bands,6,0.6222222222222222,0.02222222222222222,0.28888888888888886,0.05067446333773948,nan,0.0
bottleneck_rooms,local_metric_global_bottleneck,bottleneck_route,gaussian_sensory,temporal_cue_then_blank,embedding,8,lin_sequence_front_bands_r3_l2,3,2,4,front_bands,6,0.688888888888889,0.02810913475705227,0.19999999999999998,0.045542003404264876,nan,0.0
bottleneck_rooms,local_metric_global_bottleneck,bottleneck_route,gaussian_sensory,temporal_cue_then_blank,embedding,8,lin_sequence_front_bands_r3_l4,3,4,6,front_bands,6,0.6,0.045542003404264876,0.17777777777777778,0.053518198127965766,nan,0.0
bottleneck_rooms,local_metric_global_bottleneck,bottleneck_route,gaussian_sensory,temporal_cue_then_blank,embedding,8,lin_sequence_front_bands_r3_l8,3,8,10,front_bands,6,0.5555555555555555,0.04444444444444444,0.25555555555555554,0.05282161921779874,nan,0.0
bottleneck_rooms,local_metric_global_bottleneck,bottleneck_route,gaussian_sensory,temporal_cue_then_blank,embedding,8,lin_sequence_front_bands_r5_l2,5,2,6,front_bands,6,0.5333333333333333,0.06440611887195306,0.19999999999999998,0.04554200340426489,nan,0.0
bottleneck_rooms,local_metric_global_bottleneck,bottleneck_route,gaussian_sensory,temporal_cue_then_blank,embedding,8,lin_sequence_front_bands_r5_l4,5,4,8,front_bands,6,0.5333333333333333,0.04868644955601477,0.26666666666666666,0.024343224778007377,nan,0.0
bottleneck_rooms,local_metric_global_bottleneck,bottleneck_route,gaussian_sensory,temporal_cue_then_blank,embedding,8,lin_sequence_front_bands_r5_l8,5,8,12,front_bands,6,0.5666666666666665,0.033333333333333326,0.3111111111111111,0.05879447357921313,nan,0.0
bottleneck_rooms,local_metric_global_bottleneck,bottleneck_route,gaussian_sensory,temporal_cue_then_blank,embedding,8,memoryless_linear,,,,,2,0.5333333333333333,0.06666666666666665,0.06666666666666667,0.06666666666666667,nan,0.0
bottleneck_rooms,local_metric_global_bottleneck,bottleneck_route,gaussian_sensory,temporal_cue_then_blank,embedding,8,memoryless_mlp,,,,,2,0.5333333333333333,0.06666666666666665,0.06666666666666667,0.06666666666666667,nan,0.0
bottleneck_rooms,local_metric_global_bottleneck,bottleneck_route,gaussian_sensory,temporal_cue_then_blank,embedding,8,numpy_rnn,,,,,2,0.5333333333333333,0.06666666666666665,0.06666666666666667,0.06666666666666667,nan,0.0
bottleneck_rooms,local_metric_global_bottleneck,bottleneck_route,gaussian_sensory,temporal_cue_then_blank,embedding,8,reservoir_block_hybrid,,,,,6,0.5555555555555555,0.04444444444444444,0.3444444444444444,0.04360314860077463,nan,0.0
bottleneck_rooms,local_metric_global_bottleneck,bottleneck_route,gaussian_sensory,temporal_cue_then_blank,embedding,8,reservoir_diagonal,,,,,6,0.7555555555555555,0.06592176432973924,0.35555555555555557,0.07027283689263066,nan,0.0
bottleneck_rooms,local_metric_global_bottleneck,bottleneck_route,gaussian_sensory,temporal_cue_then_blank,embedding,8,reservoir_low_rank,,,,,6,0.4444444444444444,0.05879447357921313,0.2111111111111111,0.058161121459121785,nan,0.0
bottleneck_rooms,local_metric_global_bottleneck,bottleneck_route,gaussian_sensory,temporal_cue_then_blank,embedding,8,reservoir_nilpotent,,,,,6,0.5222222222222223,0.03617515688022156,0.15555555555555556,0.028109134757052262,nan,0.0
bottleneck_rooms,local_metric_global_bottleneck,bottleneck_route,gaussian_sensory,temporal_cue_then_blank,embedding,8,reservoir_orthogonal,,,,,6,0.4888888888888889,0.06126243889817877,0.2333333333333333,0.044721359549995794,nan,0.0
bottleneck_rooms,local_metric_global_bottleneck,bottleneck_route,gaussian_sensory,temporal_cue_then_blank,embedding,8,reservoir_oscillatory,,,,,6,0.5,0.05091750772173156,0.2111111111111111,0.0814983147595211,nan,0.0
bottleneck_rooms,local_metric_global_bottleneck,bottleneck_route,gaussian_sensory,temporal_cue_then_blank,embedding,8,reservoir_random,,,,,6,0.4444444444444444,0.044444444444444446,0.12222222222222222,0.049938233453876074,nan,0.0
bottleneck_rooms,local_metric_global_bottleneck,bottleneck_route,gaussian_sensory,temporal_cue_then_blank,embedding,8,reservoir_sparse,,,,,6,0.5888888888888889,0.043603148600774626,0.26666666666666666,0.04554200340426489,nan,0.0
bottleneck_rooms,local_metric_global_bottleneck,bottleneck_route,gaussian_sensory,temporal_cue_then_blank,embedding,8,reservoir_symmetric,,,,,6,0.611111111111111,0.01111111111111111,0.3333333333333333,0.07503085784948504,nan,0.0
bottleneck_rooms,local_metric_global_bottleneck,bottleneck_route,gaussian_sensory,temporal_cue_then_blank,none,0,lin_block_r1_l2,1,2,2,independent_blocks,2,0.5666666666666667,0.09999999999999998,nan,0.0,nan,0.0
bottleneck_rooms,local_metric_global_bottleneck,bottleneck_route,gaussian_sensory,temporal_cue_then_blank,none,0,lin_block_r1_l4,1,4,4,independent_blocks,2,0.7,0.1,nan,0.0,nan,0.0
bottleneck_rooms,local_metric_global_bottleneck,bottleneck_route,gaussian_sensory,temporal_cue_then_blank,none,0,lin_block_r1_l8,1,8,8,independent_blocks,2,0.6333333333333333,0.033333333333333326,nan,0.0,nan,0.0
bottleneck_rooms,local_metric_global_bottleneck,bottleneck_route,gaussian_sensory,temporal_cue_then_blank,none,0,lin_block_r3_l2,3,2,4,independent_blocks,2,0.7,0.1,nan,0.0,nan,0.0
bottleneck_rooms,local_metric_global_bottleneck,bottleneck_route,gaussian_sensory,temporal_cue_then_blank,none,0,lin_block_r3_l4,3,4,6,independent_blocks,2,0.6333333333333333,0.033333333333333326,nan,0.0,nan,0.0
bottleneck_rooms,local_metric_global_bottleneck,bottleneck_route,gaussian_sensory,temporal_cue_then_blank,none,0,lin_block_r3_l8,3,8,10,independent_blocks,2,0.6333333333333333,0.033333333333333326,nan,0.0,nan,0.0
bottleneck_rooms,local_metric_global_bottleneck,bottleneck_route,gaussian_sensory,temporal_cue_then_blank,none,0,lin_block_r5_l2,5,2,6,independent_blocks,2,0.6333333333333333,0.033333333333333326,nan,0.0,nan,0.0
bottleneck_rooms,local_metric_global_bottleneck,bottleneck_route,gaussian_sensory,temporal_cue_then_blank,none,0,lin_block_r5_l4,5,4,8,independent_blocks,2,0.5666666666666667,0.09999999999999998,nan,0.0,nan,0.0
bottleneck_rooms,local_metric_global_bottleneck,bottleneck_route,gaussian_sensory,temporal_cue_then_blank,none,0,lin_block_r5_l8,5,8,12,independent_blocks,2,0.6333333333333333,0.033333333333333326,nan,0.0,nan,0.0
bottleneck_rooms,local_metric_global_bottleneck,bottleneck_route,gaussian_sensory,temporal_cue_then_blank,none,0,lin_sequence_all_units_r3_l4,3,4,6,all_units,6,0.4666666666666666,0.029814239699997202,0.13333333333333333,0.024343224778007388,nan,0.0
bottleneck_rooms,local_metric_global_bottleneck,bottleneck_route,gaussian_sensory,temporal_cue_then_blank,none,0,lin_sequence_front_bands_r1_l2,1,2,2,front_bands,6,0.6,0.05708992257184503,0.09999999999999999,0.03333333333333334,nan,0.0
bottleneck_rooms,local_metric_global_bottleneck,bottleneck_route,gaussian_sensory,temporal_cue_then_blank,none,0,lin_sequence_front_bands_r1_l4,1,4,4,front_bands,6,0.688888888888889,0.050674463337739485,0.17777777777777778,0.04766135686561604,nan,0.0
bottleneck_rooms,local_metric_global_bottleneck,bottleneck_route,gaussian_sensory,temporal_cue_then_blank,none,0,lin_sequence_front_bands_r1_l8,1,8,8,front_bands,6,0.5666666666666667,0.028544961285922505,0.19999999999999998,0.04554200340426489,nan,0.0
bottleneck_rooms,local_metric_global_bottleneck,bottleneck_route,gaussian_sensory,temporal_cue_then_blank,none,0,lin_sequence_front_bands_r3_l2,3,2,4,front_bands,6,0.6777777777777777,0.04687782913273109,0.12222222222222223,0.036175156880221576,nan,0.0
bottleneck_rooms,local_metric_global_bottleneck,bottleneck_route,gaussian_sensory,temporal_cue_then_blank,none,0,lin_sequence_front_bands_r3_l4,3,4,6,front_bands,6,0.5444444444444444,0.043603148600774626,0.09999999999999999,0.028544961285922515,nan,0.0
bottleneck_rooms,local_metric_global_bottleneck,bottleneck_route,gaussian_sensory,temporal_cue_then_blank,none,0,lin_sequence_front_bands_r3_l8,3,8,10,front_bands,6,0.6,0.03442651863295481,0.2333333333333333,0.05643744488533465,nan,0.0
bottleneck_rooms,local_metric_global_bottleneck,bottleneck_route,gaussian_sensory,temporal_cue_then_blank,none,0,lin_sequence_front_bands_r5_l2,5,2,6,front_bands,6,0.5111111111111111,0.05621826951410452,0.06666666666666667,0.024343224778007384,nan,0.0
bottleneck_rooms,local_metric_global_bottleneck,bottleneck_route,gaussian_sensory,temporal_cue_then_blank,none,0,lin_sequence_front_bands_r5_l4,5,4,8,front_bands,6,0.5555555555555556,0.03296088216486961,0.18888888888888888,0.05555555555555557,nan,0.0
bottleneck_rooms,local_metric_global_bottleneck,bottleneck_route,gaussian_sensory,temporal_cue_then_blank,none,0,lin_sequence_front_bands_r5_l8,5,8,12,front_bands,6,0.5777777777777777,0.03296088216486961,0.2777777777777778,0.07584910295944895,nan,0.0
bottleneck_rooms,local_metric_global_bottleneck,bottleneck_route,gaussian_sensory,temporal_cue_then_blank,none,0,memoryless_linear,,,,,2,0.4666666666666667,0.06666666666666665,0.03333333333333333,0.03333333333333333,nan,0.0
bottleneck_rooms,local_metric_global_bottleneck,bottleneck_route,gaussian_sensory,temporal_cue_then_blank,none,0,memoryless_mlp,,,,,2,0.4666666666666667,0.06666666666666665,0.03333333333333333,0.03333333333333333,nan,0.0
bottleneck_rooms,local_metric_global_bottleneck,bottleneck_route,gaussian_sensory,temporal_cue_then_blank,none,0,numpy_rnn,,,,,2,0.5333333333333333,0.06666666666666665,0.06666666666666667,0.06666666666666667,nan,0.0
bottleneck_rooms,local_metric_global_bottleneck,bottleneck_route,gaussian_sensory,temporal_cue_then_blank,none,0,reservoir_block_hybrid,,,,,6,0.5111111111111111,0.02810913475705226,0.18888888888888888,0.020487876571761973,nan,0.0
bottleneck_rooms,local_metric_global_bottleneck,bottleneck_route,gaussian_sensory,temporal_cue_then_blank,none,0,reservoir_diagonal,,,,,6,0.6444444444444445,0.06363476028122823,0.15555555555555556,0.05067446333773947,nan,0.0
bottleneck_rooms,local_metric_global_bottleneck,bottleneck_route,gaussian_sensory,temporal_cue_then_blank,none,0,reservoir_low_rank,,,,,6,0.43333333333333335,0.05643744488533464,0.10000000000000002,0.028544961285922512,nan,0.0
bottleneck_rooms,local_metric_global_bottleneck,bottleneck_route,gaussian_sensory,temporal_cue_then_blank,none,0,reservoir_nilpotent,,,,,6,0.5555555555555555,0.028109134757052262,0.18888888888888888,0.03617515688022157,nan,0.0
bottleneck_rooms,local_metric_global_bottleneck,bottleneck_route,gaussian_sensory,temporal_cue_then_blank,none,0,reservoir_orthogonal,,,,,6,0.5444444444444444,0.03181738014061412,0.2222222222222222,0.05879447357921314,nan,0.0
bottleneck_rooms,local_metric_global_bottleneck,bottleneck_route,gaussian_sensory,temporal_cue_then_blank,none,0,reservoir_oscillatory,,,,,6,0.5333333333333333,0.02981423969999719,0.16666666666666666,0.08027729719194866,nan,0.0
bottleneck_rooms,local_metric_global_bottleneck,bottleneck_route,gaussian_sensory,temporal_cue_then_blank,none,0,reservoir_random,,,,,6,0.6,0.024343224778007377,0.17777777777777778,0.04097575314352394,nan,0.0
bottleneck_rooms,local_metric_global_bottleneck,bottleneck_route,gaussian_sensory,temporal_cue_then_blank,none,0,reservoir_sparse,,,,,6,0.6,0.017213259316477405,0.26666666666666666,0.04216370213557839,nan,0.0
bottleneck_rooms,local_metric_global_bottleneck,bottleneck_route,gaussian_sensory,temporal_cue_then_blank,none,0,reservoir_symmetric,,,,,6,0.5444444444444444,0.020487876571761966,0.15555555555555556,0.022222222222222227,nan,0.0
bottleneck_rooms,local_metric_global_bottleneck,bottleneck_route,gaussian_sensory,temporal_cue_then_blank,one_hot,0,lin_block_r1_l2,1,2,2,independent_blocks,2,0.6333333333333333,0.16666666666666669,nan,0.0,nan,0.0
bottleneck_rooms,local_metric_global_bottleneck,bottleneck_route,gaussian_sensory,temporal_cue_then_blank,one_hot,0,lin_block_r1_l4,1,4,4,independent_blocks,2,0.7333333333333334,0.06666666666666671,nan,0.0,nan,0.0
bottleneck_rooms,local_metric_global_bottleneck,bottleneck_route,gaussian_sensory,temporal_cue_then_blank,one_hot,0,lin_block_r1_l8,1,8,8,independent_blocks,2,0.6666666666666666,0.0,nan,0.0,nan,0.0
bottleneck_rooms,local_metric_global_bottleneck,bottleneck_route,gaussian_sensory,temporal_cue_then_blank,one_hot,0,lin_block_r3_l2,3,2,4,independent_blocks,2,0.7333333333333334,0.13333333333333333,nan,0.0,nan,0.0
bottleneck_rooms,local_metric_global_bottleneck,bottleneck_route,gaussian_sensory,temporal_cue_then_blank,one_hot,0,lin_block_r3_l4,3,4,6,independent_blocks,2,0.7,0.1,nan,0.0,nan,0.0
bottleneck_rooms,local_metric_global_bottleneck,bottleneck_route,gaussian_sensory,temporal_cue_then_blank,one_hot,0,lin_block_r3_l8,3,8,10,independent_blocks,2,0.6333333333333333,0.033333333333333326,nan,0.0,nan,0.0
bottleneck_rooms,local_metric_global_bottleneck,bottleneck_route,gaussian_sensory,temporal_cue_then_blank,one_hot,0,lin_block_r5_l2,5,2,6,independent_blocks,2,0.7,0.1,nan,0.0,nan,0.0
bottleneck_rooms,local_metric_global_bottleneck,bottleneck_route,gaussian_sensory,temporal_cue_then_blank,one_hot,0,lin_block_r5_l4,5,4,8,independent_blocks,2,0.5666666666666667,0.09999999999999998,nan,0.0,nan,0.0
bottleneck_rooms,local_metric_global_bottleneck,bottleneck_route,gaussian_sensory,temporal_cue_then_blank,one_hot,0,lin_block_r5_l8,5,8,12,independent_blocks,2,0.6333333333333333,0.033333333333333326,nan,0.0,nan,0.0
bottleneck_rooms,local_metric_global_bottleneck,bottleneck_route,gaussian_sensory,temporal_cue_then_blank,one_hot,0,lin_sequence_all_units_r3_l4,3,4,6,all_units,6,0.5,0.041275945824459356,0.18888888888888888,0.04360314860077463,nan,0.0
bottleneck_rooms,local_metric_global_bottleneck,bottleneck_route,gaussian_sensory,temporal_cue_then_blank,one_hot,0,lin_sequence_front_bands_r1_l2,1,2,2,front_bands,6,0.5888888888888889,0.07777777777777778,0.07777777777777778,0.036175156880221576,nan,0.0
bottleneck_rooms,local_metric_global_bottleneck,bottleneck_route,gaussian_sensory,temporal_cue_then_blank,one_hot,0,lin_sequence_front_bands_r1_l4,1,4,4,front_bands,6,0.7555555555555555,0.050674463337739485,0.2111111111111111,0.03181738014061412,nan,0.0
bottleneck_rooms,local_metric_global_bottleneck,bottleneck_route,gaussian_sensory,temporal_cue_then_blank,one_hot,0,lin_sequence_front_bands_r1_l8,1,8,8,front_bands,6,0.6222222222222221,0.02222222222222222,0.22222222222222224,0.04766135686561604,nan,0.0
bottleneck_rooms,local_metric_global_bottleneck,bottleneck_route,gaussian_sensory,temporal_cue_then_blank,one_hot,0,lin_sequence_front_bands_r3_l2,3,2,4,front_bands,6,0.6555555555555556,0.02675909906398288,0.27777777777777773,0.08678055195451838,nan,0.0
bottleneck_rooms,local_metric_global_bottleneck,bottleneck_route,gaussian_sensory,temporal_cue_then_blank,one_hot,0,lin_sequence_front_bands_r3_l4,3,4,6,front_bands,6,0.5777777777777778,0.028109134757052262,0.2222222222222222,0.03718489006818114,nan,0.0
bottleneck_rooms,local_metric_global_bottleneck,bottleneck_route,gaussian_sensory,temporal_cue_then_blank,one_hot,0,lin_sequence_front_bands_r3_l8,3,8,10,front_bands,6,0.5666666666666668,0.028544961285922505,0.3,0.05091750772173156,nan,0.0
bottleneck_rooms,local_metric_global_bottleneck,bottleneck_route,gaussian_sensory,temporal_cue_then_blank,one_hot,0,lin_sequence_front_bands_r5_l2,5,2,6,front_bands,6,0.5555555555555555,0.04444444444444444,0.2111111111111111,0.06535751631045662,nan,0.0
bottleneck_rooms,local_metric_global_bottleneck,bottleneck_route,gaussian_sensory,temporal_cue_then_blank,one_hot,0,lin_sequence_front_bands_r5_l4,5,4,8,front_bands,6,0.5,0.022771001702132438,0.17777777777777778,0.047661356865616046,nan,0.0
bottleneck_rooms,local_metric_global_bottleneck,bottleneck_route,gaussian_sensory,temporal_cue_then_blank,one_hot,0,lin_sequence_front_bands_r5_l8,5,8,12,front_bands,6,0.611111111111111,0.02675909906398288,0.2888888888888889,0.0763358401658563,nan,0.0
bottleneck_rooms,local_metric_global_bottleneck,bottleneck_route,gaussian_sensory,temporal_cue_then_blank,one_hot,0,memoryless_linear,,,,,2,0.5333333333333333,0.06666666666666665,0.06666666666666667,0.06666666666666667,nan,0.0
bottleneck_rooms,local_metric_global_bottleneck,bottleneck_route,gaussian_sensory,temporal_cue_then_blank,one_hot,0,memoryless_mlp,,,,,2,0.5333333333333333,0.06666666666666665,0.06666666666666667,0.06666666666666667,nan,0.0
bottleneck_rooms,local_metric_global_bottleneck,bottleneck_route,gaussian_sensory,temporal_cue_then_blank,one_hot,0,numpy_rnn,,,,,2,0.5333333333333333,0.06666666666666665,0.06666666666666667,0.06666666666666667,nan,0.0
bottleneck_rooms,local_metric_global_bottleneck,bottleneck_route,gaussian_sensory,temporal_cue_then_blank,one_hot,0,reservoir_block_hybrid,,,,,6,0.5555555555555555,0.03296088216486961,0.24444444444444444,0.06126243889817877,nan,0.0
bottleneck_rooms,local_metric_global_bottleneck,bottleneck_route,gaussian_sensory,temporal_cue_then_blank,one_hot,0,reservoir_diagonal,,,,,6,0.7222222222222222,0.04006168083848878,0.18888888888888888,0.03617515688022157,nan,0.0
bottleneck_rooms,local_metric_global_bottleneck,bottleneck_route,gaussian_sensory,temporal_cue_then_blank,one_hot,0,reservoir_low_rank,,,,,6,0.41111111111111115,0.052821619217798724,0.25555555555555554,0.06065486250647192,nan,0.0
bottleneck_rooms,local_metric_global_bottleneck,bottleneck_route,gaussian_sensory,temporal_cue_then_blank,one_hot,0,reservoir_nilpotent,,,,,6,0.43333333333333335,0.06610877680286009,0.10000000000000002,0.03333333333333334,nan,0.0
bottleneck_rooms,local_metric_global_bottleneck,bottleneck_route,gaussian_sensory,temporal_cue_then_blank,one_hot,0,reservoir_orthogonal,,,,,6,0.5444444444444444,0.06065486250647192,0.26666666666666666,0.06666666666666667,nan,0.0
bottleneck_rooms,local_metric_global_bottleneck,bottleneck_route,gaussian_sensory,temporal_cue_then_blank,one_hot,0,reservoir_oscillatory,,,,,6,0.6444444444444445,0.04444444444444444,0.26666666666666666,0.051639777949432225,nan,0.0
bottleneck_rooms,local_metric_global_bottleneck,bottleneck_route,gaussian_sensory,temporal_cue_then_blank,one_hot,0,reservoir_random,,,,,6,0.5333333333333333,0.04554200340426488,0.18888888888888888,0.052821619217798724,nan,0.0
bottleneck_rooms,local_metric_global_bottleneck,bottleneck_route,gaussian_sensory,temporal_cue_then_blank,one_hot,0,reservoir_sparse,,,,,6,0.611111111111111,0.04687782913273107,0.2222222222222222,0.05067446333773948,nan,0.0
bottleneck_rooms,local_metric_global_bottleneck,bottleneck_route,gaussian_sensory,temporal_cue_then_blank,one_hot,0,reservoir_symmetric,,,,,6,0.6555555555555556,0.03617515688022158,0.26666666666666666,0.024343224778007377,nan,0.0
bottleneck_rooms,local_metric_global_bottleneck,bottleneck_route,gaussian_sensory,temporal_dropout,embedding,8,lin_block_r1_l2,1,2,2,independent_blocks,2,0.5666666666666667,0.033333333333333326,nan,0.0,nan,0.0
bottleneck_rooms,local_metric_global_bottleneck,bottleneck_route,gaussian_sensory,temporal_dropout,embedding,8,lin_block_r1_l4,1,4,4,independent_blocks,2,0.5666666666666667,0.033333333333333326,nan,0.0,nan,0.0
bottleneck_rooms,local_metric_global_bottleneck,bottleneck_route,gaussian_sensory,temporal_dropout,embedding,8,lin_block_r1_l8,1,8,8,independent_blocks,2,0.7666666666666666,0.03333333333333338,nan,0.0,nan,0.0
bottleneck_rooms,local_metric_global_bottleneck,bottleneck_route,gaussian_sensory,temporal_dropout,embedding,8,lin_block_r3_l2,3,2,4,independent_blocks,2,0.6333333333333333,0.033333333333333326,nan,0.0,nan,0.0
bottleneck_rooms,local_metric_global_bottleneck,bottleneck_route,gaussian_sensory,temporal_dropout,embedding,8,lin_block_r3_l4,3,4,6,independent_blocks,2,0.5666666666666667,0.033333333333333326,nan,0.0,nan,0.0
bottleneck_rooms,local_metric_global_bottleneck,bottleneck_route,gaussian_sensory,temporal_dropout,embedding,8,lin_block_r3_l8,3,8,10,independent_blocks,2,0.7333333333333334,0.06666666666666671,nan,0.0,nan,0.0
bottleneck_rooms,local_metric_global_bottleneck,bottleneck_route,gaussian_sensory,temporal_dropout,embedding,8,lin_block_r5_l2,5,2,6,independent_blocks,2,0.6333333333333333,0.033333333333333326,nan,0.0,nan,0.0
bottleneck_rooms,local_metric_global_bottleneck,bottleneck_route,gaussian_sensory,temporal_dropout,embedding,8,lin_block_r5_l4,5,4,8,independent_blocks,2,0.6333333333333333,0.09999999999999998,nan,0.0,nan,0.0
bottleneck_rooms,local_metric_global_bottleneck,bottleneck_route,gaussian_sensory,temporal_dropout,embedding,8,lin_block_r5_l8,5,8,12,independent_blocks,2,0.7333333333333334,0.06666666666666671,nan,0.0,nan,0.0
bottleneck_rooms,local_metric_global_bottleneck,bottleneck_route,gaussian_sensory,temporal_dropout,embedding,8,lin_sequence_all_units_r3_l4,3,4,6,all_units,6,0.4777777777777778,0.03181738014061412,0.16666666666666666,0.0479196858952174,nan,0.0
bottleneck_rooms,local_metric_global_bottleneck,bottleneck_route,gaussian_sensory,temporal_dropout,embedding,8,lin_sequence_front_bands_r1_l2,1,2,2,front_bands,6,0.5888888888888889,0.02048787657176197,0.2111111111111111,0.1038755190446244,nan,0.0
bottleneck_rooms,local_metric_global_bottleneck,bottleneck_route,gaussian_sensory,temporal_dropout,embedding,8,lin_sequence_front_bands_r1_l4,1,4,4,front_bands,6,0.5333333333333333,0.02981423969999719,0.2222222222222222,0.05067446333773947,nan,0.0
bottleneck_rooms,local_metric_global_bottleneck,bottleneck_route,gaussian_sensory,temporal_dropout,embedding,8,lin_sequence_front_bands_r1_l8,1,8,8,front_bands,6,0.5666666666666667,0.04472135954999579,0.17777777777777778,0.053518198127965766,nan,0.0
bottleneck_rooms,local_metric_global_bottleneck,bottleneck_route,gaussian_sensory,temporal_dropout,embedding,8,lin_sequence_front_bands_r3_l2,3,2,4,front_bands,6,0.5444444444444444,0.0718365772233094,0.26666666666666666,0.08073734277593313,nan,0.0
bottleneck_rooms,local_metric_global_bottleneck,bottleneck_route,gaussian_sensory,temporal_dropout,embedding,8,lin_sequence_front_bands_r3_l4,3,4,6,front_bands,6,0.5666666666666667,0.06146362971528592,0.09999999999999999,0.04127594582445936,nan,0.0
bottleneck_rooms,local_metric_global_bottleneck,bottleneck_route,gaussian_sensory,temporal_dropout,embedding,8,lin_sequence_front_bands_r3_l8,3,8,10,front_bands,6,0.5777777777777777,0.02810913475705226,0.19999999999999998,0.0298142396999972,nan,0.0
bottleneck_rooms,local_metric_global_bottleneck,bottleneck_route,gaussian_sensory,temporal_dropout,embedding,8,lin_sequence_front_bands_r5_l2,5,2,6,front_bands,6,0.6222222222222222,0.056218269514104524,0.24444444444444444,0.028109134757052262,nan,0.0
bottleneck_rooms,local_metric_global_bottleneck,bottleneck_route,gaussian_sensory,temporal_dropout,embedding,8,lin_sequence_front_bands_r5_l4,5,4,8,front_bands,6,0.39999999999999997,0.07503085784948503,0.19999999999999998,0.045542003404264876,nan,0.0
bottleneck_rooms,local_metric_global_bottleneck,bottleneck_route,gaussian_sensory,temporal_dropout,embedding,8,lin_sequence_front_bands_r5_l8,5,8,12,front_bands,6,0.5777777777777778,0.03296088216486961,0.25555555555555554,0.02675909906398288,nan,0.0
bottleneck_rooms,local_metric_global_bottleneck,bottleneck_route,gaussian_sensory,temporal_dropout,embedding,8,memoryless_linear,,,,,2,0.6666666666666666,0.06666666666666665,0.1,0.03333333333333333,nan,0.0
bottleneck_rooms,local_metric_global_bottleneck,bottleneck_route,gaussian_sensory,temporal_dropout,embedding,8,memoryless_mlp,,,,,2,0.6666666666666666,0.06666666666666665,0.1,0.03333333333333333,nan,0.0
bottleneck_rooms,local_metric_global_bottleneck,bottleneck_route,gaussian_sensory,temporal_dropout,embedding,8,numpy_rnn,,,,,2,0.6,0.1333333333333333,0.13333333333333333,0.13333333333333333,nan,0.0
bottleneck_rooms,local_metric_global_bottleneck,bottleneck_route,gaussian_sensory,temporal_dropout,embedding,8,reservoir_block_hybrid,,,,,6,0.5333333333333333,0.045542003404264876,0.23333333333333336,0.050917507721731564,nan,0.0
bottleneck_rooms,local_metric_global_bottleneck,bottleneck_route,gaussian_sensory,temporal_dropout,embedding,8,reservoir_diagonal,,,,,6,0.6222222222222221,0.05879447357921313,0.18888888888888888,0.04360314860077463,nan,0.0
bottleneck_rooms,local_metric_global_bottleneck,bottleneck_route,gaussian_sensory,temporal_dropout,embedding,8,reservoir_low_rank,,,,,6,0.5333333333333333,0.045542003404264876,0.2222222222222222,0.032960882164869615,nan,0.0
bottleneck_rooms,local_metric_global_bottleneck,bottleneck_route,gaussian_sensory,temporal_dropout,embedding,8,reservoir_nilpotent,,,,,6,0.5444444444444444,0.05555555555555555,0.16666666666666666,0.037515428924742515,nan,0.0
bottleneck_rooms,local_metric_global_bottleneck,bottleneck_route,gaussian_sensory,temporal_dropout,embedding,8,reservoir_orthogonal,,,,,6,0.5444444444444444,0.05282161921779872,0.13333333333333333,0.017213259316477412,nan,0.0
bottleneck_rooms,local_metric_global_bottleneck,bottleneck_route,gaussian_sensory,temporal_dropout,embedding,8,reservoir_oscillatory,,,,,6,0.5222222222222223,0.03617515688022156,0.16666666666666666,0.028544961285922515,nan,0.0
bottleneck_rooms,local_metric_global_bottleneck,bottleneck_route,gaussian_sensory,temporal_dropout,embedding,8,reservoir_random,,,,,6,0.4777777777777778,0.052821619217798724,0.10000000000000002,0.028544961285922512,nan,0.0
bottleneck_rooms,local_metric_global_bottleneck,bottleneck_route,gaussian_sensory,temporal_dropout,embedding,8,reservoir_sparse,,,,,6,0.5444444444444444,0.04006168083848877,0.19999999999999998,0.059628479399994404,nan,0.0
bottleneck_rooms,local_metric_global_bottleneck,bottleneck_route,gaussian_sensory,temporal_dropout,embedding,8,reservoir_symmetric,,,,,6,0.6,0.03849001794597505,0.18888888888888888,0.049938233453876074,nan,0.0
bottleneck_rooms,local_metric_global_bottleneck,bottleneck_route,gaussian_sensory,temporal_dropout,none,0,lin_block_r1_l2,1,2,2,independent_blocks,2,0.5666666666666667,0.033333333333333326,nan,0.0,nan,0.0
bottleneck_rooms,local_metric_global_bottleneck,bottleneck_route,gaussian_sensory,temporal_dropout,none,0,lin_block_r1_l4,1,4,4,independent_blocks,2,0.4666666666666667,0.13333333333333333,nan,0.0,nan,0.0
bottleneck_rooms,local_metric_global_bottleneck,bottleneck_route,gaussian_sensory,temporal_dropout,none,0,lin_block_r1_l8,1,8,8,independent_blocks,2,0.6333333333333333,0.09999999999999998,nan,0.0,nan,0.0
bottleneck_rooms,local_metric_global_bottleneck,bottleneck_route,gaussian_sensory,temporal_dropout,none,0,lin_block_r3_l2,3,2,4,independent_blocks,2,0.5,0.09999999999999998,nan,0.0,nan,0.0
bottleneck_rooms,local_metric_global_bottleneck,bottleneck_route,gaussian_sensory,temporal_dropout,none,0,lin_block_r3_l4,3,4,6,independent_blocks,2,0.5333333333333333,0.0,nan,0.0,nan,0.0
bottleneck_rooms,local_metric_global_bottleneck,bottleneck_route,gaussian_sensory,temporal_dropout,none,0,lin_block_r3_l8,3,8,10,independent_blocks,2,0.7,0.1,nan,0.0,nan,0.0
bottleneck_rooms,local_metric_global_bottleneck,bottleneck_route,gaussian_sensory,temporal_dropout,none,0,lin_block_r5_l2,5,2,6,independent_blocks,2,0.5333333333333333,0.0,nan,0.0,nan,0.0
bottleneck_rooms,local_metric_global_bottleneck,bottleneck_route,gaussian_sensory,temporal_dropout,none,0,lin_block_r5_l4,5,4,8,independent_blocks,2,0.6666666666666667,0.13333333333333333,nan,0.0,nan,0.0
bottleneck_rooms,local_metric_global_bottleneck,bottleneck_route,gaussian_sensory,temporal_dropout,none,0,lin_block_r5_l8,5,8,12,independent_blocks,2,0.6333333333333333,0.16666666666666669,nan,0.0,nan,0.0
bottleneck_rooms,local_metric_global_bottleneck,bottleneck_route,gaussian_sensory,temporal_dropout,none,0,lin_sequence_all_units_r3_l4,3,4,6,all_units,6,0.5333333333333333,0.05443310539518175,0.24444444444444444,0.05067446333773947,nan,0.0
bottleneck_rooms,local_metric_global_bottleneck,bottleneck_route,gaussian_sensory,temporal_dropout,none,0,lin_sequence_front_bands_r1_l2,1,2,2,front_bands,6,0.4666666666666666,0.04554200340426488,0.1111111111111111,0.02810913475705227,nan,0.0
bottleneck_rooms,local_metric_global_bottleneck,bottleneck_route,gaussian_sensory,temporal_dropout,none,0,lin_sequence_front_bands_r1_l4,1,4,4,front_bands,6,0.5888888888888889,0.07584910295944895,0.2222222222222222,0.02810913475705226,nan,0.0
bottleneck_rooms,local_metric_global_bottleneck,bottleneck_route,gaussian_sensory,temporal_dropout,none,0,lin_sequence_front_bands_r1_l8,1,8,8,front_bands,6,0.5,0.07044829992954381,0.16666666666666666,0.037515428924742515,nan,0.0
bottleneck_rooms,local_metric_global_bottleneck,bottleneck_route,gaussian_sensory,temporal_dropout,none,0,lin_sequence_front_bands_r3_l2,3,2,4,front_bands,6,0.4444444444444444,0.056218269514104524,0.15555555555555553,0.06592176432973923,nan,0.0
bottleneck_rooms,local_metric_global_bottleneck,bottleneck_route,gaussian_sensory,temporal_dropout,none,0,lin_sequence_front_bands_r3_l4,3,4,6,front_bands,6,0.5666666666666667,0.04472135954999579,0.18888888888888888,0.03617515688022157,nan,0.0
bottleneck_rooms,local_metric_global_bottleneck,bottleneck_route,gaussian_sensory,temporal_dropout,none,0,lin_sequence_front_bands_r3_l8,3,8,10,front_bands,6,0.6222222222222221,0.04766135686561604,0.18888888888888888,0.049938233453876074,nan,0.0
bottleneck_rooms,local_metric_global_bottleneck,bottleneck_route,gaussian_sensory,temporal_dropout,none,0,lin_sequence_front_bands_r5_l2,5,2,6,front_bands,6,0.4444444444444445,0.028109134757052262,0.08888888888888889,0.014054567378526131,nan,0.0
bottleneck_rooms,local_metric_global_bottleneck,bottleneck_route,gaussian_sensory,temporal_dropout,none,0,lin_sequence_front_bands_r5_l4,5,4,8,front_bands,6,0.5222222222222223,0.043603148600774626,0.13333333333333333,0.04554200340426488,nan,0.0
bottleneck_rooms,local_metric_global_bottleneck,bottleneck_route,gaussian_sensory,temporal_dropout,none,0,lin_sequence_front_bands_r5_l8,5,8,12,front_bands,6,0.5222222222222223,0.043603148600774626,0.2333333333333333,0.06146362971528592,nan,0.0
bottleneck_rooms,local_metric_global_bottleneck,bottleneck_route,gaussian_sensory,temporal_dropout,none,0,memoryless_linear,,,,,2,0.6333333333333333,0.09999999999999998,0.06666666666666667,0.0,nan,0.0
bottleneck_rooms,local_metric_global_bottleneck,bottleneck_route,gaussian_sensory,temporal_dropout,none,0,memoryless_mlp,,,,,2,0.6333333333333333,0.09999999999999998,0.06666666666666667,0.0,nan,0.0
bottleneck_rooms,local_metric_global_bottleneck,bottleneck_route,gaussian_sensory,temporal_dropout,none,0,numpy_rnn,,,,,2,0.5333333333333333,0.06666666666666665,0.06666666666666667,0.06666666666666667,nan,0.0
bottleneck_rooms,local_metric_global_bottleneck,bottleneck_route,gaussian_sensory,temporal_dropout,none,0,reservoir_block_hybrid,,,,,6,0.4222222222222223,0.053518198127965766,0.14444444444444446,0.04993823345387608,nan,0.0
bottleneck_rooms,local_metric_global_bottleneck,bottleneck_route,gaussian_sensory,temporal_dropout,none,0,reservoir_diagonal,,,,,6,0.5777777777777778,0.04444444444444444,0.12222222222222223,0.03181738014061412,nan,0.0
bottleneck_rooms,local_metric_global_bottleneck,bottleneck_route,gaussian_sensory,temporal_dropout,none,0,reservoir_low_rank,,,,,6,0.5111111111111111,0.05067446333773946,0.15555555555555556,0.022222222222222227,nan,0.0
bottleneck_rooms,local_metric_global_bottleneck,bottleneck_route,gaussian_sensory,temporal_dropout,none,0,reservoir_nilpotent,,,,,6,0.4222222222222222,0.022222222222222227,0.07777777777777778,0.03181738014061412,nan,0.0
bottleneck_rooms,local_metric_global_bottleneck,bottleneck_route,gaussian_sensory,temporal_dropout,none,0,reservoir_orthogonal,,,,,6,0.35555555555555557,0.02222222222222223,0.11111111111111112,0.044444444444444446,nan,0.0
bottleneck_rooms,local_metric_global_bottleneck,bottleneck_route,gaussian_sensory,temporal_dropout,none,0,reservoir_oscillatory,,,,,6,0.46666666666666673,0.04554200340426488,0.15555555555555556,0.044444444444444446,nan,0.0
bottleneck_rooms,local_metric_global_bottleneck,bottleneck_route,gaussian_sensory,temporal_dropout,none,0,reservoir_random,,,,,6,0.5555555555555555,0.06363476028122823,0.17777777777777778,0.03718489006818114,nan,0.0
bottleneck_rooms,local_metric_global_bottleneck,bottleneck_route,gaussian_sensory,temporal_dropout,none,0,reservoir_sparse,,,,,6,0.4777777777777778,0.05816112145912178,0.14444444444444446,0.03617515688022157,nan,0.0
bottleneck_rooms,local_metric_global_bottleneck,bottleneck_route,gaussian_sensory,temporal_dropout,none,0,reservoir_symmetric,,,,,6,0.4777777777777778,0.058161121459121785,0.14444444444444446,0.020487876571761977,nan,0.0
bottleneck_rooms,local_metric_global_bottleneck,bottleneck_route,gaussian_sensory,temporal_dropout,one_hot,0,lin_block_r1_l2,1,2,2,independent_blocks,2,0.5666666666666667,0.033333333333333326,nan,0.0,nan,0.0
bottleneck_rooms,local_metric_global_bottleneck,bottleneck_route,gaussian_sensory,temporal_dropout,one_hot,0,lin_block_r1_l4,1,4,4,independent_blocks,2,0.5666666666666667,0.033333333333333326,nan,0.0,nan,0.0
bottleneck_rooms,local_metric_global_bottleneck,bottleneck_route,gaussian_sensory,temporal_dropout,one_hot,0,lin_block_r1_l8,1,8,8,independent_blocks,2,0.7666666666666666,0.1,nan,0.0,nan,0.0
bottleneck_rooms,local_metric_global_bottleneck,bottleneck_route,gaussian_sensory,temporal_dropout,one_hot,0,lin_block_r3_l2,3,2,4,independent_blocks,2,0.6,0.0,nan,0.0,nan,0.0
bottleneck_rooms,local_metric_global_bottleneck,bottleneck_route,gaussian_sensory,temporal_dropout,one_hot,0,lin_block_r3_l4,3,4,6,independent_blocks,2,0.6,0.06666666666666665,nan,0.0,nan,0.0
bottleneck_rooms,local_metric_global_bottleneck,bottleneck_route,gaussian_sensory,temporal_dropout,one_hot,0,lin_block_r3_l8,3,8,10,independent_blocks,2,0.7333333333333334,0.06666666666666671,nan,0.0,nan,0.0
bottleneck_rooms,local_metric_global_bottleneck,bottleneck_route,gaussian_sensory,temporal_dropout,one_hot,0,lin_block_r5_l2,5,2,6,independent_blocks,2,0.6333333333333333,0.033333333333333326,nan,0.0,nan,0.0
bottleneck_rooms,local_metric_global_bottleneck,bottleneck_route,gaussian_sensory,temporal_dropout,one_hot,0,lin_block_r5_l4,5,4,8,independent_blocks,2,0.6666666666666666,0.06666666666666665,nan,0.0,nan,0.0
bottleneck_rooms,local_metric_global_bottleneck,bottleneck_route,gaussian_sensory,temporal_dropout,one_hot,0,lin_block_r5_l8,5,8,12,independent_blocks,2,0.7666666666666666,0.1,nan,0.0,nan,0.0
bottleneck_rooms,local_metric_global_bottleneck,bottleneck_route,gaussian_sensory,temporal_dropout,one_hot,0,lin_sequence_all_units_r3_l4,3,4,6,all_units,6,0.611111111111111,0.04993823345387605,0.2222222222222222,0.028109134757052262,nan,0.0
bottleneck_rooms,local_metric_global_bottleneck,bottleneck_route,gaussian_sensory,temporal_dropout,one_hot,0,lin_sequence_front_bands_r1_l2,1,2,2,front_bands,6,0.6,0.03849001794597505,0.17777777777777778,0.05879447357921313,nan,0.0
bottleneck_rooms,local_metric_global_bottleneck,bottleneck_route,gaussian_sensory,temporal_dropout,one_hot,0,lin_sequence_front_bands_r1_l4,1,4,4,front_bands,6,0.5,0.05900408021045224,0.1111111111111111,0.040975753143523946,nan,0.0
bottleneck_rooms,local_metric_global_bottleneck,bottleneck_route,gaussian_sensory,temporal_dropout,one_hot,0,lin_sequence_front_bands_r1_l8,1,8,8,front_bands,6,0.48888888888888893,0.02810913475705226,0.2111111111111111,0.04360314860077463,nan,0.0
bottleneck_rooms,local_metric_global_bottleneck,bottleneck_route,gaussian_sensory,temporal_dropout,one_hot,0,lin_sequence_front_bands_r3_l2,3,2,4,front_bands,6,0.5,0.05643744488533464,0.2111111111111111,0.05555555555555555,nan,0.0
bottleneck_rooms,local_metric_global_bottleneck,bottleneck_route,gaussian_sensory,temporal_dropout,one_hot,0,lin_sequence_front_bands_r3_l4,3,4,6,front_bands,6,0.5666666666666667,0.041275945824459356,0.19999999999999998,0.017213259316477412,nan,0.0
bottleneck_rooms,local_metric_global_bottleneck,bottleneck_route,gaussian_sensory,temporal_dropout,one_hot,0,lin_sequence_front_bands_r3_l8,3,8,10,front_bands,6,0.6222222222222221,0.04097575314352395,0.3222222222222222,0.058161121459121785,nan,0.0
bottleneck_rooms,local_metric_global_bottleneck,bottleneck_route,gaussian_sensory,temporal_dropout,one_hot,0,lin_sequence_front_bands_r5_l2,5,2,6,front_bands,6,0.5555555555555555,0.03296088216486961,0.16666666666666666,0.0479196858952174,nan,0.0
bottleneck_rooms,local_metric_global_bottleneck,bottleneck_route,gaussian_sensory,temporal_dropout,one_hot,0,lin_sequence_front_bands_r5_l4,5,4,8,front_bands,6,0.5111111111111111,0.05351819812796576,0.17777777777777778,0.05879447357921313,nan,0.0
bottleneck_rooms,local_metric_global_bottleneck,bottleneck_route,gaussian_sensory,temporal_dropout,one_hot,0,lin_sequence_front_bands_r5_l8,5,8,12,front_bands,6,0.6,0.03442651863295481,0.17777777777777778,0.056218269514104524,nan,0.0
bottleneck_rooms,local_metric_global_bottleneck,bottleneck_route,gaussian_sensory,temporal_dropout,one_hot,0,memoryless_linear,,,,,2,0.6666666666666666,0.06666666666666665,0.1,0.03333333333333333,nan,0.0
bottleneck_rooms,local_metric_global_bottleneck,bottleneck_route,gaussian_sensory,temporal_dropout,one_hot,0,memoryless_mlp,,,,,2,0.6666666666666666,0.06666666666666665,0.1,0.03333333333333333,nan,0.0
bottleneck_rooms,local_metric_global_bottleneck,bottleneck_route,gaussian_sensory,temporal_dropout,one_hot,0,numpy_rnn,,,,,2,0.5333333333333333,0.06666666666666665,0.06666666666666667,0.06666666666666667,nan,0.0
bottleneck_rooms,local_metric_global_bottleneck,bottleneck_route,gaussian_sensory,temporal_dropout,one_hot,0,reservoir_block_hybrid,,,,,6,0.5222222222222223,0.04993823345387605,0.17777777777777778,0.06126243889817877,nan,0.0
bottleneck_rooms,local_metric_global_bottleneck,bottleneck_route,gaussian_sensory,temporal_dropout,one_hot,0,reservoir_diagonal,,,,,6,0.6444444444444445,0.037184890068181126,0.15555555555555556,0.032960882164869615,nan,0.0
bottleneck_rooms,local_metric_global_bottleneck,bottleneck_route,gaussian_sensory,temporal_dropout,one_hot,0,reservoir_low_rank,,,,,6,0.5888888888888889,0.04006168083848877,0.18888888888888888,0.052821619217798724,nan,0.0
bottleneck_rooms,local_metric_global_bottleneck,bottleneck_route,gaussian_sensory,temporal_dropout,one_hot,0,reservoir_nilpotent,,,,,6,0.4777777777777778,0.052821619217798724,0.18888888888888888,0.026759099063982883,nan,0.0
bottleneck_rooms,local_metric_global_bottleneck,bottleneck_route,gaussian_sensory,temporal_dropout,one_hot,0,reservoir_orthogonal,,,,,6,0.5666666666666668,0.022771001702132438,0.17777777777777778,0.032960882164869615,nan,0.0
bottleneck_rooms,local_metric_global_bottleneck,bottleneck_route,gaussian_sensory,temporal_dropout,one_hot,0,reservoir_oscillatory,,,,,6,0.5222222222222223,0.06758625033664688,0.13333333333333333,0.034426518632954824,nan,0.0
bottleneck_rooms,local_metric_global_bottleneck,bottleneck_route,gaussian_sensory,temporal_dropout,one_hot,0,reservoir_random,,,,,6,0.5,0.041275945824459356,0.12222222222222223,0.020487876571761977,nan,0.0
bottleneck_rooms,local_metric_global_bottleneck,bottleneck_route,gaussian_sensory,temporal_dropout,one_hot,0,reservoir_sparse,,,,,6,0.45555555555555566,0.026759099063982883,0.2333333333333333,0.0479196858952174,nan,0.0
bottleneck_rooms,local_metric_global_bottleneck,bottleneck_route,gaussian_sensory,temporal_dropout,one_hot,0,reservoir_symmetric,,,,,6,0.5888888888888888,0.04687782913273107,0.17777777777777778,0.040975753143523946,nan,0.0
bottleneck_rooms,local_metric_global_bottleneck,bottleneck_route,gaussian_sensory,temporal_full,embedding,8,lin_block_r1_l2,1,2,2,independent_blocks,2,0.6666666666666667,0.13333333333333333,nan,0.0,nan,0.0
bottleneck_rooms,local_metric_global_bottleneck,bottleneck_route,gaussian_sensory,temporal_full,embedding,8,lin_block_r1_l4,1,4,4,independent_blocks,2,0.6666666666666667,0.13333333333333333,nan,0.0,nan,0.0
bottleneck_rooms,local_metric_global_bottleneck,bottleneck_route,gaussian_sensory,temporal_full,embedding,8,lin_block_r1_l8,1,8,8,independent_blocks,2,0.6666666666666666,0.0,nan,0.0,nan,0.0
bottleneck_rooms,local_metric_global_bottleneck,bottleneck_route,gaussian_sensory,temporal_full,embedding,8,lin_block_r3_l2,3,2,4,independent_blocks,2,0.6666666666666667,0.13333333333333333,nan,0.0,nan,0.0
bottleneck_rooms,local_metric_global_bottleneck,bottleneck_route,gaussian_sensory,temporal_full,embedding,8,lin_block_r3_l4,3,4,6,independent_blocks,2,0.7,0.1,nan,0.0,nan,0.0
bottleneck_rooms,local_metric_global_bottleneck,bottleneck_route,gaussian_sensory,temporal_full,embedding,8,lin_block_r3_l8,3,8,10,independent_blocks,2,0.6666666666666666,0.0,nan,0.0,nan,0.0
bottleneck_rooms,local_metric_global_bottleneck,bottleneck_route,gaussian_sensory,temporal_full,embedding,8,lin_block_r5_l2,5,2,6,independent_blocks,2,0.7,0.1,nan,0.0,nan,0.0
bottleneck_rooms,local_metric_global_bottleneck,bottleneck_route,gaussian_sensory,temporal_full,embedding,8,lin_block_r5_l4,5,4,8,independent_blocks,2,0.5666666666666667,0.09999999999999998,nan,0.0,nan,0.0
bottleneck_rooms,local_metric_global_bottleneck,bottleneck_route,gaussian_sensory,temporal_full,embedding,8,lin_block_r5_l8,5,8,12,independent_blocks,2,0.6666666666666666,0.0,nan,0.0,nan,0.0
bottleneck_rooms,local_metric_global_bottleneck,bottleneck_route,gaussian_sensory,temporal_full,embedding,8,lin_sequence_all_units_r3_l4,3,4,6,all_units,6,0.4444444444444445,0.044444444444444446,0.25555555555555554,0.08149831475952111,nan,0.0
bottleneck_rooms,local_metric_global_bottleneck,bottleneck_route,gaussian_sensory,temporal_full,embedding,8,lin_sequence_front_bands_r1_l2,1,2,2,front_bands,6,0.6,0.024343224778007377,0.18888888888888888,0.06065486250647192,nan,0.0
bottleneck_rooms,local_metric_global_bottleneck,bottleneck_route,gaussian_sensory,temporal_full,embedding,8,lin_sequence_front_bands_r1_l4,1,4,4,front_bands,6,0.688888888888889,0.037184890068181146,0.4444444444444445,0.05067446333773947,nan,0.0
bottleneck_rooms,local_metric_global_bottleneck,bottleneck_route,gaussian_sensory,temporal_full,embedding,8,lin_sequence_front_bands_r1_l8,1,8,8,front_bands,6,0.5888888888888888,0.03617515688022157,0.26666666666666666,0.05443310539518175,nan,0.0
bottleneck_rooms,local_metric_global_bottleneck,bottleneck_route,gaussian_sensory,temporal_full,embedding,8,lin_sequence_front_bands_r3_l2,3,2,4,front_bands,6,0.5666666666666667,0.028544961285922505,0.3111111111111111,0.08012336167697755,nan,0.0
bottleneck_rooms,local_metric_global_bottleneck,bottleneck_route,gaussian_sensory,temporal_full,embedding,8,lin_sequence_front_bands_r3_l4,3,4,6,front_bands,6,0.5666666666666667,0.07453559924999299,0.26666666666666666,0.07503085784948504,nan,0.0
bottleneck_rooms,local_metric_global_bottleneck,bottleneck_route,gaussian_sensory,temporal_full,embedding,8,lin_sequence_front_bands_r3_l8,3,8,10,front_bands,6,0.5222222222222223,0.03181738014061412,0.24444444444444444,0.053518198127965766,nan,0.0
bottleneck_rooms,local_metric_global_bottleneck,bottleneck_route,gaussian_sensory,temporal_full,embedding,8,lin_sequence_front_bands_r5_l2,5,2,6,front_bands,6,0.5,0.05900408021045224,0.2222222222222222,0.06126243889817877,nan,0.0
bottleneck_rooms,local_metric_global_bottleneck,bottleneck_route,gaussian_sensory,temporal_full,embedding,8,lin_sequence_front_bands_r5_l4,5,4,8,front_bands,6,0.5666666666666667,0.04472135954999579,0.24444444444444444,0.028109134757052262,nan,0.0
bottleneck_rooms,local_metric_global_bottleneck,bottleneck_route,gaussian_sensory,temporal_full,embedding,8,lin_sequence_front_bands_r5_l8,5,8,12,front_bands,6,0.5333333333333333,0.024343224778007377,0.35555555555555557,0.06363476028122823,nan,0.0
bottleneck_rooms,local_metric_global_bottleneck,bottleneck_route,gaussian_sensory,temporal_full,embedding,8,memoryless_linear,,,,,2,0.7333333333333334,0.06666666666666671,0.16666666666666669,0.03333333333333333,nan,0.0
bottleneck_rooms,local_metric_global_bottleneck,bottleneck_route,gaussian_sensory,temporal_full,embedding,8,memoryless_mlp,,,,,2,0.7333333333333334,0.06666666666666671,0.16666666666666669,0.03333333333333333,nan,0.0
bottleneck_rooms,local_metric_global_bottleneck,bottleneck_route,gaussian_sensory,temporal_full,embedding,8,numpy_rnn,,,,,2,0.6,0.06666666666666665,0.2,0.0,nan,0.0
bottleneck_rooms,local_metric_global_bottleneck,bottleneck_route,gaussian_sensory,temporal_full,embedding,8,reservoir_block_hybrid,,,,,6,0.5444444444444444,0.06065486250647192,0.3,0.053748384988657014,nan,0.0
bottleneck_rooms,local_metric_global_bottleneck,bottleneck_route,gaussian_sensory,temporal_full,embedding,8,reservoir_diagonal,,,,,6,0.6888888888888888,0.056218269514104524,0.3222222222222222,0.07584910295944895,nan,0.0
bottleneck_rooms,local_metric_global_bottleneck,bottleneck_route,gaussian_sensory,temporal_full,embedding,8,reservoir_low_rank,,,,,6,0.5888888888888889,0.043603148600774626,0.26666666666666666,0.05163977794943224,nan,0.0
bottleneck_rooms,local_metric_global_bottleneck,bottleneck_route,gaussian_sensory,temporal_full,embedding,8,reservoir_nilpotent,,,,,6,0.4444444444444445,0.07027283689263064,0.2111111111111111,0.046877829132731086,nan,0.0
bottleneck_rooms,local_metric_global_bottleneck,bottleneck_route,gaussian_sensory,temporal_full,embedding,8,reservoir_orthogonal,,,,,6,0.4444444444444444,0.044444444444444446,0.2222222222222222,0.03718489006818114,nan,0.0
bottleneck_rooms,local_metric_global_bottleneck,bottleneck_route,gaussian_sensory,temporal_full,embedding,8,reservoir_oscillatory,,,,,6,0.611111111111111,0.04360314860077463,0.32222222222222224,0.08678055195451838,nan,0.0
bottleneck_rooms,local_metric_global_bottleneck,bottleneck_route,gaussian_sensory,temporal_full,embedding,8,reservoir_random,,,,,6,0.5222222222222221,0.05555555555555556,0.24444444444444444,0.056218269514104524,nan,0.0
bottleneck_rooms,local_metric_global_bottleneck,bottleneck_route,gaussian_sensory,temporal_full,embedding,8,reservoir_sparse,,,,,6,0.5111111111111111,0.01405456737852613,0.19999999999999998,0.03442651863295482,nan,0.0
bottleneck_rooms,local_metric_global_bottleneck,bottleneck_route,gaussian_sensory,temporal_full,embedding,8,reservoir_symmetric,,,,,6,0.6,0.048686449556014755,0.26666666666666666,0.06885303726590965,nan,0.0
bottleneck_rooms,local_metric_global_bottleneck,bottleneck_route,gaussian_sensory,temporal_full,none,0,lin_block_r1_l2,1,2,2,independent_blocks,2,0.6333333333333333,0.16666666666666669,nan,0.0,nan,0.0
bottleneck_rooms,local_metric_global_bottleneck,bottleneck_route,gaussian_sensory,temporal_full,none,0,lin_block_r1_l4,1,4,4,independent_blocks,2,0.6333333333333333,0.16666666666666669,nan,0.0,nan,0.0
bottleneck_rooms,local_metric_global_bottleneck,bottleneck_route,gaussian_sensory,temporal_full,none,0,lin_block_r1_l8,1,8,8,independent_blocks,2,0.6333333333333333,0.033333333333333326,nan,0.0,nan,0.0
bottleneck_rooms,local_metric_global_bottleneck,bottleneck_route,gaussian_sensory,temporal_full,none,0,lin_block_r3_l2,3,2,4,independent_blocks,2,0.6666666666666667,0.13333333333333333,nan,0.0,nan,0.0
bottleneck_rooms,local_metric_global_bottleneck,bottleneck_route,gaussian_sensory,temporal_full,none,0,lin_block_r3_l4,3,4,6,independent_blocks,2,0.7,0.1,nan,0.0,nan,0.0
bottleneck_rooms,local_metric_global_bottleneck,bottleneck_route,gaussian_sensory,temporal_full,none,0,lin_block_r3_l8,3,8,10,independent_blocks,2,0.6666666666666666,0.0,nan,0.0,nan,0.0
bottleneck_rooms,local_metric_global_bottleneck,bottleneck_route,gaussian_sensory,temporal_full,none,0,lin_block_r5_l2,5,2,6,independent_blocks,2,0.7,0.1,nan,0.0,nan,0.0
bottleneck_rooms,local_metric_global_bottleneck,bottleneck_route,gaussian_sensory,temporal_full,none,0,lin_block_r5_l4,5,4,8,independent_blocks,2,0.5666666666666667,0.09999999999999998,nan,0.0,nan,0.0
bottleneck_rooms,local_metric_global_bottleneck,bottleneck_route,gaussian_sensory,temporal_full,none,0,lin_block_r5_l8,5,8,12,independent_blocks,2,0.6666666666666666,0.0,nan,0.0,nan,0.0
bottleneck_rooms,local_metric_global_bottleneck,bottleneck_route,gaussian_sensory,temporal_full,none,0,lin_sequence_all_units_r3_l4,3,4,6,all_units,6,0.5333333333333333,0.06440611887195306,0.35555555555555557,0.06592176432973923,nan,0.0
bottleneck_rooms,local_metric_global_bottleneck,bottleneck_route,gaussian_sensory,temporal_full,none,0,lin_sequence_front_bands_r1_l2,1,2,2,front_bands,6,0.5444444444444444,0.052821619217798724,0.3,0.07841012784167713,nan,0.0
bottleneck_rooms,local_metric_global_bottleneck,bottleneck_route,gaussian_sensory,temporal_full,none,0,lin_sequence_front_bands_r1_l4,1,4,4,front_bands,6,0.5888888888888888,0.04993823345387606,0.32222222222222224,0.0718365772233094,nan,0.0
bottleneck_rooms,local_metric_global_bottleneck,bottleneck_route,gaussian_sensory,temporal_full,none,0,lin_sequence_front_bands_r1_l8,1,8,8,front_bands,6,0.6,0.017213259316477405,0.26666666666666666,0.04216370213557839,nan,0.0
bottleneck_rooms,local_metric_global_bottleneck,bottleneck_route,gaussian_sensory,temporal_full,none,0,lin_sequence_front_bands_r3_l2,3,2,4,front_bands,6,0.5222222222222223,0.052821619217798724,0.25555555555555554,0.06758625033664689,nan,0.0
bottleneck_rooms,local_metric_global_bottleneck,bottleneck_route,gaussian_sensory,temporal_full,none,0,lin_sequence_front_bands_r3_l4,3,4,6,front_bands,6,0.48888888888888893,0.04097575314352394,0.2333333333333333,0.059004080210452246,nan,0.0
bottleneck_rooms,local_metric_global_bottleneck,bottleneck_route,gaussian_sensory,temporal_full,none,0,lin_sequence_front_bands_r3_l8,3,8,10,front_bands,6,0.5111111111111112,0.01405456737852613,0.3,0.050917507721731564,nan,0.0
bottleneck_rooms,local_metric_global_bottleneck,bottleneck_route,gaussian_sensory,temporal_full,none,0,lin_sequence_front_bands_r5_l2,5,2,6,front_bands,6,0.5888888888888889,0.02675909906398288,0.3333333333333333,0.07888106377466156,nan,0.0
bottleneck_rooms,local_metric_global_bottleneck,bottleneck_route,gaussian_sensory,temporal_full,none,0,lin_sequence_front_bands_r5_l4,5,4,8,front_bands,6,0.5333333333333333,0.05163977794943222,0.27777777777777773,0.08329628806218362,nan,0.0
bottleneck_rooms,local_metric_global_bottleneck,bottleneck_route,gaussian_sensory,temporal_full,none,0,lin_sequence_front_bands_r5_l8,5,8,12,front_bands,6,0.5777777777777778,0.02222222222222222,0.39999999999999997,0.03849001794597506,nan,0.0
bottleneck_rooms,local_metric_global_bottleneck,bottleneck_route,gaussian_sensory,temporal_full,none,0,memoryless_linear,,,,,2,0.7,0.033333333333333326,0.13333333333333333,0.06666666666666667,nan,0.0
bottleneck_rooms,local_metric_global_bottleneck,bottleneck_route,gaussian_sensory,temporal_full,none,0,memoryless_mlp,,,,,2,0.7,0.033333333333333326,0.13333333333333333,0.06666666666666667,nan,0.0
bottleneck_rooms,local_metric_global_bottleneck,bottleneck_route,gaussian_sensory,temporal_full,none,0,numpy_rnn,,,,,2,0.6,0.06666666666666665,0.2,0.0,nan,0.0
bottleneck_rooms,local_metric_global_bottleneck,bottleneck_route,gaussian_sensory,temporal_full,none,0,reservoir_block_hybrid,,,,,6,0.5666666666666667,0.033333333333333326,0.25555555555555554,0.04993823345387608,nan,0.0
bottleneck_rooms,local_metric_global_bottleneck,bottleneck_route,gaussian_sensory,temporal_full,none,0,reservoir_diagonal,,,,,6,0.6444444444444445,0.04444444444444445,0.3777777777777778,0.06126243889817877,nan,0.0
bottleneck_rooms,local_metric_global_bottleneck,bottleneck_route,gaussian_sensory,temporal_full,none,0,reservoir_low_rank,,,,,6,0.611111111111111,0.02048787657176197,0.2888888888888889,0.05879447357921313,nan,0.0
bottleneck_rooms,local_metric_global_bottleneck,bottleneck_route,gaussian_sensory,temporal_full,none,0,reservoir_nilpotent,,,,,6,0.5777777777777777,0.04097575314352394,0.28888888888888886,0.04097575314352394,nan,0.0
bottleneck_rooms,local_metric_global_bottleneck,bottleneck_route,gaussian_sensory,temporal_full,none,0,reservoir_orthogonal,,,,,6,0.48888888888888893,0.04766135686561603,0.2555555555555556,0.06305004870716048,nan,0.0
bottleneck_rooms,local_metric_global_bottleneck,bottleneck_route,gaussian_sensory,temporal_full,none,0,reservoir_oscillatory,,,,,6,0.6222222222222222,0.02222222222222222,0.31111111111111106,0.04766135686561604,nan,0.0
bottleneck_rooms,local_metric_global_bottleneck,bottleneck_route,gaussian_sensory,temporal_full,none,0,reservoir_random,,,,,6,0.5555555555555555,0.037184890068181126,0.19999999999999998,0.0298142396999972,nan,0.0
bottleneck_rooms,local_metric_global_bottleneck,bottleneck_route,gaussian_sensory,temporal_full,none,0,reservoir_sparse,,,,,6,0.5222222222222223,0.05816112145912178,0.32222222222222224,0.052821619217798724,nan,0.0
bottleneck_rooms,local_metric_global_bottleneck,bottleneck_route,gaussian_sensory,temporal_full,none,0,reservoir_symmetric,,,,,6,0.5777777777777777,0.06813204318558173,0.2333333333333333,0.08388704928078612,nan,0.0
bottleneck_rooms,local_metric_global_bottleneck,bottleneck_route,gaussian_sensory,temporal_full,one_hot,0,lin_block_r1_l2,1,2,2,independent_blocks,2,0.6666666666666667,0.13333333333333333,nan,0.0,nan,0.0
bottleneck_rooms,local_metric_global_bottleneck,bottleneck_route,gaussian_sensory,temporal_full,one_hot,0,lin_block_r1_l4,1,4,4,independent_blocks,2,0.6666666666666667,0.13333333333333333,nan,0.0,nan,0.0
bottleneck_rooms,local_metric_global_bottleneck,bottleneck_route,gaussian_sensory,temporal_full,one_hot,0,lin_block_r1_l8,1,8,8,independent_blocks,2,0.6666666666666666,0.0,nan,0.0,nan,0.0
bottleneck_rooms,local_metric_global_bottleneck,bottleneck_route,gaussian_sensory,temporal_full,one_hot,0,lin_block_r3_l2,3,2,4,independent_blocks,2,0.6666666666666667,0.13333333333333333,nan,0.0,nan,0.0
bottleneck_rooms,local_metric_global_bottleneck,bottleneck_route,gaussian_sensory,temporal_full,one_hot,0,lin_block_r3_l4,3,4,6,independent_blocks,2,0.7,0.1,nan,0.0,nan,0.0
bottleneck_rooms,local_metric_global_bottleneck,bottleneck_route,gaussian_sensory,temporal_full,one_hot,0,lin_block_r3_l8,3,8,10,independent_blocks,2,0.6666666666666666,0.0,nan,0.0,nan,0.0
bottleneck_rooms,local_metric_global_bottleneck,bottleneck_route,gaussian_sensory,temporal_full,one_hot,0,lin_block_r5_l2,5,2,6,independent_blocks,2,0.7,0.1,nan,0.0,nan,0.0
bottleneck_rooms,local_metric_global_bottleneck,bottleneck_route,gaussian_sensory,temporal_full,one_hot,0,lin_block_r5_l4,5,4,8,independent_blocks,2,0.5666666666666667,0.09999999999999998,nan,0.0,nan,0.0
bottleneck_rooms,local_metric_global_bottleneck,bottleneck_route,gaussian_sensory,temporal_full,one_hot,0,lin_block_r5_l8,5,8,12,independent_blocks,2,0.6666666666666666,0.0,nan,0.0,nan,0.0
bottleneck_rooms,local_metric_global_bottleneck,bottleneck_route,gaussian_sensory,temporal_full,one_hot,0,lin_sequence_all_units_r3_l4,3,4,6,all_units,6,0.5222222222222223,0.04993823345387606,0.27777777777777773,0.05282161921779874,nan,0.0
bottleneck_rooms,local_metric_global_bottleneck,bottleneck_route,gaussian_sensory,temporal_full,one_hot,0,lin_sequence_front_bands_r1_l2,1,2,2,front_bands,6,0.5444444444444444,0.03181738014061412,0.2888888888888889,0.06126243889817877,nan,0.0
bottleneck_rooms,local_metric_global_bottleneck,bottleneck_route,gaussian_sensory,temporal_full,one_hot,0,lin_sequence_front_bands_r1_l4,1,4,4,front_bands,6,0.5555555555555556,0.03296088216486961,0.27777777777777773,0.09175921254250036,nan,0.0
bottleneck_rooms,local_metric_global_bottleneck,bottleneck_route,gaussian_sensory,temporal_full,one_hot,0,lin_sequence_front_bands_r1_l8,1,8,8,front_bands,6,0.5666666666666667,0.03751542892474251,0.27777777777777773,0.06305004870716048,nan,0.0
bottleneck_rooms,local_metric_global_bottleneck,bottleneck_route,gaussian_sensory,temporal_full,one_hot,0,lin_sequence_front_bands_r3_l2,3,2,4,front_bands,6,0.6222222222222221,0.04097575314352394,0.3333333333333333,0.051639777949432225,nan,0.0
bottleneck_rooms,local_metric_global_bottleneck,bottleneck_route,gaussian_sensory,temporal_full,one_hot,0,lin_sequence_front_bands_r3_l4,3,4,6,front_bands,6,0.5666666666666667,0.028544961285922505,0.35555555555555557,0.06126243889817877,nan,0.0
bottleneck_rooms,local_metric_global_bottleneck,bottleneck_route,gaussian_sensory,temporal_full,one_hot,0,lin_sequence_front_bands_r3_l8,3,8,10,front_bands,6,0.5555555555555556,0.037184890068181126,0.3444444444444444,0.046877829132731086,nan,0.0
bottleneck_rooms,local_metric_global_bottleneck,bottleneck_route,gaussian_sensory,temporal_full,one_hot,0,lin_sequence_front_bands_r5_l2,5,2,6,front_bands,6,0.611111111111111,0.02675909906398288,0.3111111111111111,0.05067446333773947,nan,0.0
bottleneck_rooms,local_metric_global_bottleneck,bottleneck_route,gaussian_sensory,temporal_full,one_hot,0,lin_sequence_front_bands_r5_l4,5,4,8,front_bands,6,0.5555555555555556,0.03296088216486961,0.17777777777777778,0.044444444444444446,nan,0.0
bottleneck_rooms,local_metric_global_bottleneck,bottleneck_route,gaussian_sensory,temporal_full,one_hot,0,lin_sequence_front_bands_r5_l8,5,8,12,front_bands,6,0.5555555555555555,0.02810913475705226,0.18888888888888888,0.011111111111111115,nan,0.0
bottleneck_rooms,local_metric_global_bottleneck,bottleneck_route,gaussian_sensory,temporal_full,one_hot,0,memoryless_linear,,,,,2,0.7333333333333334,0.06666666666666671,0.23333333333333334,0.033333333333333326,nan,0.0
bottleneck_rooms,local_metric_global_bottleneck,bottleneck_route,gaussian_sensory,temporal_full,one_hot,0,memoryless_mlp,,,,,2,0.7333333333333334,0.06666666666666671,0.23333333333333334,0.033333333333333326,nan,0.0
bottleneck_rooms,local_metric_global_bottleneck,bottleneck_route,gaussian_sensory,temporal_full,one_hot,0,numpy_rnn,,,,,2,0.6333333333333333,0.09999999999999998,0.23333333333333334,0.033333333333333326,nan,0.0
bottleneck_rooms,local_metric_global_bottleneck,bottleneck_route,gaussian_sensory,temporal_full,one_hot,0,reservoir_block_hybrid,,,,,6,0.5555555555555556,0.05879447357921311,0.3,0.0447213595499958,nan,0.0
bottleneck_rooms,local_metric_global_bottleneck,bottleneck_route,gaussian_sensory,temporal_full,one_hot,0,reservoir_diagonal,,,,,6,0.7888888888888889,0.04687782913273109,0.4444444444444444,0.05351819812796576,nan,0.0
bottleneck_rooms,local_metric_global_bottleneck,bottleneck_route,gaussian_sensory,temporal_full,one_hot,0,reservoir_low_rank,,,,,6,0.6,0.03849001794597505,0.3222222222222222,0.04993823345387607,nan,0.0
bottleneck_rooms,local_metric_global_bottleneck,bottleneck_route,gaussian_sensory,temporal_full,one_hot,0,reservoir_nilpotent,,,,,6,0.5111111111111111,0.03296088216486961,0.19999999999999998,0.07503085784948504,nan,0.0
bottleneck_rooms,local_metric_global_bottleneck,bottleneck_route,gaussian_sensory,temporal_full,one_hot,0,reservoir_orthogonal,,,,,6,0.5888888888888888,0.0718365772233094,0.3,0.07044829992954382,nan,0.0
bottleneck_rooms,local_metric_global_bottleneck,bottleneck_route,gaussian_sensory,temporal_full,one_hot,0,reservoir_oscillatory,,,,,6,0.5666666666666667,0.028544961285922505,0.26666666666666666,0.06666666666666668,nan,0.0
bottleneck_rooms,local_metric_global_bottleneck,bottleneck_route,gaussian_sensory,temporal_full,one_hot,0,reservoir_random,,,,,6,0.6,0.03849001794597505,0.3,0.050917507721731564,nan,0.0
bottleneck_rooms,local_metric_global_bottleneck,bottleneck_route,gaussian_sensory,temporal_full,one_hot,0,reservoir_sparse,,,,,6,0.5666666666666668,0.033333333333333326,0.3333333333333333,0.05708992257184503,nan,0.0
bottleneck_rooms,local_metric_global_bottleneck,bottleneck_route,gaussian_sensory,temporal_full,one_hot,0,reservoir_symmetric,,,,,6,0.5666666666666667,0.033333333333333326,0.3333333333333333,0.059628479399994404,nan,0.0
clamped_lattice,locally_metric_bounded,metric_landmark,gaussian_sensory,temporal_cue_then_blank,embedding,8,lin_block_r1_l2,1,2,2,independent_blocks,2,0.75,0.022727272727272704,nan,0.0,nan,0.0
clamped_lattice,locally_metric_bounded,metric_landmark,gaussian_sensory,temporal_cue_then_blank,embedding,8,lin_block_r1_l4,1,4,4,independent_blocks,2,0.9772727272727273,0.022727272727272704,nan,0.0,nan,0.0
clamped_lattice,locally_metric_bounded,metric_landmark,gaussian_sensory,temporal_cue_then_blank,embedding,8,lin_block_r1_l8,1,8,8,independent_blocks,2,0.8636363636363636,0.0,nan,0.0,nan,0.0
clamped_lattice,locally_metric_bounded,metric_landmark,gaussian_sensory,temporal_cue_then_blank,embedding,8,lin_block_r3_l2,3,2,4,independent_blocks,2,0.9772727272727273,0.022727272727272704,nan,0.0,nan,0.0
clamped_lattice,locally_metric_bounded,metric_landmark,gaussian_sensory,temporal_cue_then_blank,embedding,8,lin_block_r3_l4,3,4,6,independent_blocks,2,0.8181818181818181,0.09090909090909087,nan,0.0,nan,0.0
clamped_lattice,locally_metric_bounded,metric_landmark,gaussian_sensory,temporal_cue_then_blank,embedding,8,lin_block_r3_l8,3,8,10,independent_blocks,2,0.7727272727272727,0.09090909090909093,nan,0.0,nan,0.0
clamped_lattice,locally_metric_bounded,metric_landmark,gaussian_sensory,temporal_cue_then_blank,embedding,8,lin_block_r5_l2,5,2,6,independent_blocks,2,0.8636363636363636,0.09090909090909093,nan,0.0,nan,0.0
clamped_lattice,locally_metric_bounded,metric_landmark,gaussian_sensory,temporal_cue_then_blank,embedding,8,lin_block_r5_l4,5,4,8,independent_blocks,2,0.7272727272727273,0.09090909090909093,nan,0.0,nan,0.0
clamped_lattice,locally_metric_bounded,metric_landmark,gaussian_sensory,temporal_cue_then_blank,embedding,8,lin_block_r5_l8,5,8,12,independent_blocks,2,0.8181818181818181,0.1363636363636364,nan,0.0,nan,0.0
clamped_lattice,locally_metric_bounded,metric_landmark,gaussian_sensory,temporal_cue_then_blank,embedding,8,lin_sequence_all_units_r3_l4,3,4,6,all_units,6,0.9090909090909092,0.031051365957453336,0.5666666666666667,0.057251880124392224,nan,0.0
clamped_lattice,locally_metric_bounded,metric_landmark,gaussian_sensory,temporal_cue_then_blank,embedding,8,lin_sequence_front_bands_r1_l2,1,2,2,front_bands,6,0.7424242424242423,0.022473328748774748,0.09999999999999999,6.206335383118182e-18,nan,0.0
clamped_lattice,locally_metric_bounded,metric_landmark,gaussian_sensory,temporal_cue_then_blank,embedding,8,lin_sequence_front_bands_r1_l4,1,4,4,front_bands,6,0.8257575757575757,0.024664879691060168,0.6666666666666666,0.060092521257733164,nan,0.0
clamped_lattice,locally_metric_bounded,metric_landmark,gaussian_sensory,temporal_cue_then_blank,embedding,8,lin_sequence_front_bands_r1_l8,1,8,8,front_bands,6,0.8484848484848485,0.01515151515151514,0.5666666666666668,0.042163702135578386,nan,0.0
clamped_lattice,locally_metric_bounded,metric_landmark,gaussian_sensory,temporal_cue_then_blank,embedding,8,lin_sequence_front_bands_r3_l2,3,2,4,front_bands,6,0.8181818181818183,0.03711348095126028,0.5833333333333334,0.0737864787372622,nan,0.0
clamped_lattice,locally_metric_bounded,metric_landmark,gaussian_sensory,temporal_cue_then_blank,embedding,8,lin_sequence_front_bands_r3_l4,3,4,6,front_bands,6,0.9090909090909092,0.020327890704543543,0.7166666666666667,0.0421637021355784,nan,0.0
clamped_lattice,locally_metric_bounded,metric_landmark,gaussian_sensory,temporal_cue_then_blank,embedding,8,lin_sequence_front_bands_r3_l8,3,8,10,front_bands,6,0.8409090909090909,0.028142690334858646,0.4916666666666667,0.015365907428821485,nan,0.0
clamped_lattice,locally_metric_bounded,metric_landmark,gaussian_sensory,temporal_cue_then_blank,embedding,8,lin_sequence_front_bands_r5_l2,5,2,6,front_bands,6,0.8560606060606061,0.031962156226862104,0.6083333333333333,0.07350359023733315,nan,0.0
clamped_lattice,locally_metric_bounded,metric_landmark,gaussian_sensory,temporal_cue_then_blank,embedding,8,lin_sequence_front_bands_r5_l4,5,4,8,front_bands,6,0.8333333333333334,0.03249637968110185,0.5166666666666667,0.0557773351022717,nan,0.0
clamped_lattice,locally_metric_bounded,metric_landmark,gaussian_sensory,temporal_cue_then_blank,embedding,8,lin_sequence_front_bands_r5_l8,5,8,12,front_bands,6,0.8106060606060607,0.02731478238987871,0.4666666666666666,0.038005847503304616,nan,0.0
clamped_lattice,locally_metric_bounded,metric_landmark,gaussian_sensory,temporal_cue_then_blank,embedding,8,memoryless_linear,,,,,2,0.75,0.022727272727272704,0.1,0.0,nan,0.0
clamped_lattice,locally_metric_bounded,metric_landmark,gaussian_sensory,temporal_cue_then_blank,embedding,8,memoryless_mlp,,,,,2,0.75,0.022727272727272704,0.1,0.0,nan,0.0
clamped_lattice,locally_metric_bounded,metric_landmark,gaussian_sensory,temporal_cue_then_blank,embedding,8,numpy_rnn,,,,,2,0.7954545454545454,0.06818181818181818,0.275,0.175,nan,0.0
clamped_lattice,locally_metric_bounded,metric_landmark,gaussian_sensory,temporal_cue_then_blank,embedding,8,reservoir_block_hybrid,,,,,6,0.8181818181818182,0.042315878920511946,0.5000000000000001,0.08563488385776753,nan,0.0
clamped_lattice,locally_metric_bounded,metric_landmark,gaussian_sensory,temporal_cue_then_blank,embedding,8,reservoir_diagonal,,,,,6,0.8863636363636364,0.010163945352271763,0.5750000000000001,0.055901699437494755,nan,0.0
clamped_lattice,locally_metric_bounded,metric_landmark,gaussian_sensory,temporal_cue_then_blank,embedding,8,reservoir_low_rank,,,,,6,0.7727272727272726,0.031051365957453336,0.39999999999999997,0.08563488385776753,nan,0.0
clamped_lattice,locally_metric_bounded,metric_landmark,gaussian_sensory,temporal_cue_then_blank,embedding,8,reservoir_nilpotent,,,,,6,0.7954545454545455,0.032672513110375494,0.5583333333333332,0.07896905160321424,nan,0.0
clamped_lattice,locally_metric_bounded,metric_landmark,gaussian_sensory,temporal_cue_then_blank,embedding,8,reservoir_orthogonal,,,,,6,0.8030303030303031,0.0433873365553829,0.525,0.03818813079129866,nan,0.0
clamped_lattice,locally_metric_bounded,metric_landmark,gaussian_sensory,temporal_cue_then_blank,embedding,8,reservoir_oscillatory,,,,,6,0.8333333333333334,0.04494665749754948,0.5,0.042817441928883766,nan,0.0
clamped_lattice,locally_metric_bounded,metric_landmark,gaussian_sensory,temporal_cue_then_blank,embedding,8,reservoir_random,,,,,6,0.8560606060606061,0.037878787878787894,0.5750000000000001,0.07274384280931731,nan,0.0
clamped_lattice,locally_metric_bounded,metric_landmark,gaussian_sensory,temporal_cue_then_blank,embedding,8,reservoir_sparse,,,,,6,0.8257575757575757,0.02731478238987871,0.5583333333333333,0.035158371849548314,nan,0.0
clamped_lattice,locally_metric_bounded,metric_landmark,gaussian_sensory,temporal_cue_then_blank,embedding,8,reservoir_symmetric,,,,,6,0.8333333333333334,0.044946657497549475,0.5916666666666667,0.08506533436783231,nan,0.0
clamped_lattice,locally_metric_bounded,metric_landmark,gaussian_sensory,temporal_cue_then_blank,none,0,lin_block_r1_l2,1,2,2,independent_blocks,2,0.75,0.022727272727272704,nan,0.0,nan,0.0
clamped_lattice,locally_metric_bounded,metric_landmark,gaussian_sensory,temporal_cue_then_blank,none,0,lin_block_r1_l4,1,4,4,independent_blocks,2,0.9090909090909091,0.0,nan,0.0,nan,0.0
clamped_lattice,locally_metric_bounded,metric_landmark,gaussian_sensory,temporal_cue_then_blank,none,0,lin_block_r1_l8,1,8,8,independent_blocks,2,0.8181818181818181,0.04545454545454546,nan,0.0,nan,0.0
clamped_lattice,locally_metric_bounded,metric_landmark,gaussian_sensory,temporal_cue_then_blank,none,0,lin_block_r3_l2,3,2,4,independent_blocks,2,0.9090909090909091,0.0,nan,0.0,nan,0.0
clamped_lattice,locally_metric_bounded,metric_landmark,gaussian_sensory,temporal_cue_then_blank,none,0,lin_block_r3_l4,3,4,6,independent_blocks,2,0.8409090909090909,0.022727272727272704,nan,0.0,nan,0.0
clamped_lattice,locally_metric_bounded,metric_landmark,gaussian_sensory,temporal_cue_then_blank,none,0,lin_block_r3_l8,3,8,10,independent_blocks,2,0.7954545454545454,0.06818181818181818,nan,0.0,nan,0.0
clamped_lattice,locally_metric_bounded,metric_landmark,gaussian_sensory,temporal_cue_then_blank,none,0,lin_block_r5_l2,5,2,6,independent_blocks,2,0.8863636363636364,0.022727272727272704,nan,0.0,nan,0.0
clamped_lattice,locally_metric_bounded,metric_landmark,gaussian_sensory,temporal_cue_then_blank,none,0,lin_block_r5_l4,5,4,8,independent_blocks,2,0.7954545454545454,0.06818181818181818,nan,0.0,nan,0.0
clamped_lattice,locally_metric_bounded,metric_landmark,gaussian_sensory,temporal_cue_then_blank,none,0,lin_block_r5_l8,5,8,12,independent_blocks,2,0.7954545454545454,0.06818181818181818,nan,0.0,nan,0.0
clamped_lattice,locally_metric_bounded,metric_landmark,gaussian_sensory,temporal_cue_then_blank,none,0,lin_sequence_all_units_r3_l4,3,4,6,all_units,6,0.8106060606060606,0.03787878787878787,0.4416666666666667,0.041666666666666685,nan,0.0
clamped_lattice,locally_metric_bounded,metric_landmark,gaussian_sensory,temporal_cue_then_blank,none,0,lin_sequence_front_bands_r1_l2,1,2,2,front_bands,6,0.7348484848484849,0.018244840270897424,0.09999999999999999,6.206335383118182e-18,nan,0.0
clamped_lattice,locally_metric_bounded,metric_landmark,gaussian_sensory,temporal_cue_then_blank,none,0,lin_sequence_front_bands_r1_l4,1,4,4,front_bands,6,0.8863636363636364,0.015525682978726653,0.24166666666666667,0.008333333333333331,nan,0.0
clamped_lattice,locally_metric_bounded,metric_landmark,gaussian_sensory,temporal_cue_then_blank,none,0,lin_sequence_front_bands_r1_l8,1,8,8,front_bands,6,0.7651515151515151,0.02169366827769146,0.3416666666666666,0.03745367509040706,nan,0.0
clamped_lattice,locally_metric_bounded,metric_landmark,gaussian_sensory,temporal_cue_then_blank,none,0,lin_sequence_front_bands_r3_l2,3,2,4,front_bands,6,0.8333333333333334,0.0303030303030303,0.25,0.022360679774997894,nan,0.0
clamped_lattice,locally_metric_bounded,metric_landmark,gaussian_sensory,temporal_cue_then_blank,none,0,lin_sequence_front_bands_r3_l4,3,4,6,front_bands,6,0.8030303030303031,0.0303030303030303,0.4166666666666667,0.0380058475033046,nan,0.0
clamped_lattice,locally_metric_bounded,metric_landmark,gaussian_sensory,temporal_cue_then_blank,none,0,lin_sequence_front_bands_r3_l8,3,8,10,front_bands,6,0.7348484848484849,0.027314782389878712,0.3666666666666667,0.0380058475033046,nan,0.0
clamped_lattice,locally_metric_bounded,metric_landmark,gaussian_sensory,temporal_cue_then_blank,none,0,lin_sequence_front_bands_r5_l2,5,2,6,front_bands,6,0.75,0.022727272727272742,0.40833333333333327,0.035158371849548314,nan,0.0
clamped_lattice,locally_metric_bounded,metric_landmark,gaussian_sensory,temporal_cue_then_blank,none,0,lin_sequence_front_bands_r5_l4,5,4,8,front_bands,6,0.7272727272727274,0.02347262634065102,0.3583333333333334,0.05230784942158406,nan,0.0
clamped_lattice,locally_metric_bounded,metric_landmark,gaussian_sensory,temporal_cue_then_blank,none,0,lin_sequence_front_bands_r5_l8,5,8,12,front_bands,6,0.7272727272727272,0.016597653257732315,0.31666666666666665,0.04944132324730442,nan,0.0
clamped_lattice,locally_metric_bounded,metric_landmark,gaussian_sensory,temporal_cue_then_blank,none,0,memoryless_linear,,,,,2,0.75,0.022727272727272704,0.1,0.0,nan,0.0
clamped_lattice,locally_metric_bounded,metric_landmark,gaussian_sensory,temporal_cue_then_blank,none,0,memoryless_mlp,,,,,2,0.75,0.022727272727272704,0.1,0.0,nan,0.0
clamped_lattice,locally_metric_bounded,metric_landmark,gaussian_sensory,temporal_cue_then_blank,none,0,numpy_rnn,,,,,2,0.75,0.022727272727272704,0.1,0.0,nan,0.0
clamped_lattice,locally_metric_bounded,metric_landmark,gaussian_sensory,temporal_cue_then_blank,none,0,reservoir_block_hybrid,,,,,6,0.7424242424242423,0.01916531915253564,0.35833333333333334,0.04362084109434134,nan,0.0
clamped_lattice,locally_metric_bounded,metric_landmark,gaussian_sensory,temporal_cue_then_blank,none,0,reservoir_diagonal,,,,,6,0.8181818181818182,0.020327890704543543,0.325,0.03354101966249684,nan,0.0
clamped_lattice,locally_metric_bounded,metric_landmark,gaussian_sensory,temporal_cue_then_blank,none,0,reservoir_low_rank,,,,,6,0.7196969696969697,0.04298866957306398,0.2333333333333333,0.047726070210921186,nan,0.0
clamped_lattice,locally_metric_bounded,metric_landmark,gaussian_sensory,temporal_cue_then_blank,none,0,reservoir_nilpotent,,,,,6,0.7348484848484849,0.02972941950052817,0.35000000000000003,0.05,nan,0.0
clamped_lattice,locally_metric_bounded,metric_landmark,gaussian_sensory,temporal_cue_then_blank,none,0,reservoir_orthogonal,,,,,6,0.7575757575757577,0.022473328748774748,0.3083333333333333,0.04362084109434134,nan,0.0
clamped_lattice,locally_metric_bounded,metric_landmark,gaussian_sensory,temporal_cue_then_blank,none,0,reservoir_oscillatory,,,,,6,0.734848484848485,0.01824484027089743,0.28333333333333327,0.04594682917363408,nan,0.0
clamped_lattice,locally_metric_bounded,metric_landmark,gaussian_sensory,temporal_cue_then_blank,none,0,reservoir_random,,,,,6,0.734848484848485,0.024664879691060168,0.3833333333333333,0.05109903238918631,nan,0.0
clamped_lattice,locally_metric_bounded,metric_landmark,gaussian_sensory,temporal_cue_then_blank,none,0,reservoir_sparse,,,,,6,0.7575757575757577,0.022473328748774737,0.425,0.0629152869605896,nan,0.0
clamped_lattice,locally_metric_bounded,metric_landmark,gaussian_sensory,temporal_cue_then_blank,none,0,reservoir_symmetric,,,,,6,0.856060606060606,0.02731478238987871,0.325,0.038188130791298666,nan,0.0
clamped_lattice,locally_metric_bounded,metric_landmark,gaussian_sensory,temporal_cue_then_blank,one_hot,0,lin_block_r1_l2,1,2,2,independent_blocks,2,0.75,0.022727272727272704,nan,0.0,nan,0.0
clamped_lattice,locally_metric_bounded,metric_landmark,gaussian_sensory,temporal_cue_then_blank,one_hot,0,lin_block_r1_l4,1,4,4,independent_blocks,2,0.9772727272727273,0.022727272727272704,nan,0.0,nan,0.0
clamped_lattice,locally_metric_bounded,metric_landmark,gaussian_sensory,temporal_cue_then_blank,one_hot,0,lin_block_r1_l8,1,8,8,independent_blocks,2,0.8636363636363636,0.0,nan,0.0,nan,0.0
clamped_lattice,locally_metric_bounded,metric_landmark,gaussian_sensory,temporal_cue_then_blank,one_hot,0,lin_block_r3_l2,3,2,4,independent_blocks,2,0.9772727272727273,0.022727272727272704,nan,0.0,nan,0.0
clamped_lattice,locally_metric_bounded,metric_landmark,gaussian_sensory,temporal_cue_then_blank,one_hot,0,lin_block_r3_l4,3,4,6,independent_blocks,2,0.8409090909090908,0.06818181818181818,nan,0.0,nan,0.0
clamped_lattice,locally_metric_bounded,metric_landmark,gaussian_sensory,temporal_cue_then_blank,one_hot,0,lin_block_r3_l8,3,8,10,independent_blocks,2,0.7727272727272727,0.09090909090909093,nan,0.0,nan,0.0
clamped_lattice,locally_metric_bounded,metric_landmark,gaussian_sensory,temporal_cue_then_blank,one_hot,0,lin_block_r5_l2,5,2,6,independent_blocks,2,0.8636363636363636,0.09090909090909093,nan,0.0,nan,0.0
clamped_lattice,locally_metric_bounded,metric_landmark,gaussian_sensory,temporal_cue_then_blank,one_hot,0,lin_block_r5_l4,5,4,8,independent_blocks,2,0.75,0.06818181818181823,nan,0.0,nan,0.0
clamped_lattice,locally_metric_bounded,metric_landmark,gaussian_sensory,temporal_cue_then_blank,one_hot,0,lin_block_r5_l8,5,8,12,independent_blocks,2,0.8181818181818181,0.1363636363636364,nan,0.0,nan,0.0
clamped_lattice,locally_metric_bounded,metric_landmark,gaussian_sensory,temporal_cue_then_blank,one_hot,0,lin_sequence_all_units_r3_l4,3,4,6,all_units,6,0.9469696969696969,0.024664879691060165,0.6,0.022360679774997887,nan,0.0
clamped_lattice,locally_metric_bounded,metric_landmark,gaussian_sensory,temporal_cue_then_blank,one_hot,0,lin_sequence_front_bands_r1_l2,1,2,2,front_bands,6,0.7348484848484849,0.027314782389878712,0.09999999999999999,0.018257418583505537,nan,0.0
clamped_lattice,locally_metric_bounded,metric_landmark,gaussian_sensory,temporal_cue_then_blank,one_hot,0,lin_sequence_front_bands_r1_l4,1,4,4,front_bands,6,0.9015151515151515,0.03787878787878789,0.6583333333333333,0.05540256712864888,nan,0.0
clamped_lattice,locally_metric_bounded,metric_landmark,gaussian_sensory,temporal_cue_then_blank,one_hot,0,lin_sequence_front_bands_r1_l8,1,8,8,front_bands,6,0.8787878787878789,0.030303030303030314,0.5833333333333333,0.021081851067789193,nan,0.0
clamped_lattice,locally_metric_bounded,metric_landmark,gaussian_sensory,temporal_cue_then_blank,one_hot,0,lin_sequence_front_bands_r3_l2,3,2,4,front_bands,6,0.8257575757575757,0.02731478238987871,0.5750000000000001,0.07826237921249264,nan,0.0
clamped_lattice,locally_metric_bounded,metric_landmark,gaussian_sensory,temporal_cue_then_blank,one_hot,0,lin_sequence_front_bands_r3_l4,3,4,6,front_bands,6,0.9090909090909092,0.016597653257732315,0.5833333333333333,0.038005847503304595,nan,0.0
clamped_lattice,locally_metric_bounded,metric_landmark,gaussian_sensory,temporal_cue_then_blank,one_hot,0,lin_sequence_front_bands_r3_l8,3,8,10,front_bands,6,0.8560606060606061,0.021693668277691442,0.5,0.0316227766016838,nan,0.0
clamped_lattice,locally_metric_bounded,metric_landmark,gaussian_sensory,temporal_cue_then_blank,one_hot,0,lin_sequence_front_bands_r5_l2,5,2,6,front_bands,6,0.8333333333333334,0.025353334137396225,0.4583333333333333,0.05540256712864887,nan,0.0
clamped_lattice,locally_metric_bounded,metric_landmark,gaussian_sensory,temporal_cue_then_blank,one_hot,0,lin_sequence_front_bands_r5_l4,5,4,8,front_bands,6,0.7651515151515152,0.03601474037577187,0.4416666666666667,0.030046260628866582,nan,0.0
clamped_lattice,locally_metric_bounded,metric_landmark,gaussian_sensory,temporal_cue_then_blank,one_hot,0,lin_sequence_front_bands_r5_l8,5,8,12,front_bands,6,0.7954545454545454,0.01946247360403808,0.4833333333333334,0.0557773351022717,nan,0.0
clamped_lattice,locally_metric_bounded,metric_landmark,gaussian_sensory,temporal_cue_then_blank,one_hot,0,memoryless_linear,,,,,2,0.75,0.022727272727272704,0.1,0.0,nan,0.0
clamped_lattice,locally_metric_bounded,metric_landmark,gaussian_sensory,temporal_cue_then_blank,one_hot,0,memoryless_mlp,,,,,2,0.75,0.022727272727272704,0.1,0.0,nan,0.0
clamped_lattice,locally_metric_bounded,metric_landmark,gaussian_sensory,temporal_cue_then_blank,one_hot,0,numpy_rnn,,,,,2,0.75,0.022727272727272704,0.1,0.0,nan,0.0
clamped_lattice,locally_metric_bounded,metric_landmark,gaussian_sensory,temporal_cue_then_blank,one_hot,0,reservoir_block_hybrid,,,,,6,0.8484848484848483,0.030303030303030314,0.4833333333333334,0.07031674369909663,nan,0.0
clamped_lattice,locally_metric_bounded,metric_landmark,gaussian_sensory,temporal_cue_then_blank,one_hot,0,reservoir_diagonal,,,,,6,0.8863636363636364,0.034716482537544245,0.65,0.05627314338711378,nan,0.0
clamped_lattice,locally_metric_bounded,metric_landmark,gaussian_sensory,temporal_cue_then_blank,one_hot,0,reservoir_low_rank,,,,,6,0.787878787878788,0.02247332874877474,0.3333333333333333,0.06666666666666668,nan,0.0
clamped_lattice,locally_metric_bounded,metric_landmark,gaussian_sensory,temporal_cue_then_blank,one_hot,0,reservoir_nilpotent,,,,,6,0.8030303030303031,0.043387336555382905,0.5,0.05773502691896258,nan,0.0
clamped_lattice,locally_metric_bounded,metric_landmark,gaussian_sensory,temporal_cue_then_blank,one_hot,0,reservoir_orthogonal,,,,,6,0.8333333333333334,0.022473328748774734,0.5083333333333334,0.03961621441334904,nan,0.0
clamped_lattice,locally_metric_bounded,metric_landmark,gaussian_sensory,temporal_cue_then_blank,one_hot,0,reservoir_oscillatory,,,,,6,0.8712121212121212,0.02731478238987871,0.4750000000000001,0.049581582602145055,nan,0.0
clamped_lattice,locally_metric_bounded,metric_landmark,gaussian_sensory,temporal_cue_then_blank,one_hot,0,reservoir_random,,,,,6,0.7954545454545455,0.04190702026042223,0.5166666666666667,0.030731814857642967,nan,0.0
clamped_lattice,locally_metric_bounded,metric_landmark,gaussian_sensory,temporal_cue_then_blank,one_hot,0,reservoir_sparse,,,,,6,0.8030303030303031,0.038330638305071274,0.5166666666666667,0.07031674369909661,nan,0.0
clamped_lattice,locally_metric_bounded,metric_landmark,gaussian_sensory,temporal_cue_then_blank,one_hot,0,reservoir_symmetric,,,,,6,0.8484848484848485,0.027938013506948137,0.6333333333333333,0.06666666666666667,nan,0.0
clamped_lattice,locally_metric_bounded,metric_landmark,gaussian_sensory,temporal_dropout,embedding,8,lin_block_r1_l2,1,2,2,independent_blocks,2,0.7954545454545454,0.06818181818181818,nan,0.0,nan,0.0
clamped_lattice,locally_metric_bounded,metric_landmark,gaussian_sensory,temporal_dropout,embedding,8,lin_block_r1_l4,1,4,4,independent_blocks,2,0.6590909090909091,0.022727272727272704,nan,0.0,nan,0.0
clamped_lattice,locally_metric_bounded,metric_landmark,gaussian_sensory,temporal_dropout,embedding,8,lin_block_r1_l8,1,8,8,independent_blocks,2,0.6818181818181819,0.04545454545454546,nan,0.0,nan,0.0
clamped_lattice,locally_metric_bounded,metric_landmark,gaussian_sensory,temporal_dropout,embedding,8,lin_block_r3_l2,3,2,4,independent_blocks,2,0.4772727272727273,0.02272727272727273,nan,0.0,nan,0.0
clamped_lattice,locally_metric_bounded,metric_landmark,gaussian_sensory,temporal_dropout,embedding,8,lin_block_r3_l4,3,4,6,independent_blocks,2,0.5909090909090908,0.09090909090909087,nan,0.0,nan,0.0
clamped_lattice,locally_metric_bounded,metric_landmark,gaussian_sensory,temporal_dropout,embedding,8,lin_block_r3_l8,3,8,10,independent_blocks,2,0.7272727272727273,0.04545454545454546,nan,0.0,nan,0.0
clamped_lattice,locally_metric_bounded,metric_landmark,gaussian_sensory,temporal_dropout,embedding,8,lin_block_r5_l2,5,2,6,independent_blocks,2,0.7272727272727273,0.0,nan,0.0,nan,0.0
clamped_lattice,locally_metric_bounded,metric_landmark,gaussian_sensory,temporal_dropout,embedding,8,lin_block_r5_l4,5,4,8,independent_blocks,2,0.7272727272727273,0.09090909090909093,nan,0.0,nan,0.0
clamped_lattice,locally_metric_bounded,metric_landmark,gaussian_sensory,temporal_dropout,embedding,8,lin_block_r5_l8,5,8,12,independent_blocks,2,0.7272727272727273,0.04545454545454546,nan,0.0,nan,0.0
clamped_lattice,locally_metric_bounded,metric_landmark,gaussian_sensory,temporal_dropout,embedding,8,lin_sequence_all_units_r3_l4,3,4,6,all_units,6,0.75,0.022727272727272742,0.4166666666666667,0.060092521257733164,nan,0.0
clamped_lattice,locally_metric_bounded,metric_landmark,gaussian_sensory,temporal_dropout,embedding,8,lin_sequence_front_bands_r1_l2,1,2,2,front_bands,6,0.6742424242424242,0.04298866957306398,0.19999999999999996,0.025819888974716113,nan,0.0
clamped_lattice,locally_metric_bounded,metric_landmark,gaussian_sensory,temporal_dropout,embedding,8,lin_sequence_front_bands_r1_l4,1,4,4,front_bands,6,0.7045454545454546,0.030491836056815325,0.38333333333333336,0.030731814857642967,nan,0.0
clamped_lattice,locally_metric_bounded,metric_landmark,gaussian_sensory,temporal_dropout,embedding,8,lin_sequence_front_bands_r1_l8,1,8,8,front_bands,6,0.7348484848484849,0.027314782389878712,0.3333333333333333,0.0380058475033046,nan,0.0
clamped_lattice,locally_metric_bounded,metric_landmark,gaussian_sensory,temporal_dropout,embedding,8,lin_sequence_front_bands_r3_l2,3,2,4,front_bands,6,0.7348484848484849,0.03965531008576486,0.3666666666666667,0.030731814857642967,nan,0.0
clamped_lattice,locally_metric_bounded,metric_landmark,gaussian_sensory,temporal_dropout,embedding,8,lin_sequence_front_bands_r3_l4,3,4,6,front_bands,6,0.6893939393939393,0.03965531008576486,0.3833333333333333,0.03574601764921203,nan,0.0
clamped_lattice,locally_metric_bounded,metric_landmark,gaussian_sensory,temporal_dropout,embedding,8,lin_sequence_front_bands_r3_l8,3,8,10,front_bands,6,0.6363636363636362,0.038924947208076155,0.3416666666666666,0.05540256712864888,nan,0.0
clamped_lattice,locally_metric_bounded,metric_landmark,gaussian_sensory,temporal_dropout,embedding,8,lin_sequence_front_bands_r5_l2,5,2,6,front_bands,6,0.6818181818181818,0.020327890704543543,0.31666666666666665,0.04216370213557839,nan,0.0
clamped_lattice,locally_metric_bounded,metric_landmark,gaussian_sensory,temporal_dropout,embedding,8,lin_sequence_front_bands_r5_l4,5,4,8,front_bands,6,0.7348484848484849,0.02731478238987873,0.44166666666666665,0.045491146879853936,nan,0.0
clamped_lattice,locally_metric_bounded,metric_landmark,gaussian_sensory,temporal_dropout,embedding,8,lin_sequence_front_bands_r5_l8,5,8,12,front_bands,6,0.712121212121212,0.019165319152535637,0.2833333333333333,0.03333333333333333,nan,0.0
clamped_lattice,locally_metric_bounded,metric_landmark,gaussian_sensory,temporal_dropout,embedding,8,memoryless_linear,,,,,2,0.7727272727272727,0.0,0.275,0.024999999999999994,nan,0.0
clamped_lattice,locally_metric_bounded,metric_landmark,gaussian_sensory,temporal_dropout,embedding,8,memoryless_mlp,,,,,2,0.7727272727272727,0.0,0.275,0.024999999999999994,nan,0.0
clamped_lattice,locally_metric_bounded,metric_landmark,gaussian_sensory,temporal_dropout,embedding,8,numpy_rnn,,,,,2,0.7954545454545454,0.06818181818181818,0.25,0.15,nan,0.0
clamped_lattice,locally_metric_bounded,metric_landmark,gaussian_sensory,temporal_dropout,embedding,8,reservoir_block_hybrid,,,,,6,0.6590909090909091,0.05081972676135886,0.26666666666666666,0.04216370213557839,nan,0.0
clamped_lattice,locally_metric_bounded,metric_landmark,gaussian_sensory,temporal_dropout,embedding,8,reservoir_diagonal,,,,,6,0.7424242424242423,0.038330638305071274,0.30833333333333335,0.04166666666666667,nan,0.0
clamped_lattice,locally_metric_bounded,metric_landmark,gaussian_sensory,temporal_dropout,embedding,8,reservoir_low_rank,,,,,6,0.6136363636363636,0.010163945352271763,0.2333333333333333,0.042163702135578386,nan,0.0
clamped_lattice,locally_metric_bounded,metric_landmark,gaussian_sensory,temporal_dropout,embedding,8,reservoir_nilpotent,,,,,6,0.6515151515151515,0.041769844703303714,0.3,0.022360679774997904,nan,0.0
clamped_lattice,locally_metric_bounded,metric_landmark,gaussian_sensory,temporal_dropout,embedding,8,reservoir_orthogonal,,,,,6,0.6893939393939394,0.03601474037577187,0.31666666666666665,0.07149203529842406,nan,0.0
clamped_lattice,locally_metric_bounded,metric_landmark,gaussian_sensory,temporal_dropout,embedding,8,reservoir_oscillatory,,,,,6,0.7045454545454546,0.01946247360403808,0.26666666666666666,0.03073181485764296,nan,0.0
clamped_lattice,locally_metric_bounded,metric_landmark,gaussian_sensory,temporal_dropout,embedding,8,reservoir_random,,,,,6,0.7424242424242425,0.0433873365553829,0.4083333333333334,0.03270236145058099,nan,0.0
clamped_lattice,locally_metric_bounded,metric_landmark,gaussian_sensory,temporal_dropout,embedding,8,reservoir_sparse,,,,,6,0.712121212121212,0.030303030303030314,0.2916666666666667,0.02006932429798716,nan,0.0
clamped_lattice,locally_metric_bounded,metric_landmark,gaussian_sensory,temporal_dropout,embedding,8,reservoir_symmetric,,,,,6,0.712121212121212,0.03833063830507128,0.325,0.047871355387816915,nan,0.0
clamped_lattice,locally_metric_bounded,metric_landmark,gaussian_sensory,temporal_dropout,none,0,lin_block_r1_l2,1,2,2,independent_blocks,2,0.7272727272727273,0.04545454545454546,nan,0.0,nan,0.0
clamped_lattice,locally_metric_bounded,metric_landmark,gaussian_sensory,temporal_dropout,none,0,lin_block_r1_l4,1,4,4,independent_blocks,2,0.5227272727272727,0.022727272727272704,nan,0.0,nan,0.0
clamped_lattice,locally_metric_bounded,metric_landmark,gaussian_sensory,temporal_dropout,none,0,lin_block_r1_l8,1,8,8,independent_blocks,2,0.5909090909090909,0.13636363636363635,nan,0.0,nan,0.0
clamped_lattice,locally_metric_bounded,metric_landmark,gaussian_sensory,temporal_dropout,none,0,lin_block_r3_l2,3,2,4,independent_blocks,2,0.5681818181818181,0.022727272727272763,nan,0.0,nan,0.0
clamped_lattice,locally_metric_bounded,metric_landmark,gaussian_sensory,temporal_dropout,none,0,lin_block_r3_l4,3,4,6,independent_blocks,2,0.6136363636363636,0.022727272727272704,nan,0.0,nan,0.0
clamped_lattice,locally_metric_bounded,metric_landmark,gaussian_sensory,temporal_dropout,none,0,lin_block_r3_l8,3,8,10,independent_blocks,2,0.6363636363636364,0.09090909090909093,nan,0.0,nan,0.0
clamped_lattice,locally_metric_bounded,metric_landmark,gaussian_sensory,temporal_dropout,none,0,lin_block_r5_l2,5,2,6,independent_blocks,2,0.6363636363636364,0.04545454545454541,nan,0.0,nan,0.0
clamped_lattice,locally_metric_bounded,metric_landmark,gaussian_sensory,temporal_dropout,none,0,lin_block_r5_l4,5,4,8,independent_blocks,2,0.6363636363636364,0.04545454545454541,nan,0.0,nan,0.0
clamped_lattice,locally_metric_bounded,metric_landmark,gaussian_sensory,temporal_dropout,none,0,lin_block_r5_l8,5,8,12,independent_blocks,2,0.6590909090909092,0.06818181818181818,nan,0.0,nan,0.0
clamped_lattice,locally_metric_bounded,metric_landmark,gaussian_sensory,temporal_dropout,none,0,lin_sequence_all_units_r3_l4,3,4,6,all_units,6,0.6363636363636364,0.03520893951097652,0.2916666666666667,0.030046260628866582,nan,0.0
clamped_lattice,locally_metric_bounded,metric_landmark,gaussian_sensory,temporal_dropout,none,0,lin_sequence_front_bands_r1_l2,1,2,2,front_bands,6,0.5757575757575758,0.015151515151515159,0.2833333333333334,0.027888667551135848,nan,0.0
clamped_lattice,locally_metric_bounded,metric_landmark,gaussian_sensory,temporal_dropout,none,0,lin_sequence_front_bands_r1_l4,1,4,4,front_bands,6,0.6590909090909091,0.04190702026042223,0.35833333333333334,0.015365907428821489,nan,0.0
clamped_lattice,locally_metric_bounded,metric_landmark,gaussian_sensory,temporal_dropout,none,0,lin_sequence_front_bands_r1_l8,1,8,8,front_bands,6,0.6590909090909091,0.028142690334858663,0.2833333333333333,0.0380058475033046,nan,0.0
clamped_lattice,locally_metric_bounded,metric_landmark,gaussian_sensory,temporal_dropout,none,0,lin_sequence_front_bands_r3_l2,3,2,4,front_bands,6,0.6666666666666666,0.038330638305071274,0.24999999999999997,0.03162277660168379,nan,0.0
clamped_lattice,locally_metric_bounded,metric_landmark,gaussian_sensory,temporal_dropout,none,0,lin_sequence_front_bands_r3_l4,3,4,6,front_bands,6,0.6893939393939393,0.02169366827769145,0.27499999999999997,0.024999999999999998,nan,0.0
clamped_lattice,locally_metric_bounded,metric_landmark,gaussian_sensory,temporal_dropout,none,0,lin_sequence_front_bands_r3_l8,3,8,10,front_bands,6,0.7045454545454546,0.04190702026042223,0.2833333333333333,0.03073181485764296,nan,0.0
clamped_lattice,locally_metric_bounded,metric_landmark,gaussian_sensory,temporal_dropout,none,0,lin_sequence_front_bands_r5_l2,5,2,6,front_bands,6,0.6893939393939393,0.051715297472351554,0.2916666666666667,0.047287536530370364,nan,0.0
clamped_lattice,locally_metric_bounded,metric_landmark,gaussian_sensory,temporal_dropout,none,0,lin_sequence_front_bands_r5_l4,5,4,8,front_bands,6,0.6363636363636364,0.026243194054073903,0.31666666666666665,0.0380058475033046,nan,0.0
clamped_lattice,locally_metric_bounded,metric_landmark,gaussian_sensory,temporal_dropout,none,0,lin_sequence_front_bands_r5_l8,5,8,12,front_bands,6,0.6969696969696969,0.025353334137396225,0.30833333333333335,0.0746287105907937,nan,0.0
clamped_lattice,locally_metric_bounded,metric_landmark,gaussian_sensory,temporal_dropout,none,0,memoryless_linear,,,,,2,0.75,0.022727272727272704,0.3,0.0,nan,0.0
clamped_lattice,locally_metric_bounded,metric_landmark,gaussian_sensory,temporal_dropout,none,0,memoryless_mlp,,,,,2,0.75,0.022727272727272704,0.3,0.0,nan,0.0
clamped_lattice,locally_metric_bounded,metric_landmark,gaussian_sensory,temporal_dropout,none,0,numpy_rnn,,,,,2,0.75,0.022727272727272704,0.1,0.0,nan,0.0
clamped_lattice,locally_metric_bounded,metric_landmark,gaussian_sensory,temporal_dropout,none,0,reservoir_block_hybrid,,,,,6,0.6893939393939394,0.02731478238987871,0.3083333333333333,0.03961621441334904,nan,0.0
clamped_lattice,locally_metric_bounded,metric_landmark,gaussian_sensory,temporal_dropout,none,0,reservoir_diagonal,,,,,6,0.6818181818181818,0.031051365957453336,0.27499999999999997,0.024999999999999998,nan,0.0
clamped_lattice,locally_metric_bounded,metric_landmark,gaussian_sensory,temporal_dropout,none,0,reservoir_low_rank,,,,,6,0.6818181818181818,0.03319530651546462,0.25,0.012909944487358055,nan,0.0
clamped_lattice,locally_metric_bounded,metric_landmark,gaussian_sensory,temporal_dropout,none,0,reservoir_nilpotent,,,,,6,0.6515151515151515,0.036489680541794835,0.27499999999999997,0.04232808366400098,nan,0.0
clamped_lattice,locally_metric_bounded,metric_landmark,gaussian_sensory,temporal_dropout,none,0,reservoir_orthogonal,,,,,6,0.6590909090909091,0.04803293177014352,0.29166666666666663,0.05540256712864887,nan,0.0
clamped_lattice,locally_metric_bounded,metric_landmark,gaussian_sensory,temporal_dropout,none,0,reservoir_oscillatory,,,,,6,0.6969696969696969,0.027938013506948155,0.2916666666666667,0.023863035105460586,nan,0.0
clamped_lattice,locally_metric_bounded,metric_landmark,gaussian_sensory,temporal_dropout,none,0,reservoir_random,,,,,6,0.6590909090909091,0.034716482537544245,0.2833333333333333,0.04944132324730443,nan,0.0
clamped_lattice,locally_metric_bounded,metric_landmark,gaussian_sensory,temporal_dropout,none,0,reservoir_sparse,,,,,6,0.6136363636363636,0.01946247360403807,0.3,0.03651483716701108,nan,0.0
clamped_lattice,locally_metric_bounded,metric_landmark,gaussian_sensory,temporal_dropout,none,0,reservoir_symmetric,,,,,6,0.6818181818181818,0.052486388108147805,0.30000000000000004,0.02581988897471612,nan,0.0
clamped_lattice,locally_metric_bounded,metric_landmark,gaussian_sensory,temporal_dropout,one_hot,0,lin_block_r1_l2,1,2,2,independent_blocks,2,0.7954545454545454,0.06818181818181818,nan,0.0,nan,0.0
clamped_lattice,locally_metric_bounded,metric_landmark,gaussian_sensory,temporal_dropout,one_hot,0,lin_block_r1_l4,1,4,4,independent_blocks,2,0.6363636363636364,0.04545454545454541,nan,0.0,nan,0.0
clamped_lattice,locally_metric_bounded,metric_landmark,gaussian_sensory,temporal_dropout,one_hot,0,lin_block_r1_l8,1,8,8,independent_blocks,2,0.6818181818181819,0.04545454545454546,nan,0.0,nan,0.0
clamped_lattice,locally_metric_bounded,metric_landmark,gaussian_sensory,temporal_dropout,one_hot,0,lin_block_r3_l2,3,2,4,independent_blocks,2,0.40909090909090906,0.13636363636363635,nan,0.0,nan,0.0
clamped_lattice,locally_metric_bounded,metric_landmark,gaussian_sensory,temporal_dropout,one_hot,0,lin_block_r3_l4,3,4,6,independent_blocks,2,0.6136363636363635,0.06818181818181818,nan,0.0,nan,0.0
clamped_lattice,locally_metric_bounded,metric_landmark,gaussian_sensory,temporal_dropout,one_hot,0,lin_block_r3_l8,3,8,10,independent_blocks,2,0.6818181818181819,0.04545454545454546,nan,0.0,nan,0.0
clamped_lattice,locally_metric_bounded,metric_landmark,gaussian_sensory,temporal_dropout,one_hot,0,lin_block_r5_l2,5,2,6,independent_blocks,2,0.6363636363636364,0.09090909090909093,nan,0.0,nan,0.0
clamped_lattice,locally_metric_bounded,metric_landmark,gaussian_sensory,temporal_dropout,one_hot,0,lin_block_r5_l4,5,4,8,independent_blocks,2,0.6363636363636364,0.0,nan,0.0,nan,0.0
clamped_lattice,locally_metric_bounded,metric_landmark,gaussian_sensory,temporal_dropout,one_hot,0,lin_block_r5_l8,5,8,12,independent_blocks,2,0.7045454545454546,0.022727272727272763,nan,0.0,nan,0.0
clamped_lattice,locally_metric_bounded,metric_landmark,gaussian_sensory,temporal_dropout,one_hot,0,lin_sequence_all_units_r3_l4,3,4,6,all_units,6,0.6893939393939394,0.05036597011695354,0.3333333333333333,0.027888667551135858,nan,0.0
clamped_lattice,locally_metric_bounded,metric_landmark,gaussian_sensory,temporal_dropout,one_hot,0,lin_sequence_front_bands_r1_l2,1,2,2,front_bands,6,0.6742424242424243,0.02731478238987871,0.21666666666666667,0.010540925533894597,nan,0.0
clamped_lattice,locally_metric_bounded,metric_landmark,gaussian_sensory,temporal_dropout,one_hot,0,lin_sequence_front_bands_r1_l4,1,4,4,front_bands,6,0.7424242424242425,0.034550770457549645,0.45,0.028867513459481298,nan,0.0
clamped_lattice,locally_metric_bounded,metric_landmark,gaussian_sensory,temporal_dropout,one_hot,0,lin_sequence_front_bands_r1_l8,1,8,8,front_bands,6,0.7196969696969697,0.07368373585325959,0.42500000000000004,0.047871355387816915,nan,0.0
clamped_lattice,locally_metric_bounded,metric_landmark,gaussian_sensory,temporal_dropout,one_hot,0,lin_sequence_front_bands_r3_l2,3,2,4,front_bands,6,0.7196969696969697,0.044561942938947705,0.3333333333333333,0.03073181485764296,nan,0.0
clamped_lattice,locally_metric_bounded,metric_landmark,gaussian_sensory,temporal_dropout,one_hot,0,lin_sequence_front_bands_r3_l4,3,4,6,front_bands,6,0.6515151515151516,0.03648968054179485,0.3416666666666666,0.035158371849548314,nan,0.0
clamped_lattice,locally_metric_bounded,metric_landmark,gaussian_sensory,temporal_dropout,one_hot,0,lin_sequence_front_bands_r3_l8,3,8,10,front_bands,6,0.712121212121212,0.04008714107673622,0.32499999999999996,0.051234753829797995,nan,0.0
clamped_lattice,locally_metric_bounded,metric_landmark,gaussian_sensory,temporal_dropout,one_hot,0,lin_sequence_front_bands_r5_l2,5,2,6,front_bands,6,0.7196969696969696,0.03196215622686211,0.3416666666666666,0.015365907428821483,nan,0.0
clamped_lattice,locally_metric_bounded,metric_landmark,gaussian_sensory,temporal_dropout,one_hot,0,lin_sequence_front_bands_r5_l4,5,4,8,front_bands,6,0.7045454545454545,0.028142690334858646,0.35000000000000003,0.046547466812563144,nan,0.0
clamped_lattice,locally_metric_bounded,metric_landmark,gaussian_sensory,temporal_dropout,one_hot,0,lin_sequence_front_bands_r5_l8,5,8,12,front_bands,6,0.681818181818182,0.023472626340651014,0.30833333333333335,0.039616214413349046,nan,0.0
clamped_lattice,locally_metric_bounded,metric_landmark,gaussian_sensory,temporal_dropout,one_hot,0,memoryless_linear,,,,,2,0.7727272727272727,0.0,0.275,0.024999999999999994,nan,0.0
clamped_lattice,locally_metric_bounded,metric_landmark,gaussian_sensory,temporal_dropout,one_hot,0,memoryless_mlp,,,,,2,0.7727272727272727,0.0,0.275,0.024999999999999994,nan,0.0
clamped_lattice,locally_metric_bounded,metric_landmark,gaussian_sensory,temporal_dropout,one_hot,0,numpy_rnn,,,,,2,0.75,0.022727272727272704,0.1,0.0,nan,0.0
clamped_lattice,locally_metric_bounded,metric_landmark,gaussian_sensory,temporal_dropout,one_hot,0,reservoir_block_hybrid,,,,,6,0.712121212121212,0.049329759382120336,0.29166666666666663,0.03745367509040705,nan,0.0
clamped_lattice,locally_metric_bounded,metric_landmark,gaussian_sensory,temporal_dropout,one_hot,0,reservoir_diagonal,,,,,6,0.7348484848484849,0.03965531008576486,0.35833333333333334,0.027131367660166186,nan,0.0
clamped_lattice,locally_metric_bounded,metric_landmark,gaussian_sensory,temporal_dropout,one_hot,0,reservoir_low_rank,,,,,6,0.606060606060606,0.03648968054179483,0.25833333333333336,0.05387743291748206,nan,0.0
clamped_lattice,locally_metric_bounded,metric_landmark,gaussian_sensory,temporal_dropout,one_hot,0,reservoir_nilpotent,,,,,6,0.7196969696969696,0.03601474037577187,0.36666666666666664,0.030731814857642967,nan,0.0
clamped_lattice,locally_metric_bounded,metric_landmark,gaussian_sensory,temporal_dropout,one_hot,0,reservoir_orthogonal,,,,,6,0.6818181818181818,0.06943296507508849,0.3166666666666667,0.035746017649212036,nan,0.0
clamped_lattice,locally_metric_bounded,metric_landmark,gaussian_sensory,temporal_dropout,one_hot,0,reservoir_oscillatory,,,,,6,0.7348484848484849,0.013969006753474077,0.2833333333333333,0.027888667551135858,nan,0.0
clamped_lattice,locally_metric_bounded,metric_landmark,gaussian_sensory,temporal_dropout,one_hot,0,reservoir_random,,,,,6,0.7045454545454546,0.03049183605681531,0.325,0.04958158260214506,nan,0.0
clamped_lattice,locally_metric_bounded,metric_landmark,gaussian_sensory,temporal_dropout,one_hot,0,reservoir_sparse,,,,,6,0.6742424242424242,0.04608153432044106,0.4000000000000001,0.05773502691896258,nan,0.0
clamped_lattice,locally_metric_bounded,metric_landmark,gaussian_sensory,temporal_dropout,one_hot,0,reservoir_symmetric,,,,,6,0.7348484848484849,0.03965531008576486,0.325,0.05283622494715788,nan,0.0
clamped_lattice,locally_metric_bounded,metric_landmark,gaussian_sensory,temporal_full,embedding,8,lin_block_r1_l2,1,2,2,independent_blocks,2,0.7954545454545454,0.06818181818181818,nan,0.0,nan,0.0
clamped_lattice,locally_metric_bounded,metric_landmark,gaussian_sensory,temporal_full,embedding,8,lin_block_r1_l4,1,4,4,independent_blocks,2,0.7954545454545454,0.06818181818181818,nan,0.0,nan,0.0
clamped_lattice,locally_metric_bounded,metric_landmark,gaussian_sensory,temporal_full,embedding,8,lin_block_r1_l8,1,8,8,independent_blocks,2,0.7954545454545454,0.11363636363636363,nan,0.0,nan,0.0
clamped_lattice,locally_metric_bounded,metric_landmark,gaussian_sensory,temporal_full,embedding,8,lin_block_r3_l2,3,2,4,independent_blocks,2,0.7954545454545454,0.06818181818181818,nan,0.0,nan,0.0
clamped_lattice,locally_metric_bounded,metric_landmark,gaussian_sensory,temporal_full,embedding,8,lin_block_r3_l4,3,4,6,independent_blocks,2,0.75,0.06818181818181823,nan,0.0,nan,0.0
clamped_lattice,locally_metric_bounded,metric_landmark,gaussian_sensory,temporal_full,embedding,8,lin_block_r3_l8,3,8,10,independent_blocks,2,0.75,0.11363636363636363,nan,0.0,nan,0.0
clamped_lattice,locally_metric_bounded,metric_landmark,gaussian_sensory,temporal_full,embedding,8,lin_block_r5_l2,5,2,6,independent_blocks,2,0.7954545454545454,0.06818181818181818,nan,0.0,nan,0.0
clamped_lattice,locally_metric_bounded,metric_landmark,gaussian_sensory,temporal_full,embedding,8,lin_block_r5_l4,5,4,8,independent_blocks,2,0.75,0.06818181818181823,nan,0.0,nan,0.0
clamped_lattice,locally_metric_bounded,metric_landmark,gaussian_sensory,temporal_full,embedding,8,lin_block_r5_l8,5,8,12,independent_blocks,2,0.7954545454545454,0.11363636363636363,nan,0.0,nan,0.0
clamped_lattice,locally_metric_bounded,metric_landmark,gaussian_sensory,temporal_full,embedding,8,lin_sequence_all_units_r3_l4,3,4,6,all_units,6,0.6818181818181818,0.03319530651546462,0.40833333333333327,0.04166666666666667,nan,0.0
clamped_lattice,locally_metric_bounded,metric_landmark,gaussian_sensory,temporal_full,embedding,8,lin_sequence_front_bands_r1_l2,1,2,2,front_bands,6,0.7348484848484849,0.03965531008576486,0.4749999999999999,0.05283622494715788,nan,0.0
clamped_lattice,locally_metric_bounded,metric_landmark,gaussian_sensory,temporal_full,embedding,8,lin_sequence_front_bands_r1_l4,1,4,4,front_bands,6,0.712121212121212,0.03648968054179484,0.4833333333333332,0.05109903238918631,nan,0.0
clamped_lattice,locally_metric_bounded,metric_landmark,gaussian_sensory,temporal_full,embedding,8,lin_sequence_front_bands_r1_l8,1,8,8,front_bands,6,0.787878787878788,0.030303030303030314,0.45,0.054772255750516606,nan,0.0
clamped_lattice,locally_metric_bounded,metric_landmark,gaussian_sensory,temporal_full,embedding,8,lin_sequence_front_bands_r3_l2,3,2,4,front_bands,6,0.7424242424242425,0.027938013506948155,0.4166666666666667,0.04409585518440985,nan,0.0
clamped_lattice,locally_metric_bounded,metric_landmark,gaussian_sensory,temporal_full,embedding,8,lin_sequence_front_bands_r3_l4,3,4,6,front_bands,6,0.7196969696969697,0.024664879691060175,0.3166666666666667,0.04013864859597432,nan,0.0
clamped_lattice,locally_metric_bounded,metric_landmark,gaussian_sensory,temporal_full,embedding,8,lin_sequence_front_bands_r3_l8,3,8,10,front_bands,6,0.7651515151515151,0.02466487969106018,0.5000000000000001,0.04082482904638631,nan,0.0
clamped_lattice,locally_metric_bounded,metric_landmark,gaussian_sensory,temporal_full,embedding,8,lin_sequence_front_bands_r5_l2,5,2,6,front_bands,6,0.7348484848484848,0.031962156226862104,0.4916666666666667,0.030046260628866575,nan,0.0
clamped_lattice,locally_metric_bounded,metric_landmark,gaussian_sensory,temporal_full,embedding,8,lin_sequence_front_bands_r5_l4,5,4,8,front_bands,6,0.7727272727272728,0.016597653257732315,0.48333333333333334,0.03333333333333334,nan,0.0
clamped_lattice,locally_metric_bounded,metric_landmark,gaussian_sensory,temporal_full,embedding,8,lin_sequence_front_bands_r5_l8,5,8,12,front_bands,6,0.7803030303030303,0.04298866957306397,0.4583333333333334,0.020069324297987166,nan,0.0
clamped_lattice,locally_metric_bounded,metric_landmark,gaussian_sensory,temporal_full,embedding,8,memoryless_linear,,,,,2,0.7727272727272727,0.0,0.275,0.024999999999999994,nan,0.0
clamped_lattice,locally_metric_bounded,metric_landmark,gaussian_sensory,temporal_full,embedding,8,memoryless_mlp,,,,,2,0.7727272727272727,0.0,0.275,0.024999999999999994,nan,0.0
clamped_lattice,locally_metric_bounded,metric_landmark,gaussian_sensory,temporal_full,embedding,8,numpy_rnn,,,,,2,0.7954545454545454,0.022727272727272763,0.325,0.175,nan,0.0
clamped_lattice,locally_metric_bounded,metric_landmark,gaussian_sensory,temporal_full,embedding,8,reservoir_block_hybrid,,,,,6,0.7121212121212123,0.03833063830507128,0.5916666666666667,0.03745367509040704,nan,0.0
clamped_lattice,locally_metric_bounded,metric_landmark,gaussian_sensory,temporal_full,embedding,8,reservoir_diagonal,,,,,6,0.787878787878788,0.027938013506948155,0.525,0.07041543391425871,nan,0.0
clamped_lattice,locally_metric_bounded,metric_landmark,gaussian_sensory,temporal_full,embedding,8,reservoir_low_rank,,,,,6,0.6893939393939394,0.04897948447043823,0.43333333333333335,0.04409585518440985,nan,0.0
clamped_lattice,locally_metric_bounded,metric_landmark,gaussian_sensory,temporal_full,embedding,8,reservoir_nilpotent,,,,,6,0.7499999999999999,0.02557870153959718,0.4583333333333333,0.03270236145058097,nan,0.0
clamped_lattice,locally_metric_bounded,metric_landmark,gaussian_sensory,temporal_full,embedding,8,reservoir_orthogonal,,,,,6,0.6893939393939393,0.029729419500528154,0.46666666666666673,0.057251880124392224,nan,0.0
clamped_lattice,locally_metric_bounded,metric_landmark,gaussian_sensory,temporal_full,embedding,8,reservoir_oscillatory,,,,,6,0.712121212121212,0.015151515151515162,0.4666666666666666,0.04594682917363408,nan,0.0
clamped_lattice,locally_metric_bounded,metric_landmark,gaussian_sensory,temporal_full,embedding,8,reservoir_random,,,,,6,0.6969696969696971,0.015151515151515162,0.44999999999999996,0.05773502691896258,nan,0.0
clamped_lattice,locally_metric_bounded,metric_landmark,gaussian_sensory,temporal_full,embedding,8,reservoir_sparse,,,,,6,0.7348484848484849,0.051715297472351554,0.48333333333333334,0.030731814857642953,nan,0.0
clamped_lattice,locally_metric_bounded,metric_landmark,gaussian_sensory,temporal_full,embedding,8,reservoir_symmetric,,,,,6,0.75,0.019462473604038084,0.5166666666666667,0.05109903238918631,nan,0.0
clamped_lattice,locally_metric_bounded,metric_landmark,gaussian_sensory,temporal_full,none,0,lin_block_r1_l2,1,2,2,independent_blocks,2,0.7045454545454546,0.022727272727272763,nan,0.0,nan,0.0
clamped_lattice,locally_metric_bounded,metric_landmark,gaussian_sensory,temporal_full,none,0,lin_block_r1_l4,1,4,4,independent_blocks,2,0.7954545454545454,0.06818181818181818,nan,0.0,nan,0.0
clamped_lattice,locally_metric_bounded,metric_landmark,gaussian_sensory,temporal_full,none,0,lin_block_r1_l8,1,8,8,independent_blocks,2,0.7954545454545454,0.11363636363636363,nan,0.0,nan,0.0
clamped_lattice,locally_metric_bounded,metric_landmark,gaussian_sensory,temporal_full,none,0,lin_block_r3_l2,3,2,4,independent_blocks,2,0.7954545454545454,0.06818181818181818,nan,0.0,nan,0.0
clamped_lattice,locally_metric_bounded,metric_landmark,gaussian_sensory,temporal_full,none,0,lin_block_r3_l4,3,4,6,independent_blocks,2,0.75,0.06818181818181823,nan,0.0,nan,0.0
clamped_lattice,locally_metric_bounded,metric_landmark,gaussian_sensory,temporal_full,none,0,lin_block_r3_l8,3,8,10,independent_blocks,2,0.7727272727272727,0.13636363636363635,nan,0.0,nan,0.0
clamped_lattice,locally_metric_bounded,metric_landmark,gaussian_sensory,temporal_full,none,0,lin_block_r5_l2,5,2,6,independent_blocks,2,0.7954545454545454,0.06818181818181818,nan,0.0,nan,0.0
clamped_lattice,locally_metric_bounded,metric_landmark,gaussian_sensory,temporal_full,none,0,lin_block_r5_l4,5,4,8,independent_blocks,2,0.75,0.06818181818181823,nan,0.0,nan,0.0
clamped_lattice,locally_metric_bounded,metric_landmark,gaussian_sensory,temporal_full,none,0,lin_block_r5_l8,5,8,12,independent_blocks,2,0.7954545454545454,0.11363636363636363,nan,0.0,nan,0.0
clamped_lattice,locally_metric_bounded,metric_landmark,gaussian_sensory,temporal_full,none,0,lin_sequence_all_units_r3_l4,3,4,6,all_units,6,0.7272727272727274,0.01173631317032551,0.4916666666666667,0.030046260628866575,nan,0.0
clamped_lattice,locally_metric_bounded,metric_landmark,gaussian_sensory,temporal_full,none,0,lin_sequence_front_bands_r1_l2,1,2,2,front_bands,6,0.6136363636363636,0.01946247360403807,0.3916666666666666,0.06247221604663771,nan,0.0
clamped_lattice,locally_metric_bounded,metric_landmark,gaussian_sensory,temporal_full,none,0,lin_sequence_front_bands_r1_l4,1,4,4,front_bands,6,0.7348484848484849,0.03787878787878789,0.5333333333333333,0.04594682917363408,nan,0.0
clamped_lattice,locally_metric_bounded,metric_landmark,gaussian_sensory,temporal_full,none,0,lin_sequence_front_bands_r1_l8,1,8,8,front_bands,6,0.7803030303030303,0.05556703279058258,0.46666666666666673,0.052704627669473,nan,0.0
clamped_lattice,locally_metric_bounded,metric_landmark,gaussian_sensory,temporal_full,none,0,lin_sequence_front_bands_r3_l2,3,2,4,front_bands,6,0.7045454545454546,0.015525682978726675,0.42500000000000004,0.011180339887498947,nan,0.0
clamped_lattice,locally_metric_bounded,metric_landmark,gaussian_sensory,temporal_full,none,0,lin_sequence_front_bands_r3_l4,3,4,6,front_bands,6,0.7348484848484849,0.024664879691060168,0.4583333333333333,0.04549114687985394,nan,0.0
clamped_lattice,locally_metric_bounded,metric_landmark,gaussian_sensory,temporal_full,none,0,lin_sequence_front_bands_r3_l8,3,8,10,front_bands,6,0.7575757575757577,0.03249637968110184,0.4083333333333334,0.05688682721958672,nan,0.0
clamped_lattice,locally_metric_bounded,metric_landmark,gaussian_sensory,temporal_full,none,0,lin_sequence_front_bands_r5_l2,5,2,6,front_bands,6,0.7045454545454545,0.02557870153959719,0.4916666666666667,0.023863035105460593,nan,0.0
clamped_lattice,locally_metric_bounded,metric_landmark,gaussian_sensory,temporal_full,none,0,lin_sequence_front_bands_r5_l4,5,4,8,front_bands,6,0.7272727272727274,0.02624319405407391,0.42500000000000004,0.028136571693556895,nan,0.0
clamped_lattice,locally_metric_bounded,metric_landmark,gaussian_sensory,temporal_full,none,0,lin_sequence_front_bands_r5_l8,5,8,12,front_bands,6,0.75,0.030491836056815318,0.375,0.0442530601578392,nan,0.0
clamped_lattice,locally_metric_bounded,metric_landmark,gaussian_sensory,temporal_full,none,0,memoryless_linear,,,,,2,0.7954545454545454,0.022727272727272763,0.275,0.024999999999999994,nan,0.0
clamped_lattice,locally_metric_bounded,metric_landmark,gaussian_sensory,temporal_full,none,0,memoryless_mlp,,,,,2,0.7954545454545454,0.022727272727272763,0.275,0.024999999999999994,nan,0.0
clamped_lattice,locally_metric_bounded,metric_landmark,gaussian_sensory,temporal_full,none,0,numpy_rnn,,,,,2,0.7727272727272727,0.04545454545454546,0.1,0.0,nan,0.0
clamped_lattice,locally_metric_bounded,metric_landmark,gaussian_sensory,temporal_full,none,0,reservoir_block_hybrid,,,,,6,0.6515151515151515,0.030303030303030314,0.3916666666666666,0.07896905160321423,nan,0.0
clamped_lattice,locally_metric_bounded,metric_landmark,gaussian_sensory,temporal_full,none,0,reservoir_diagonal,,,,,6,0.7348484848484849,0.05679292367876156,0.5666666666666667,0.07817359599705717,nan,0.0
clamped_lattice,locally_metric_bounded,metric_landmark,gaussian_sensory,temporal_full,none,0,reservoir_low_rank,,,,,6,0.6742424242424243,0.0319621562268621,0.425,0.0655108133567785,nan,0.0
clamped_lattice,locally_metric_bounded,metric_landmark,gaussian_sensory,temporal_full,none,0,reservoir_nilpotent,,,,,6,0.6969696969696971,0.022473328748774737,0.4750000000000001,0.058807595881257835,nan,0.0
clamped_lattice,locally_metric_bounded,metric_landmark,gaussian_sensory,temporal_full,none,0,reservoir_orthogonal,,,,,6,0.6666666666666666,0.02793801350694813,0.43333333333333335,0.05426273532033237,nan,0.0
clamped_lattice,locally_metric_bounded,metric_landmark,gaussian_sensory,temporal_full,none,0,reservoir_oscillatory,,,,,6,0.6969696969696969,0.025353334137396242,0.4000000000000001,0.05627314338711378,nan,0.0
clamped_lattice,locally_metric_bounded,metric_landmark,gaussian_sensory,temporal_full,none,0,reservoir_random,,,,,6,0.6666666666666666,0.04791329788133909,0.4833333333333334,0.06009252125773315,nan,0.0
clamped_lattice,locally_metric_bounded,metric_landmark,gaussian_sensory,temporal_full,none,0,reservoir_sparse,,,,,6,0.7045454545454545,0.02557870153959717,0.4416666666666667,0.03004626062886659,nan,0.0
clamped_lattice,locally_metric_bounded,metric_landmark,gaussian_sensory,temporal_full,none,0,reservoir_symmetric,,,,,6,0.7045454545454546,0.01946247360403808,0.5,0.051639777949432225,nan,0.0
clamped_lattice,locally_metric_bounded,metric_landmark,gaussian_sensory,temporal_full,one_hot,0,lin_block_r1_l2,1,2,2,independent_blocks,2,0.7954545454545454,0.06818181818181818,nan,0.0,nan,0.0
clamped_lattice,locally_metric_bounded,metric_landmark,gaussian_sensory,temporal_full,one_hot,0,lin_block_r1_l4,1,4,4,independent_blocks,2,0.7954545454545454,0.06818181818181818,nan,0.0,nan,0.0
clamped_lattice,locally_metric_bounded,metric_landmark,gaussian_sensory,temporal_full,one_hot,0,lin_block_r1_l8,1,8,8,independent_blocks,2,0.7727272727272727,0.13636363636363635,nan,0.0,nan,0.0
clamped_lattice,locally_metric_bounded,metric_landmark,gaussian_sensory,temporal_full,one_hot,0,lin_block_r3_l2,3,2,4,independent_blocks,2,0.7954545454545454,0.06818181818181818,nan,0.0,nan,0.0
clamped_lattice,locally_metric_bounded,metric_landmark,gaussian_sensory,temporal_full,one_hot,0,lin_block_r3_l4,3,4,6,independent_blocks,2,0.75,0.06818181818181823,nan,0.0,nan,0.0
clamped_lattice,locally_metric_bounded,metric_landmark,gaussian_sensory,temporal_full,one_hot,0,lin_block_r3_l8,3,8,10,independent_blocks,2,0.7727272727272727,0.13636363636363635,nan,0.0,nan,0.0
clamped_lattice,locally_metric_bounded,metric_landmark,gaussian_sensory,temporal_full,one_hot,0,lin_block_r5_l2,5,2,6,independent_blocks,2,0.7954545454545454,0.06818181818181818,nan,0.0,nan,0.0
clamped_lattice,locally_metric_bounded,metric_landmark,gaussian_sensory,temporal_full,one_hot,0,lin_block_r5_l4,5,4,8,independent_blocks,2,0.75,0.06818181818181823,nan,0.0,nan,0.0
clamped_lattice,locally_metric_bounded,metric_landmark,gaussian_sensory,temporal_full,one_hot,0,lin_block_r5_l8,5,8,12,independent_blocks,2,0.7727272727272727,0.13636363636363635,nan,0.0,nan,0.0
clamped_lattice,locally_metric_bounded,metric_landmark,gaussian_sensory,temporal_full,one_hot,0,lin_sequence_all_units_r3_l4,3,4,6,all_units,6,0.75,0.03471648253754425,0.4416666666666666,0.05688682721958672,nan,0.0
clamped_lattice,locally_metric_bounded,metric_landmark,gaussian_sensory,temporal_full,one_hot,0,lin_sequence_front_bands_r1_l2,1,2,2,front_bands,6,0.6893939393939394,0.02169366827769145,0.5333333333333333,0.04594682917363408,nan,0.0
clamped_lattice,locally_metric_bounded,metric_landmark,gaussian_sensory,temporal_full,one_hot,0,lin_sequence_front_bands_r1_l4,1,4,4,front_bands,6,0.7803030303030303,0.03404879553673369,0.5666666666666667,0.03333333333333334,nan,0.0
clamped_lattice,locally_metric_bounded,metric_landmark,gaussian_sensory,temporal_full,one_hot,0,lin_sequence_front_bands_r1_l8,1,8,8,front_bands,6,0.8030303030303031,0.04645366580835119,0.5333333333333333,0.06540472290116194,nan,0.0
clamped_lattice,locally_metric_bounded,metric_landmark,gaussian_sensory,temporal_full,one_hot,0,lin_sequence_front_bands_r3_l2,3,2,4,front_bands,6,0.7045454545454545,0.03049183605681531,0.39999999999999997,0.06191391873668904,nan,0.0
clamped_lattice,locally_metric_bounded,metric_landmark,gaussian_sensory,temporal_full,one_hot,0,lin_sequence_front_bands_r3_l4,3,4,6,front_bands,6,0.7424242424242425,0.034550770457549645,0.5,0.02886751345948129,nan,0.0
clamped_lattice,locally_metric_bounded,metric_landmark,gaussian_sensory,temporal_full,one_hot,0,lin_sequence_front_bands_r3_l8,3,8,10,front_bands,6,0.7651515151515151,0.04456194293894771,0.45,0.042817441928883766,nan,0.0
clamped_lattice,locally_metric_bounded,metric_landmark,gaussian_sensory,temporal_full,one_hot,0,lin_sequence_front_bands_r5_l2,5,2,6,front_bands,6,0.7575757575757577,0.030303030303030318,0.525,0.021408720964441883,nan,0.0
clamped_lattice,locally_metric_bounded,metric_landmark,gaussian_sensory,temporal_full,one_hot,0,lin_sequence_front_bands_r5_l4,5,4,8,front_bands,6,0.6969696969696969,0.019165319152535637,0.35000000000000003,0.06582805886043833,nan,0.0
clamped_lattice,locally_metric_bounded,metric_landmark,gaussian_sensory,temporal_full,one_hot,0,lin_sequence_front_bands_r5_l8,5,8,12,front_bands,6,0.7727272727272728,0.04231587892051196,0.5,0.042817441928883766,nan,0.0
clamped_lattice,locally_metric_bounded,metric_landmark,gaussian_sensory,temporal_full,one_hot,0,memoryless_linear,,,,,2,0.7727272727272727,0.0,0.275,0.024999999999999994,nan,0.0
clamped_lattice,locally_metric_bounded,metric_landmark,gaussian_sensory,temporal_full,one_hot,0,memoryless_mlp,,,,,2,0.7727272727272727,0.0,0.275,0.024999999999999994,nan,0.0
clamped_lattice,locally_metric_bounded,metric_landmark,gaussian_sensory,temporal_full,one_hot,0,numpy_rnn,,,,,2,0.7954545454545454,0.022727272727272763,0.22499999999999998,0.075,nan,0.0
clamped_lattice,locally_metric_bounded,metric_landmark,gaussian_sensory,temporal_full,one_hot,0,reservoir_block_hybrid,,,,,6,0.6818181818181818,0.03892494720807615,0.3666666666666667,0.030731814857642967,nan,0.0
clamped_lattice,locally_metric_bounded,metric_landmark,gaussian_sensory,temporal_full,one_hot,0,reservoir_diagonal,,,,,6,0.7954545454545455,0.03471648253754425,0.525,0.10704360482220943,nan,0.0
clamped_lattice,locally_metric_bounded,metric_landmark,gaussian_sensory,temporal_full,one_hot,0,reservoir_low_rank,,,,,6,0.6818181818181818,0.03319530651546462,0.45,0.04654746681256315,nan,0.0
clamped_lattice,locally_metric_bounded,metric_landmark,gaussian_sensory,temporal_full,one_hot,0,reservoir_nilpotent,,,,,6,0.75,0.03664662612862978,0.43333333333333335,0.044095855184409845,nan,0.0
clamped_lattice,locally_metric_bounded,metric_landmark,gaussian_sensory,temporal_full,one_hot,0,reservoir_orthogonal,,,,,6,0.6969696969696969,0.00958265957626783,0.47500000000000003,0.03593976442141304,nan,0.0
clamped_lattice,locally_metric_bounded,metric_landmark,gaussian_sensory,temporal_full,one_hot,0,reservoir_oscillatory,,,,,6,0.7424242424242423,0.015151515151515154,0.4083333333333334,0.04549114687985394,nan,0.0
clamped_lattice,locally_metric_bounded,metric_landmark,gaussian_sensory,temporal_full,one_hot,0,reservoir_random,,,,,6,0.6893939393939394,0.02972941950052817,0.3833333333333333,0.06540472290116196,nan,0.0
clamped_lattice,locally_metric_bounded,metric_landmark,gaussian_sensory,temporal_full,one_hot,0,reservoir_sparse,,,,,6,0.6893939393939394,0.042988669573063965,0.4833333333333334,0.04409585518440985,nan,0.0
clamped_lattice,locally_metric_bounded,metric_landmark,gaussian_sensory,temporal_full,one_hot,0,reservoir_symmetric,,,,,6,0.7196969696969697,0.02731478238987872,0.5,0.03415650255319866,nan,0.0
landmark_gap_detour,detour_choice,landmark_gap_detour,gaussian_sensory,temporal_cue_then_blank,embedding,8,lin_block_r1_l2,1,2,2,independent_blocks,2,0.5833333333333333,0.0833333333333333,nan,0.0,nan,0.0
landmark_gap_detour,detour_choice,landmark_gap_detour,gaussian_sensory,temporal_cue_then_blank,embedding,8,lin_block_r1_l4,1,4,4,independent_blocks,2,0.75,0.08333333333333337,nan,0.0,nan,0.0
landmark_gap_detour,detour_choice,landmark_gap_detour,gaussian_sensory,temporal_cue_then_blank,embedding,8,lin_block_r1_l8,1,8,8,independent_blocks,2,1.0,0.0,nan,0.0,nan,0.0
landmark_gap_detour,detour_choice,landmark_gap_detour,gaussian_sensory,temporal_cue_then_blank,embedding,8,lin_block_r3_l2,3,2,4,independent_blocks,2,0.6666666666666666,0.0,nan,0.0,nan,0.0
landmark_gap_detour,detour_choice,landmark_gap_detour,gaussian_sensory,temporal_cue_then_blank,embedding,8,lin_block_r3_l4,3,4,6,independent_blocks,2,0.6666666666666666,0.0,nan,0.0,nan,0.0
landmark_gap_detour,detour_choice,landmark_gap_detour,gaussian_sensory,temporal_cue_then_blank,embedding,8,lin_block_r3_l8,3,8,10,independent_blocks,2,0.8333333333333333,0.16666666666666669,nan,0.0,nan,0.0
landmark_gap_detour,detour_choice,landmark_gap_detour,gaussian_sensory,temporal_cue_then_blank,embedding,8,lin_block_r5_l2,5,2,6,independent_blocks,2,0.6666666666666666,0.0,nan,0.0,nan,0.0
landmark_gap_detour,detour_choice,landmark_gap_detour,gaussian_sensory,temporal_cue_then_blank,embedding,8,lin_block_r5_l4,5,4,8,independent_blocks,2,0.6666666666666666,0.0,nan,0.0,nan,0.0
landmark_gap_detour,detour_choice,landmark_gap_detour,gaussian_sensory,temporal_cue_then_blank,embedding,8,lin_block_r5_l8,5,8,12,independent_blocks,2,0.5833333333333333,0.0833333333333333,nan,0.0,nan,0.0
landmark_gap_detour,detour_choice,landmark_gap_detour,gaussian_sensory,temporal_cue_then_blank,embedding,8,lin_sequence_all_units_r3_l4,3,4,6,all_units,6,0.4444444444444444,0.03513641844631533,0.38888888888888884,0.035136418446315335,1.0,0.0
landmark_gap_detour,detour_choice,landmark_gap_detour,gaussian_sensory,temporal_cue_then_blank,embedding,8,lin_sequence_front_bands_r1_l2,1,2,2,front_bands,6,0.5555555555555556,0.05555555555555556,0.4166666666666667,0.08333333333333334,1.0,0.0
landmark_gap_detour,detour_choice,landmark_gap_detour,gaussian_sensory,temporal_cue_then_blank,embedding,8,lin_sequence_front_bands_r1_l4,1,4,4,front_bands,6,0.6944444444444445,0.06689774765995721,0.611111111111111,0.05555555555555556,1.0,0.0
landmark_gap_detour,detour_choice,landmark_gap_detour,gaussian_sensory,temporal_cue_then_blank,embedding,8,lin_sequence_front_bands_r1_l8,1,8,8,front_bands,6,0.6944444444444443,0.0795434503515353,0.5833333333333334,0.0937885723118563,0.9722222222222222,0.027777777777777776
landmark_gap_detour,detour_choice,landmark_gap_detour,gaussian_sensory,temporal_cue_then_blank,embedding,8,lin_sequence_front_bands_r3_l2,3,2,4,front_bands,6,0.5833333333333333,0.03726779962499648,0.49999999999999994,0.06085806194501845,1.0,0.0
landmark_gap_detour,detour_choice,landmark_gap_detour,gaussian_sensory,temporal_cue_then_blank,embedding,8,lin_sequence_front_bands_r3_l4,3,4,6,front_bands,6,0.5833333333333333,0.037267799624996496,0.49999999999999994,0.06085806194501845,1.0,0.0
landmark_gap_detour,detour_choice,landmark_gap_detour,gaussian_sensory,temporal_cue_then_blank,embedding,8,lin_sequence_front_bands_r3_l8,3,8,10,front_bands,6,0.6388888888888888,0.02777777777777777,0.5833333333333333,0.0569275042553311,1.0,0.0
landmark_gap_detour,detour_choice,landmark_gap_detour,gaussian_sensory,temporal_cue_then_blank,embedding,8,lin_sequence_front_bands_r5_l2,5,2,6,front_bands,6,0.6666666666666666,0.04303314829119353,0.5555555555555555,0.05555555555555555,1.0,0.0
landmark_gap_detour,detour_choice,landmark_gap_detour,gaussian_sensory,temporal_cue_then_blank,embedding,8,lin_sequence_front_bands_r5_l4,5,4,8,front_bands,6,0.5277777777777778,0.10015420209622194,0.5,0.08606629658238706,1.0,0.0
landmark_gap_detour,detour_choice,landmark_gap_detour,gaussian_sensory,temporal_cue_then_blank,embedding,8,lin_sequence_front_bands_r5_l8,5,8,12,front_bands,6,0.6944444444444443,0.05121969142940494,0.5277777777777778,0.10015420209622194,1.0,0.0
landmark_gap_detour,detour_choice,landmark_gap_detour,gaussian_sensory,temporal_cue_then_blank,embedding,8,memoryless_linear,,,,,2,0.5,0.0,0.3333333333333333,0.0,nan,0.0
landmark_gap_detour,detour_choice,landmark_gap_detour,gaussian_sensory,temporal_cue_then_blank,embedding,8,memoryless_mlp,,,,,2,0.5,0.0,0.3333333333333333,0.0,nan,0.0
landmark_gap_detour,detour_choice,landmark_gap_detour,gaussian_sensory,temporal_cue_then_blank,embedding,8,numpy_rnn,,,,,2,0.3333333333333333,0.0,0.0,0.0,nan,0.0
landmark_gap_detour,detour_choice,landmark_gap_detour,gaussian_sensory,temporal_cue_then_blank,embedding,8,reservoir_block_hybrid,,,,,6,0.5833333333333334,0.11180339887498948,0.5277777777777778,0.1248455836346902,nan,0.0
landmark_gap_detour,detour_choice,landmark_gap_detour,gaussian_sensory,temporal_cue_then_blank,embedding,8,reservoir_diagonal,,,,,6,0.7222222222222222,0.03513641844631534,0.5555555555555556,0.08240220541217405,nan,0.0
landmark_gap_detour,detour_choice,landmark_gap_detour,gaussian_sensory,temporal_cue_then_blank,embedding,8,reservoir_low_rank,,,,,6,0.5555555555555555,0.05555555555555555,0.4166666666666667,0.056927504255331114,nan,0.0
landmark_gap_detour,detour_choice,landmark_gap_detour,gaussian_sensory,temporal_cue_then_blank,embedding,8,reservoir_nilpotent,,,,,6,0.6666666666666666,0.09622504486493763,0.638888888888889,0.10015420209622194,nan,0.0
landmark_gap_detour,detour_choice,landmark_gap_detour,gaussian_sensory,temporal_cue_then_blank,embedding,8,reservoir_orthogonal,,,,,6,0.6388888888888888,0.05121969142940494,0.47222222222222227,0.07954345035153532,nan,0.0
landmark_gap_detour,detour_choice,landmark_gap_detour,gaussian_sensory,temporal_cue_then_blank,embedding,8,reservoir_oscillatory,,,,,6,0.5277777777777778,0.02777777777777777,0.4444444444444444,0.05555555555555556,nan,0.0
landmark_gap_detour,detour_choice,landmark_gap_detour,gaussian_sensory,temporal_cue_then_blank,embedding,8,reservoir_random,,,,,6,0.611111111111111,0.03513641844631532,0.4166666666666667,0.0569275042553311,nan,0.0
landmark_gap_detour,detour_choice,landmark_gap_detour,gaussian_sensory,temporal_cue_then_blank,embedding,8,reservoir_sparse,,,,,6,0.5277777777777778,0.0795434503515353,0.4166666666666667,0.08333333333333334,nan,0.0
landmark_gap_detour,detour_choice,landmark_gap_detour,gaussian_sensory,temporal_cue_then_blank,embedding,8,reservoir_symmetric,,,,,6,0.611111111111111,0.03513641844631532,0.3333333333333333,0.0,nan,0.0
landmark_gap_detour,detour_choice,landmark_gap_detour,gaussian_sensory,temporal_cue_then_blank,none,0,lin_block_r1_l2,1,2,2,independent_blocks,2,0.3333333333333333,0.0,nan,0.0,nan,0.0
landmark_gap_detour,detour_choice,landmark_gap_detour,gaussian_sensory,temporal_cue_then_blank,none,0,lin_block_r1_l4,1,4,4,independent_blocks,2,0.3333333333333333,0.0,nan,0.0,nan,0.0
landmark_gap_detour,detour_choice,landmark_gap_detour,gaussian_sensory,temporal_cue_then_blank,none,0,lin_block_r1_l8,1,8,8,independent_blocks,2,0.5833333333333333,0.0833333333333333,nan,0.0,nan,0.0
landmark_gap_detour,detour_choice,landmark_gap_detour,gaussian_sensory,temporal_cue_then_blank,none,0,lin_block_r3_l2,3,2,4,independent_blocks,2,0.5,0.0,nan,0.0,nan,0.0
landmark_gap_detour,detour_choice,landmark_gap_detour,gaussian_sensory,temporal_cue_then_blank,none,0,lin_block_r3_l4,3,4,6,independent_blocks,2,0.3333333333333333,0.0,nan,0.0,nan,0.0
landmark_gap_detour,detour_choice,landmark_gap_detour,gaussian_sensory,temporal_cue_then_blank,none,0,lin_block_r3_l8,3,8,10,independent_blocks,2,0.6666666666666667,0.16666666666666669,nan,0.0,nan,0.0
landmark_gap_detour,detour_choice,landmark_gap_detour,gaussian_sensory,temporal_cue_then_blank,none,0,lin_block_r5_l2,5,2,6,independent_blocks,2,0.41666666666666663,0.08333333333333334,nan,0.0,nan,0.0
landmark_gap_detour,detour_choice,landmark_gap_detour,gaussian_sensory,temporal_cue_then_blank,none,0,lin_block_r5_l4,5,4,8,independent_blocks,2,0.41666666666666663,0.08333333333333334,nan,0.0,nan,0.0
landmark_gap_detour,detour_choice,landmark_gap_detour,gaussian_sensory,temporal_cue_then_blank,none,0,lin_block_r5_l8,5,8,12,independent_blocks,2,0.41666666666666663,0.08333333333333334,nan,0.0,nan,0.0
landmark_gap_detour,detour_choice,landmark_gap_detour,gaussian_sensory,temporal_cue_then_blank,none,0,lin_sequence_all_units_r3_l4,3,4,6,all_units,6,0.3333333333333333,0.0,0.3333333333333333,0.0,1.0,0.0
landmark_gap_detour,detour_choice,landmark_gap_detour,gaussian_sensory,temporal_cue_then_blank,none,0,lin_sequence_front_bands_r1_l2,1,2,2,front_bands,6,0.3333333333333333,0.0,0.3333333333333333,0.0,1.0,0.0
landmark_gap_detour,detour_choice,landmark_gap_detour,gaussian_sensory,temporal_cue_then_blank,none,0,lin_sequence_front_bands_r1_l4,1,4,4,front_bands,6,0.3333333333333333,0.0,0.3333333333333333,0.0,1.0,0.0
landmark_gap_detour,detour_choice,landmark_gap_detour,gaussian_sensory,temporal_cue_then_blank,none,0,lin_sequence_front_bands_r1_l8,1,8,8,front_bands,6,0.5555555555555555,0.03513641844631532,0.4166666666666667,0.0372677996249965,1.0,0.0
landmark_gap_detour,detour_choice,landmark_gap_detour,gaussian_sensory,temporal_cue_then_blank,none,0,lin_sequence_front_bands_r3_l2,3,2,4,front_bands,6,0.3611111111111111,0.027777777777777787,0.3333333333333333,0.0,1.0,0.0
landmark_gap_detour,detour_choice,landmark_gap_detour,gaussian_sensory,temporal_cue_then_blank,none,0,lin_sequence_front_bands_r3_l4,3,4,6,front_bands,6,0.3333333333333333,0.0,0.3333333333333333,0.0,1.0,0.0
landmark_gap_detour,detour_choice,landmark_gap_detour,gaussian_sensory,temporal_cue_then_blank,none,0,lin_sequence_front_bands_r3_l8,3,8,10,front_bands,6,0.5277777777777778,0.0795434503515353,0.5277777777777778,0.0795434503515353,1.0,0.0
landmark_gap_detour,detour_choice,landmark_gap_detour,gaussian_sensory,temporal_cue_then_blank,none,0,lin_sequence_front_bands_r5_l2,5,2,6,front_bands,6,0.3333333333333333,0.0,0.3333333333333333,0.0,1.0,0.0
landmark_gap_detour,detour_choice,landmark_gap_detour,gaussian_sensory,temporal_cue_then_blank,none,0,lin_sequence_front_bands_r5_l4,5,4,8,front_bands,6,0.38888888888888884,0.035136418446315335,0.3333333333333333,0.0,1.0,0.0
landmark_gap_detour,detour_choice,landmark_gap_detour,gaussian_sensory,temporal_cue_then_blank,none,0,lin_sequence_front_bands_r5_l8,5,8,12,front_bands,6,0.8333333333333334,0.060858061945018464,0.6944444444444445,0.1248455836346902,1.0,0.0
landmark_gap_detour,detour_choice,landmark_gap_detour,gaussian_sensory,temporal_cue_then_blank,none,0,memoryless_linear,,,,,2,0.3333333333333333,0.0,0.3333333333333333,0.0,nan,0.0
landmark_gap_detour,detour_choice,landmark_gap_detour,gaussian_sensory,temporal_cue_then_blank,none,0,memoryless_mlp,,,,,2,0.3333333333333333,0.0,0.3333333333333333,0.0,nan,0.0
landmark_gap_detour,detour_choice,landmark_gap_detour,gaussian_sensory,temporal_cue_then_blank,none,0,numpy_rnn,,,,,2,0.3333333333333333,0.0,0.08333333333333333,0.08333333333333333,nan,0.0
landmark_gap_detour,detour_choice,landmark_gap_detour,gaussian_sensory,temporal_cue_then_blank,none,0,reservoir_block_hybrid,,,,,6,0.5,0.074535599249993,0.4444444444444444,0.08240220541217406,nan,0.0
landmark_gap_detour,detour_choice,landmark_gap_detour,gaussian_sensory,temporal_cue_then_blank,none,0,reservoir_diagonal,,,,,6,0.3333333333333333,0.0,0.3333333333333333,0.0,nan,0.0
landmark_gap_detour,detour_choice,landmark_gap_detour,gaussian_sensory,temporal_cue_then_blank,none,0,reservoir_low_rank,,,,,6,0.38888888888888884,0.035136418446315335,0.38888888888888884,0.035136418446315335,nan,0.0
landmark_gap_detour,detour_choice,landmark_gap_detour,gaussian_sensory,temporal_cue_then_blank,none,0,reservoir_nilpotent,,,,,6,0.5000000000000001,0.074535599249993,0.4166666666666667,0.0569275042553311,nan,0.0
landmark_gap_detour,detour_choice,landmark_gap_detour,gaussian_sensory,temporal_cue_then_blank,none,0,reservoir_orthogonal,,,,,6,0.47222222222222227,0.07954345035153532,0.3611111111111111,0.027777777777777787,nan,0.0
landmark_gap_detour,detour_choice,landmark_gap_detour,gaussian_sensory,temporal_cue_then_blank,none,0,reservoir_oscillatory,,,,,6,0.5,0.0,0.5,0.0,nan,0.0
landmark_gap_detour,detour_choice,landmark_gap_detour,gaussian_sensory,temporal_cue_then_blank,none,0,reservoir_random,,,,,6,0.38888888888888884,0.05555555555555556,0.38888888888888884,0.05555555555555556,nan,0.0
landmark_gap_detour,detour_choice,landmark_gap_detour,gaussian_sensory,temporal_cue_then_blank,none,0,reservoir_sparse,,,,,6,0.38888888888888884,0.035136418446315335,0.3333333333333333,0.0,nan,0.0
landmark_gap_detour,detour_choice,landmark_gap_detour,gaussian_sensory,temporal_cue_then_blank,none,0,reservoir_symmetric,,,,,6,0.3611111111111111,0.02777777777777778,0.3333333333333333,0.0,nan,0.0
landmark_gap_detour,detour_choice,landmark_gap_detour,gaussian_sensory,temporal_cue_then_blank,one_hot,0,lin_block_r1_l2,1,2,2,independent_blocks,2,0.5,0.0,nan,0.0,nan,0.0
landmark_gap_detour,detour_choice,landmark_gap_detour,gaussian_sensory,temporal_cue_then_blank,one_hot,0,lin_block_r1_l4,1,4,4,independent_blocks,2,0.3333333333333333,0.0,nan,0.0,nan,0.0
landmark_gap_detour,detour_choice,landmark_gap_detour,gaussian_sensory,temporal_cue_then_blank,one_hot,0,lin_block_r1_l8,1,8,8,independent_blocks,2,0.9166666666666667,0.0833333333333333,nan,0.0,nan,0.0
landmark_gap_detour,detour_choice,landmark_gap_detour,gaussian_sensory,temporal_cue_then_blank,one_hot,0,lin_block_r3_l2,3,2,4,independent_blocks,2,0.6666666666666666,0.0,nan,0.0,nan,0.0
landmark_gap_detour,detour_choice,landmark_gap_detour,gaussian_sensory,temporal_cue_then_blank,one_hot,0,lin_block_r3_l4,3,4,6,independent_blocks,2,0.8333333333333334,0.0,nan,0.0,nan,0.0
landmark_gap_detour,detour_choice,landmark_gap_detour,gaussian_sensory,temporal_cue_then_blank,one_hot,0,lin_block_r3_l8,3,8,10,independent_blocks,2,0.8333333333333333,0.16666666666666669,nan,0.0,nan,0.0
landmark_gap_detour,detour_choice,landmark_gap_detour,gaussian_sensory,temporal_cue_then_blank,one_hot,0,lin_block_r5_l2,5,2,6,independent_blocks,2,0.6666666666666666,0.0,nan,0.0,nan,0.0
landmark_gap_detour,detour_choice,landmark_gap_detour,gaussian_sensory,temporal_cue_then_blank,one_hot,0,lin_block_r5_l4,5,4,8,independent_blocks,2,0.6666666666666666,0.0,nan,0.0,nan,0.0
landmark_gap_detour,detour_choice,landmark_gap_detour,gaussian_sensory,temporal_cue_then_blank,one_hot,0,lin_block_r5_l8,5,8,12,independent_blocks,2,0.6666666666666666,0.0,nan,0.0,nan,0.0
landmark_gap_detour,detour_choice,landmark_gap_detour,gaussian_sensory,temporal_cue_then_blank,one_hot,0,lin_sequence_all_units_r3_l4,3,4,6,all_units,6,0.47222222222222215,0.0668977476599572,0.3333333333333333,0.0,1.0,0.0
landmark_gap_detour,detour_choice,landmark_gap_detour,gaussian_sensory,temporal_cue_then_blank,one_hot,0,lin_sequence_front_bands_r1_l2,1,2,2,front_bands,6,0.5555555555555556,0.07027283689263067,0.4444444444444444,0.08240220541217406,1.0,0.0
landmark_gap_detour,detour_choice,landmark_gap_detour,gaussian_sensory,temporal_cue_then_blank,one_hot,0,lin_sequence_front_bands_r1_l4,1,4,4,front_bands,6,0.49999999999999994,0.04303314829119352,0.47222222222222215,0.051219691429404926,1.0,0.0
landmark_gap_detour,detour_choice,landmark_gap_detour,gaussian_sensory,temporal_cue_then_blank,one_hot,0,lin_sequence_front_bands_r1_l8,1,8,8,front_bands,6,0.7777777777777777,0.05555555555555557,0.6944444444444443,0.09043789220055394,1.0,0.0
landmark_gap_detour,detour_choice,landmark_gap_detour,gaussian_sensory,temporal_cue_then_blank,one_hot,0,lin_sequence_front_bands_r3_l2,3,2,4,front_bands,6,0.5277777777777778,0.027777777777777776,0.3333333333333333,0.0,1.0,0.0
landmark_gap_detour,detour_choice,landmark_gap_detour,gaussian_sensory,temporal_cue_then_blank,one_hot,0,lin_sequence_front_bands_r3_l4,3,4,6,front_bands,6,0.47222222222222215,0.0668977476599572,0.4166666666666667,0.0569275042553311,1.0,0.0
landmark_gap_detour,detour_choice,landmark_gap_detour,gaussian_sensory,temporal_cue_then_blank,one_hot,0,lin_sequence_front_bands_r3_l8,3,8,10,front_bands,6,0.75,0.09378857231185632,0.6666666666666666,0.09622504486493763,1.0,0.0
landmark_gap_detour,detour_choice,landmark_gap_detour,gaussian_sensory,temporal_cue_then_blank,one_hot,0,lin_sequence_front_bands_r5_l2,5,2,6,front_bands,6,0.5555555555555556,0.07027283689263066,0.47222222222222215,0.0795434503515353,1.0,0.0
landmark_gap_detour,detour_choice,landmark_gap_detour,gaussian_sensory,temporal_cue_then_blank,one_hot,0,lin_sequence_front_bands_r5_l4,5,4,8,front_bands,6,0.4444444444444444,0.11111111111111112,0.4444444444444444,0.11111111111111112,0.9722222222222223,0.02777777777777777
landmark_gap_detour,detour_choice,landmark_gap_detour,gaussian_sensory,temporal_cue_then_blank,one_hot,0,lin_sequence_front_bands_r5_l8,5,8,12,front_bands,6,0.7777777777777778,0.10243938285880988,0.75,0.11180339887498948,1.0,0.0
landmark_gap_detour,detour_choice,landmark_gap_detour,gaussian_sensory,temporal_cue_then_blank,one_hot,0,memoryless_linear,,,,,2,0.5,0.0,0.3333333333333333,0.0,nan,0.0
landmark_gap_detour,detour_choice,landmark_gap_detour,gaussian_sensory,temporal_cue_then_blank,one_hot,0,memoryless_mlp,,,,,2,0.5,0.0,0.3333333333333333,0.0,nan,0.0
landmark_gap_detour,detour_choice,landmark_gap_detour,gaussian_sensory,temporal_cue_then_blank,one_hot,0,numpy_rnn,,,,,2,0.3333333333333333,0.0,0.0,0.0,nan,0.0
landmark_gap_detour,detour_choice,landmark_gap_detour,gaussian_sensory,temporal_cue_then_blank,one_hot,0,reservoir_block_hybrid,,,,,6,0.4166666666666667,0.0372677996249965,0.3611111111111111,0.02777777777777778,nan,0.0
landmark_gap_detour,detour_choice,landmark_gap_detour,gaussian_sensory,temporal_cue_then_blank,one_hot,0,reservoir_diagonal,,,,,6,0.6666666666666666,0.08606629658238704,0.5833333333333334,0.09378857231185632,nan,0.0
landmark_gap_detour,detour_choice,landmark_gap_detour,gaussian_sensory,temporal_cue_then_blank,one_hot,0,reservoir_low_rank,,,,,6,0.47222222222222227,0.051219691429404926,0.3888888888888889,0.05555555555555556,nan,0.0
landmark_gap_detour,detour_choice,landmark_gap_detour,gaussian_sensory,temporal_cue_then_blank,one_hot,0,reservoir_nilpotent,,,,,6,0.611111111111111,0.07027283689263066,0.38888888888888884,0.035136418446315335,nan,0.0
landmark_gap_detour,detour_choice,landmark_gap_detour,gaussian_sensory,temporal_cue_then_blank,one_hot,0,reservoir_orthogonal,,,,,6,0.49999999999999994,0.04303314829119352,0.4166666666666666,0.0569275042553311,nan,0.0
landmark_gap_detour,detour_choice,landmark_gap_detour,gaussian_sensory,temporal_cue_then_blank,one_hot,0,reservoir_oscillatory,,,,,6,0.6111111111111112,0.07027283689263067,0.5,0.105409255338946,nan,0.0
landmark_gap_detour,detour_choice,landmark_gap_detour,gaussian_sensory,temporal_cue_then_blank,one_hot,0,reservoir_random,,,,,6,0.47222222222222215,0.0668977476599572,0.38888888888888884,0.05555555555555556,nan,0.0
landmark_gap_detour,detour_choice,landmark_gap_detour,gaussian_sensory,temporal_cue_then_blank,one_hot,0,reservoir_sparse,,,,,6,0.5277777777777778,0.09043789220055394,0.5277777777777778,0.09043789220055394,nan,0.0
landmark_gap_detour,detour_choice,landmark_gap_detour,gaussian_sensory,temporal_cue_then_blank,one_hot,0,reservoir_symmetric,,,,,6,0.611111111111111,0.05555555555555556,0.4166666666666667,0.08333333333333334,nan,0.0
landmark_gap_detour,detour_choice,landmark_gap_detour,gaussian_sensory,temporal_dropout,embedding,8,lin_block_r1_l2,1,2,2,independent_blocks,2,0.5833333333333333,0.0833333333333333,nan,0.0,nan,0.0
landmark_gap_detour,detour_choice,landmark_gap_detour,gaussian_sensory,temporal_dropout,embedding,8,lin_block_r1_l4,1,4,4,independent_blocks,2,0.75,0.25,nan,0.0,nan,0.0
landmark_gap_detour,detour_choice,landmark_gap_detour,gaussian_sensory,temporal_dropout,embedding,8,lin_block_r1_l8,1,8,8,independent_blocks,2,0.8333333333333333,0.16666666666666669,nan,0.0,nan,0.0
landmark_gap_detour,detour_choice,landmark_gap_detour,gaussian_sensory,temporal_dropout,embedding,8,lin_block_r3_l2,3,2,4,independent_blocks,2,0.5833333333333333,0.0833333333333333,nan,0.0,nan,0.0
landmark_gap_detour,detour_choice,landmark_gap_detour,gaussian_sensory,temporal_dropout,embedding,8,lin_block_r3_l4,3,4,6,independent_blocks,2,0.75,0.25,nan,0.0,nan,0.0
landmark_gap_detour,detour_choice,landmark_gap_detour,gaussian_sensory,temporal_dropout,embedding,8,lin_block_r3_l8,3,8,10,independent_blocks,2,0.8333333333333333,0.16666666666666669,nan,0.0,nan,0.0
landmark_gap_detour,detour_choice,landmark_gap_detour,gaussian_sensory,temporal_dropout,embedding,8,lin_block_r5_l2,5,2,6,independent_blocks,2,0.75,0.25,nan,0.0,nan,0.0
landmark_gap_detour,detour_choice,landmark_gap_detour,gaussian_sensory,temporal_dropout,embedding,8,lin_block_r5_l4,5,4,8,independent_blocks,2,0.75,0.25,nan,0.0,nan,0.0
landmark_gap_detour,detour_choice,landmark_gap_detour,gaussian_sensory,temporal_dropout,embedding,8,lin_block_r5_l8,5,8,12,independent_blocks,2,0.75,0.25,nan,0.0,nan,0.0
landmark_gap_detour,detour_choice,landmark_gap_detour,gaussian_sensory,temporal_dropout,embedding,8,lin_sequence_all_units_r3_l4,3,4,6,all_units,6,0.6666666666666666,0.074535599249993,0.47222222222222215,0.09043789220055393,1.0,0.0
landmark_gap_detour,detour_choice,landmark_gap_detour,gaussian_sensory,temporal_dropout,embedding,8,lin_sequence_front_bands_r1_l2,1,2,2,front_bands,6,0.5833333333333333,0.1031898645611484,0.47222222222222215,0.0795434503515353,1.0,0.0
landmark_gap_detour,detour_choice,landmark_gap_detour,gaussian_sensory,temporal_dropout,embedding,8,lin_sequence_front_bands_r1_l4,1,4,4,front_bands,6,0.5833333333333334,0.1031898645611484,0.5,0.09622504486493764,1.0,0.0
landmark_gap_detour,detour_choice,landmark_gap_detour,gaussian_sensory,temporal_dropout,embedding,8,lin_sequence_front_bands_r1_l8,1,8,8,front_bands,6,0.75,0.05692750425533112,0.638888888888889,0.10900787150193658,0.9722222222222223,0.02777777777777777
landmark_gap_detour,detour_choice,landmark_gap_detour,gaussian_sensory,temporal_dropout,embedding,8,lin_sequence_front_bands_r3_l2,3,2,4,front_bands,6,0.5833333333333333,0.08333333333333334,0.49999999999999994,0.06085806194501845,1.0,0.0
landmark_gap_detour,detour_choice,landmark_gap_detour,gaussian_sensory,temporal_dropout,embedding,8,lin_sequence_front_bands_r3_l4,3,4,6,front_bands,6,0.5,0.09622504486493763,0.3611111111111111,0.0668977476599572,1.0,0.0
landmark_gap_detour,detour_choice,landmark_gap_detour,gaussian_sensory,temporal_dropout,embedding,8,lin_sequence_front_bands_r3_l8,3,8,10,front_bands,6,0.5833333333333333,0.03726779962499648,0.4444444444444444,0.05555555555555556,0.9444444444444445,0.03513641844631532
landmark_gap_detour,detour_choice,landmark_gap_detour,gaussian_sensory,temporal_dropout,embedding,8,lin_sequence_front_bands_r5_l2,5,2,6,front_bands,6,0.6666666666666666,0.08606629658238704,0.5555555555555555,0.10243938285880988,1.0,0.0
landmark_gap_detour,detour_choice,landmark_gap_detour,gaussian_sensory,temporal_dropout,embedding,8,lin_sequence_front_bands_r5_l4,5,4,8,front_bands,6,0.6388888888888888,0.1248455836346902,0.5555555555555555,0.10243938285880988,1.0,0.0
landmark_gap_detour,detour_choice,landmark_gap_detour,gaussian_sensory,temporal_dropout,embedding,8,lin_sequence_front_bands_r5_l8,5,8,12,front_bands,6,0.6388888888888888,0.05121969142940494,0.49999999999999994,0.07453559924999299,0.9722222222222223,0.02777777777777777
landmark_gap_detour,detour_choice,landmark_gap_detour,gaussian_sensory,temporal_dropout,embedding,8,memoryless_linear,,,,,2,0.5,0.0,0.3333333333333333,0.0,nan,0.0
landmark_gap_detour,detour_choice,landmark_gap_detour,gaussian_sensory,temporal_dropout,embedding,8,memoryless_mlp,,,,,2,0.5,0.0,0.3333333333333333,0.0,nan,0.0
landmark_gap_detour,detour_choice,landmark_gap_detour,gaussian_sensory,temporal_dropout,embedding,8,numpy_rnn,,,,,2,0.3333333333333333,0.0,0.0,0.0,nan,0.0
landmark_gap_detour,detour_choice,landmark_gap_detour,gaussian_sensory,temporal_dropout,embedding,8,reservoir_block_hybrid,,,,,6,0.5277777777777778,0.10015420209622194,0.38888888888888884,0.035136418446315335,nan,0.0
landmark_gap_detour,detour_choice,landmark_gap_detour,gaussian_sensory,temporal_dropout,embedding,8,reservoir_diagonal,,,,,6,0.5833333333333333,0.08333333333333334,0.4166666666666667,0.0569275042553311,nan,0.0
landmark_gap_detour,detour_choice,landmark_gap_detour,gaussian_sensory,temporal_dropout,embedding,8,reservoir_low_rank,,,,,6,0.5,0.06085806194501845,0.4444444444444444,0.05555555555555556,nan,0.0
landmark_gap_detour,detour_choice,landmark_gap_detour,gaussian_sensory,temporal_dropout,embedding,8,reservoir_nilpotent,,,,,6,0.6666666666666666,0.105409255338946,0.5277777777777778,0.0795434503515353,nan,0.0
landmark_gap_detour,detour_choice,landmark_gap_detour,gaussian_sensory,temporal_dropout,embedding,8,reservoir_orthogonal,,,,,6,0.75,0.05692750425533112,0.5833333333333334,0.09378857231185629,nan,0.0
landmark_gap_detour,detour_choice,landmark_gap_detour,gaussian_sensory,temporal_dropout,embedding,8,reservoir_oscillatory,,,,,6,0.5277777777777778,0.05121969142940494,0.4444444444444445,0.07027283689263064,nan,0.0
landmark_gap_detour,detour_choice,landmark_gap_detour,gaussian_sensory,temporal_dropout,embedding,8,reservoir_random,,,,,6,0.5555555555555555,0.07027283689263066,0.4166666666666667,0.0569275042553311,nan,0.0
landmark_gap_detour,detour_choice,landmark_gap_detour,gaussian_sensory,temporal_dropout,embedding,8,reservoir_sparse,,,,,6,0.47222222222222215,0.051219691429404926,0.38888888888888884,0.035136418446315335,nan,0.0
landmark_gap_detour,detour_choice,landmark_gap_detour,gaussian_sensory,temporal_dropout,embedding,8,reservoir_symmetric,,,,,6,0.611111111111111,0.05555555555555555,0.47222222222222227,0.0668977476599572,nan,0.0
landmark_gap_detour,detour_choice,landmark_gap_detour,gaussian_sensory,temporal_dropout,none,0,lin_block_r1_l2,1,2,2,independent_blocks,2,0.4166666666666667,0.41666666666666663,nan,0.0,nan,0.0
landmark_gap_detour,detour_choice,landmark_gap_detour,gaussian_sensory,temporal_dropout,none,0,lin_block_r1_l4,1,4,4,independent_blocks,2,0.41666666666666663,0.08333333333333334,nan,0.0,nan,0.0
landmark_gap_detour,detour_choice,landmark_gap_detour,gaussian_sensory,temporal_dropout,none,0,lin_block_r1_l8,1,8,8,independent_blocks,2,0.6666666666666667,0.16666666666666669,nan,0.0,nan,0.0
landmark_gap_detour,detour_choice,landmark_gap_detour,gaussian_sensory,temporal_dropout,none,0,lin_block_r3_l2,3,2,4,independent_blocks,2,0.5833333333333333,0.0833333333333333,nan,0.0,nan,0.0
landmark_gap_detour,detour_choice,landmark_gap_detour,gaussian_sensory,temporal_dropout,none,0,lin_block_r3_l4,3,4,6,independent_blocks,2,0.6666666666666667,0.16666666666666669,nan,0.0,nan,0.0
landmark_gap_detour,detour_choice,landmark_gap_detour,gaussian_sensory,temporal_dropout,none,0,lin_block_r3_l8,3,8,10,independent_blocks,2,0.8333333333333333,0.16666666666666669,nan,0.0,nan,0.0
landmark_gap_detour,detour_choice,landmark_gap_detour,gaussian_sensory,temporal_dropout,none,0,lin_block_r5_l2,5,2,6,independent_blocks,2,0.6666666666666667,0.16666666666666669,nan,0.0,nan,0.0
landmark_gap_detour,detour_choice,landmark_gap_detour,gaussian_sensory,temporal_dropout,none,0,lin_block_r5_l4,5,4,8,independent_blocks,2,0.6666666666666667,0.16666666666666669,nan,0.0,nan,0.0
landmark_gap_detour,detour_choice,landmark_gap_detour,gaussian_sensory,temporal_dropout,none,0,lin_block_r5_l8,5,8,12,independent_blocks,2,0.75,0.25,nan,0.0,nan,0.0
landmark_gap_detour,detour_choice,landmark_gap_detour,gaussian_sensory,temporal_dropout,none,0,lin_sequence_all_units_r3_l4,3,4,6,all_units,6,0.5277777777777778,0.11719457283182773,0.3611111111111111,0.0795434503515353,1.0,0.0
landmark_gap_detour,detour_choice,landmark_gap_detour,gaussian_sensory,temporal_dropout,none,0,lin_sequence_front_bands_r1_l2,1,2,2,front_bands,6,0.611111111111111,0.18087578440110785,0.2222222222222222,0.05555555555555556,1.0,0.0
landmark_gap_detour,detour_choice,landmark_gap_detour,gaussian_sensory,temporal_dropout,none,0,lin_sequence_front_bands_r1_l4,1,4,4,front_bands,6,0.4444444444444444,0.08240220541217405,0.3055555555555555,0.027777777777777776,1.0,0.0
landmark_gap_detour,detour_choice,landmark_gap_detour,gaussian_sensory,temporal_dropout,none,0,lin_sequence_front_bands_r1_l8,1,8,8,front_bands,6,0.6666666666666666,0.08606629658238704,0.6666666666666666,0.08606629658238704,1.0,0.0
landmark_gap_detour,detour_choice,landmark_gap_detour,gaussian_sensory,temporal_dropout,none,0,lin_sequence_front_bands_r3_l2,3,2,4,front_bands,6,0.3611111111111111,0.027777777777777787,0.3055555555555555,0.027777777777777776,1.0,0.0
landmark_gap_detour,detour_choice,landmark_gap_detour,gaussian_sensory,temporal_dropout,none,0,lin_sequence_front_bands_r3_l4,3,4,6,front_bands,6,0.5555555555555555,0.08240220541217405,0.4444444444444444,0.11111111111111115,1.0,0.0
landmark_gap_detour,detour_choice,landmark_gap_detour,gaussian_sensory,temporal_dropout,none,0,lin_sequence_front_bands_r3_l8,3,8,10,front_bands,6,0.6388888888888888,0.09043789220055393,0.5277777777777778,0.0795434503515353,1.0,0.0
landmark_gap_detour,detour_choice,landmark_gap_detour,gaussian_sensory,temporal_dropout,none,0,lin_sequence_front_bands_r5_l2,5,2,6,front_bands,6,0.5833333333333334,0.1031898645611484,0.47222222222222215,0.0795434503515353,1.0,0.0
landmark_gap_detour,detour_choice,landmark_gap_detour,gaussian_sensory,temporal_dropout,none,0,lin_sequence_front_bands_r5_l4,5,4,8,front_bands,6,0.5555555555555555,0.08240220541217405,0.3333333333333333,0.04303314829119352,1.0,0.0
landmark_gap_detour,detour_choice,landmark_gap_detour,gaussian_sensory,temporal_dropout,none,0,lin_sequence_front_bands_r5_l8,5,8,12,front_bands,6,0.47222222222222215,0.051219691429404926,0.3611111111111111,0.05121969142940494,1.0,0.0
landmark_gap_detour,detour_choice,landmark_gap_detour,gaussian_sensory,temporal_dropout,none,0,memoryless_linear,,,,,2,0.5,0.16666666666666666,0.08333333333333333,0.08333333333333333,nan,0.0
landmark_gap_detour,detour_choice,landmark_gap_detour,gaussian_sensory,temporal_dropout,none,0,memoryless_mlp,,,,,2,0.5,0.16666666666666666,0.08333333333333333,0.08333333333333333,nan,0.0
landmark_gap_detour,detour_choice,landmark_gap_detour,gaussian_sensory,temporal_dropout,none,0,numpy_rnn,,,,,2,0.3333333333333333,0.0,0.0,0.0,nan,0.0
landmark_gap_detour,detour_choice,landmark_gap_detour,gaussian_sensory,temporal_dropout,none,0,reservoir_block_hybrid,,,,,6,0.5,0.06085806194501845,0.38888888888888884,0.05555555555555557,nan,0.0
landmark_gap_detour,detour_choice,landmark_gap_detour,gaussian_sensory,temporal_dropout,none,0,reservoir_diagonal,,,,,6,0.638888888888889,0.06689774765995721,0.5277777777777778,0.051219691429404926,nan,0.0
landmark_gap_detour,detour_choice,landmark_gap_detour,gaussian_sensory,temporal_dropout,none,0,reservoir_low_rank,,,,,6,0.4444444444444444,0.05555555555555556,0.2777777777777778,0.05555555555555556,nan,0.0
landmark_gap_detour,detour_choice,landmark_gap_detour,gaussian_sensory,temporal_dropout,none,0,reservoir_nilpotent,,,,,6,0.611111111111111,0.11111111111111115,0.5,0.09622504486493763,nan,0.0
landmark_gap_detour,detour_choice,landmark_gap_detour,gaussian_sensory,temporal_dropout,none,0,reservoir_orthogonal,,,,,6,0.5277777777777778,0.1090078715019366,0.4166666666666667,0.0937885723118563,nan,0.0
landmark_gap_detour,detour_choice,landmark_gap_detour,gaussian_sensory,temporal_dropout,none,0,reservoir_oscillatory,,,,,6,0.4166666666666666,0.11180339887498948,0.3611111111111111,0.10015420209622194,nan,0.0
landmark_gap_detour,detour_choice,landmark_gap_detour,gaussian_sensory,temporal_dropout,none,0,reservoir_random,,,,,6,0.5555555555555556,0.07027283689263066,0.3888888888888889,0.07027283689263066,nan,0.0
landmark_gap_detour,detour_choice,landmark_gap_detour,gaussian_sensory,temporal_dropout,none,0,reservoir_sparse,,,,,6,0.47222222222222227,0.10015420209622194,0.3611111111111111,0.05121969142940494,nan,0.0
landmark_gap_detour,detour_choice,landmark_gap_detour,gaussian_sensory,temporal_dropout,none,0,reservoir_symmetric,,,,,6,0.6944444444444445,0.05121969142940494,0.5833333333333333,0.03726779962499649,nan,0.0
landmark_gap_detour,detour_choice,landmark_gap_detour,gaussian_sensory,temporal_dropout,one_hot,0,lin_block_r1_l2,1,2,2,independent_blocks,2,0.5833333333333333,0.0833333333333333,nan,0.0,nan,0.0
landmark_gap_detour,detour_choice,landmark_gap_detour,gaussian_sensory,temporal_dropout,one_hot,0,lin_block_r1_l4,1,4,4,independent_blocks,2,0.5833333333333333,0.0833333333333333,nan,0.0,nan,0.0
landmark_gap_detour,detour_choice,landmark_gap_detour,gaussian_sensory,temporal_dropout,one_hot,0,lin_block_r1_l8,1,8,8,independent_blocks,2,0.75,0.08333333333333337,nan,0.0,nan,0.0
landmark_gap_detour,detour_choice,landmark_gap_detour,gaussian_sensory,temporal_dropout,one_hot,0,lin_block_r3_l2,3,2,4,independent_blocks,2,0.5833333333333333,0.0833333333333333,nan,0.0,nan,0.0
landmark_gap_detour,detour_choice,landmark_gap_detour,gaussian_sensory,temporal_dropout,one_hot,0,lin_block_r3_l4,3,4,6,independent_blocks,2,0.75,0.25,nan,0.0,nan,0.0
landmark_gap_detour,detour_choice,landmark_gap_detour,gaussian_sensory,temporal_dropout,one_hot,0,lin_block_r3_l8,3,8,10,independent_blocks,2,0.6666666666666667,0.16666666666666669,nan,0.0,nan,0.0
landmark_gap_detour,detour_choice,landmark_gap_detour,gaussian_sensory,temporal_dropout,one_hot,0,lin_block_r5_l2,5,2,6,independent_blocks,2,0.5833333333333333,0.0833333333333333,nan,0.0,nan,0.0
landmark_gap_detour,detour_choice,landmark_gap_detour,gaussian_sensory,temporal_dropout,one_hot,0,lin_block_r5_l4,5,4,8,independent_blocks,2,0.75,0.25,nan,0.0,nan,0.0
landmark_gap_detour,detour_choice,landmark_gap_detour,gaussian_sensory,temporal_dropout,one_hot,0,lin_block_r5_l8,5,8,12,independent_blocks,2,0.75,0.25,nan,0.0,nan,0.0
landmark_gap_detour,detour_choice,landmark_gap_detour,gaussian_sensory,temporal_dropout,one_hot,0,lin_sequence_all_units_r3_l4,3,4,6,all_units,6,0.5833333333333334,0.08333333333333334,0.4166666666666667,0.07136240321480627,1.0,0.0
landmark_gap_detour,detour_choice,landmark_gap_detour,gaussian_sensory,temporal_dropout,one_hot,0,lin_sequence_front_bands_r1_l2,1,2,2,front_bands,6,0.5833333333333334,0.056927504255331114,0.5,0.074535599249993,1.0,0.0
landmark_gap_detour,detour_choice,landmark_gap_detour,gaussian_sensory,temporal_dropout,one_hot,0,lin_sequence_front_bands_r1_l4,1,4,4,front_bands,6,0.6666666666666666,0.06085806194501848,0.6388888888888888,0.05121969142940494,1.0,0.0
landmark_gap_detour,detour_choice,landmark_gap_detour,gaussian_sensory,temporal_dropout,one_hot,0,lin_sequence_front_bands_r1_l8,1,8,8,front_bands,6,0.75,0.05692750425533112,0.7222222222222222,0.03513641844631535,0.8611111111111112,0.0795434503515353
landmark_gap_detour,detour_choice,landmark_gap_detour,gaussian_sensory,temporal_dropout,one_hot,0,lin_sequence_front_bands_r3_l2,3,2,4,front_bands,6,0.75,0.08333333333333334,0.638888888888889,0.10015420209622194,1.0,0.0
landmark_gap_detour,detour_choice,landmark_gap_detour,gaussian_sensory,temporal_dropout,one_hot,0,lin_sequence_front_bands_r3_l4,3,4,6,front_bands,6,0.611111111111111,0.11111111111111115,0.47222222222222215,0.09043789220055394,1.0,0.0
landmark_gap_detour,detour_choice,landmark_gap_detour,gaussian_sensory,temporal_dropout,one_hot,0,lin_sequence_front_bands_r3_l8,3,8,10,front_bands,6,0.611111111111111,0.07027283689263067,0.5555555555555556,0.08240220541217405,1.0,0.0
landmark_gap_detour,detour_choice,landmark_gap_detour,gaussian_sensory,temporal_dropout,one_hot,0,lin_sequence_front_bands_r5_l2,5,2,6,front_bands,6,0.6388888888888888,0.09043789220055393,0.5277777777777778,0.05121969142940494,1.0,0.0
landmark_gap_detour,detour_choice,landmark_gap_detour,gaussian_sensory,temporal_dropout,one_hot,0,lin_sequence_front_bands_r5_l4,5,4,8,front_bands,6,0.6666666666666666,0.12171612389003693,0.6111111111111112,0.12668615834434868,1.0,0.0
landmark_gap_detour,detour_choice,landmark_gap_detour,gaussian_sensory,temporal_dropout,one_hot,0,lin_sequence_front_bands_r5_l8,5,8,12,front_bands,6,0.611111111111111,0.07027283689263066,0.5277777777777778,0.0668977476599572,0.9444444444444445,0.03513641844631532
landmark_gap_detour,detour_choice,landmark_gap_detour,gaussian_sensory,temporal_dropout,one_hot,0,memoryless_linear,,,,,2,0.5833333333333333,0.0833333333333333,0.41666666666666663,0.08333333333333334,nan,0.0
landmark_gap_detour,detour_choice,landmark_gap_detour,gaussian_sensory,temporal_dropout,one_hot,0,memoryless_mlp,,,,,2,0.5833333333333333,0.0833333333333333,0.41666666666666663,0.08333333333333334,nan,0.0
landmark_gap_detour,detour_choice,landmark_gap_detour,gaussian_sensory,temporal_dropout,one_hot,0,numpy_rnn,,,,,2,0.41666666666666663,0.08333333333333334,0.08333333333333333,0.08333333333333333,nan,0.0
landmark_gap_detour,detour_choice,landmark_gap_detour,gaussian_sensory,temporal_dropout,one_hot,0,reservoir_block_hybrid,,,,,6,0.638888888888889,0.13205404804449686,0.5833333333333334,0.12729376930432892,nan,0.0
landmark_gap_detour,detour_choice,landmark_gap_detour,gaussian_sensory,temporal_dropout,one_hot,0,reservoir_diagonal,,,,,6,0.47222222222222215,0.051219691429404926,0.3611111111111111,0.02777777777777778,nan,0.0
landmark_gap_detour,detour_choice,landmark_gap_detour,gaussian_sensory,temporal_dropout,one_hot,0,reservoir_low_rank,,,,,6,0.5833333333333334,0.0937885723118563,0.4444444444444444,0.08240220541217406,nan,0.0
landmark_gap_detour,detour_choice,landmark_gap_detour,gaussian_sensory,temporal_dropout,one_hot,0,reservoir_nilpotent,,,,,6,0.7777777777777777,0.08240220541217405,0.6666666666666666,0.08606629658238704,nan,0.0
landmark_gap_detour,detour_choice,landmark_gap_detour,gaussian_sensory,temporal_dropout,one_hot,0,reservoir_orthogonal,,,,,6,0.6388888888888888,0.10015420209622194,0.5555555555555556,0.11915339216404011,nan,0.0
landmark_gap_detour,detour_choice,landmark_gap_detour,gaussian_sensory,temporal_dropout,one_hot,0,reservoir_oscillatory,,,,,6,0.5555555555555555,0.08240220541217404,0.4444444444444445,0.08240220541217405,nan,0.0
landmark_gap_detour,detour_choice,landmark_gap_detour,gaussian_sensory,temporal_dropout,one_hot,0,reservoir_random,,,,,6,0.6666666666666666,0.060858061945018464,0.49999999999999994,0.08606629658238704,nan,0.0
landmark_gap_detour,detour_choice,landmark_gap_detour,gaussian_sensory,temporal_dropout,one_hot,0,reservoir_sparse,,,,,6,0.6666666666666666,0.11385500851066223,0.611111111111111,0.12668615834434868,nan,0.0
landmark_gap_detour,detour_choice,landmark_gap_detour,gaussian_sensory,temporal_dropout,one_hot,0,reservoir_symmetric,,,,,6,0.6388888888888888,0.05121969142940494,0.5277777777777778,0.051219691429404926,nan,0.0
landmark_gap_detour,detour_choice,landmark_gap_detour,gaussian_sensory,temporal_full,embedding,8,lin_block_r1_l2,1,2,2,independent_blocks,2,1.0,0.0,nan,0.0,nan,0.0
landmark_gap_detour,detour_choice,landmark_gap_detour,gaussian_sensory,temporal_full,embedding,8,lin_block_r1_l4,1,4,4,independent_blocks,2,1.0,0.0,nan,0.0,nan,0.0
landmark_gap_detour,detour_choice,landmark_gap_detour,gaussian_sensory,temporal_full,embedding,8,lin_block_r1_l8,1,8,8,independent_blocks,2,1.0,0.0,nan,0.0,nan,0.0
landmark_gap_detour,detour_choice,landmark_gap_detour,gaussian_sensory,temporal_full,embedding,8,lin_block_r3_l2,3,2,4,independent_blocks,2,0.6666666666666666,0.0,nan,0.0,nan,0.0
landmark_gap_detour,detour_choice,landmark_gap_detour,gaussian_sensory,temporal_full,embedding,8,lin_block_r3_l4,3,4,6,independent_blocks,2,1.0,0.0,nan,0.0,nan,0.0
landmark_gap_detour,detour_choice,landmark_gap_detour,gaussian_sensory,temporal_full,embedding,8,lin_block_r3_l8,3,8,10,independent_blocks,2,1.0,0.0,nan,0.0,nan,0.0
landmark_gap_detour,detour_choice,landmark_gap_detour,gaussian_sensory,temporal_full,embedding,8,lin_block_r5_l2,5,2,6,independent_blocks,2,0.8333333333333334,0.0,nan,0.0,nan,0.0
landmark_gap_detour,detour_choice,landmark_gap_detour,gaussian_sensory,temporal_full,embedding,8,lin_block_r5_l4,5,4,8,independent_blocks,2,0.8333333333333334,0.0,nan,0.0,nan,0.0
landmark_gap_detour,detour_choice,landmark_gap_detour,gaussian_sensory,temporal_full,embedding,8,lin_block_r5_l8,5,8,12,independent_blocks,2,0.9166666666666667,0.0833333333333333,nan,0.0,nan,0.0
landmark_gap_detour,detour_choice,landmark_gap_detour,gaussian_sensory,temporal_full,embedding,8,lin_sequence_all_units_r3_l4,3,4,6,all_units,6,0.6666666666666666,0.06085806194501848,0.4444444444444444,0.08240220541217406,1.0,0.0
landmark_gap_detour,detour_choice,landmark_gap_detour,gaussian_sensory,temporal_full,embedding,8,lin_sequence_front_bands_r1_l2,1,2,2,front_bands,6,0.9444444444444445,0.03513641844631532,0.9444444444444445,0.03513641844631532,1.0,0.0
landmark_gap_detour,detour_choice,landmark_gap_detour,gaussian_sensory,temporal_full,embedding,8,lin_sequence_front_bands_r1_l4,1,4,4,front_bands,6,0.611111111111111,0.07027283689263066,0.5555555555555556,0.08240220541217405,1.0,0.0
landmark_gap_detour,detour_choice,landmark_gap_detour,gaussian_sensory,temporal_full,embedding,8,lin_sequence_front_bands_r1_l8,1,8,8,front_bands,6,0.6944444444444443,0.06689774765995721,0.5555555555555556,0.10243938285880988,0.9722222222222222,0.027777777777777776
landmark_gap_detour,detour_choice,landmark_gap_detour,gaussian_sensory,temporal_full,embedding,8,lin_sequence_front_bands_r3_l2,3,2,4,front_bands,6,0.7777777777777777,0.05555555555555557,0.6111111111111112,0.12668615834434868,1.0,0.0
landmark_gap_detour,detour_choice,landmark_gap_detour,gaussian_sensory,temporal_full,embedding,8,lin_sequence_front_bands_r3_l4,3,4,6,front_bands,6,0.6944444444444443,0.0795434503515353,0.5555555555555555,0.11111111111111112,1.0,0.0
landmark_gap_detour,detour_choice,landmark_gap_detour,gaussian_sensory,temporal_full,embedding,8,lin_sequence_front_bands_r3_l8,3,8,10,front_bands,6,0.8333333333333334,0.074535599249993,0.6666666666666666,0.149071198499986,0.9166666666666666,0.03726779962499648
landmark_gap_detour,detour_choice,landmark_gap_detour,gaussian_sensory,temporal_full,embedding,8,lin_sequence_front_bands_r5_l2,5,2,6,front_bands,6,0.8055555555555555,0.09043789220055393,0.7499999999999999,0.11979921473804349,1.0,0.0
landmark_gap_detour,detour_choice,landmark_gap_detour,gaussian_sensory,temporal_full,embedding,8,lin_sequence_front_bands_r5_l4,5,4,8,front_bands,6,0.75,0.07136240321480629,0.6111111111111112,0.11111111111111112,1.0,0.0
landmark_gap_detour,detour_choice,landmark_gap_detour,gaussian_sensory,temporal_full,embedding,8,lin_sequence_front_bands_r5_l8,5,8,12,front_bands,6,0.7222222222222222,0.03513641844631535,0.5833333333333334,0.09378857231185632,0.9444444444444445,0.03513641844631532
landmark_gap_detour,detour_choice,landmark_gap_detour,gaussian_sensory,temporal_full,embedding,8,memoryless_linear,,,,,2,0.6666666666666666,0.0,0.3333333333333333,0.0,nan,0.0
landmark_gap_detour,detour_choice,landmark_gap_detour,gaussian_sensory,temporal_full,embedding,8,memoryless_mlp,,,,,2,0.6666666666666666,0.0,0.3333333333333333,0.0,nan,0.0
landmark_gap_detour,detour_choice,landmark_gap_detour,gaussian_sensory,temporal_full,embedding,8,numpy_rnn,,,,,2,0.41666666666666663,0.08333333333333334,0.16666666666666666,0.16666666666666666,nan,0.0
landmark_gap_detour,detour_choice,landmark_gap_detour,gaussian_sensory,temporal_full,embedding,8,reservoir_block_hybrid,,,,,6,0.8333333333333335,0.08606629658238706,0.7777777777777778,0.11111111111111112,nan,0.0
landmark_gap_detour,detour_choice,landmark_gap_detour,gaussian_sensory,temporal_full,embedding,8,reservoir_diagonal,,,,,6,0.861111111111111,0.06689774765995721,0.6944444444444443,0.1388888888888889,nan,0.0
landmark_gap_detour,detour_choice,landmark_gap_detour,gaussian_sensory,temporal_full,embedding,8,reservoir_low_rank,,,,,6,0.6944444444444443,0.10900787150193658,0.5555555555555556,0.1405456737852613,nan,0.0
landmark_gap_detour,detour_choice,landmark_gap_detour,gaussian_sensory,temporal_full,embedding,8,reservoir_nilpotent,,,,,6,0.8888888888888888,0.07027283689263067,0.8055555555555555,0.1248455836346902,nan,0.0
landmark_gap_detour,detour_choice,landmark_gap_detour,gaussian_sensory,temporal_full,embedding,8,reservoir_orthogonal,,,,,6,0.9166666666666669,0.056927504255331114,0.8888888888888888,0.07027283689263067,nan,0.0
landmark_gap_detour,detour_choice,landmark_gap_detour,gaussian_sensory,temporal_full,embedding,8,reservoir_oscillatory,,,,,6,0.888888888888889,0.08240220541217405,0.8333333333333331,0.11385500851066223,nan,0.0
landmark_gap_detour,detour_choice,landmark_gap_detour,gaussian_sensory,temporal_full,embedding,8,reservoir_random,,,,,6,0.8055555555555555,0.06689774765995721,0.6944444444444445,0.1248455836346902,nan,0.0
landmark_gap_detour,detour_choice,landmark_gap_detour,gaussian_sensory,temporal_full,embedding,8,reservoir_sparse,,,,,6,0.8055555555555555,0.0795434503515353,0.611111111111111,0.12668615834434868,nan,0.0
landmark_gap_detour,detour_choice,landmark_gap_detour,gaussian_sensory,temporal_full,embedding,8,reservoir_symmetric,,,,,6,0.7222222222222222,0.05555555555555557,0.4444444444444444,0.11111111111111112,nan,0.0
landmark_gap_detour,detour_choice,landmark_gap_detour,gaussian_sensory,temporal_full,none,0,lin_block_r1_l2,1,2,2,independent_blocks,2,0.9166666666666667,0.0833333333333333,nan,0.0,nan,0.0
landmark_gap_detour,detour_choice,landmark_gap_detour,gaussian_sensory,temporal_full,none,0,lin_block_r1_l4,1,4,4,independent_blocks,2,0.75,0.08333333333333337,nan,0.0,nan,0.0
landmark_gap_detour,detour_choice,landmark_gap_detour,gaussian_sensory,temporal_full,none,0,lin_block_r1_l8,1,8,8,independent_blocks,2,0.8333333333333333,0.16666666666666669,nan,0.0,nan,0.0
landmark_gap_detour,detour_choice,landmark_gap_detour,gaussian_sensory,temporal_full,none,0,lin_block_r3_l2,3,2,4,independent_blocks,2,0.6666666666666666,0.0,nan,0.0,nan,0.0
landmark_gap_detour,detour_choice,landmark_gap_detour,gaussian_sensory,temporal_full,none,0,lin_block_r3_l4,3,4,6,independent_blocks,2,0.9166666666666667,0.0833333333333333,nan,0.0,nan,0.0
landmark_gap_detour,detour_choice,landmark_gap_detour,gaussian_sensory,temporal_full,none,0,lin_block_r3_l8,3,8,10,independent_blocks,2,1.0,0.0,nan,0.0,nan,0.0
landmark_gap_detour,detour_choice,landmark_gap_detour,gaussian_sensory,temporal_full,none,0,lin_block_r5_l2,5,2,6,independent_blocks,2,0.8333333333333334,0.0,nan,0.0,nan,0.0
landmark_gap_detour,detour_choice,landmark_gap_detour,gaussian_sensory,temporal_full,none,0,lin_block_r5_l4,5,4,8,independent_blocks,2,0.75,0.08333333333333337,nan,0.0,nan,0.0
landmark_gap_detour,detour_choice,landmark_gap_detour,gaussian_sensory,temporal_full,none,0,lin_block_r5_l8,5,8,12,independent_blocks,2,0.75,0.08333333333333337,nan,0.0,nan,0.0
landmark_gap_detour,detour_choice,landmark_gap_detour,gaussian_sensory,temporal_full,none,0,lin_sequence_all_units_r3_l4,3,4,6,all_units,6,0.8055555555555557,0.05121969142940494,0.6944444444444443,0.10015420209622194,1.0,0.0
landmark_gap_detour,detour_choice,landmark_gap_detour,gaussian_sensory,temporal_full,none,0,lin_sequence_front_bands_r1_l2,1,2,2,front_bands,6,0.8055555555555555,0.02777777777777779,0.6666666666666666,0.074535599249993,1.0,0.0
landmark_gap_detour,detour_choice,landmark_gap_detour,gaussian_sensory,temporal_full,none,0,lin_sequence_front_bands_r1_l4,1,4,4,front_bands,6,0.6944444444444445,0.10015420209622194,0.5833333333333334,0.11979921473804349,1.0,0.0
landmark_gap_detour,detour_choice,landmark_gap_detour,gaussian_sensory,temporal_full,none,0,lin_sequence_front_bands_r1_l8,1,8,8,front_bands,6,0.75,0.07136240321480629,0.6666666666666666,0.09622504486493763,0.9722222222222222,0.027777777777777776
landmark_gap_detour,detour_choice,landmark_gap_detour,gaussian_sensory,temporal_full,none,0,lin_sequence_front_bands_r3_l2,3,2,4,front_bands,6,0.75,0.03726779962499651,0.5555555555555556,0.10243938285880988,1.0,0.0
landmark_gap_detour,detour_choice,landmark_gap_detour,gaussian_sensory,temporal_full,none,0,lin_sequence_front_bands_r3_l4,3,4,6,front_bands,6,0.75,0.07136240321480629,0.6666666666666666,0.105409255338946,1.0,0.0
landmark_gap_detour,detour_choice,landmark_gap_detour,gaussian_sensory,temporal_full,none,0,lin_sequence_front_bands_r3_l8,3,8,10,front_bands,6,0.8055555555555555,0.05121969142940494,0.7222222222222222,0.09296222517045286,1.0,0.0
landmark_gap_detour,detour_choice,landmark_gap_detour,gaussian_sensory,temporal_full,none,0,lin_sequence_front_bands_r5_l2,5,2,6,front_bands,6,0.8333333333333335,0.08606629658238706,0.7222222222222222,0.13379549531991441,1.0,0.0
landmark_gap_detour,detour_choice,landmark_gap_detour,gaussian_sensory,temporal_full,none,0,lin_sequence_front_bands_r5_l4,5,4,8,front_bands,6,0.75,0.0937885723118563,0.6666666666666666,0.12909944487358058,1.0,0.0
landmark_gap_detour,detour_choice,landmark_gap_detour,gaussian_sensory,temporal_full,none,0,lin_sequence_front_bands_r5_l8,5,8,12,front_bands,6,0.6388888888888888,0.10900787150193658,0.5555555555555555,0.11111111111111112,1.0,0.0
landmark_gap_detour,detour_choice,landmark_gap_detour,gaussian_sensory,temporal_full,none,0,memoryless_linear,,,,,2,0.5,0.0,0.3333333333333333,0.0,nan,0.0
landmark_gap_detour,detour_choice,landmark_gap_detour,gaussian_sensory,temporal_full,none,0,memoryless_mlp,,,,,2,0.5,0.0,0.3333333333333333,0.0,nan,0.0
landmark_gap_detour,detour_choice,landmark_gap_detour,gaussian_sensory,temporal_full,none,0,numpy_rnn,,,,,2,0.5833333333333333,0.0833333333333333,0.5,0.16666666666666666,nan,0.0
landmark_gap_detour,detour_choice,landmark_gap_detour,gaussian_sensory,temporal_full,none,0,reservoir_block_hybrid,,,,,6,0.7222222222222222,0.05555555555555556,0.5000000000000001,0.11385500851066224,nan,0.0
landmark_gap_detour,detour_choice,landmark_gap_detour,gaussian_sensory,temporal_full,none,0,reservoir_diagonal,,,,,6,0.6944444444444445,0.09043789220055393,0.5833333333333333,0.08333333333333334,nan,0.0
landmark_gap_detour,detour_choice,landmark_gap_detour,gaussian_sensory,temporal_full,none,0,reservoir_low_rank,,,,,6,0.6944444444444445,0.02777777777777779,0.4444444444444444,0.05555555555555556,nan,0.0
landmark_gap_detour,detour_choice,landmark_gap_detour,gaussian_sensory,temporal_full,none,0,reservoir_nilpotent,,,,,6,0.8333333333333334,0.04303314829119353,0.7222222222222223,0.10243938285880988,nan,0.0
landmark_gap_detour,detour_choice,landmark_gap_detour,gaussian_sensory,temporal_full,none,0,reservoir_orthogonal,,,,,6,0.7222222222222222,0.03513641844631535,0.47222222222222215,0.09043789220055394,nan,0.0
landmark_gap_detour,detour_choice,landmark_gap_detour,gaussian_sensory,temporal_full,none,0,reservoir_oscillatory,,,,,6,0.8888888888888888,0.08240220541217402,0.8611111111111112,0.09043789220055393,nan,0.0
landmark_gap_detour,detour_choice,landmark_gap_detour,gaussian_sensory,temporal_full,none,0,reservoir_random,,,,,6,0.8611111111111112,0.09043789220055393,0.8333333333333335,0.11385500851066224,nan,0.0
landmark_gap_detour,detour_choice,landmark_gap_detour,gaussian_sensory,temporal_full,none,0,reservoir_sparse,,,,,6,0.7777777777777778,0.07027283689263067,0.638888888888889,0.10900787150193658,nan,0.0
landmark_gap_detour,detour_choice,landmark_gap_detour,gaussian_sensory,temporal_full,none,0,reservoir_symmetric,,,,,6,0.9166666666666666,0.056927504255331114,0.861111111111111,0.09043789220055394,nan,0.0
landmark_gap_detour,detour_choice,landmark_gap_detour,gaussian_sensory,temporal_full,one_hot,0,lin_block_r1_l2,1,2,2,independent_blocks,2,1.0,0.0,nan,0.0,nan,0.0
landmark_gap_detour,detour_choice,landmark_gap_detour,gaussian_sensory,temporal_full,one_hot,0,lin_block_r1_l4,1,4,4,independent_blocks,2,0.8333333333333334,0.0,nan,0.0,nan,0.0
landmark_gap_detour,detour_choice,landmark_gap_detour,gaussian_sensory,temporal_full,one_hot,0,lin_block_r1_l8,1,8,8,independent_blocks,2,0.9166666666666667,0.0833333333333333,nan,0.0,nan,0.0
landmark_gap_detour,detour_choice,landmark_gap_detour,gaussian_sensory,temporal_full,one_hot,0,lin_block_r3_l2,3,2,4,independent_blocks,2,0.6666666666666666,0.0,nan,0.0,nan,0.0
landmark_gap_detour,detour_choice,landmark_gap_detour,gaussian_sensory,temporal_full,one_hot,0,lin_block_r3_l4,3,4,6,independent_blocks,2,1.0,0.0,nan,0.0,nan,0.0
landmark_gap_detour,detour_choice,landmark_gap_detour,gaussian_sensory,temporal_full,one_hot,0,lin_block_r3_l8,3,8,10,independent_blocks,2,1.0,0.0,nan,0.0,nan,0.0
landmark_gap_detour,detour_choice,landmark_gap_detour,gaussian_sensory,temporal_full,one_hot,0,lin_block_r5_l2,5,2,6,independent_blocks,2,0.8333333333333334,0.0,nan,0.0,nan,0.0
landmark_gap_detour,detour_choice,landmark_gap_detour,gaussian_sensory,temporal_full,one_hot,0,lin_block_r5_l4,5,4,8,independent_blocks,2,0.8333333333333334,0.0,nan,0.0,nan,0.0
landmark_gap_detour,detour_choice,landmark_gap_detour,gaussian_sensory,temporal_full,one_hot,0,lin_block_r5_l8,5,8,12,independent_blocks,2,0.8333333333333334,0.0,nan,0.0,nan,0.0
landmark_gap_detour,detour_choice,landmark_gap_detour,gaussian_sensory,temporal_full,one_hot,0,lin_sequence_all_units_r3_l4,3,4,6,all_units,6,0.9166666666666666,0.03726779962499649,0.8888888888888888,0.05555555555555556,1.0,0.0
landmark_gap_detour,detour_choice,landmark_gap_detour,gaussian_sensory,temporal_full,one_hot,0,lin_sequence_front_bands_r1_l2,1,2,2,front_bands,6,0.9166666666666665,0.05692750425533112,0.8055555555555555,0.1248455836346902,1.0,0.0
landmark_gap_detour,detour_choice,landmark_gap_detour,gaussian_sensory,temporal_full,one_hot,0,lin_sequence_front_bands_r1_l4,1,4,4,front_bands,6,0.8333333333333334,0.060858061945018464,0.75,0.11180339887498951,1.0,0.0
landmark_gap_detour,detour_choice,landmark_gap_detour,gaussian_sensory,temporal_full,one_hot,0,lin_sequence_front_bands_r1_l8,1,8,8,front_bands,6,0.9444444444444445,0.05555555555555556,0.9444444444444445,0.05555555555555556,0.8333333333333334,0.07453559924999299
landmark_gap_detour,detour_choice,landmark_gap_detour,gaussian_sensory,temporal_full,one_hot,0,lin_sequence_front_bands_r3_l2,3,2,4,front_bands,6,0.8333333333333334,0.074535599249993,0.6666666666666666,0.149071198499986,1.0,0.0
landmark_gap_detour,detour_choice,landmark_gap_detour,gaussian_sensory,temporal_full,one_hot,0,lin_sequence_front_bands_r3_l4,3,4,6,front_bands,6,0.7222222222222222,0.07027283689263066,0.5555555555555556,0.11915339216404011,1.0,0.0
landmark_gap_detour,detour_choice,landmark_gap_detour,gaussian_sensory,temporal_full,one_hot,0,lin_sequence_front_bands_r3_l8,3,8,10,front_bands,6,0.861111111111111,0.06689774765995721,0.8055555555555555,0.1090078715019366,1.0,0.0
landmark_gap_detour,detour_choice,landmark_gap_detour,gaussian_sensory,temporal_full,one_hot,0,lin_sequence_front_bands_r5_l2,5,2,6,front_bands,6,0.8055555555555555,0.0795434503515353,0.7222222222222222,0.11111111111111112,1.0,0.0
landmark_gap_detour,detour_choice,landmark_gap_detour,gaussian_sensory,temporal_full,one_hot,0,lin_sequence_front_bands_r5_l4,5,4,8,front_bands,6,0.8055555555555555,0.0795434503515353,0.6666666666666666,0.12909944487358058,0.9722222222222223,0.02777777777777777
landmark_gap_detour,detour_choice,landmark_gap_detour,gaussian_sensory,temporal_full,one_hot,0,lin_sequence_front_bands_r5_l8,5,8,12,front_bands,6,0.8611111111111112,0.1090078715019366,0.8333333333333331,0.11385500851066223,0.861111111111111,0.09043789220055394
landmark_gap_detour,detour_choice,landmark_gap_detour,gaussian_sensory,temporal_full,one_hot,0,memoryless_linear,,,,,2,0.75,0.08333333333333337,0.5833333333333334,0.25,nan,0.0
landmark_gap_detour,detour_choice,landmark_gap_detour,gaussian_sensory,temporal_full,one_hot,0,memoryless_mlp,,,,,2,0.75,0.08333333333333337,0.5833333333333334,0.25,nan,0.0
landmark_gap_detour,detour_choice,landmark_gap_detour,gaussian_sensory,temporal_full,one_hot,0,numpy_rnn,,,,,2,0.5,0.16666666666666666,0.3333333333333333,0.3333333333333333,nan,0.0
landmark_gap_detour,detour_choice,landmark_gap_detour,gaussian_sensory,temporal_full,one_hot,0,reservoir_block_hybrid,,,,,6,0.8055555555555557,0.06689774765995721,0.7222222222222222,0.10243938285880988,nan,0.0
landmark_gap_detour,detour_choice,landmark_gap_detour,gaussian_sensory,temporal_full,one_hot,0,reservoir_diagonal,,,,,6,0.8055555555555555,0.06689774765995721,0.5833333333333334,0.1343709624716425,nan,0.0
landmark_gap_detour,detour_choice,landmark_gap_detour,gaussian_sensory,temporal_full,one_hot,0,reservoir_low_rank,,,,,6,0.7222222222222223,0.08240220541217405,0.5833333333333334,0.11979921473804349,nan,0.0
landmark_gap_detour,detour_choice,landmark_gap_detour,gaussian_sensory,temporal_full,one_hot,0,reservoir_nilpotent,,,,,6,0.75,0.11979921473804349,0.6666666666666666,0.149071198499986,nan,0.0
landmark_gap_detour,detour_choice,landmark_gap_detour,gaussian_sensory,temporal_full,one_hot,0,reservoir_orthogonal,,,,,6,0.8055555555555557,0.0795434503515353,0.6666666666666666,0.12171612389003693,nan,0.0
landmark_gap_detour,detour_choice,landmark_gap_detour,gaussian_sensory,temporal_full,one_hot,0,reservoir_oscillatory,,,,,6,0.6944444444444443,0.0795434503515353,0.5277777777777778,0.1248455836346902,nan,0.0
landmark_gap_detour,detour_choice,landmark_gap_detour,gaussian_sensory,temporal_full,one_hot,0,reservoir_random,,,,,6,0.6666666666666666,0.09622504486493763,0.5277777777777778,0.1248455836346902,nan,0.0
landmark_gap_detour,detour_choice,landmark_gap_detour,gaussian_sensory,temporal_full,one_hot,0,reservoir_sparse,,,,,6,0.8611111111111112,0.05121969142940494,0.75,0.1031898645611484,nan,0.0
landmark_gap_detour,detour_choice,landmark_gap_detour,gaussian_sensory,temporal_full,one_hot,0,reservoir_symmetric,,,,,6,0.7222222222222222,0.05555555555555557,0.4444444444444444,0.11111111111111112,nan,0.0
room_graph_bottleneck,bottleneck,room_graph_navigation,gaussian_sensory,temporal_cue_then_blank,embedding,8,lin_block_r1_l2,1,2,2,independent_blocks,2,0.6875,0.020833333333333367,nan,0.0,nan,0.0
room_graph_bottleneck,bottleneck,room_graph_navigation,gaussian_sensory,temporal_cue_then_blank,embedding,8,lin_block_r1_l4,1,4,4,independent_blocks,2,0.7083333333333333,0.02083333333333331,nan,0.0,nan,0.0
room_graph_bottleneck,bottleneck,room_graph_navigation,gaussian_sensory,temporal_cue_then_blank,embedding,8,lin_block_r1_l8,1,8,8,independent_blocks,2,0.7291666666666667,0.02083333333333331,nan,0.0,nan,0.0
room_graph_bottleneck,bottleneck,room_graph_navigation,gaussian_sensory,temporal_cue_then_blank,embedding,8,lin_block_r3_l2,3,2,4,independent_blocks,2,0.71875,0.03125,nan,0.0,nan,0.0
room_graph_bottleneck,bottleneck,room_graph_navigation,gaussian_sensory,temporal_cue_then_blank,embedding,8,lin_block_r3_l4,3,4,6,independent_blocks,2,0.6979166666666667,0.010416666666666683,nan,0.0,nan,0.0
room_graph_bottleneck,bottleneck,room_graph_navigation,gaussian_sensory,temporal_cue_then_blank,embedding,8,lin_block_r3_l8,3,8,10,independent_blocks,2,0.6770833333333333,0.010416666666666683,nan,0.0,nan,0.0
room_graph_bottleneck,bottleneck,room_graph_navigation,gaussian_sensory,temporal_cue_then_blank,embedding,8,lin_block_r5_l2,5,2,6,independent_blocks,2,0.7291666666666667,0.02083333333333331,nan,0.0,nan,0.0
room_graph_bottleneck,bottleneck,room_graph_navigation,gaussian_sensory,temporal_cue_then_blank,embedding,8,lin_block_r5_l4,5,4,8,independent_blocks,2,0.71875,0.01041666666666663,nan,0.0,nan,0.0
room_graph_bottleneck,bottleneck,room_graph_navigation,gaussian_sensory,temporal_cue_then_blank,embedding,8,lin_block_r5_l8,5,8,12,independent_blocks,2,0.71875,0.05208333333333337,nan,0.0,nan,0.0
room_graph_bottleneck,bottleneck,room_graph_navigation,gaussian_sensory,temporal_cue_then_blank,embedding,8,lin_sequence_all_units_r3_l4,3,4,6,all_units,6,0.7118055555555555,0.02603009001943237,0.09999999999999999,0.018257418583505537,nan,0.0
room_graph_bottleneck,bottleneck,room_graph_navigation,gaussian_sensory,temporal_cue_then_blank,embedding,8,lin_sequence_front_bands_r1_l2,1,2,2,front_bands,6,0.6631944444444445,0.014649321603978468,0.10833333333333332,0.02006932429798716,nan,0.0
room_graph_bottleneck,bottleneck,room_graph_navigation,gaussian_sensory,temporal_cue_then_blank,embedding,8,lin_sequence_front_bands_r1_l4,1,4,4,front_bands,6,0.6979166666666666,0.008920300401850788,0.14166666666666666,0.008333333333333331,nan,0.0
room_graph_bottleneck,bottleneck,room_graph_navigation,gaussian_sensory,temporal_cue_then_blank,embedding,8,lin_sequence_front_bands_r1_l8,1,8,8,front_bands,6,0.7048611111111112,0.024893678234631844,0.15000000000000002,0.0223606797749979,nan,0.0
room_graph_bottleneck,bottleneck,room_graph_navigation,gaussian_sensory,temporal_cue_then_blank,embedding,8,lin_sequence_front_bands_r3_l2,3,2,4,front_bands,6,0.6736111111111112,0.02503855052405549,0.09999999999999999,0.02581988897471612,nan,0.0
room_graph_bottleneck,bottleneck,room_graph_navigation,gaussian_sensory,temporal_cue_then_blank,embedding,8,lin_sequence_front_bands_r3_l4,3,4,6,front_bands,6,0.7013888888888888,0.01672443691498931,0.11666666666666668,0.027888667551135858,nan,0.0
room_graph_bottleneck,bottleneck,room_graph_navigation,gaussian_sensory,temporal_cue_then_blank,embedding,8,lin_sequence_front_bands_r3_l8,3,8,10,front_bands,6,0.6909722222222222,0.02370284467482781,0.18333333333333332,0.01666666666666667,nan,0.0
room_graph_bottleneck,bottleneck,room_graph_navigation,gaussian_sensory,temporal_cue_then_blank,embedding,8,lin_sequence_front_bands_r5_l2,5,2,6,front_bands,6,0.7256944444444445,0.030150407425128346,0.13333333333333333,0.010540925533894597,nan,0.0
room_graph_bottleneck,bottleneck,room_graph_navigation,gaussian_sensory,temporal_cue_then_blank,embedding,8,lin_sequence_front_bands_r5_l4,5,4,8,front_bands,6,0.7118055555555557,0.03461789883504033,0.15833333333333335,0.02386303510546059,nan,0.0
room_graph_bottleneck,bottleneck,room_graph_navigation,gaussian_sensory,temporal_cue_then_blank,embedding,8,lin_sequence_front_bands_r5_l8,5,8,12,front_bands,6,0.6666666666666666,0.019394777838567974,0.09166666666666667,0.020069324297987162,nan,0.0
room_graph_bottleneck,bottleneck,room_graph_navigation,gaussian_sensory,temporal_cue_then_blank,embedding,8,memoryless_linear,,,,,2,0.65625,0.09374999999999999,0.1,0.0,nan,0.0
room_graph_bottleneck,bottleneck,room_graph_navigation,gaussian_sensory,temporal_cue_then_blank,embedding,8,memoryless_mlp,,,,,2,0.65625,0.09374999999999999,0.1,0.0,nan,0.0
room_graph_bottleneck,bottleneck,room_graph_navigation,gaussian_sensory,temporal_cue_then_blank,embedding,8,numpy_rnn,,,,,2,0.6770833333333333,0.052083333333333315,0.1,0.049999999999999996,nan,0.0
room_graph_bottleneck,bottleneck,room_graph_navigation,gaussian_sensory,temporal_cue_then_blank,embedding,8,reservoir_block_hybrid,,,,,6,0.7291666666666666,0.024650332429581735,0.11666666666666665,0.021081851067789197,nan,0.0
room_graph_bottleneck,bottleneck,room_graph_navigation,gaussian_sensory,temporal_cue_then_blank,embedding,8,reservoir_diagonal,,,,,6,0.8090277777777778,0.012519275262027741,0.15000000000000002,0.03651483716701108,nan,0.0
room_graph_bottleneck,bottleneck,room_graph_navigation,gaussian_sensory,temporal_cue_then_blank,embedding,8,reservoir_low_rank,,,,,6,0.65625,0.024503164950524098,0.10833333333333334,0.023863035105460593,nan,0.0
room_graph_bottleneck,bottleneck,room_graph_navigation,gaussian_sensory,temporal_cue_then_blank,embedding,8,reservoir_nilpotent,,,,,6,0.6631944444444445,0.008362218457494642,0.15833333333333333,0.02713136766016618,nan,0.0
room_graph_bottleneck,bottleneck,room_graph_navigation,gaussian_sensory,temporal_cue_then_blank,embedding,8,reservoir_orthogonal,,,,,6,0.6875,0.016137430609197565,0.13333333333333333,0.02788866755113585,nan,0.0
room_graph_bottleneck,bottleneck,room_graph_navigation,gaussian_sensory,temporal_cue_then_blank,embedding,8,reservoir_oscillatory,,,,,6,0.6875,0.024056261216234415,0.15000000000000002,0.01825741858350554,nan,0.0
room_graph_bottleneck,bottleneck,room_graph_navigation,gaussian_sensory,temporal_cue_then_blank,embedding,8,reservoir_random,,,,,6,0.6840277777777778,0.014649321603978457,0.15833333333333335,0.015365907428821483,nan,0.0
room_graph_bottleneck,bottleneck,room_graph_navigation,gaussian_sensory,temporal_cue_then_blank,embedding,8,reservoir_sparse,,,,,6,0.7152777777777778,0.006944444444444435,0.10833333333333335,0.039616214413349046,nan,0.0
room_graph_bottleneck,bottleneck,room_graph_navigation,gaussian_sensory,temporal_cue_then_blank,embedding,8,reservoir_symmetric,,,,,6,0.7152777777777777,0.021960261528947082,0.16666666666666666,0.010540925533894603,nan,0.0
room_graph_bottleneck,bottleneck,room_graph_navigation,gaussian_sensory,temporal_cue_then_blank,none,0,lin_block_r1_l2,1,2,2,independent_blocks,2,0.59375,0.03125,nan,0.0,nan,0.0
room_graph_bottleneck,bottleneck,room_graph_navigation,gaussian_sensory,temporal_cue_then_blank,none,0,lin_block_r1_l4,1,4,4,independent_blocks,2,0.5416666666666666,0.06249999999999997,nan,0.0,nan,0.0
room_graph_bottleneck,bottleneck,room_graph_navigation,gaussian_sensory,temporal_cue_then_blank,none,0,lin_block_r1_l8,1,8,8,independent_blocks,2,0.5208333333333333,0.02083333333333331,nan,0.0,nan,0.0
room_graph_bottleneck,bottleneck,room_graph_navigation,gaussian_sensory,temporal_cue_then_blank,none,0,lin_block_r3_l2,3,2,4,independent_blocks,2,0.5104166666666666,0.031249999999999972,nan,0.0,nan,0.0
room_graph_bottleneck,bottleneck,room_graph_navigation,gaussian_sensory,temporal_cue_then_blank,none,0,lin_block_r3_l4,3,4,6,independent_blocks,2,0.4791666666666667,0.0,nan,0.0,nan,0.0
room_graph_bottleneck,bottleneck,room_graph_navigation,gaussian_sensory,temporal_cue_then_blank,none,0,lin_block_r3_l8,3,8,10,independent_blocks,2,0.48958333333333337,0.03125000000000003,nan,0.0,nan,0.0
room_graph_bottleneck,bottleneck,room_graph_navigation,gaussian_sensory,temporal_cue_then_blank,none,0,lin_block_r5_l2,5,2,6,independent_blocks,2,0.48958333333333337,0.010416666666666656,nan,0.0,nan,0.0
room_graph_bottleneck,bottleneck,room_graph_navigation,gaussian_sensory,temporal_cue_then_blank,none,0,lin_block_r5_l4,5,4,8,independent_blocks,2,0.46875,0.010416666666666683,nan,0.0,nan,0.0
room_graph_bottleneck,bottleneck,room_graph_navigation,gaussian_sensory,temporal_cue_then_blank,none,0,lin_block_r5_l8,5,8,12,independent_blocks,2,0.4583333333333333,0.0,nan,0.0,nan,0.0
room_graph_bottleneck,bottleneck,room_graph_navigation,gaussian_sensory,temporal_cue_then_blank,none,0,lin_sequence_all_units_r3_l4,3,4,6,all_units,6,0.517361111111111,0.021794937258993348,0.06666666666666667,0.021081851067789197,nan,0.0
room_graph_bottleneck,bottleneck,room_graph_navigation,gaussian_sensory,temporal_cue_then_blank,none,0,lin_sequence_front_bands_r1_l2,1,2,2,front_bands,6,0.5902777777777778,0.01489417402050502,0.05000000000000001,0.0223606797749979,nan,0.0
room_graph_bottleneck,bottleneck,room_graph_navigation,gaussian_sensory,temporal_cue_then_blank,none,0,lin_sequence_front_bands_r1_l4,1,4,4,front_bands,6,0.5381944444444443,0.027118922485786994,0.05000000000000001,0.0223606797749979,nan,0.0
room_graph_bottleneck,bottleneck,room_graph_navigation,gaussian_sensory,temporal_cue_then_blank,none,0,lin_sequence_front_bands_r1_l8,1,8,8,front_bands,6,0.5034722222222222,0.018175350455975556,0.05000000000000001,0.0223606797749979,nan,0.0
room_graph_bottleneck,bottleneck,room_graph_navigation,gaussian_sensory,temporal_cue_then_blank,none,0,lin_sequence_front_bands_r3_l2,3,2,4,front_bands,6,0.5347222222222222,0.020600551353043506,0.06666666666666667,0.021081851067789197,nan,0.0
room_graph_bottleneck,bottleneck,room_graph_navigation,gaussian_sensory,temporal_cue_then_blank,none,0,lin_sequence_front_bands_r3_l4,3,4,6,front_bands,6,0.513888888888889,0.022609473050138485,0.06666666666666667,0.021081851067789197,nan,0.0
room_graph_bottleneck,bottleneck,room_graph_navigation,gaussian_sensory,temporal_cue_then_blank,none,0,lin_sequence_front_bands_r3_l8,3,8,10,front_bands,6,0.4791666666666667,0.02689571768199595,0.06666666666666667,0.021081851067789197,nan,0.0
room_graph_bottleneck,bottleneck,room_graph_navigation,gaussian_sensory,temporal_cue_then_blank,none,0,lin_sequence_front_bands_r5_l2,5,2,6,front_bands,6,0.49652777777777785,0.02370284467482779,0.05000000000000001,0.0223606797749979,nan,0.0
room_graph_bottleneck,bottleneck,room_graph_navigation,gaussian_sensory,temporal_cue_then_blank,none,0,lin_sequence_front_bands_r5_l4,5,4,8,front_bands,6,0.46527777777777773,0.022609473050138485,0.05000000000000001,0.0223606797749979,nan,0.0
room_graph_bottleneck,bottleneck,room_graph_navigation,gaussian_sensory,temporal_cue_then_blank,none,0,lin_sequence_front_bands_r5_l8,5,8,12,front_bands,6,0.5381944444444444,0.031095296079497375,0.06666666666666667,0.021081851067789197,nan,0.0
room_graph_bottleneck,bottleneck,room_graph_navigation,gaussian_sensory,temporal_cue_then_blank,none,0,memoryless_linear,,,,,2,0.6041666666666667,0.041666666666666685,0.05,0.05,nan,0.0
room_graph_bottleneck,bottleneck,room_graph_navigation,gaussian_sensory,temporal_cue_then_blank,none,0,memoryless_mlp,,,,,2,0.6041666666666667,0.041666666666666685,0.05,0.05,nan,0.0
room_graph_bottleneck,bottleneck,room_graph_navigation,gaussian_sensory,temporal_cue_then_blank,none,0,numpy_rnn,,,,,2,0.6354166666666667,0.010416666666666683,0.05,0.05,nan,0.0
room_graph_bottleneck,bottleneck,room_graph_navigation,gaussian_sensory,temporal_cue_then_blank,none,0,reservoir_block_hybrid,,,,,6,0.47222222222222227,0.015835769793043585,0.05000000000000001,0.0223606797749979,nan,0.0
room_graph_bottleneck,bottleneck,room_graph_navigation,gaussian_sensory,temporal_cue_then_blank,none,0,reservoir_diagonal,,,,,6,0.6388888888888888,0.023240556292613217,0.08333333333333333,0.010540925533894598,nan,0.0
room_graph_bottleneck,bottleneck,room_graph_navigation,gaussian_sensory,temporal_cue_then_blank,none,0,reservoir_low_rank,,,,,6,0.48611111111111116,0.03167153958608717,0.05833333333333334,0.020069324297987162,nan,0.0
room_graph_bottleneck,bottleneck,room_graph_navigation,gaussian_sensory,temporal_cue_then_blank,none,0,reservoir_nilpotent,,,,,6,0.46527777777777773,0.01756820922315767,0.075,0.025000000000000005,nan,0.0
room_graph_bottleneck,bottleneck,room_graph_navigation,gaussian_sensory,temporal_cue_then_blank,none,0,reservoir_orthogonal,,,,,6,0.46875,0.025656879447098838,0.08333333333333333,0.021081851067789197,nan,0.0
room_graph_bottleneck,bottleneck,room_graph_navigation,gaussian_sensory,temporal_cue_then_blank,none,0,reservoir_oscillatory,,,,,6,0.45486111111111116,0.027118922485787005,0.06666666666666667,0.021081851067789197,nan,0.0
room_graph_bottleneck,bottleneck,room_graph_navigation,gaussian_sensory,temporal_cue_then_blank,none,0,reservoir_random,,,,,6,0.4756944444444444,0.02112070323020215,0.07500000000000001,0.017078251276599336,nan,0.0
room_graph_bottleneck,bottleneck,room_graph_navigation,gaussian_sensory,temporal_cue_then_blank,none,0,reservoir_sparse,,,,,6,0.5069444444444444,0.021291263495494296,0.09166666666666667,0.020069324297987162,nan,0.0
room_graph_bottleneck,bottleneck,room_graph_navigation,gaussian_sensory,temporal_cue_then_blank,none,0,reservoir_symmetric,,,,,6,0.5451388888888888,0.02816569415371284,0.05000000000000001,0.0223606797749979,nan,0.0
room_graph_bottleneck,bottleneck,room_graph_navigation,gaussian_sensory,temporal_cue_then_blank,one_hot,0,lin_block_r1_l2,1,2,2,independent_blocks,2,0.6875,0.020833333333333367,nan,0.0,nan,0.0
room_graph_bottleneck,bottleneck,room_graph_navigation,gaussian_sensory,temporal_cue_then_blank,one_hot,0,lin_block_r1_l4,1,4,4,independent_blocks,2,0.7083333333333333,0.02083333333333331,nan,0.0,nan,0.0
room_graph_bottleneck,bottleneck,room_graph_navigation,gaussian_sensory,temporal_cue_then_blank,one_hot,0,lin_block_r1_l8,1,8,8,independent_blocks,2,0.7291666666666667,0.02083333333333331,nan,0.0,nan,0.0
room_graph_bottleneck,bottleneck,room_graph_navigation,gaussian_sensory,temporal_cue_then_blank,one_hot,0,lin_block_r3_l2,3,2,4,independent_blocks,2,0.6770833333333333,0.010416666666666683,nan,0.0,nan,0.0
room_graph_bottleneck,bottleneck,room_graph_navigation,gaussian_sensory,temporal_cue_then_blank,one_hot,0,lin_block_r3_l4,3,4,6,independent_blocks,2,0.6666666666666667,0.02083333333333331,nan,0.0,nan,0.0
room_graph_bottleneck,bottleneck,room_graph_navigation,gaussian_sensory,temporal_cue_then_blank,one_hot,0,lin_block_r3_l8,3,8,10,independent_blocks,2,0.71875,0.01041666666666663,nan,0.0,nan,0.0
room_graph_bottleneck,bottleneck,room_graph_navigation,gaussian_sensory,temporal_cue_then_blank,one_hot,0,lin_block_r5_l2,5,2,6,independent_blocks,2,0.7291666666666667,0.02083333333333331,nan,0.0,nan,0.0
room_graph_bottleneck,bottleneck,room_graph_navigation,gaussian_sensory,temporal_cue_then_blank,one_hot,0,lin_block_r5_l4,5,4,8,independent_blocks,2,0.6979166666666667,0.052083333333333315,nan,0.0,nan,0.0
room_graph_bottleneck,bottleneck,room_graph_navigation,gaussian_sensory,temporal_cue_then_blank,one_hot,0,lin_block_r5_l8,5,8,12,independent_blocks,2,0.7083333333333333,0.02083333333333331,nan,0.0,nan,0.0
room_graph_bottleneck,bottleneck,room_graph_navigation,gaussian_sensory,temporal_cue_then_blank,one_hot,0,lin_sequence_all_units_r3_l4,3,4,6,all_units,6,0.673611111111111,0.02385495005183011,0.11666666666666665,0.016666666666666666,nan,0.0
room_graph_bottleneck,bottleneck,room_graph_navigation,gaussian_sensory,temporal_cue_then_blank,one_hot,0,lin_sequence_front_bands_r1_l2,1,2,2,front_bands,6,0.6215277777777778,0.02308440297027036,0.10833333333333334,0.02006932429798716,nan,0.0
room_graph_bottleneck,bottleneck,room_graph_navigation,gaussian_sensory,temporal_cue_then_blank,one_hot,0,lin_sequence_front_bands_r1_l4,1,4,4,front_bands,6,0.7118055555555555,0.023702844674827802,0.14166666666666666,0.01536590742882148,nan,0.0
room_graph_bottleneck,bottleneck,room_graph_navigation,gaussian_sensory,temporal_cue_then_blank,one_hot,0,lin_sequence_front_bands_r1_l8,1,8,8,front_bands,6,0.6909722222222223,0.027647262829714414,0.16666666666666666,0.045946829173634074,nan,0.0
room_graph_bottleneck,bottleneck,room_graph_navigation,gaussian_sensory,temporal_cue_then_blank,one_hot,0,lin_sequence_front_bands_r3_l2,3,2,4,front_bands,6,0.6840277777777778,0.03461789883504033,0.15833333333333335,0.008333333333333337,nan,0.0
room_graph_bottleneck,bottleneck,room_graph_navigation,gaussian_sensory,temporal_cue_then_blank,one_hot,0,lin_sequence_front_bands_r3_l4,3,4,6,front_bands,6,0.6909722222222223,0.014649321603978463,0.11666666666666665,0.021081851067789197,nan,0.0
room_graph_bottleneck,bottleneck,room_graph_navigation,gaussian_sensory,temporal_cue_then_blank,one_hot,0,lin_sequence_front_bands_r3_l8,3,8,10,front_bands,6,0.65625,0.026760901205552357,0.15,0.01290994448735806,nan,0.0
room_graph_bottleneck,bottleneck,room_graph_navigation,gaussian_sensory,temporal_cue_then_blank,one_hot,0,lin_sequence_front_bands_r5_l2,5,2,6,front_bands,6,0.7256944444444443,0.02112070323020216,0.16666666666666666,0.01666666666666667,nan,0.0
room_graph_bottleneck,bottleneck,room_graph_navigation,gaussian_sensory,temporal_cue_then_blank,one_hot,0,lin_sequence_front_bands_r5_l4,5,4,8,front_bands,6,0.7256944444444445,0.03503332848785956,0.17500000000000002,0.017078251276599336,nan,0.0
room_graph_bottleneck,bottleneck,room_graph_navigation,gaussian_sensory,temporal_cue_then_blank,one_hot,0,lin_sequence_front_bands_r5_l8,5,8,12,front_bands,6,0.6562500000000001,0.02390543677508127,0.10833333333333334,0.020069324297987162,nan,0.0
room_graph_bottleneck,bottleneck,room_graph_navigation,gaussian_sensory,temporal_cue_then_blank,one_hot,0,memoryless_linear,,,,,2,0.65625,0.09374999999999999,0.1,0.0,nan,0.0
room_graph_bottleneck,bottleneck,room_graph_navigation,gaussian_sensory,temporal_cue_then_blank,one_hot,0,memoryless_mlp,,,,,2,0.65625,0.09374999999999999,0.1,0.0,nan,0.0
room_graph_bottleneck,bottleneck,room_graph_navigation,gaussian_sensory,temporal_cue_then_blank,one_hot,0,numpy_rnn,,,,,2,0.6458333333333333,0.02083333333333331,0.125,0.024999999999999994,nan,0.0
room_graph_bottleneck,bottleneck,room_graph_navigation,gaussian_sensory,temporal_cue_then_blank,one_hot,0,reservoir_block_hybrid,,,,,6,0.6979166666666666,0.022015093727982445,0.17500000000000002,0.021408720964441883,nan,0.0
room_graph_bottleneck,bottleneck,room_graph_navigation,gaussian_sensory,temporal_cue_then_blank,one_hot,0,reservoir_diagonal,,,,,6,0.7881944444444443,0.018954644533272474,0.15833333333333333,0.02386303510546059,nan,0.0
room_graph_bottleneck,bottleneck,room_graph_navigation,gaussian_sensory,temporal_cue_then_blank,one_hot,0,reservoir_low_rank,,,,,6,0.6666666666666666,0.0344433243545479,0.11666666666666668,0.016666666666666666,nan,0.0
room_graph_bottleneck,bottleneck,room_graph_navigation,gaussian_sensory,temporal_cue_then_blank,one_hot,0,reservoir_nilpotent,,,,,6,0.6840277777777777,0.027118922485786987,0.125,0.02813657169355689,nan,0.0
room_graph_bottleneck,bottleneck,room_graph_navigation,gaussian_sensory,temporal_cue_then_blank,one_hot,0,reservoir_orthogonal,,,,,6,0.6805555555555555,0.0183732729935041,0.10833333333333334,0.023863035105460593,nan,0.0
room_graph_bottleneck,bottleneck,room_graph_navigation,gaussian_sensory,temporal_cue_then_blank,one_hot,0,reservoir_oscillatory,,,,,6,0.7291666666666666,0.01317615691736825,0.13333333333333333,0.016666666666666666,nan,0.0
room_graph_bottleneck,bottleneck,room_graph_navigation,gaussian_sensory,temporal_cue_then_blank,one_hot,0,reservoir_random,,,,,6,0.71875,0.026760901205552357,0.1416666666666667,0.020069324297987162,nan,0.0
room_graph_bottleneck,bottleneck,room_graph_navigation,gaussian_sensory,temporal_cue_then_blank,one_hot,0,reservoir_sparse,,,,,6,0.7048611111111112,0.01817535045597556,0.1416666666666667,0.030046260628866575,nan,0.0
room_graph_bottleneck,bottleneck,room_graph_navigation,gaussian_sensory,temporal_cue_then_blank,one_hot,0,reservoir_symmetric,,,,,6,0.7222222222222222,0.008784104611578827,0.12500000000000003,0.03593976442141304,nan,0.0
room_graph_bottleneck,bottleneck,room_graph_navigation,gaussian_sensory,temporal_dropout,embedding,8,lin_block_r1_l2,1,2,2,independent_blocks,2,0.7291666666666666,0.0,nan,0.0,nan,0.0
room_graph_bottleneck,bottleneck,room_graph_navigation,gaussian_sensory,temporal_dropout,embedding,8,lin_block_r1_l4,1,4,4,independent_blocks,2,0.6458333333333334,0.0625,nan,0.0,nan,0.0
room_graph_bottleneck,bottleneck,room_graph_navigation,gaussian_sensory,temporal_dropout,embedding,8,lin_block_r1_l8,1,8,8,independent_blocks,2,0.5833333333333334,0.0,nan,0.0,nan,0.0
room_graph_bottleneck,bottleneck,room_graph_navigation,gaussian_sensory,temporal_dropout,embedding,8,lin_block_r3_l2,3,2,4,independent_blocks,2,0.6458333333333334,0.0,nan,0.0,nan,0.0
room_graph_bottleneck,bottleneck,room_graph_navigation,gaussian_sensory,temporal_dropout,embedding,8,lin_block_r3_l4,3,4,6,independent_blocks,2,0.5833333333333334,0.0625,nan,0.0,nan,0.0
room_graph_bottleneck,bottleneck,room_graph_navigation,gaussian_sensory,temporal_dropout,embedding,8,lin_block_r3_l8,3,8,10,independent_blocks,2,0.625,0.0,nan,0.0,nan,0.0
room_graph_bottleneck,bottleneck,room_graph_navigation,gaussian_sensory,temporal_dropout,embedding,8,lin_block_r5_l2,5,2,6,independent_blocks,2,0.5625,0.0625,nan,0.0,nan,0.0
room_graph_bottleneck,bottleneck,room_graph_navigation,gaussian_sensory,temporal_dropout,embedding,8,lin_block_r5_l4,5,4,8,independent_blocks,2,0.625,0.0,nan,0.0,nan,0.0
room_graph_bottleneck,bottleneck,room_graph_navigation,gaussian_sensory,temporal_dropout,embedding,8,lin_block_r5_l8,5,8,12,independent_blocks,2,0.59375,0.05208333333333337,nan,0.0,nan,0.0
room_graph_bottleneck,bottleneck,room_graph_navigation,gaussian_sensory,temporal_dropout,embedding,8,lin_sequence_all_units_r3_l4,3,4,6,all_units,6,0.7430555555555555,0.017568209223157657,0.11666666666666665,0.016666666666666666,nan,0.0
room_graph_bottleneck,bottleneck,room_graph_navigation,gaussian_sensory,temporal_dropout,embedding,8,lin_sequence_front_bands_r1_l2,1,2,2,front_bands,6,0.6631944444444444,0.006402461428675607,0.125,0.05737304826019502,nan,0.0
room_graph_bottleneck,bottleneck,room_graph_navigation,gaussian_sensory,temporal_dropout,embedding,8,lin_sequence_front_bands_r1_l4,1,4,4,front_bands,6,0.7152777777777778,0.03430302509785687,0.09166666666666667,0.02386303510546059,nan,0.0
room_graph_bottleneck,bottleneck,room_graph_navigation,gaussian_sensory,temporal_dropout,embedding,8,lin_sequence_front_bands_r1_l8,1,8,8,front_bands,6,0.6840277777777777,0.02112070323020215,0.09166666666666667,0.02386303510546059,nan,0.0
room_graph_bottleneck,bottleneck,room_graph_navigation,gaussian_sensory,temporal_dropout,embedding,8,lin_sequence_front_bands_r3_l2,3,2,4,front_bands,6,0.6562499999999999,0.019946398078257037,0.075,0.01118033988749895,nan,0.0
room_graph_bottleneck,bottleneck,room_graph_navigation,gaussian_sensory,temporal_dropout,embedding,8,lin_sequence_front_bands_r3_l4,3,4,6,front_bands,6,0.7256944444444445,0.022448930382284182,0.10833333333333334,0.035158371849548314,nan,0.0
room_graph_bottleneck,bottleneck,room_graph_navigation,gaussian_sensory,temporal_dropout,embedding,8,lin_sequence_front_bands_r3_l8,3,8,10,front_bands,6,0.673611111111111,0.02260947305013848,0.10833333333333334,0.030046260628866582,nan,0.0
room_graph_bottleneck,bottleneck,room_graph_navigation,gaussian_sensory,temporal_dropout,embedding,8,lin_sequence_front_bands_r5_l2,5,2,6,front_bands,6,0.7048611111111112,0.017361111111111112,0.13333333333333333,0.010540925533894597,nan,0.0
room_graph_bottleneck,bottleneck,room_graph_navigation,gaussian_sensory,temporal_dropout,embedding,8,lin_sequence_front_bands_r5_l4,5,4,8,front_bands,6,0.6909722222222222,0.018954644533272478,0.08333333333333333,0.027888667551135858,nan,0.0
room_graph_bottleneck,bottleneck,room_graph_navigation,gaussian_sensory,temporal_dropout,embedding,8,lin_sequence_front_bands_r5_l8,5,8,12,front_bands,6,0.6770833333333334,0.019207384286026856,0.09166666666666666,0.01536590742882148,nan,0.0
room_graph_bottleneck,bottleneck,room_graph_navigation,gaussian_sensory,temporal_dropout,embedding,8,memoryless_linear,,,,,2,0.6666666666666666,0.0625,0.175,0.075,nan,0.0
room_graph_bottleneck,bottleneck,room_graph_navigation,gaussian_sensory,temporal_dropout,embedding,8,memoryless_mlp,,,,,2,0.6666666666666666,0.0625,0.175,0.075,nan,0.0
room_graph_bottleneck,bottleneck,room_graph_navigation,gaussian_sensory,temporal_dropout,embedding,8,numpy_rnn,,,,,2,0.6770833333333334,0.03125,0.125,0.024999999999999994,nan,0.0
room_graph_bottleneck,bottleneck,room_graph_navigation,gaussian_sensory,temporal_dropout,embedding,8,reservoir_block_hybrid,,,,,6,0.7291666666666666,0.0257974661402871,0.15,0.0223606797749979,nan,0.0
room_graph_bottleneck,bottleneck,room_graph_navigation,gaussian_sensory,temporal_dropout,embedding,8,reservoir_diagonal,,,,,6,0.7465277777777777,0.017361111111111115,0.125,0.03354101966249685,nan,0.0
room_graph_bottleneck,bottleneck,room_graph_navigation,gaussian_sensory,temporal_dropout,embedding,8,reservoir_low_rank,,,,,6,0.6944444444444445,0.014894174020505014,0.13333333333333333,0.03073181485764296,nan,0.0
room_graph_bottleneck,bottleneck,room_graph_navigation,gaussian_sensory,temporal_dropout,embedding,8,reservoir_nilpotent,,,,,6,0.7118055555555555,0.01817535045597557,0.10000000000000002,0.028867513459481298,nan,0.0
room_graph_bottleneck,bottleneck,room_graph_navigation,gaussian_sensory,temporal_dropout,embedding,8,reservoir_orthogonal,,,,,6,0.6875,0.020126912147485344,0.09999999999999999,0.018257418583505537,nan,0.0
room_graph_bottleneck,bottleneck,room_graph_navigation,gaussian_sensory,temporal_dropout,embedding,8,reservoir_oscillatory,,,,,6,0.6909722222222222,0.011304736525069248,0.125,0.017078251276599336,nan,0.0
room_graph_bottleneck,bottleneck,room_graph_navigation,gaussian_sensory,temporal_dropout,embedding,8,reservoir_random,,,,,6,0.7395833333333334,0.010416666666666668,0.10000000000000002,0.02886751345948129,nan,0.0
room_graph_bottleneck,bottleneck,room_graph_navigation,gaussian_sensory,temporal_dropout,embedding,8,reservoir_sparse,,,,,6,0.736111111111111,0.014894174020505009,0.11666666666666665,0.03073181485764296,nan,0.0
room_graph_bottleneck,bottleneck,room_graph_navigation,gaussian_sensory,temporal_dropout,embedding,8,reservoir_symmetric,,,,,6,0.71875,0.00892030040185078,0.09166666666666667,0.035158371849548314,nan,0.0
room_graph_bottleneck,bottleneck,room_graph_navigation,gaussian_sensory,temporal_dropout,none,0,lin_block_r1_l2,1,2,2,independent_blocks,2,0.6458333333333334,0.0625,nan,0.0,nan,0.0
room_graph_bottleneck,bottleneck,room_graph_navigation,gaussian_sensory,temporal_dropout,none,0,lin_block_r1_l4,1,4,4,independent_blocks,2,0.6041666666666667,0.02083333333333331,nan,0.0,nan,0.0
room_graph_bottleneck,bottleneck,room_graph_navigation,gaussian_sensory,temporal_dropout,none,0,lin_block_r1_l8,1,8,8,independent_blocks,2,0.5416666666666667,0.02083333333333331,nan,0.0,nan,0.0
room_graph_bottleneck,bottleneck,room_graph_navigation,gaussian_sensory,temporal_dropout,none,0,lin_block_r3_l2,3,2,4,independent_blocks,2,0.625,0.020833333333333367,nan,0.0,nan,0.0
room_graph_bottleneck,bottleneck,room_graph_navigation,gaussian_sensory,temporal_dropout,none,0,lin_block_r3_l4,3,4,6,independent_blocks,2,0.5833333333333334,0.0,nan,0.0,nan,0.0
room_graph_bottleneck,bottleneck,room_graph_navigation,gaussian_sensory,temporal_dropout,none,0,lin_block_r3_l8,3,8,10,independent_blocks,2,0.5416666666666667,0.02083333333333331,nan,0.0,nan,0.0
room_graph_bottleneck,bottleneck,room_graph_navigation,gaussian_sensory,temporal_dropout,none,0,lin_block_r5_l2,5,2,6,independent_blocks,2,0.5416666666666666,0.0,nan,0.0,nan,0.0
room_graph_bottleneck,bottleneck,room_graph_navigation,gaussian_sensory,temporal_dropout,none,0,lin_block_r5_l4,5,4,8,independent_blocks,2,0.4895833333333333,0.052083333333333315,nan,0.0,nan,0.0
room_graph_bottleneck,bottleneck,room_graph_navigation,gaussian_sensory,temporal_dropout,none,0,lin_block_r5_l8,5,8,12,independent_blocks,2,0.4375,0.02083333333333331,nan,0.0,nan,0.0
room_graph_bottleneck,bottleneck,room_graph_navigation,gaussian_sensory,temporal_dropout,none,0,lin_sequence_all_units_r3_l4,3,4,6,all_units,6,0.6041666666666667,0.013176156917368247,0.14166666666666666,0.008333333333333331,nan,0.0
room_graph_bottleneck,bottleneck,room_graph_navigation,gaussian_sensory,temporal_dropout,none,0,lin_sequence_front_bands_r1_l2,1,2,2,front_bands,6,0.6041666666666666,0.015214515486254607,0.09166666666666666,0.030046260628866575,nan,0.0
room_graph_bottleneck,bottleneck,room_graph_navigation,gaussian_sensory,temporal_dropout,none,0,lin_sequence_front_bands_r1_l4,1,4,4,front_bands,6,0.607638888888889,0.01560569795433628,0.09999999999999999,0.012909944487358056,nan,0.0
room_graph_bottleneck,bottleneck,room_graph_navigation,gaussian_sensory,temporal_dropout,none,0,lin_sequence_front_bands_r1_l8,1,8,8,front_bands,6,0.6458333333333334,0.021516574145596754,0.09999999999999999,0.012909944487358056,nan,0.0
room_graph_bottleneck,bottleneck,room_graph_navigation,gaussian_sensory,temporal_dropout,none,0,lin_sequence_front_bands_r3_l2,3,2,4,front_bands,6,0.6354166666666666,0.02782114670001407,0.125,0.02813657169355689,nan,0.0
room_graph_bottleneck,bottleneck,room_graph_navigation,gaussian_sensory,temporal_dropout,none,0,lin_sequence_front_bands_r3_l4,3,4,6,front_bands,6,0.6284722222222223,0.0165067560055621,0.125,0.011180339887498947,nan,0.0
room_graph_bottleneck,bottleneck,room_graph_navigation,gaussian_sensory,temporal_dropout,none,0,lin_sequence_front_bands_r3_l8,3,8,10,front_bands,6,0.6041666666666666,0.021516574145596767,0.09166666666666667,0.02386303510546059,nan,0.0
room_graph_bottleneck,bottleneck,room_graph_navigation,gaussian_sensory,temporal_dropout,none,0,lin_sequence_front_bands_r5_l2,5,2,6,front_bands,6,0.6284722222222222,0.008362218457494665,0.13333333333333333,0.010540925533894597,nan,0.0
room_graph_bottleneck,bottleneck,room_graph_navigation,gaussian_sensory,temporal_dropout,none,0,lin_sequence_front_bands_r5_l4,5,4,8,front_bands,6,0.6145833333333334,0.01591172116304111,0.12500000000000003,0.025000000000000005,nan,0.0
room_graph_bottleneck,bottleneck,room_graph_navigation,gaussian_sensory,temporal_dropout,none,0,lin_sequence_front_bands_r5_l8,5,8,12,front_bands,6,0.5972222222222222,0.023854950051830092,0.10833333333333334,0.02006932429798716,nan,0.0
room_graph_bottleneck,bottleneck,room_graph_navigation,gaussian_sensory,temporal_dropout,none,0,memoryless_linear,,,,,2,0.6875,0.04166666666666662,0.05,0.05,nan,0.0
room_graph_bottleneck,bottleneck,room_graph_navigation,gaussian_sensory,temporal_dropout,none,0,memoryless_mlp,,,,,2,0.6875,0.04166666666666662,0.05,0.05,nan,0.0
room_graph_bottleneck,bottleneck,room_graph_navigation,gaussian_sensory,temporal_dropout,none,0,numpy_rnn,,,,,2,0.6145833333333333,0.010416666666666683,0.05,0.05,nan,0.0
room_graph_bottleneck,bottleneck,room_graph_navigation,gaussian_sensory,temporal_dropout,none,0,reservoir_block_hybrid,,,,,6,0.6354166666666666,0.02621470290024566,0.125,0.011180339887498947,nan,0.0
room_graph_bottleneck,bottleneck,room_graph_navigation,gaussian_sensory,temporal_dropout,none,0,reservoir_diagonal,,,,,6,0.6805555555555557,0.03344887382997861,0.15833333333333335,0.015365907428821483,nan,0.0
room_graph_bottleneck,bottleneck,room_graph_navigation,gaussian_sensory,temporal_dropout,none,0,reservoir_low_rank,,,,,6,0.6319444444444445,0.01914451215568087,0.09999999999999999,0.025819888974716113,nan,0.0
room_graph_bottleneck,bottleneck,room_graph_navigation,gaussian_sensory,temporal_dropout,none,0,reservoir_nilpotent,,,,,6,0.6145833333333334,0.038320499059226104,0.10833333333333334,0.02006932429798716,nan,0.0
room_graph_bottleneck,bottleneck,room_graph_navigation,gaussian_sensory,temporal_dropout,none,0,reservoir_orthogonal,,,,,6,0.6423611111111112,0.027118922485786998,0.15,0.0223606797749979,nan,0.0
room_graph_bottleneck,bottleneck,room_graph_navigation,gaussian_sensory,temporal_dropout,none,0,reservoir_oscillatory,,,,,6,0.6354166666666666,0.015911721163041122,0.13333333333333333,0.03073181485764296,nan,0.0
room_graph_bottleneck,bottleneck,room_graph_navigation,gaussian_sensory,temporal_dropout,none,0,reservoir_random,,,,,6,0.625,0.022178776975932384,0.1416666666666667,0.01536590742882148,nan,0.0
room_graph_bottleneck,bottleneck,room_graph_navigation,gaussian_sensory,temporal_dropout,none,0,reservoir_sparse,,,,,6,0.6562499999999999,0.023292374765622816,0.15000000000000002,0.01290994448735806,nan,0.0
room_graph_bottleneck,bottleneck,room_graph_navigation,gaussian_sensory,temporal_dropout,none,0,reservoir_symmetric,,,,,6,0.6284722222222222,0.021120703230202157,0.08333333333333333,0.021081851067789197,nan,0.0
room_graph_bottleneck,bottleneck,room_graph_navigation,gaussian_sensory,temporal_dropout,one_hot,0,lin_block_r1_l2,1,2,2,independent_blocks,2,0.7291666666666666,0.0,nan,0.0,nan,0.0
room_graph_bottleneck,bottleneck,room_graph_navigation,gaussian_sensory,temporal_dropout,one_hot,0,lin_block_r1_l4,1,4,4,independent_blocks,2,0.65625,0.07291666666666663,nan,0.0,nan,0.0
room_graph_bottleneck,bottleneck,room_graph_navigation,gaussian_sensory,temporal_dropout,one_hot,0,lin_block_r1_l8,1,8,8,independent_blocks,2,0.5833333333333334,0.0,nan,0.0,nan,0.0
room_graph_bottleneck,bottleneck,room_graph_navigation,gaussian_sensory,temporal_dropout,one_hot,0,lin_block_r3_l2,3,2,4,independent_blocks,2,0.6458333333333333,0.02083333333333331,nan,0.0,nan,0.0
room_graph_bottleneck,bottleneck,room_graph_navigation,gaussian_sensory,temporal_dropout,one_hot,0,lin_block_r3_l4,3,4,6,independent_blocks,2,0.59375,0.01041666666666663,nan,0.0,nan,0.0
room_graph_bottleneck,bottleneck,room_graph_navigation,gaussian_sensory,temporal_dropout,one_hot,0,lin_block_r3_l8,3,8,10,independent_blocks,2,0.6041666666666666,0.0,nan,0.0,nan,0.0
room_graph_bottleneck,bottleneck,room_graph_navigation,gaussian_sensory,temporal_dropout,one_hot,0,lin_block_r5_l2,5,2,6,independent_blocks,2,0.5416666666666666,0.06249999999999997,nan,0.0,nan,0.0
room_graph_bottleneck,bottleneck,room_graph_navigation,gaussian_sensory,temporal_dropout,one_hot,0,lin_block_r5_l4,5,4,8,independent_blocks,2,0.6041666666666667,0.02083333333333331,nan,0.0,nan,0.0
room_graph_bottleneck,bottleneck,room_graph_navigation,gaussian_sensory,temporal_dropout,one_hot,0,lin_block_r5_l8,5,8,12,independent_blocks,2,0.5729166666666667,0.010416666666666683,nan,0.0,nan,0.0
room_graph_bottleneck,bottleneck,room_graph_navigation,gaussian_sensory,temporal_dropout,one_hot,0,lin_sequence_all_units_r3_l4,3,4,6,all_units,6,0.7048611111111112,0.019703140220987653,0.12500000000000003,0.03354101966249685,nan,0.0
room_graph_bottleneck,bottleneck,room_graph_navigation,gaussian_sensory,temporal_dropout,one_hot,0,lin_sequence_front_bands_r1_l2,1,2,2,front_bands,6,0.6770833333333334,0.01591172116304111,0.13333333333333333,0.03574601764921203,nan,0.0
room_graph_bottleneck,bottleneck,room_graph_navigation,gaussian_sensory,temporal_dropout,one_hot,0,lin_sequence_front_bands_r1_l4,1,4,4,front_bands,6,0.6736111111111112,0.01162027814630661,0.12500000000000003,0.021408720964441883,nan,0.0
room_graph_bottleneck,bottleneck,room_graph_navigation,gaussian_sensory,temporal_dropout,one_hot,0,lin_sequence_front_bands_r1_l8,1,8,8,front_bands,6,0.6597222222222222,0.03167153958608716,0.11666666666666668,0.02472066162365221,nan,0.0
room_graph_bottleneck,bottleneck,room_graph_navigation,gaussian_sensory,temporal_dropout,one_hot,0,lin_sequence_front_bands_r3_l2,3,2,4,front_bands,6,0.6770833333333334,0.022015093727982445,0.14166666666666664,0.01536590742882148,nan,0.0
room_graph_bottleneck,bottleneck,room_graph_navigation,gaussian_sensory,temporal_dropout,one_hot,0,lin_sequence_front_bands_r3_l4,3,4,6,front_bands,6,0.6840277777777778,0.02489367823463183,0.10833333333333332,0.02006932429798716,nan,0.0
room_graph_bottleneck,bottleneck,room_graph_navigation,gaussian_sensory,temporal_dropout,one_hot,0,lin_sequence_front_bands_r3_l8,3,8,10,front_bands,6,0.6770833333333334,0.013975424859373684,0.15833333333333335,0.015365907428821483,nan,0.0
room_graph_bottleneck,bottleneck,room_graph_navigation,gaussian_sensory,temporal_dropout,one_hot,0,lin_sequence_front_bands_r5_l2,5,2,6,front_bands,6,0.732638888888889,0.01362598393774206,0.15000000000000002,0.042817441928883766,nan,0.0
room_graph_bottleneck,bottleneck,room_graph_navigation,gaussian_sensory,temporal_dropout,one_hot,0,lin_sequence_front_bands_r5_l4,5,4,8,front_bands,6,0.6909722222222223,0.015605697954336277,0.11666666666666668,0.021081851067789197,nan,0.0
room_graph_bottleneck,bottleneck,room_graph_navigation,gaussian_sensory,temporal_dropout,one_hot,0,lin_sequence_front_bands_r5_l8,5,8,12,front_bands,6,0.6666666666666666,0.0263523138347365,0.11666666666666668,0.03073181485764296,nan,0.0
room_graph_bottleneck,bottleneck,room_graph_navigation,gaussian_sensory,temporal_dropout,one_hot,0,memoryless_linear,,,,,2,0.6666666666666666,0.0625,0.175,0.075,nan,0.0
room_graph_bottleneck,bottleneck,room_graph_navigation,gaussian_sensory,temporal_dropout,one_hot,0,memoryless_mlp,,,,,2,0.6666666666666666,0.0625,0.175,0.075,nan,0.0
room_graph_bottleneck,bottleneck,room_graph_navigation,gaussian_sensory,temporal_dropout,one_hot,0,numpy_rnn,,,,,2,0.7291666666666667,0.041666666666666685,0.125,0.024999999999999994,nan,0.0
room_graph_bottleneck,bottleneck,room_graph_navigation,gaussian_sensory,temporal_dropout,one_hot,0,reservoir_block_hybrid,,,,,6,0.6979166666666666,0.019946398078257054,0.13333333333333333,0.016666666666666666,nan,0.0
room_graph_bottleneck,bottleneck,room_graph_navigation,gaussian_sensory,temporal_dropout,one_hot,0,reservoir_diagonal,,,,,6,0.7847222222222223,0.013888888888888893,0.11666666666666668,0.016666666666666666,nan,0.0
room_graph_bottleneck,bottleneck,room_graph_navigation,gaussian_sensory,temporal_dropout,one_hot,0,reservoir_low_rank,,,,,6,0.6875,0.01939477783856798,0.14166666666666666,0.030046260628866582,nan,0.0
room_graph_bottleneck,bottleneck,room_graph_navigation,gaussian_sensory,temporal_dropout,one_hot,0,reservoir_nilpotent,,,,,6,0.6944444444444445,0.03212509307283439,0.13333333333333333,0.03333333333333333,nan,0.0
room_graph_bottleneck,bottleneck,room_graph_navigation,gaussian_sensory,temporal_dropout,one_hot,0,reservoir_orthogonal,,,,,6,0.6736111111111112,0.021291263495494286,0.09999999999999999,0.012909944487358056,nan,0.0
room_graph_bottleneck,bottleneck,room_graph_navigation,gaussian_sensory,temporal_dropout,one_hot,0,reservoir_oscillatory,,,,,6,0.6875,0.02012691214748533,0.13333333333333336,0.03333333333333333,nan,0.0
room_graph_bottleneck,bottleneck,room_graph_navigation,gaussian_sensory,temporal_dropout,one_hot,0,reservoir_random,,,,,6,0.6736111111111112,0.030270131552365794,0.11666666666666668,0.016666666666666666,nan,0.0
room_graph_bottleneck,bottleneck,room_graph_navigation,gaussian_sensory,temporal_dropout,one_hot,0,reservoir_sparse,,,,,6,0.704861111111111,0.029174932691111113,0.15,0.03415650255319867,nan,0.0
room_graph_bottleneck,bottleneck,room_graph_navigation,gaussian_sensory,temporal_dropout,one_hot,0,reservoir_symmetric,,,,,6,0.701388888888889,0.017568209223157664,0.1416666666666667,0.030046260628866582,nan,0.0
room_graph_bottleneck,bottleneck,room_graph_navigation,gaussian_sensory,temporal_full,embedding,8,lin_block_r1_l2,1,2,2,independent_blocks,2,0.7083333333333334,0.0,nan,0.0,nan,0.0
room_graph_bottleneck,bottleneck,room_graph_navigation,gaussian_sensory,temporal_full,embedding,8,lin_block_r1_l4,1,4,4,independent_blocks,2,0.6770833333333333,0.010416666666666683,nan,0.0,nan,0.0
room_graph_bottleneck,bottleneck,room_graph_navigation,gaussian_sensory,temporal_full,embedding,8,lin_block_r1_l8,1,8,8,independent_blocks,2,0.71875,0.01041666666666663,nan,0.0,nan,0.0
room_graph_bottleneck,bottleneck,room_graph_navigation,gaussian_sensory,temporal_full,embedding,8,lin_block_r3_l2,3,2,4,independent_blocks,2,0.6770833333333333,0.010416666666666683,nan,0.0,nan,0.0
room_graph_bottleneck,bottleneck,room_graph_navigation,gaussian_sensory,temporal_full,embedding,8,lin_block_r3_l4,3,4,6,independent_blocks,2,0.71875,0.03125,nan,0.0,nan,0.0
room_graph_bottleneck,bottleneck,room_graph_navigation,gaussian_sensory,temporal_full,embedding,8,lin_block_r3_l8,3,8,10,independent_blocks,2,0.6979166666666666,0.03125,nan,0.0,nan,0.0
room_graph_bottleneck,bottleneck,room_graph_navigation,gaussian_sensory,temporal_full,embedding,8,lin_block_r5_l2,5,2,6,independent_blocks,2,0.75,0.020833333333333367,nan,0.0,nan,0.0
room_graph_bottleneck,bottleneck,room_graph_navigation,gaussian_sensory,temporal_full,embedding,8,lin_block_r5_l4,5,4,8,independent_blocks,2,0.6979166666666666,0.03125,nan,0.0,nan,0.0
room_graph_bottleneck,bottleneck,room_graph_navigation,gaussian_sensory,temporal_full,embedding,8,lin_block_r5_l8,5,8,12,independent_blocks,2,0.7083333333333333,0.041666666666666685,nan,0.0,nan,0.0
room_graph_bottleneck,bottleneck,room_graph_navigation,gaussian_sensory,temporal_full,embedding,8,lin_sequence_all_units_r3_l4,3,4,6,all_units,6,0.7708333333333334,0.019394777838567974,0.18333333333333335,0.03574601764921203,nan,0.0
room_graph_bottleneck,bottleneck,room_graph_navigation,gaussian_sensory,temporal_full,embedding,8,lin_sequence_front_bands_r1_l2,1,2,2,front_bands,6,0.7361111111111112,0.01162027814630661,0.13333333333333333,0.04944132324730442,nan,0.0
room_graph_bottleneck,bottleneck,room_graph_navigation,gaussian_sensory,temporal_full,embedding,8,lin_sequence_front_bands_r1_l4,1,4,4,front_bands,6,0.7152777777777778,0.018373272993504115,0.14166666666666666,0.027131367660166186,nan,0.0
room_graph_bottleneck,bottleneck,room_graph_navigation,gaussian_sensory,temporal_full,embedding,8,lin_sequence_front_bands_r1_l8,1,8,8,front_bands,6,0.6979166666666666,0.025086655372483953,0.125,0.021408720964441883,nan,0.0
room_graph_bottleneck,bottleneck,room_graph_navigation,gaussian_sensory,temporal_full,embedding,8,lin_sequence_front_bands_r3_l2,3,2,4,front_bands,6,0.7777777777777777,0.013888888888888893,0.12499999999999999,0.04031128874149275,nan,0.0
room_graph_bottleneck,bottleneck,room_graph_navigation,gaussian_sensory,temporal_full,embedding,8,lin_sequence_front_bands_r3_l4,3,4,6,front_bands,6,0.767361111111111,0.030150407425128346,0.14166666666666666,0.027131367660166186,nan,0.0
room_graph_bottleneck,bottleneck,room_graph_navigation,gaussian_sensory,temporal_full,embedding,8,lin_sequence_front_bands_r3_l8,3,8,10,front_bands,6,0.7118055555555555,0.014649321603978468,0.15833333333333335,0.027131367660166186,nan,0.0
room_graph_bottleneck,bottleneck,room_graph_navigation,gaussian_sensory,temporal_full,embedding,8,lin_sequence_front_bands_r5_l2,5,2,6,front_bands,6,0.7361111111111112,0.010300275676521753,0.15000000000000002,0.03651483716701108,nan,0.0
room_graph_bottleneck,bottleneck,room_graph_navigation,gaussian_sensory,temporal_full,embedding,8,lin_sequence_front_bands_r5_l4,5,4,8,front_bands,6,0.7569444444444445,0.013888888888888888,0.14166666666666666,0.01536590742882148,nan,0.0
room_graph_bottleneck,bottleneck,room_graph_navigation,gaussian_sensory,temporal_full,embedding,8,lin_sequence_front_bands_r5_l8,5,8,12,front_bands,6,0.7118055555555557,0.021120703230202147,0.15833333333333335,0.015365907428821483,nan,0.0
room_graph_bottleneck,bottleneck,room_graph_navigation,gaussian_sensory,temporal_full,embedding,8,memoryless_linear,,,,,2,0.7395833333333333,0.010416666666666683,0.05,0.05,nan,0.0
room_graph_bottleneck,bottleneck,room_graph_navigation,gaussian_sensory,temporal_full,embedding,8,memoryless_mlp,,,,,2,0.7395833333333333,0.010416666666666683,0.05,0.05,nan,0.0
room_graph_bottleneck,bottleneck,room_graph_navigation,gaussian_sensory,temporal_full,embedding,8,numpy_rnn,,,,,2,0.84375,0.01041666666666663,0.15,0.0,nan,0.0
room_graph_bottleneck,bottleneck,room_graph_navigation,gaussian_sensory,temporal_full,embedding,8,reservoir_block_hybrid,,,,,6,0.7395833333333331,0.017636701526667083,0.125,0.021408720964441883,nan,0.0
room_graph_bottleneck,bottleneck,room_graph_navigation,gaussian_sensory,temporal_full,embedding,8,reservoir_diagonal,,,,,6,0.8090277777777777,0.015605697954336277,0.06666666666666667,0.01666666666666667,nan,0.0
room_graph_bottleneck,bottleneck,room_graph_navigation,gaussian_sensory,temporal_full,embedding,8,reservoir_low_rank,,,,,6,0.7222222222222223,0.0183732729935041,0.06666666666666667,0.01666666666666667,nan,0.0
room_graph_bottleneck,bottleneck,room_graph_navigation,gaussian_sensory,temporal_full,embedding,8,reservoir_nilpotent,,,,,6,0.7222222222222222,0.023854950051830102,0.125,0.04232808366400098,nan,0.0
room_graph_bottleneck,bottleneck,room_graph_navigation,gaussian_sensory,temporal_full,embedding,8,reservoir_orthogonal,,,,,6,0.7430555555555555,0.013888888888888899,0.13333333333333333,0.03574601764921203,nan,0.0
room_graph_bottleneck,bottleneck,room_graph_navigation,gaussian_sensory,temporal_full,embedding,8,reservoir_oscillatory,,,,,6,0.71875,0.02201509372798244,0.11666666666666668,0.016666666666666666,nan,0.0
room_graph_bottleneck,bottleneck,room_graph_navigation,gaussian_sensory,temporal_full,embedding,8,reservoir_random,,,,,6,0.7604166666666666,0.017636701526667072,0.125,0.03354101966249685,nan,0.0
room_graph_bottleneck,bottleneck,room_graph_navigation,gaussian_sensory,temporal_full,embedding,8,reservoir_sparse,,,,,6,0.7256944444444445,0.020424223847017697,0.09166666666666667,0.03270236145058098,nan,0.0
room_graph_bottleneck,bottleneck,room_graph_navigation,gaussian_sensory,temporal_full,embedding,8,reservoir_symmetric,,,,,6,0.7465277777777777,0.027118922485787005,0.15833333333333335,0.023863035105460593,nan,0.0
room_graph_bottleneck,bottleneck,room_graph_navigation,gaussian_sensory,temporal_full,none,0,lin_block_r1_l2,1,2,2,independent_blocks,2,0.6979166666666666,0.03125,nan,0.0,nan,0.0
room_graph_bottleneck,bottleneck,room_graph_navigation,gaussian_sensory,temporal_full,none,0,lin_block_r1_l4,1,4,4,independent_blocks,2,0.71875,0.03125,nan,0.0,nan,0.0
room_graph_bottleneck,bottleneck,room_graph_navigation,gaussian_sensory,temporal_full,none,0,lin_block_r1_l8,1,8,8,independent_blocks,2,0.7083333333333334,0.0,nan,0.0,nan,0.0
room_graph_bottleneck,bottleneck,room_graph_navigation,gaussian_sensory,temporal_full,none,0,lin_block_r3_l2,3,2,4,independent_blocks,2,0.6875,0.020833333333333367,nan,0.0,nan,0.0
room_graph_bottleneck,bottleneck,room_graph_navigation,gaussian_sensory,temporal_full,none,0,lin_block_r3_l4,3,4,6,independent_blocks,2,0.75,0.020833333333333367,nan,0.0,nan,0.0
room_graph_bottleneck,bottleneck,room_graph_navigation,gaussian_sensory,temporal_full,none,0,lin_block_r3_l8,3,8,10,independent_blocks,2,0.75,0.020833333333333367,nan,0.0,nan,0.0
room_graph_bottleneck,bottleneck,room_graph_navigation,gaussian_sensory,temporal_full,none,0,lin_block_r5_l2,5,2,6,independent_blocks,2,0.75,0.020833333333333367,nan,0.0,nan,0.0
room_graph_bottleneck,bottleneck,room_graph_navigation,gaussian_sensory,temporal_full,none,0,lin_block_r5_l4,5,4,8,independent_blocks,2,0.7083333333333333,0.02083333333333331,nan,0.0,nan,0.0
room_graph_bottleneck,bottleneck,room_graph_navigation,gaussian_sensory,temporal_full,none,0,lin_block_r5_l8,5,8,12,independent_blocks,2,0.7395833333333334,0.03125,nan,0.0,nan,0.0
room_graph_bottleneck,bottleneck,room_graph_navigation,gaussian_sensory,temporal_full,none,0,lin_sequence_all_units_r3_l4,3,4,6,all_units,6,0.7291666666666666,0.01701034543599429,0.11666666666666668,0.0380058475033046,nan,0.0
room_graph_bottleneck,bottleneck,room_graph_navigation,gaussian_sensory,temporal_full,none,0,lin_sequence_front_bands_r1_l2,1,2,2,front_bands,6,0.701388888888889,0.008784104611578837,0.1666666666666667,0.01666666666666667,nan,0.0
room_graph_bottleneck,bottleneck,room_graph_navigation,gaussian_sensory,temporal_full,none,0,lin_sequence_front_bands_r1_l4,1,4,4,front_bands,6,0.7430555555555557,0.013888888888888885,0.13333333333333336,0.027888667551135858,nan,0.0
room_graph_bottleneck,bottleneck,room_graph_navigation,gaussian_sensory,temporal_full,none,0,lin_sequence_front_bands_r1_l8,1,8,8,front_bands,6,0.7013888888888888,0.010300275676521753,0.17500000000000002,0.04232808366400098,nan,0.0
room_graph_bottleneck,bottleneck,room_graph_navigation,gaussian_sensory,temporal_full,none,0,lin_sequence_front_bands_r3_l2,3,2,4,front_bands,6,0.71875,0.015911721163041105,0.1416666666666667,0.037453675090407056,nan,0.0
room_graph_bottleneck,bottleneck,room_graph_navigation,gaussian_sensory,temporal_full,none,0,lin_sequence_front_bands_r3_l4,3,4,6,front_bands,6,0.7395833333333331,0.011723571538982031,0.13333333333333333,0.03333333333333333,nan,0.0
room_graph_bottleneck,bottleneck,room_graph_navigation,gaussian_sensory,temporal_full,none,0,lin_sequence_front_bands_r3_l8,3,8,10,front_bands,6,0.732638888888889,0.020424223847017697,0.17500000000000002,0.021408720964441883,nan,0.0
room_graph_bottleneck,bottleneck,room_graph_navigation,gaussian_sensory,temporal_full,none,0,lin_sequence_front_bands_r5_l2,5,2,6,front_bands,6,0.7187500000000001,0.007115938031916379,0.11666666666666665,0.021081851067789197,nan,0.0
room_graph_bottleneck,bottleneck,room_graph_navigation,gaussian_sensory,temporal_full,none,0,lin_sequence_front_bands_r5_l4,5,4,8,front_bands,6,0.732638888888889,0.012519275262027743,0.18333333333333335,0.02788866755113585,nan,0.0
room_graph_bottleneck,bottleneck,room_graph_navigation,gaussian_sensory,temporal_full,none,0,lin_sequence_front_bands_r5_l8,5,8,12,front_bands,6,0.6770833333333331,0.02565687944709884,0.13333333333333333,0.040138648595974324,nan,0.0
room_graph_bottleneck,bottleneck,room_graph_navigation,gaussian_sensory,temporal_full,none,0,memoryless_linear,,,,,2,0.71875,0.01041666666666663,0.07500000000000001,0.025,nan,0.0
room_graph_bottleneck,bottleneck,room_graph_navigation,gaussian_sensory,temporal_full,none,0,memoryless_mlp,,,,,2,0.71875,0.01041666666666663,0.07500000000000001,0.025,nan,0.0
room_graph_bottleneck,bottleneck,room_graph_navigation,gaussian_sensory,temporal_full,none,0,numpy_rnn,,,,,2,0.75,0.0625,0.15000000000000002,0.05,nan,0.0
room_graph_bottleneck,bottleneck,room_graph_navigation,gaussian_sensory,temporal_full,none,0,reservoir_block_hybrid,,,,,6,0.7465277777777777,0.01251927526202774,0.1416666666666667,0.030046260628866582,nan,0.0
room_graph_bottleneck,bottleneck,room_graph_navigation,gaussian_sensory,temporal_full,none,0,reservoir_diagonal,,,,,6,0.8159722222222222,0.009942931293941915,0.17500000000000002,0.04031128874149275,nan,0.0
room_graph_bottleneck,bottleneck,room_graph_navigation,gaussian_sensory,temporal_full,none,0,reservoir_low_rank,,,,,6,0.7222222222222222,0.01756820922315766,0.14166666666666666,0.030046260628866582,nan,0.0
room_graph_bottleneck,bottleneck,room_graph_navigation,gaussian_sensory,temporal_full,none,0,reservoir_nilpotent,,,,,6,0.7465277777777777,0.01736111111111112,0.16666666666666666,0.03073181485764296,nan,0.0
room_graph_bottleneck,bottleneck,room_graph_navigation,gaussian_sensory,temporal_full,none,0,reservoir_orthogonal,,,,,6,0.7256944444444443,0.012519275262027747,0.13333333333333333,0.03574601764921203,nan,0.0
room_graph_bottleneck,bottleneck,room_graph_navigation,gaussian_sensory,temporal_full,none,0,reservoir_oscillatory,,,,,6,0.7291666666666666,0.012028130608117207,0.13333333333333333,0.021081851067789197,nan,0.0
room_graph_bottleneck,bottleneck,room_graph_navigation,gaussian_sensory,temporal_full,none,0,reservoir_random,,,,,6,0.71875,0.013975424859373689,0.11666666666666665,0.0210818510677892,nan,0.0
room_graph_bottleneck,bottleneck,room_graph_navigation,gaussian_sensory,temporal_full,none,0,reservoir_sparse,,,,,6,0.7083333333333334,0.012028130608117207,0.17500000000000002,0.025,nan,0.0
room_graph_bottleneck,bottleneck,room_graph_navigation,gaussian_sensory,temporal_full,none,0,reservoir_symmetric,,,,,6,0.75,0.01521451548625462,0.16666666666666666,0.03574601764921203,nan,0.0
room_graph_bottleneck,bottleneck,room_graph_navigation,gaussian_sensory,temporal_full,one_hot,0,lin_block_r1_l2,1,2,2,independent_blocks,2,0.7083333333333334,0.0,nan,0.0,nan,0.0
room_graph_bottleneck,bottleneck,room_graph_navigation,gaussian_sensory,temporal_full,one_hot,0,lin_block_r1_l4,1,4,4,independent_blocks,2,0.6770833333333333,0.010416666666666683,nan,0.0,nan,0.0
room_graph_bottleneck,bottleneck,room_graph_navigation,gaussian_sensory,temporal_full,one_hot,0,lin_block_r1_l8,1,8,8,independent_blocks,2,0.6979166666666667,0.010416666666666683,nan,0.0,nan,0.0
room_graph_bottleneck,bottleneck,room_graph_navigation,gaussian_sensory,temporal_full,one_hot,0,lin_block_r3_l2,3,2,4,independent_blocks,2,0.71875,0.03125,nan,0.0,nan,0.0
room_graph_bottleneck,bottleneck,room_graph_navigation,gaussian_sensory,temporal_full,one_hot,0,lin_block_r3_l4,3,4,6,independent_blocks,2,0.6979166666666667,0.010416666666666683,nan,0.0,nan,0.0
room_graph_bottleneck,bottleneck,room_graph_navigation,gaussian_sensory,temporal_full,one_hot,0,lin_block_r3_l8,3,8,10,independent_blocks,2,0.6770833333333333,0.010416666666666683,nan,0.0,nan,0.0
room_graph_bottleneck,bottleneck,room_graph_navigation,gaussian_sensory,temporal_full,one_hot,0,lin_block_r5_l2,5,2,6,independent_blocks,2,0.6979166666666667,0.010416666666666683,nan,0.0,nan,0.0
room_graph_bottleneck,bottleneck,room_graph_navigation,gaussian_sensory,temporal_full,one_hot,0,lin_block_r5_l4,5,4,8,independent_blocks,2,0.6666666666666666,0.0,nan,0.0,nan,0.0
room_graph_bottleneck,bottleneck,room_graph_navigation,gaussian_sensory,temporal_full,one_hot,0,lin_block_r5_l8,5,8,12,independent_blocks,2,0.6875,0.020833333333333367,nan,0.0,nan,0.0
room_graph_bottleneck,bottleneck,room_graph_navigation,gaussian_sensory,temporal_full,one_hot,0,lin_sequence_all_units_r3_l4,3,4,6,all_units,6,0.701388888888889,0.01280492285735124,0.09166666666666667,0.01536590742882148,nan,0.0
room_graph_bottleneck,bottleneck,room_graph_navigation,gaussian_sensory,temporal_full,one_hot,0,lin_sequence_front_bands_r1_l2,1,2,2,front_bands,6,0.71875,0.017636701526667076,0.13333333333333333,0.02788866755113585,nan,0.0
room_graph_bottleneck,bottleneck,room_graph_navigation,gaussian_sensory,temporal_full,one_hot,0,lin_sequence_front_bands_r1_l4,1,4,4,front_bands,6,0.7361111111111112,0.014894174020505009,0.15833333333333333,0.023863035105460593,nan,0.0
room_graph_bottleneck,bottleneck,room_graph_navigation,gaussian_sensory,temporal_full,one_hot,0,lin_sequence_front_bands_r1_l8,1,8,8,front_bands,6,0.7152777777777778,0.027777777777777787,0.17500000000000002,0.03354101966249684,nan,0.0
room_graph_bottleneck,bottleneck,room_graph_navigation,gaussian_sensory,temporal_full,one_hot,0,lin_sequence_front_bands_r3_l2,3,2,4,front_bands,6,0.7395833333333334,0.017636701526667072,0.10000000000000002,0.03415650255319867,nan,0.0
room_graph_bottleneck,bottleneck,room_graph_navigation,gaussian_sensory,temporal_full,one_hot,0,lin_sequence_front_bands_r3_l4,3,4,6,front_bands,6,0.7222222222222222,0.01756820922315766,0.075,0.021408720964441883,nan,0.0
room_graph_bottleneck,bottleneck,room_graph_navigation,gaussian_sensory,temporal_full,one_hot,0,lin_sequence_front_bands_r3_l8,3,8,10,front_bands,6,0.7361111111111112,0.02385495005183011,0.16666666666666666,0.02472066162365221,nan,0.0
room_graph_bottleneck,bottleneck,room_graph_navigation,gaussian_sensory,temporal_full,one_hot,0,lin_sequence_front_bands_r5_l2,5,2,6,front_bands,6,0.7465277777777777,0.006402461428675629,0.08333333333333333,0.03574601764921203,nan,0.0
room_graph_bottleneck,bottleneck,room_graph_navigation,gaussian_sensory,temporal_full,one_hot,0,lin_sequence_front_bands_r5_l4,5,4,8,front_bands,6,0.7118055555555555,0.01970314022098764,0.075,0.025000000000000005,nan,0.0
room_graph_bottleneck,bottleneck,room_graph_navigation,gaussian_sensory,temporal_full,one_hot,0,lin_sequence_front_bands_r5_l8,5,8,12,front_bands,6,0.6840277777777777,0.015605697954336261,0.1416666666666667,0.008333333333333333,nan,0.0
room_graph_bottleneck,bottleneck,room_graph_navigation,gaussian_sensory,temporal_full,one_hot,0,memoryless_linear,,,,,2,0.7395833333333333,0.010416666666666683,0.05,0.05,nan,0.0
room_graph_bottleneck,bottleneck,room_graph_navigation,gaussian_sensory,temporal_full,one_hot,0,memoryless_mlp,,,,,2,0.7395833333333333,0.010416666666666683,0.05,0.05,nan,0.0
room_graph_bottleneck,bottleneck,room_graph_navigation,gaussian_sensory,temporal_full,one_hot,0,numpy_rnn,,,,,2,0.7708333333333334,0.0,0.1,0.049999999999999996,nan,0.0
room_graph_bottleneck,bottleneck,room_graph_navigation,gaussian_sensory,temporal_full,one_hot,0,reservoir_block_hybrid,,,,,6,0.7708333333333334,0.015214515486254621,0.15,0.02886751345948129,nan,0.0
room_graph_bottleneck,bottleneck,room_graph_navigation,gaussian_sensory,temporal_full,one_hot,0,reservoir_diagonal,,,,,6,0.8055555555555555,0.013888888888888885,0.13333333333333336,0.027888667551135858,nan,0.0
room_graph_bottleneck,bottleneck,room_graph_navigation,gaussian_sensory,temporal_full,one_hot,0,reservoir_low_rank,,,,,6,0.7083333333333334,0.024056261216234418,0.10833333333333335,0.02386303510546059,nan,0.0
room_graph_bottleneck,bottleneck,room_graph_navigation,gaussian_sensory,temporal_full,one_hot,0,reservoir_nilpotent,,,,,6,0.7222222222222222,0.021960261528947072,0.09166666666666667,0.02386303510546059,nan,0.0
room_graph_bottleneck,bottleneck,room_graph_navigation,gaussian_sensory,temporal_full,one_hot,0,reservoir_orthogonal,,,,,6,0.7465277777777778,0.01817535045597556,0.20833333333333337,0.045491146879853936,nan,0.0
room_graph_bottleneck,bottleneck,room_graph_navigation,gaussian_sensory,temporal_full,one_hot,0,reservoir_oscillatory,,,,,6,0.7118055555555557,0.011304736525069243,0.09999999999999999,0.025819888974716113,nan,0.0
room_graph_bottleneck,bottleneck,room_graph_navigation,gaussian_sensory,temporal_full,one_hot,0,reservoir_random,,,,,6,0.736111111111111,0.019144512155680866,0.10833333333333335,0.030046260628866582,nan,0.0
room_graph_bottleneck,bottleneck,room_graph_navigation,gaussian_sensory,temporal_full,one_hot,0,reservoir_sparse,,,,,6,0.7430555555555557,0.0167244369149893,0.10833333333333332,0.02386303510546059,nan,0.0
room_graph_bottleneck,bottleneck,room_graph_navigation,gaussian_sensory,temporal_full,one_hot,0,reservoir_symmetric,,,,,6,0.7986111111111112,0.008784104611578837,0.08333333333333333,0.024720661623652215,nan,0.0
room_graph_loop_rich,loop_rich,room_graph_navigation,gaussian_sensory,temporal_cue_then_blank,embedding,8,lin_block_r1_l2,1,2,2,independent_blocks,2,0.5483870967741935,0.06451612903225806,nan,0.0,nan,0.0
room_graph_loop_rich,loop_rich,room_graph_navigation,gaussian_sensory,temporal_cue_then_blank,embedding,8,lin_block_r1_l4,1,4,4,independent_blocks,2,0.6129032258064516,0.032258064516129004,nan,0.0,nan,0.0
room_graph_loop_rich,loop_rich,room_graph_navigation,gaussian_sensory,temporal_cue_then_blank,embedding,8,lin_block_r1_l8,1,8,8,independent_blocks,2,0.6129032258064516,0.032258064516129004,nan,0.0,nan,0.0
room_graph_loop_rich,loop_rich,room_graph_navigation,gaussian_sensory,temporal_cue_then_blank,embedding,8,lin_block_r3_l2,3,2,4,independent_blocks,2,0.564516129032258,0.04838709677419356,nan,0.0,nan,0.0
room_graph_loop_rich,loop_rich,room_graph_navigation,gaussian_sensory,temporal_cue_then_blank,embedding,8,lin_block_r3_l4,3,4,6,independent_blocks,2,0.5806451612903226,0.0,nan,0.0,nan,0.0
room_graph_loop_rich,loop_rich,room_graph_navigation,gaussian_sensory,temporal_cue_then_blank,embedding,8,lin_block_r3_l8,3,8,10,independent_blocks,2,0.5967741935483871,0.016129032258064502,nan,0.0,nan,0.0
room_graph_loop_rich,loop_rich,room_graph_navigation,gaussian_sensory,temporal_cue_then_blank,embedding,8,lin_block_r5_l2,5,2,6,independent_blocks,2,0.532258064516129,0.016129032258064502,nan,0.0,nan,0.0
room_graph_loop_rich,loop_rich,room_graph_navigation,gaussian_sensory,temporal_cue_then_blank,embedding,8,lin_block_r5_l4,5,4,8,independent_blocks,2,0.5483870967741935,0.0,nan,0.0,nan,0.0
room_graph_loop_rich,loop_rich,room_graph_navigation,gaussian_sensory,temporal_cue_then_blank,embedding,8,lin_block_r5_l8,5,8,12,independent_blocks,2,0.532258064516129,0.016129032258064502,nan,0.0,nan,0.0
room_graph_loop_rich,loop_rich,room_graph_navigation,gaussian_sensory,temporal_cue_then_blank,embedding,8,lin_sequence_all_units_r3_l4,3,4,6,all_units,6,0.5483870967741935,0.027624156083150816,0.17500000000000002,0.04958158260214506,nan,0.0
room_graph_loop_rich,loop_rich,room_graph_navigation,gaussian_sensory,temporal_cue_then_blank,embedding,8,lin_sequence_front_bands_r1_l2,1,2,2,front_bands,6,0.5430107526881721,0.029349127019260613,0.13333333333333333,0.01666666666666667,nan,0.0
room_graph_loop_rich,loop_rich,room_graph_navigation,gaussian_sensory,temporal_cue_then_blank,embedding,8,lin_sequence_front_bands_r1_l4,1,4,4,front_bands,6,0.5806451612903225,0.030030623750040744,0.13333333333333336,0.021081851067789197,nan,0.0
room_graph_loop_rich,loop_rich,room_graph_navigation,gaussian_sensory,temporal_cue_then_blank,embedding,8,lin_sequence_front_bands_r1_l8,1,8,8,front_bands,6,0.467741935483871,0.023186944788008413,0.09166666666666666,0.02386303510546059,nan,0.0
room_graph_loop_rich,loop_rich,room_graph_navigation,gaussian_sensory,temporal_cue_then_blank,embedding,8,lin_sequence_front_bands_r3_l2,3,2,4,front_bands,6,0.5591397849462365,0.024519901615035235,0.10833333333333334,0.008333333333333331,nan,0.0
room_graph_loop_rich,loop_rich,room_graph_navigation,gaussian_sensory,temporal_cue_then_blank,embedding,8,lin_sequence_front_bands_r3_l4,3,4,6,front_bands,6,0.489247311827957,0.01938468427668811,0.14166666666666666,0.02713136766016618,nan,0.0
room_graph_loop_rich,loop_rich,room_graph_navigation,gaussian_sensory,temporal_cue_then_blank,embedding,8,lin_sequence_front_bands_r3_l8,3,8,10,front_bands,6,0.489247311827957,0.03162460466634999,0.16666666666666666,0.03333333333333333,nan,0.0
room_graph_loop_rich,loop_rich,room_graph_navigation,gaussian_sensory,temporal_cue_then_blank,embedding,8,lin_sequence_front_bands_r5_l2,5,2,6,front_bands,6,0.543010752688172,0.025558848008612287,0.18333333333333335,0.04944132324730443,nan,0.0
room_graph_loop_rich,loop_rich,room_graph_navigation,gaussian_sensory,temporal_cue_then_blank,embedding,8,lin_sequence_front_bands_r5_l4,5,4,8,front_bands,6,0.5,0.03408788706268249,0.15000000000000002,0.0223606797749979,nan,0.0
room_graph_loop_rich,loop_rich,room_graph_navigation,gaussian_sensory,temporal_cue_then_blank,embedding,8,lin_sequence_front_bands_r5_l8,5,8,12,front_bands,6,0.5,0.029740465991267385,0.15833333333333333,0.035158371849548314,nan,0.0
room_graph_loop_rich,loop_rich,room_graph_navigation,gaussian_sensory,temporal_cue_then_blank,embedding,8,memoryless_linear,,,,,2,0.532258064516129,0.11290322580645158,0.07500000000000001,0.025,nan,0.0
room_graph_loop_rich,loop_rich,room_graph_navigation,gaussian_sensory,temporal_cue_then_blank,embedding,8,memoryless_mlp,,,,,2,0.532258064516129,0.11290322580645158,0.07500000000000001,0.025,nan,0.0
room_graph_loop_rich,loop_rich,room_graph_navigation,gaussian_sensory,temporal_cue_then_blank,embedding,8,numpy_rnn,,,,,2,0.5,0.14516129032258063,0.025,0.025,nan,0.0
room_graph_loop_rich,loop_rich,room_graph_navigation,gaussian_sensory,temporal_cue_then_blank,embedding,8,reservoir_block_hybrid,,,,,6,0.543010752688172,0.01938468427668812,0.16666666666666666,0.03073181485764296,nan,0.0
room_graph_loop_rich,loop_rich,room_graph_navigation,gaussian_sensory,temporal_cue_then_blank,embedding,8,reservoir_diagonal,,,,,6,0.6344086021505376,0.03965395465502319,0.11666666666666668,0.027888667551135858,nan,0.0
room_graph_loop_rich,loop_rich,room_graph_navigation,gaussian_sensory,temporal_cue_then_blank,embedding,8,reservoir_low_rank,,,,,6,0.5376344086021505,0.030791013039303986,0.09999999999999999,0.0223606797749979,nan,0.0
room_graph_loop_rich,loop_rich,room_graph_navigation,gaussian_sensory,temporal_cue_then_blank,embedding,8,reservoir_nilpotent,,,,,6,0.5161290322580645,0.016657992886913622,0.15833333333333335,0.030046260628866582,nan,0.0
room_graph_loop_rich,loop_rich,room_graph_navigation,gaussian_sensory,temporal_cue_then_blank,embedding,8,reservoir_orthogonal,,,,,6,0.5752688172043011,0.025558848008612287,0.18333333333333335,0.021081851067789197,nan,0.0
room_graph_loop_rich,loop_rich,room_graph_navigation,gaussian_sensory,temporal_cue_then_blank,embedding,8,reservoir_oscillatory,,,,,6,0.532258064516129,0.030884745411494784,0.15833333333333335,0.039616214413349046,nan,0.0
room_graph_loop_rich,loop_rich,room_graph_navigation,gaussian_sensory,temporal_cue_then_blank,embedding,8,reservoir_random,,,,,6,0.521505376344086,0.019384684276688113,0.18333333333333335,0.044095855184409845,nan,0.0
room_graph_loop_rich,loop_rich,room_graph_navigation,gaussian_sensory,temporal_cue_then_blank,embedding,8,reservoir_sparse,,,,,6,0.510752688172043,0.022682820548095686,0.13333333333333333,0.04409585518440984,nan,0.0
room_graph_loop_rich,loop_rich,room_graph_navigation,gaussian_sensory,temporal_cue_then_blank,embedding,8,reservoir_symmetric,,,,,6,0.553763440860215,0.040304655513959814,0.15833333333333333,0.04362084109434134,nan,0.0
room_graph_loop_rich,loop_rich,room_graph_navigation,gaussian_sensory,temporal_cue_then_blank,none,0,lin_block_r1_l2,1,2,2,independent_blocks,2,0.4032258064516129,0.04838709677419353,nan,0.0,nan,0.0
room_graph_loop_rich,loop_rich,room_graph_navigation,gaussian_sensory,temporal_cue_then_blank,none,0,lin_block_r1_l4,1,4,4,independent_blocks,2,0.3870967741935484,0.03225806451612903,nan,0.0,nan,0.0
room_graph_loop_rich,loop_rich,room_graph_navigation,gaussian_sensory,temporal_cue_then_blank,none,0,lin_block_r1_l8,1,8,8,independent_blocks,2,0.3548387096774194,0.03225806451612903,nan,0.0,nan,0.0
room_graph_loop_rich,loop_rich,room_graph_navigation,gaussian_sensory,temporal_cue_then_blank,none,0,lin_block_r3_l2,3,2,4,independent_blocks,2,0.3870967741935484,0.03225806451612903,nan,0.0,nan,0.0
room_graph_loop_rich,loop_rich,room_graph_navigation,gaussian_sensory,temporal_cue_then_blank,none,0,lin_block_r3_l4,3,4,6,independent_blocks,2,0.33870967741935487,0.01612903225806453,nan,0.0,nan,0.0
room_graph_loop_rich,loop_rich,room_graph_navigation,gaussian_sensory,temporal_cue_then_blank,none,0,lin_block_r3_l8,3,8,10,independent_blocks,2,0.3548387096774194,0.03225806451612903,nan,0.0,nan,0.0
room_graph_loop_rich,loop_rich,room_graph_navigation,gaussian_sensory,temporal_cue_then_blank,none,0,lin_block_r5_l2,5,2,6,independent_blocks,2,0.3548387096774194,0.03225806451612903,nan,0.0,nan,0.0
room_graph_loop_rich,loop_rich,room_graph_navigation,gaussian_sensory,temporal_cue_then_blank,none,0,lin_block_r5_l4,5,4,8,independent_blocks,2,0.3709677419354839,0.04838709677419356,nan,0.0,nan,0.0
room_graph_loop_rich,loop_rich,room_graph_navigation,gaussian_sensory,temporal_cue_then_blank,none,0,lin_block_r5_l8,5,8,12,independent_blocks,2,0.3548387096774194,0.03225806451612903,nan,0.0,nan,0.0
room_graph_loop_rich,loop_rich,room_graph_navigation,gaussian_sensory,temporal_cue_then_blank,none,0,lin_sequence_all_units_r3_l4,3,4,6,all_units,6,0.3387096774193548,0.03509068574641015,0.08333333333333333,0.021081851067789197,nan,0.0
room_graph_loop_rich,loop_rich,room_graph_navigation,gaussian_sensory,temporal_cue_then_blank,none,0,lin_sequence_front_bands_r1_l2,1,2,2,front_bands,6,0.43548387096774194,0.018152626899068956,0.025000000000000005,0.01118033988749895,nan,0.0
room_graph_loop_rich,loop_rich,room_graph_navigation,gaussian_sensory,temporal_cue_then_blank,none,0,lin_sequence_front_bands_r1_l4,1,4,4,front_bands,6,0.37634408602150543,0.027202388474566703,0.08333333333333333,0.0105409255338946,nan,0.0
room_graph_loop_rich,loop_rich,room_graph_navigation,gaussian_sensory,temporal_cue_then_blank,none,0,lin_sequence_front_bands_r1_l8,1,8,8,front_bands,6,0.39247311827956993,0.022682820548095683,0.075,0.01118033988749895,nan,0.0
room_graph_loop_rich,loop_rich,room_graph_navigation,gaussian_sensory,temporal_cue_then_blank,none,0,lin_sequence_front_bands_r3_l2,3,2,4,front_bands,6,0.3440860215053764,0.013601194237283351,0.05833333333333333,0.020069324297987162,nan,0.0
room_graph_loop_rich,loop_rich,room_graph_navigation,gaussian_sensory,temporal_cue_then_blank,none,0,lin_sequence_front_bands_r3_l4,3,4,6,front_bands,6,0.3548387096774193,0.027624156083150823,0.09166666666666666,0.01536590742882148,nan,0.0
room_graph_loop_rich,loop_rich,room_graph_navigation,gaussian_sensory,temporal_cue_then_blank,none,0,lin_sequence_front_bands_r3_l8,3,8,10,front_bands,6,0.3172043010752688,0.017504108167849145,0.049999999999999996,0.01825741858350554,nan,0.0
room_graph_loop_rich,loop_rich,room_graph_navigation,gaussian_sensory,temporal_cue_then_blank,none,0,lin_sequence_front_bands_r5_l2,5,2,6,front_bands,6,0.3709677419354838,0.023186944788008416,0.06666666666666667,0.021081851067789197,nan,0.0
room_graph_loop_rich,loop_rich,room_graph_navigation,gaussian_sensory,temporal_cue_then_blank,none,0,lin_sequence_front_bands_r5_l4,5,4,8,front_bands,6,0.36559139784946243,0.015948813950743355,0.08333333333333333,0.021081851067789197,nan,0.0
room_graph_loop_rich,loop_rich,room_graph_navigation,gaussian_sensory,temporal_cue_then_blank,none,0,lin_sequence_front_bands_r5_l8,5,8,12,front_bands,6,0.3870967741935483,0.024986989330370437,0.10833333333333334,0.023863035105460593,nan,0.0
room_graph_loop_rich,loop_rich,room_graph_navigation,gaussian_sensory,temporal_cue_then_blank,none,0,memoryless_linear,,,,,2,0.4193548387096774,0.09677419354838708,0.025,0.025,nan,0.0
room_graph_loop_rich,loop_rich,room_graph_navigation,gaussian_sensory,temporal_cue_then_blank,none,0,memoryless_mlp,,,,,2,0.4193548387096774,0.09677419354838708,0.025,0.025,nan,0.0
room_graph_loop_rich,loop_rich,room_graph_navigation,gaussian_sensory,temporal_cue_then_blank,none,0,numpy_rnn,,,,,2,0.4838709677419355,0.09677419354838712,0.025,0.025,nan,0.0
room_graph_loop_rich,loop_rich,room_graph_navigation,gaussian_sensory,temporal_cue_then_blank,none,0,reservoir_block_hybrid,,,,,6,0.36021505376344093,0.015395506519651997,0.06666666666666667,0.02472066162365221,nan,0.0
room_graph_loop_rich,loop_rich,room_graph_navigation,gaussian_sensory,temporal_cue_then_blank,none,0,reservoir_diagonal,,,,,6,0.43548387096774194,0.024637503736321717,0.041666666666666664,0.020069324297987162,nan,0.0
room_graph_loop_rich,loop_rich,room_graph_navigation,gaussian_sensory,temporal_cue_then_blank,none,0,reservoir_low_rank,,,,,6,0.4731182795698925,0.03400298559320838,0.05833333333333333,0.023863035105460593,nan,0.0
room_graph_loop_rich,loop_rich,room_graph_navigation,gaussian_sensory,temporal_cue_then_blank,none,0,reservoir_nilpotent,,,,,6,0.35483870967741943,0.030030623750040734,0.075,0.01118033988749895,nan,0.0
room_graph_loop_rich,loop_rich,room_graph_navigation,gaussian_sensory,temporal_cue_then_blank,none,0,reservoir_orthogonal,,,,,6,0.2956989247311828,0.021098297710052248,0.08333333333333333,0.016666666666666666,nan,0.0
room_graph_loop_rich,loop_rich,room_graph_navigation,gaussian_sensory,temporal_cue_then_blank,none,0,reservoir_oscillatory,,,,,6,0.37634408602150543,0.010752688172043008,0.06666666666666667,0.01666666666666667,nan,0.0
room_graph_loop_rich,loop_rich,room_graph_navigation,gaussian_sensory,temporal_cue_then_blank,none,0,reservoir_random,,,,,6,0.3172043010752688,0.017504108167849145,0.075,0.01118033988749895,nan,0.0
room_graph_loop_rich,loop_rich,room_graph_navigation,gaussian_sensory,temporal_cue_then_blank,none,0,reservoir_sparse,,,,,6,0.38172043010752693,0.017504108167849145,0.05833333333333334,0.015365907428821483,nan,0.0
room_graph_loop_rich,loop_rich,room_graph_navigation,gaussian_sensory,temporal_cue_then_blank,none,0,reservoir_symmetric,,,,,6,0.38709677419354843,0.02040179135592503,0.049999999999999996,0.01825741858350554,nan,0.0
room_graph_loop_rich,loop_rich,room_graph_navigation,gaussian_sensory,temporal_cue_then_blank,one_hot,0,lin_block_r1_l2,1,2,2,independent_blocks,2,0.5483870967741935,0.06451612903225806,nan,0.0,nan,0.0
room_graph_loop_rich,loop_rich,room_graph_navigation,gaussian_sensory,temporal_cue_then_blank,one_hot,0,lin_block_r1_l4,1,4,4,independent_blocks,2,0.6129032258064516,0.032258064516129004,nan,0.0,nan,0.0
room_graph_loop_rich,loop_rich,room_graph_navigation,gaussian_sensory,temporal_cue_then_blank,one_hot,0,lin_block_r1_l8,1,8,8,independent_blocks,2,0.6129032258064516,0.032258064516129004,nan,0.0,nan,0.0
room_graph_loop_rich,loop_rich,room_graph_navigation,gaussian_sensory,temporal_cue_then_blank,one_hot,0,lin_block_r3_l2,3,2,4,independent_blocks,2,0.5483870967741935,0.06451612903225806,nan,0.0,nan,0.0
room_graph_loop_rich,loop_rich,room_graph_navigation,gaussian_sensory,temporal_cue_then_blank,one_hot,0,lin_block_r3_l4,3,4,6,independent_blocks,2,0.532258064516129,0.04838709677419356,nan,0.0,nan,0.0
room_graph_loop_rich,loop_rich,room_graph_navigation,gaussian_sensory,temporal_cue_then_blank,one_hot,0,lin_block_r3_l8,3,8,10,independent_blocks,2,0.5161290322580645,0.032258064516129004,nan,0.0,nan,0.0
room_graph_loop_rich,loop_rich,room_graph_navigation,gaussian_sensory,temporal_cue_then_blank,one_hot,0,lin_block_r5_l2,5,2,6,independent_blocks,2,0.532258064516129,0.04838709677419356,nan,0.0,nan,0.0
room_graph_loop_rich,loop_rich,room_graph_navigation,gaussian_sensory,temporal_cue_then_blank,one_hot,0,lin_block_r5_l4,5,4,8,independent_blocks,2,0.5161290322580645,0.032258064516129004,nan,0.0,nan,0.0
room_graph_loop_rich,loop_rich,room_graph_navigation,gaussian_sensory,temporal_cue_then_blank,one_hot,0,lin_block_r5_l8,5,8,12,independent_blocks,2,0.532258064516129,0.04838709677419356,nan,0.0,nan,0.0
room_graph_loop_rich,loop_rich,room_graph_navigation,gaussian_sensory,temporal_cue_then_blank,one_hot,0,lin_sequence_all_units_r3_l4,3,4,6,all_units,6,0.5483870967741935,0.01442624501612768,0.16666666666666666,0.02472066162365221,nan,0.0
room_graph_loop_rich,loop_rich,room_graph_navigation,gaussian_sensory,temporal_cue_then_blank,one_hot,0,lin_sequence_front_bands_r1_l2,1,2,2,front_bands,6,0.5161290322580645,0.031164251067074066,0.1416666666666667,0.01536590742882148,nan,0.0
room_graph_loop_rich,loop_rich,room_graph_navigation,gaussian_sensory,temporal_cue_then_blank,one_hot,0,lin_sequence_front_bands_r1_l4,1,4,4,front_bands,6,0.5806451612903225,0.03533693919388168,0.17499999999999996,0.03354101966249685,nan,0.0
room_graph_loop_rich,loop_rich,room_graph_navigation,gaussian_sensory,temporal_cue_then_blank,one_hot,0,lin_sequence_front_bands_r1_l8,1,8,8,front_bands,6,0.4731182795698925,0.02589590231998344,0.075,0.01707825127659933,nan,0.0
room_graph_loop_rich,loop_rich,room_graph_navigation,gaussian_sensory,temporal_cue_then_blank,one_hot,0,lin_sequence_front_bands_r3_l2,3,2,4,front_bands,6,0.5268817204301075,0.023061946870459378,0.18333333333333332,0.01666666666666667,nan,0.0
room_graph_loop_rich,loop_rich,room_graph_navigation,gaussian_sensory,temporal_cue_then_blank,one_hot,0,lin_sequence_front_bands_r3_l4,3,4,6,front_bands,6,0.575268817204301,0.026881720430107527,0.15,0.02886751345948129,nan,0.0
room_graph_loop_rich,loop_rich,room_graph_navigation,gaussian_sensory,temporal_cue_then_blank,one_hot,0,lin_sequence_front_bands_r3_l8,3,8,10,front_bands,6,0.5376344086021505,0.019826977327511583,0.09999999999999999,0.012909944487358056,nan,0.0
room_graph_loop_rich,loop_rich,room_graph_navigation,gaussian_sensory,temporal_cue_then_blank,one_hot,0,lin_sequence_front_bands_r5_l2,5,2,6,front_bands,6,0.5483870967741935,0.02633859938476536,0.16666666666666666,0.021081851067789197,nan,0.0
room_graph_loop_rich,loop_rich,room_graph_navigation,gaussian_sensory,temporal_cue_then_blank,one_hot,0,lin_sequence_front_bands_r5_l4,5,4,8,front_bands,6,0.521505376344086,0.01750410816784914,0.11666666666666668,0.016666666666666666,nan,0.0
room_graph_loop_rich,loop_rich,room_graph_navigation,gaussian_sensory,temporal_cue_then_blank,one_hot,0,lin_sequence_front_bands_r5_l8,5,8,12,front_bands,6,0.5376344086021505,0.02306194687045937,0.15,0.025819888974716113,nan,0.0
room_graph_loop_rich,loop_rich,room_graph_navigation,gaussian_sensory,temporal_cue_then_blank,one_hot,0,memoryless_linear,,,,,2,0.532258064516129,0.11290322580645158,0.07500000000000001,0.025,nan,0.0
room_graph_loop_rich,loop_rich,room_graph_navigation,gaussian_sensory,temporal_cue_then_blank,one_hot,0,memoryless_mlp,,,,,2,0.532258064516129,0.11290322580645158,0.07500000000000001,0.025,nan,0.0
room_graph_loop_rich,loop_rich,room_graph_navigation,gaussian_sensory,temporal_cue_then_blank,one_hot,0,numpy_rnn,,,,,2,0.5161290322580645,0.1290322580645161,0.025,0.025,nan,0.0
room_graph_loop_rich,loop_rich,room_graph_navigation,gaussian_sensory,temporal_cue_then_blank,one_hot,0,reservoir_block_hybrid,,,,,6,0.5752688172043011,0.029349127019260617,0.19999999999999998,0.040824829046386304,nan,0.0
room_graph_loop_rich,loop_rich,room_graph_navigation,gaussian_sensory,temporal_cue_then_blank,one_hot,0,reservoir_diagonal,,,,,6,0.6827956989247311,0.028142478125381506,0.17500000000000002,0.03095695936834452,nan,0.0
room_graph_loop_rich,loop_rich,room_graph_navigation,gaussian_sensory,temporal_cue_then_blank,one_hot,0,reservoir_low_rank,,,,,6,0.5376344086021505,0.030791013039303986,0.17500000000000002,0.028136571693556885,nan,0.0
room_graph_loop_rich,loop_rich,room_graph_navigation,gaussian_sensory,temporal_cue_then_blank,one_hot,0,reservoir_nilpotent,,,,,6,0.48924731182795694,0.0293491270192606,0.17500000000000002,0.03354101966249684,nan,0.0
room_graph_loop_rich,loop_rich,room_graph_navigation,gaussian_sensory,temporal_cue_then_blank,one_hot,0,reservoir_orthogonal,,,,,6,0.5698924731182795,0.025895902319983434,0.17500000000000002,0.04232808366400098,nan,0.0
room_graph_loop_rich,loop_rich,room_graph_navigation,gaussian_sensory,temporal_cue_then_blank,one_hot,0,reservoir_oscillatory,,,,,6,0.5483870967741936,0.022036453260128184,0.15,0.02581988897471612,nan,0.0
room_graph_loop_rich,loop_rich,room_graph_navigation,gaussian_sensory,temporal_cue_then_blank,one_hot,0,reservoir_random,,,,,6,0.532258064516129,0.027308441073549017,0.125,0.04031128874149275,nan,0.0
room_graph_loop_rich,loop_rich,room_graph_navigation,gaussian_sensory,temporal_cue_then_blank,one_hot,0,reservoir_sparse,,,,,6,0.521505376344086,0.05913978494623656,0.13333333333333333,0.016666666666666666,nan,0.0
room_graph_loop_rich,loop_rich,room_graph_navigation,gaussian_sensory,temporal_cue_then_blank,one_hot,0,reservoir_symmetric,,,,,6,0.564516129032258,0.02855036139215431,0.15833333333333333,0.02386303510546059,nan,0.0
room_graph_loop_rich,loop_rich,room_graph_navigation,gaussian_sensory,temporal_dropout,embedding,8,lin_block_r1_l2,1,2,2,independent_blocks,2,0.6451612903225806,0.032258064516129004,nan,0.0,nan,0.0
room_graph_loop_rich,loop_rich,room_graph_navigation,gaussian_sensory,temporal_dropout,embedding,8,lin_block_r1_l4,1,4,4,independent_blocks,2,0.5,0.04838709677419353,nan,0.0,nan,0.0
room_graph_loop_rich,loop_rich,room_graph_navigation,gaussian_sensory,temporal_dropout,embedding,8,lin_block_r1_l8,1,8,8,independent_blocks,2,0.41935483870967744,0.0,nan,0.0,nan,0.0
room_graph_loop_rich,loop_rich,room_graph_navigation,gaussian_sensory,temporal_dropout,embedding,8,lin_block_r3_l2,3,2,4,independent_blocks,2,0.3870967741935484,0.0,nan,0.0,nan,0.0
room_graph_loop_rich,loop_rich,room_graph_navigation,gaussian_sensory,temporal_dropout,embedding,8,lin_block_r3_l4,3,4,6,independent_blocks,2,0.32258064516129037,0.03225806451612903,nan,0.0,nan,0.0
room_graph_loop_rich,loop_rich,room_graph_navigation,gaussian_sensory,temporal_dropout,embedding,8,lin_block_r3_l8,3,8,10,independent_blocks,2,0.3064516129032258,0.016129032258064502,nan,0.0,nan,0.0
room_graph_loop_rich,loop_rich,room_graph_navigation,gaussian_sensory,temporal_dropout,embedding,8,lin_block_r5_l2,5,2,6,independent_blocks,2,0.3709677419354839,0.04838709677419356,nan,0.0,nan,0.0
room_graph_loop_rich,loop_rich,room_graph_navigation,gaussian_sensory,temporal_dropout,embedding,8,lin_block_r5_l4,5,4,8,independent_blocks,2,0.3548387096774194,0.0,nan,0.0,nan,0.0
room_graph_loop_rich,loop_rich,room_graph_navigation,gaussian_sensory,temporal_dropout,embedding,8,lin_block_r5_l8,5,8,12,independent_blocks,2,0.33870967741935487,0.01612903225806453,nan,0.0,nan,0.0
room_graph_loop_rich,loop_rich,room_graph_navigation,gaussian_sensory,temporal_dropout,embedding,8,lin_sequence_all_units_r3_l4,3,4,6,all_units,6,0.5645161290322581,0.04307790456776373,0.17500000000000002,0.03593976442141304,nan,0.0
room_graph_loop_rich,loop_rich,room_graph_navigation,gaussian_sensory,temporal_dropout,embedding,8,lin_sequence_front_bands_r1_l2,1,2,2,front_bands,6,0.5483870967741935,0.03724840446384683,0.11666666666666668,0.03574601764921203,nan,0.0
room_graph_loop_rich,loop_rich,room_graph_navigation,gaussian_sensory,temporal_dropout,embedding,8,lin_sequence_front_bands_r1_l4,1,4,4,front_bands,6,0.5322580645161291,0.034087887062682495,0.14166666666666666,0.027131367660166186,nan,0.0
room_graph_loop_rich,loop_rich,room_graph_navigation,gaussian_sensory,temporal_dropout,embedding,8,lin_sequence_front_bands_r1_l8,1,8,8,front_bands,6,0.521505376344086,0.022682820548095686,0.13333333333333333,0.02472066162365221,nan,0.0
room_graph_loop_rich,loop_rich,room_graph_navigation,gaussian_sensory,temporal_dropout,embedding,8,lin_sequence_front_bands_r3_l2,3,2,4,front_bands,6,0.467741935483871,0.037940384439521184,0.19166666666666668,0.037453675090407056,nan,0.0
room_graph_loop_rich,loop_rich,room_graph_navigation,gaussian_sensory,temporal_dropout,embedding,8,lin_sequence_front_bands_r3_l4,3,4,6,front_bands,6,0.489247311827957,0.034759634140310997,0.15833333333333335,0.030046260628866582,nan,0.0
room_graph_loop_rich,loop_rich,room_graph_navigation,gaussian_sensory,temporal_dropout,embedding,8,lin_sequence_front_bands_r3_l8,3,8,10,front_bands,6,0.4946236559139785,0.03786412228313765,0.13333333333333333,0.016666666666666666,nan,0.0
room_graph_loop_rich,loop_rich,room_graph_navigation,gaussian_sensory,temporal_dropout,embedding,8,lin_sequence_front_bands_r5_l2,5,2,6,front_bands,6,0.5645161290322581,0.024637503736321724,0.15833333333333333,0.03270236145058097,nan,0.0
room_graph_loop_rich,loop_rich,room_graph_navigation,gaussian_sensory,temporal_dropout,embedding,8,lin_sequence_front_bands_r5_l4,5,4,8,front_bands,6,0.532258064516129,0.027308441073549024,0.16666666666666666,0.02472066162365221,nan,0.0
room_graph_loop_rich,loop_rich,room_graph_navigation,gaussian_sensory,temporal_dropout,embedding,8,lin_sequence_front_bands_r5_l8,5,8,12,front_bands,6,0.532258064516129,0.03884385347997515,0.15000000000000002,0.025819888974716113,nan,0.0
room_graph_loop_rich,loop_rich,room_graph_navigation,gaussian_sensory,temporal_dropout,embedding,8,memoryless_linear,,,,,2,0.596774193548387,0.08064516129032256,0.1,0.049999999999999996,nan,0.0
room_graph_loop_rich,loop_rich,room_graph_navigation,gaussian_sensory,temporal_dropout,embedding,8,memoryless_mlp,,,,,2,0.596774193548387,0.08064516129032256,0.1,0.049999999999999996,nan,0.0
room_graph_loop_rich,loop_rich,room_graph_navigation,gaussian_sensory,temporal_dropout,embedding,8,numpy_rnn,,,,,2,0.532258064516129,0.08064516129032259,0.07500000000000001,0.025,nan,0.0
room_graph_loop_rich,loop_rich,room_graph_navigation,gaussian_sensory,temporal_dropout,embedding,8,reservoir_block_hybrid,,,,,6,0.5,0.04059050771650941,0.18333333333333335,0.0380058475033046,nan,0.0
room_graph_loop_rich,loop_rich,room_graph_navigation,gaussian_sensory,temporal_dropout,embedding,8,reservoir_diagonal,,,,,6,0.6021505376344086,0.03296711767044278,0.13333333333333333,0.02472066162365221,nan,0.0
room_graph_loop_rich,loop_rich,room_graph_navigation,gaussian_sensory,temporal_dropout,embedding,8,reservoir_low_rank,,,,,6,0.5376344086021506,0.04760417983049174,0.15,0.01825741858350554,nan,0.0
room_graph_loop_rich,loop_rich,room_graph_navigation,gaussian_sensory,temporal_dropout,embedding,8,reservoir_nilpotent,,,,,6,0.5483870967741936,0.04246971539383119,0.15,0.01825741858350554,nan,0.0
room_graph_loop_rich,loop_rich,room_graph_navigation,gaussian_sensory,temporal_dropout,embedding,8,reservoir_orthogonal,,,,,6,0.5752688172043011,0.015395506519652002,0.24166666666666667,0.030046260628866575,nan,0.0
room_graph_loop_rich,loop_rich,room_graph_navigation,gaussian_sensory,temporal_dropout,embedding,8,reservoir_oscillatory,,,,,6,0.5268817204301075,0.03598537748533659,0.20833333333333334,0.032702361450580975,nan,0.0
room_graph_loop_rich,loop_rich,room_graph_navigation,gaussian_sensory,temporal_dropout,embedding,8,reservoir_random,,,,,6,0.5645161290322581,0.037940384439521184,0.16666666666666666,0.03073181485764296,nan,0.0
room_graph_loop_rich,loop_rich,room_graph_navigation,gaussian_sensory,temporal_dropout,embedding,8,reservoir_sparse,,,,,6,0.5268817204301075,0.0524572512587117,0.1416666666666667,0.030046260628866575,nan,0.0
room_graph_loop_rich,loop_rich,room_graph_navigation,gaussian_sensory,temporal_dropout,embedding,8,reservoir_symmetric,,,,,6,0.532258064516129,0.024637503736321727,0.14166666666666664,0.027131367660166186,nan,0.0
room_graph_loop_rich,loop_rich,room_graph_navigation,gaussian_sensory,temporal_dropout,none,0,lin_block_r1_l2,1,2,2,independent_blocks,2,0.564516129032258,0.04838709677419356,nan,0.0,nan,0.0
room_graph_loop_rich,loop_rich,room_graph_navigation,gaussian_sensory,temporal_dropout,none,0,lin_block_r1_l4,1,4,4,independent_blocks,2,0.43548387096774194,0.016129032258064502,nan,0.0,nan,0.0
room_graph_loop_rich,loop_rich,room_graph_navigation,gaussian_sensory,temporal_dropout,none,0,lin_block_r1_l8,1,8,8,independent_blocks,2,0.3548387096774194,0.0,nan,0.0,nan,0.0
room_graph_loop_rich,loop_rich,room_graph_navigation,gaussian_sensory,temporal_dropout,none,0,lin_block_r3_l2,3,2,4,independent_blocks,2,0.43548387096774194,0.016129032258064502,nan,0.0,nan,0.0
room_graph_loop_rich,loop_rich,room_graph_navigation,gaussian_sensory,temporal_dropout,none,0,lin_block_r3_l4,3,4,6,independent_blocks,2,0.3548387096774194,0.03225806451612903,nan,0.0,nan,0.0
room_graph_loop_rich,loop_rich,room_graph_navigation,gaussian_sensory,temporal_dropout,none,0,lin_block_r3_l8,3,8,10,independent_blocks,2,0.3870967741935484,0.03225806451612903,nan,0.0,nan,0.0
room_graph_loop_rich,loop_rich,room_graph_navigation,gaussian_sensory,temporal_dropout,none,0,lin_block_r5_l2,5,2,6,independent_blocks,2,0.467741935483871,0.01612903225806453,nan,0.0,nan,0.0
room_graph_loop_rich,loop_rich,room_graph_navigation,gaussian_sensory,temporal_dropout,none,0,lin_block_r5_l4,5,4,8,independent_blocks,2,0.4516129032258065,0.03225806451612903,nan,0.0,nan,0.0
room_graph_loop_rich,loop_rich,room_graph_navigation,gaussian_sensory,temporal_dropout,none,0,lin_block_r5_l8,5,8,12,independent_blocks,2,0.3870967741935484,0.06451612903225805,nan,0.0,nan,0.0
room_graph_loop_rich,loop_rich,room_graph_navigation,gaussian_sensory,temporal_dropout,none,0,lin_sequence_all_units_r3_l4,3,4,6,all_units,6,0.4946236559139785,0.03400298559320838,0.11666666666666665,0.010540925533894597,nan,0.0
room_graph_loop_rich,loop_rich,room_graph_navigation,gaussian_sensory,temporal_dropout,none,0,lin_sequence_front_bands_r1_l2,1,2,2,front_bands,6,0.5376344086021505,0.024519901615035217,0.09166666666666667,0.02386303510546059,nan,0.0
room_graph_loop_rich,loop_rich,room_graph_navigation,gaussian_sensory,temporal_dropout,none,0,lin_sequence_front_bands_r1_l4,1,4,4,front_bands,6,0.43548387096774194,0.029740465991267378,0.15,0.01825741858350554,nan,0.0
room_graph_loop_rich,loop_rich,room_graph_navigation,gaussian_sensory,temporal_dropout,none,0,lin_sequence_front_bands_r1_l8,1,8,8,front_bands,6,0.44623655913978494,0.015395506519651997,0.13333333333333333,0.010540925533894597,nan,0.0
room_graph_loop_rich,loop_rich,room_graph_navigation,gaussian_sensory,temporal_dropout,none,0,lin_sequence_front_bands_r3_l2,3,2,4,front_bands,6,0.5053763440860215,0.017992688742668288,0.14166666666666666,0.035158371849548314,nan,0.0
room_graph_loop_rich,loop_rich,room_graph_navigation,gaussian_sensory,temporal_dropout,none,0,lin_sequence_front_bands_r3_l4,3,4,6,front_bands,6,0.467741935483871,0.029740465991267385,0.15833333333333333,0.02713136766016618,nan,0.0
room_graph_loop_rich,loop_rich,room_graph_navigation,gaussian_sensory,temporal_dropout,none,0,lin_sequence_front_bands_r3_l8,3,8,10,front_bands,6,0.4946236559139785,0.015948813950743358,0.10833333333333334,0.01536590742882148,nan,0.0
room_graph_loop_rich,loop_rich,room_graph_navigation,gaussian_sensory,temporal_dropout,none,0,lin_sequence_front_bands_r5_l2,5,2,6,front_bands,6,0.4838709677419355,0.04164498221728406,0.09999999999999999,0.018257418583505537,nan,0.0
room_graph_loop_rich,loop_rich,room_graph_navigation,gaussian_sensory,temporal_dropout,none,0,lin_sequence_front_bands_r5_l4,5,4,8,front_bands,6,0.4731182795698925,0.01982697732751158,0.10833333333333334,0.01536590742882148,nan,0.0
room_graph_loop_rich,loop_rich,room_graph_navigation,gaussian_sensory,temporal_dropout,none,0,lin_sequence_front_bands_r5_l8,5,8,12,front_bands,6,0.456989247311828,0.041990589655412136,0.08333333333333333,0.021081851067789197,nan,0.0
room_graph_loop_rich,loop_rich,room_graph_navigation,gaussian_sensory,temporal_dropout,none,0,memoryless_linear,,,,,2,0.564516129032258,0.11290322580645158,0.05,0.0,nan,0.0
room_graph_loop_rich,loop_rich,room_graph_navigation,gaussian_sensory,temporal_dropout,none,0,memoryless_mlp,,,,,2,0.564516129032258,0.11290322580645158,0.05,0.0,nan,0.0
room_graph_loop_rich,loop_rich,room_graph_navigation,gaussian_sensory,temporal_dropout,none,0,numpy_rnn,,,,,2,0.5161290322580645,0.06451612903225809,0.025,0.025,nan,0.0
room_graph_loop_rich,loop_rich,room_graph_navigation,gaussian_sensory,temporal_dropout,none,0,reservoir_block_hybrid,,,,,6,0.489247311827957,0.03854505016975253,0.13333333333333333,0.027888667551135858,nan,0.0
room_graph_loop_rich,loop_rich,room_graph_navigation,gaussian_sensory,temporal_dropout,none,0,reservoir_diagonal,,,,,6,0.543010752688172,0.025558848008612287,0.125,0.01707825127659933,nan,0.0
room_graph_loop_rich,loop_rich,room_graph_navigation,gaussian_sensory,temporal_dropout,none,0,reservoir_low_rank,,,,,6,0.5268817204301076,0.06101617616821982,0.09166666666666666,0.008333333333333333,nan,0.0
room_graph_loop_rich,loop_rich,room_graph_navigation,gaussian_sensory,temporal_dropout,none,0,reservoir_nilpotent,,,,,6,0.5268817204301075,0.02150537634408603,0.11666666666666665,0.010540925533894597,nan,0.0
room_graph_loop_rich,loop_rich,room_graph_navigation,gaussian_sensory,temporal_dropout,none,0,reservoir_orthogonal,,,,,6,0.41397849462365593,0.034759634140311,0.14166666666666666,0.01536590742882148,nan,0.0
room_graph_loop_rich,loop_rich,room_graph_navigation,gaussian_sensory,temporal_dropout,none,0,reservoir_oscillatory,,,,,6,0.5376344086021505,0.03500821633569829,0.11666666666666665,0.03073181485764296,nan,0.0
room_graph_loop_rich,loop_rich,room_graph_navigation,gaussian_sensory,temporal_dropout,none,0,reservoir_random,,,,,6,0.4623655913978495,0.05111769601722457,0.16666666666666666,0.03574601764921203,nan,0.0
room_graph_loop_rich,loop_rich,room_graph_navigation,gaussian_sensory,temporal_dropout,none,0,reservoir_sparse,,,,,6,0.521505376344086,0.04199058965541212,0.10833333333333334,0.01536590742882148,nan,0.0
room_graph_loop_rich,loop_rich,room_graph_navigation,gaussian_sensory,temporal_dropout,none,0,reservoir_symmetric,,,,,6,0.489247311827957,0.053601907873610834,0.11666666666666668,0.021081851067789197,nan,0.0
room_graph_loop_rich,loop_rich,room_graph_navigation,gaussian_sensory,temporal_dropout,one_hot,0,lin_block_r1_l2,1,2,2,independent_blocks,2,0.6451612903225806,0.032258064516129004,nan,0.0,nan,0.0
room_graph_loop_rich,loop_rich,room_graph_navigation,gaussian_sensory,temporal_dropout,one_hot,0,lin_block_r1_l4,1,4,4,independent_blocks,2,0.5,0.04838709677419353,nan,0.0,nan,0.0
room_graph_loop_rich,loop_rich,room_graph_navigation,gaussian_sensory,temporal_dropout,one_hot,0,lin_block_r1_l8,1,8,8,independent_blocks,2,0.41935483870967744,0.0,nan,0.0,nan,0.0
room_graph_loop_rich,loop_rich,room_graph_navigation,gaussian_sensory,temporal_dropout,one_hot,0,lin_block_r3_l2,3,2,4,independent_blocks,2,0.4032258064516129,0.01612903225806453,nan,0.0,nan,0.0
room_graph_loop_rich,loop_rich,room_graph_navigation,gaussian_sensory,temporal_dropout,one_hot,0,lin_block_r3_l4,3,4,6,independent_blocks,2,0.3225806451612903,0.06451612903225805,nan,0.0,nan,0.0
room_graph_loop_rich,loop_rich,room_graph_navigation,gaussian_sensory,temporal_dropout,one_hot,0,lin_block_r3_l8,3,8,10,independent_blocks,2,0.33870967741935487,0.01612903225806453,nan,0.0,nan,0.0
room_graph_loop_rich,loop_rich,room_graph_navigation,gaussian_sensory,temporal_dropout,one_hot,0,lin_block_r5_l2,5,2,6,independent_blocks,2,0.3548387096774194,0.0,nan,0.0,nan,0.0
room_graph_loop_rich,loop_rich,room_graph_navigation,gaussian_sensory,temporal_dropout,one_hot,0,lin_block_r5_l4,5,4,8,independent_blocks,2,0.33870967741935487,0.01612903225806453,nan,0.0,nan,0.0
room_graph_loop_rich,loop_rich,room_graph_navigation,gaussian_sensory,temporal_dropout,one_hot,0,lin_block_r5_l8,5,8,12,independent_blocks,2,0.32258064516129037,0.03225806451612903,nan,0.0,nan,0.0
room_graph_loop_rich,loop_rich,room_graph_navigation,gaussian_sensory,temporal_dropout,one_hot,0,lin_sequence_all_units_r3_l4,3,4,6,all_units,6,0.543010752688172,0.022682820548095683,0.17500000000000002,0.044253060157839176,nan,0.0
room_graph_loop_rich,loop_rich,room_graph_navigation,gaussian_sensory,temporal_dropout,one_hot,0,lin_sequence_front_bands_r1_l2,1,2,2,front_bands,6,0.5806451612903225,0.03434133209176626,0.15833333333333335,0.030046260628866582,nan,0.0
room_graph_loop_rich,loop_rich,room_graph_navigation,gaussian_sensory,temporal_dropout,one_hot,0,lin_sequence_front_bands_r1_l4,1,4,4,front_bands,6,0.478494623655914,0.031624604666349976,0.125,0.017078251276599336,nan,0.0
room_graph_loop_rich,loop_rich,room_graph_navigation,gaussian_sensory,temporal_dropout,one_hot,0,lin_sequence_front_bands_r1_l8,1,8,8,front_bands,6,0.456989247311828,0.040304655513959814,0.15,0.0223606797749979,nan,0.0
room_graph_loop_rich,loop_rich,room_graph_navigation,gaussian_sensory,temporal_dropout,one_hot,0,lin_sequence_front_bands_r3_l2,3,2,4,front_bands,6,0.5913978494623656,0.02451990161503522,0.16666666666666666,0.03073181485764296,nan,0.0
room_graph_loop_rich,loop_rich,room_graph_navigation,gaussian_sensory,temporal_dropout,one_hot,0,lin_sequence_front_bands_r3_l4,3,4,6,front_bands,6,0.5752688172043011,0.03050808808410991,0.16666666666666666,0.02472066162365221,nan,0.0
room_graph_loop_rich,loop_rich,room_graph_navigation,gaussian_sensory,temporal_dropout,one_hot,0,lin_sequence_front_bands_r3_l8,3,8,10,front_bands,6,0.4838709677419355,0.01665799288691362,0.11666666666666668,0.010540925533894597,nan,0.0
room_graph_loop_rich,loop_rich,room_graph_navigation,gaussian_sensory,temporal_dropout,one_hot,0,lin_sequence_front_bands_r5_l2,5,2,6,front_bands,6,0.5537634408602151,0.04361139739929732,0.13333333333333333,0.021081851067789197,nan,0.0
room_graph_loop_rich,loop_rich,room_graph_navigation,gaussian_sensory,temporal_dropout,one_hot,0,lin_sequence_front_bands_r5_l4,5,4,8,front_bands,6,0.564516129032258,0.011018226630064097,0.11666666666666668,0.02472066162365221,nan,0.0
room_graph_loop_rich,loop_rich,room_graph_navigation,gaussian_sensory,temporal_dropout,one_hot,0,lin_sequence_front_bands_r5_l8,5,8,12,front_bands,6,0.478494623655914,0.025558848008612297,0.15000000000000002,0.04654746681256314,nan,0.0
room_graph_loop_rich,loop_rich,room_graph_navigation,gaussian_sensory,temporal_dropout,one_hot,0,memoryless_linear,,,,,2,0.596774193548387,0.08064516129032256,0.1,0.049999999999999996,nan,0.0
room_graph_loop_rich,loop_rich,room_graph_navigation,gaussian_sensory,temporal_dropout,one_hot,0,memoryless_mlp,,,,,2,0.596774193548387,0.08064516129032256,0.1,0.049999999999999996,nan,0.0
room_graph_loop_rich,loop_rich,room_graph_navigation,gaussian_sensory,temporal_dropout,one_hot,0,numpy_rnn,,,,,2,0.5483870967741935,0.16129032258064518,0.025,0.025,nan,0.0
room_graph_loop_rich,loop_rich,room_graph_navigation,gaussian_sensory,temporal_dropout,one_hot,0,reservoir_block_hybrid,,,,,6,0.564516129032258,0.027308441073549024,0.09166666666666667,0.01536590742882148,nan,0.0
room_graph_loop_rich,loop_rich,room_graph_navigation,gaussian_sensory,temporal_dropout,one_hot,0,reservoir_diagonal,,,,,6,0.6182795698924731,0.019384684276688113,0.125,0.021408720964441883,nan,0.0
room_graph_loop_rich,loop_rich,room_graph_navigation,gaussian_sensory,temporal_dropout,one_hot,0,reservoir_low_rank,,,,,6,0.5591397849462365,0.043010752688172046,0.18333333333333335,0.03574601764921203,nan,0.0
room_graph_loop_rich,loop_rich,room_graph_navigation,gaussian_sensory,temporal_dropout,one_hot,0,reservoir_nilpotent,,,,,6,0.5376344086021506,0.029643115595892954,0.09166666666666667,0.035158371849548314,nan,0.0
room_graph_loop_rich,loop_rich,room_graph_navigation,gaussian_sensory,temporal_dropout,one_hot,0,reservoir_orthogonal,,,,,6,0.5053763440860215,0.04136641733692763,0.16666666666666666,0.0380058475033046,nan,0.0
room_graph_loop_rich,loop_rich,room_graph_navigation,gaussian_sensory,temporal_dropout,one_hot,0,reservoir_oscillatory,,,,,6,0.575268817204301,0.042808665026654584,0.19166666666666665,0.03270236145058098,nan,0.0
room_graph_loop_rich,loop_rich,room_graph_navigation,gaussian_sensory,temporal_dropout,one_hot,0,reservoir_random,,,,,6,0.5483870967741935,0.04856597759413426,0.14166666666666666,0.01536590742882148,nan,0.0
room_graph_loop_rich,loop_rich,room_graph_navigation,gaussian_sensory,temporal_dropout,one_hot,0,reservoir_sparse,,,,,6,0.5268817204301075,0.019826977327511586,0.18333333333333332,0.03333333333333333,nan,0.0
room_graph_loop_rich,loop_rich,room_graph_navigation,gaussian_sensory,temporal_dropout,one_hot,0,reservoir_symmetric,,,,,6,0.5752688172043011,0.03670117885134626,0.15000000000000002,0.025819888974716113,nan,0.0
room_graph_loop_rich,loop_rich,room_graph_navigation,gaussian_sensory,temporal_full,embedding,8,lin_block_r1_l2,1,2,2,independent_blocks,2,0.6612903225806451,0.11290322580645161,nan,0.0,nan,0.0
room_graph_loop_rich,loop_rich,room_graph_navigation,gaussian_sensory,temporal_full,embedding,8,lin_block_r1_l4,1,4,4,independent_blocks,2,0.6129032258064515,0.06451612903225806,nan,0.0,nan,0.0
room_graph_loop_rich,loop_rich,room_graph_navigation,gaussian_sensory,temporal_full,embedding,8,lin_block_r1_l8,1,8,8,independent_blocks,2,0.5967741935483871,0.016129032258064502,nan,0.0,nan,0.0
room_graph_loop_rich,loop_rich,room_graph_navigation,gaussian_sensory,temporal_full,embedding,8,lin_block_r3_l2,3,2,4,independent_blocks,2,0.5161290322580645,0.032258064516129004,nan,0.0,nan,0.0
room_graph_loop_rich,loop_rich,room_graph_navigation,gaussian_sensory,temporal_full,embedding,8,lin_block_r3_l4,3,4,6,independent_blocks,2,0.5161290322580645,0.0,nan,0.0,nan,0.0
room_graph_loop_rich,loop_rich,room_graph_navigation,gaussian_sensory,temporal_full,embedding,8,lin_block_r3_l8,3,8,10,independent_blocks,2,0.467741935483871,0.01612903225806453,nan,0.0,nan,0.0
room_graph_loop_rich,loop_rich,room_graph_navigation,gaussian_sensory,temporal_full,embedding,8,lin_block_r5_l2,5,2,6,independent_blocks,2,0.5483870967741935,0.03225806451612906,nan,0.0,nan,0.0
room_graph_loop_rich,loop_rich,room_graph_navigation,gaussian_sensory,temporal_full,embedding,8,lin_block_r5_l4,5,4,8,independent_blocks,2,0.532258064516129,0.016129032258064502,nan,0.0,nan,0.0
room_graph_loop_rich,loop_rich,room_graph_navigation,gaussian_sensory,temporal_full,embedding,8,lin_block_r5_l8,5,8,12,independent_blocks,2,0.532258064516129,0.016129032258064502,nan,0.0,nan,0.0
room_graph_loop_rich,loop_rich,room_graph_navigation,gaussian_sensory,temporal_full,embedding,8,lin_sequence_all_units_r3_l4,3,4,6,all_units,6,0.5645161290322581,0.04618651955895598,0.19999999999999998,0.03651483716701107,nan,0.0
room_graph_loop_rich,loop_rich,room_graph_navigation,gaussian_sensory,temporal_full,embedding,8,lin_sequence_front_bands_r1_l2,1,2,2,front_bands,6,0.6344086021505376,0.07526881720430108,0.26666666666666666,0.04013864859597433,nan,0.0
room_graph_loop_rich,loop_rich,room_graph_navigation,gaussian_sensory,temporal_full,embedding,8,lin_sequence_front_bands_r1_l4,1,4,4,front_bands,6,0.543010752688172,0.03050808808410991,0.16666666666666666,0.021081851067789197,nan,0.0
room_graph_loop_rich,loop_rich,room_graph_navigation,gaussian_sensory,temporal_full,embedding,8,lin_sequence_front_bands_r1_l8,1,8,8,front_bands,6,0.6129032258064516,0.04407290652025633,0.16666666666666666,0.03073181485764296,nan,0.0
room_graph_loop_rich,loop_rich,room_graph_navigation,gaussian_sensory,temporal_full,embedding,8,lin_sequence_front_bands_r3_l2,3,2,4,front_bands,6,0.6129032258064516,0.01862420223192341,0.18333333333333335,0.01666666666666667,nan,0.0
room_graph_loop_rich,loop_rich,room_graph_navigation,gaussian_sensory,temporal_full,embedding,8,lin_sequence_front_bands_r3_l4,3,4,6,front_bands,6,0.6236559139784946,0.032967117670442775,0.2083333333333333,0.023863035105460593,nan,0.0
room_graph_loop_rich,loop_rich,room_graph_navigation,gaussian_sensory,temporal_full,embedding,8,lin_sequence_front_bands_r3_l8,3,8,10,front_bands,6,0.553763440860215,0.02109829771005224,0.18333333333333335,0.03073181485764296,nan,0.0
room_graph_loop_rich,loop_rich,room_graph_navigation,gaussian_sensory,temporal_full,embedding,8,lin_sequence_front_bands_r5_l2,5,2,6,front_bands,6,0.575268817204301,0.022682820548095686,0.18333333333333332,0.027888667551135858,nan,0.0
room_graph_loop_rich,loop_rich,room_graph_navigation,gaussian_sensory,temporal_full,embedding,8,lin_sequence_front_bands_r5_l4,5,4,8,front_bands,6,0.5967741935483871,0.03088474541149479,0.20833333333333334,0.037453675090407056,nan,0.0
room_graph_loop_rich,loop_rich,room_graph_navigation,gaussian_sensory,temporal_full,embedding,8,lin_sequence_front_bands_r5_l8,5,8,12,front_bands,6,0.5698924731182796,0.035008216335698304,0.19999999999999998,0.01825741858350554,nan,0.0
room_graph_loop_rich,loop_rich,room_graph_navigation,gaussian_sensory,temporal_full,embedding,8,memoryless_linear,,,,,2,0.7258064516129032,0.04838709677419356,0.275,0.024999999999999994,nan,0.0
room_graph_loop_rich,loop_rich,room_graph_navigation,gaussian_sensory,temporal_full,embedding,8,memoryless_mlp,,,,,2,0.7258064516129032,0.04838709677419356,0.275,0.024999999999999994,nan,0.0
room_graph_loop_rich,loop_rich,room_graph_navigation,gaussian_sensory,temporal_full,embedding,8,numpy_rnn,,,,,2,0.6612903225806451,0.14516129032258063,0.175,0.025,nan,0.0
room_graph_loop_rich,loop_rich,room_graph_navigation,gaussian_sensory,temporal_full,embedding,8,reservoir_block_hybrid,,,,,6,0.6720430107526881,0.024163661348649716,0.17499999999999996,0.038188130791298666,nan,0.0
room_graph_loop_rich,loop_rich,room_graph_navigation,gaussian_sensory,temporal_full,embedding,8,reservoir_diagonal,,,,,6,0.6989247311827956,0.03296711767044277,0.21666666666666665,0.04409585518440984,nan,0.0
room_graph_loop_rich,loop_rich,room_graph_navigation,gaussian_sensory,temporal_full,embedding,8,reservoir_low_rank,,,,,6,0.575268817204301,0.036701178851346265,0.24166666666666667,0.020069324297987155,nan,0.0
room_graph_loop_rich,loop_rich,room_graph_navigation,gaussian_sensory,temporal_full,embedding,8,reservoir_nilpotent,,,,,6,0.6182795698924731,0.05229168350876485,0.19166666666666668,0.030046260628866575,nan,0.0
room_graph_loop_rich,loop_rich,room_graph_navigation,gaussian_sensory,temporal_full,embedding,8,reservoir_orthogonal,,,,,6,0.5860215053763441,0.01938468427668812,0.25,0.025819888974716113,nan,0.0
room_graph_loop_rich,loop_rich,room_graph_navigation,gaussian_sensory,temporal_full,embedding,8,reservoir_oscillatory,,,,,6,0.5860215053763441,0.043611397399297314,0.19166666666666665,0.02713136766016618,nan,0.0
room_graph_loop_rich,loop_rich,room_graph_navigation,gaussian_sensory,temporal_full,embedding,8,reservoir_random,,,,,6,0.6075268817204301,0.03943466843202634,0.15833333333333333,0.030046260628866575,nan,0.0
room_graph_loop_rich,loop_rich,room_graph_navigation,gaussian_sensory,temporal_full,embedding,8,reservoir_sparse,,,,,6,0.6666666666666666,0.0369366968544466,0.28333333333333327,0.021081851067789193,nan,0.0
room_graph_loop_rich,loop_rich,room_graph_navigation,gaussian_sensory,temporal_full,embedding,8,reservoir_symmetric,,,,,6,0.6881720430107526,0.03296711767044277,0.20833333333333334,0.030046260628866582,nan,0.0
room_graph_loop_rich,loop_rich,room_graph_navigation,gaussian_sensory,temporal_full,none,0,lin_block_r1_l2,1,2,2,independent_blocks,2,0.6935483870967742,0.08064516129032256,nan,0.0,nan,0.0
room_graph_loop_rich,loop_rich,room_graph_navigation,gaussian_sensory,temporal_full,none,0,lin_block_r1_l4,1,4,4,independent_blocks,2,0.6612903225806452,0.08064516129032256,nan,0.0,nan,0.0
room_graph_loop_rich,loop_rich,room_graph_navigation,gaussian_sensory,temporal_full,none,0,lin_block_r1_l8,1,8,8,independent_blocks,2,0.6612903225806451,0.016129032258064502,nan,0.0,nan,0.0
room_graph_loop_rich,loop_rich,room_graph_navigation,gaussian_sensory,temporal_full,none,0,lin_block_r3_l2,3,2,4,independent_blocks,2,0.564516129032258,0.11290322580645158,nan,0.0,nan,0.0
room_graph_loop_rich,loop_rich,room_graph_navigation,gaussian_sensory,temporal_full,none,0,lin_block_r3_l4,3,4,6,independent_blocks,2,0.5806451612903225,0.03225806451612906,nan,0.0,nan,0.0
room_graph_loop_rich,loop_rich,room_graph_navigation,gaussian_sensory,temporal_full,none,0,lin_block_r3_l8,3,8,10,independent_blocks,2,0.532258064516129,0.016129032258064502,nan,0.0,nan,0.0
room_graph_loop_rich,loop_rich,room_graph_navigation,gaussian_sensory,temporal_full,none,0,lin_block_r5_l2,5,2,6,independent_blocks,2,0.5,0.08064516129032259,nan,0.0,nan,0.0
room_graph_loop_rich,loop_rich,room_graph_navigation,gaussian_sensory,temporal_full,none,0,lin_block_r5_l4,5,4,8,independent_blocks,2,0.564516129032258,0.04838709677419356,nan,0.0,nan,0.0
room_graph_loop_rich,loop_rich,room_graph_navigation,gaussian_sensory,temporal_full,none,0,lin_block_r5_l8,5,8,12,independent_blocks,2,0.5161290322580645,0.06451612903225809,nan,0.0,nan,0.0
room_graph_loop_rich,loop_rich,room_graph_navigation,gaussian_sensory,temporal_full,none,0,lin_sequence_all_units_r3_l4,3,4,6,all_units,6,0.6290322580645161,0.043077904567763725,0.21666666666666665,0.04013864859597433,nan,0.0
room_graph_loop_rich,loop_rich,room_graph_navigation,gaussian_sensory,temporal_full,none,0,lin_sequence_front_bands_r1_l2,1,2,2,front_bands,6,0.6397849462365591,0.05488086088247245,0.27499999999999997,0.04958158260214506,nan,0.0
room_graph_loop_rich,loop_rich,room_graph_navigation,gaussian_sensory,temporal_full,none,0,lin_sequence_front_bands_r1_l4,1,4,4,front_bands,6,0.564516129032258,0.034087887062682495,0.19999999999999998,0.03415650255319867,nan,0.0
room_graph_loop_rich,loop_rich,room_graph_navigation,gaussian_sensory,temporal_full,none,0,lin_sequence_front_bands_r1_l8,1,8,8,front_bands,6,0.46774193548387094,0.03884385347997515,0.16666666666666666,0.045946829173634074,nan,0.0
room_graph_loop_rich,loop_rich,room_graph_navigation,gaussian_sensory,temporal_full,none,0,lin_sequence_front_bands_r3_l2,3,2,4,front_bands,6,0.6559139784946236,0.03693669685444661,0.27499999999999997,0.038188130791298666,nan,0.0
room_graph_loop_rich,loop_rich,room_graph_navigation,gaussian_sensory,temporal_full,none,0,lin_sequence_front_bands_r3_l4,3,4,6,front_bands,6,0.5752688172043011,0.051624102727560454,0.24166666666666667,0.02006932429798716,nan,0.0
room_graph_loop_rich,loop_rich,room_graph_navigation,gaussian_sensory,temporal_full,none,0,lin_sequence_front_bands_r3_l8,3,8,10,front_bands,6,0.5591397849462365,0.024519901615035224,0.24166666666666667,0.039616214413349046,nan,0.0
room_graph_loop_rich,loop_rich,room_graph_navigation,gaussian_sensory,temporal_full,none,0,lin_sequence_front_bands_r5_l2,5,2,6,front_bands,6,0.5806451612903226,0.049973978660740874,0.19166666666666665,0.04362084109434134,nan,0.0
room_graph_loop_rich,loop_rich,room_graph_navigation,gaussian_sensory,temporal_full,none,0,lin_sequence_front_bands_r5_l4,5,4,8,front_bands,6,0.575268817204301,0.025558848008612287,0.19166666666666665,0.027131367660166186,nan,0.0
room_graph_loop_rich,loop_rich,room_graph_navigation,gaussian_sensory,temporal_full,none,0,lin_sequence_front_bands_r5_l8,5,8,12,front_bands,6,0.6182795698924731,0.038545050169752515,0.11666666666666668,0.02472066162365221,nan,0.0
room_graph_loop_rich,loop_rich,room_graph_navigation,gaussian_sensory,temporal_full,none,0,memoryless_linear,,,,,2,0.6774193548387096,0.1290322580645161,0.22499999999999998,0.075,nan,0.0
room_graph_loop_rich,loop_rich,room_graph_navigation,gaussian_sensory,temporal_full,none,0,memoryless_mlp,,,,,2,0.6774193548387096,0.1290322580645161,0.22499999999999998,0.075,nan,0.0
room_graph_loop_rich,loop_rich,room_graph_navigation,gaussian_sensory,temporal_full,none,0,numpy_rnn,,,,,2,0.6129032258064516,0.1290322580645161,0.07500000000000001,0.025,nan,0.0
room_graph_loop_rich,loop_rich,room_graph_navigation,gaussian_sensory,temporal_full,none,0,reservoir_block_hybrid,,,,,6,0.5806451612903226,0.027624156083150816,0.15833333333333333,0.041666666666666664,nan,0.0
room_graph_loop_rich,loop_rich,room_graph_navigation,gaussian_sensory,temporal_full,none,0,reservoir_diagonal,,,,,6,0.7043010752688171,0.04199058965541212,0.3,0.0316227766016838,nan,0.0
room_graph_loop_rich,loop_rich,room_graph_navigation,gaussian_sensory,temporal_full,none,0,reservoir_low_rank,,,,,6,0.6666666666666666,0.04686988111334057,0.2916666666666667,0.0650854139658888,nan,0.0
room_graph_loop_rich,loop_rich,room_graph_navigation,gaussian_sensory,temporal_full,none,0,reservoir_nilpotent,,,,,6,0.6236559139784946,0.010752688172043001,0.19166666666666665,0.05068968775248517,nan,0.0
room_graph_loop_rich,loop_rich,room_graph_navigation,gaussian_sensory,temporal_full,none,0,reservoir_orthogonal,,,,,6,0.5860215053763441,0.040304655513959814,0.21666666666666667,0.03574601764921203,nan,0.0
room_graph_loop_rich,loop_rich,room_graph_navigation,gaussian_sensory,temporal_full,none,0,reservoir_oscillatory,,,,,6,0.6344086021505376,0.05111769601722456,0.21666666666666667,0.055777335102271716,nan,0.0
room_graph_loop_rich,loop_rich,room_graph_navigation,gaussian_sensory,temporal_full,none,0,reservoir_random,,,,,6,0.6666666666666666,0.03598537748533659,0.2583333333333333,0.049018137232842485,nan,0.0
room_graph_loop_rich,loop_rich,room_graph_navigation,gaussian_sensory,temporal_full,none,0,reservoir_sparse,,,,,6,0.5967741935483871,0.02463750373632173,0.2833333333333334,0.05109903238918631,nan,0.0
room_graph_loop_rich,loop_rich,room_graph_navigation,gaussian_sensory,temporal_full,none,0,reservoir_symmetric,,,,,6,0.6236559139784946,0.04612389374091874,0.20833333333333334,0.04166666666666667,nan,0.0
room_graph_loop_rich,loop_rich,room_graph_navigation,gaussian_sensory,temporal_full,one_hot,0,lin_block_r1_l2,1,2,2,independent_blocks,2,0.6612903225806451,0.11290322580645161,nan,0.0,nan,0.0
room_graph_loop_rich,loop_rich,room_graph_navigation,gaussian_sensory,temporal_full,one_hot,0,lin_block_r1_l4,1,4,4,independent_blocks,2,0.596774193548387,0.04838709677419356,nan,0.0,nan,0.0
room_graph_loop_rich,loop_rich,room_graph_navigation,gaussian_sensory,temporal_full,one_hot,0,lin_block_r1_l8,1,8,8,independent_blocks,2,0.5967741935483871,0.016129032258064502,nan,0.0,nan,0.0
room_graph_loop_rich,loop_rich,room_graph_navigation,gaussian_sensory,temporal_full,one_hot,0,lin_block_r3_l2,3,2,4,independent_blocks,2,0.5483870967741935,0.03225806451612906,nan,0.0,nan,0.0
room_graph_loop_rich,loop_rich,room_graph_navigation,gaussian_sensory,temporal_full,one_hot,0,lin_block_r3_l4,3,4,6,independent_blocks,2,0.5161290322580645,0.032258064516129004,nan,0.0,nan,0.0
room_graph_loop_rich,loop_rich,room_graph_navigation,gaussian_sensory,temporal_full,one_hot,0,lin_block_r3_l8,3,8,10,independent_blocks,2,0.5,0.016129032258064502,nan,0.0,nan,0.0
room_graph_loop_rich,loop_rich,room_graph_navigation,gaussian_sensory,temporal_full,one_hot,0,lin_block_r5_l2,5,2,6,independent_blocks,2,0.532258064516129,0.016129032258064502,nan,0.0,nan,0.0
room_graph_loop_rich,loop_rich,room_graph_navigation,gaussian_sensory,temporal_full,one_hot,0,lin_block_r5_l4,5,4,8,independent_blocks,2,0.532258064516129,0.016129032258064502,nan,0.0,nan,0.0
room_graph_loop_rich,loop_rich,room_graph_navigation,gaussian_sensory,temporal_full,one_hot,0,lin_block_r5_l8,5,8,12,independent_blocks,2,0.5,0.016129032258064502,nan,0.0,nan,0.0
room_graph_loop_rich,loop_rich,room_graph_navigation,gaussian_sensory,temporal_full,one_hot,0,lin_sequence_all_units_r3_l4,3,4,6,all_units,6,0.6290322580645161,0.027308441073549024,0.20833333333333334,0.03515837184954831,nan,0.0
room_graph_loop_rich,loop_rich,room_graph_navigation,gaussian_sensory,temporal_full,one_hot,0,lin_sequence_front_bands_r1_l2,1,2,2,front_bands,6,0.6344086021505376,0.032967117670442775,0.24166666666666667,0.015365907428821476,nan,0.0
room_graph_loop_rich,loop_rich,room_graph_navigation,gaussian_sensory,temporal_full,one_hot,0,lin_sequence_front_bands_r1_l4,1,4,4,front_bands,6,0.6021505376344085,0.029643115595892947,0.13333333333333333,0.02788866755113585,nan,0.0
room_graph_loop_rich,loop_rich,room_graph_navigation,gaussian_sensory,temporal_full,one_hot,0,lin_sequence_front_bands_r1_l8,1,8,8,front_bands,6,0.543010752688172,0.03162460466635,0.18333333333333332,0.016666666666666673,nan,0.0
room_graph_loop_rich,loop_rich,room_graph_navigation,gaussian_sensory,temporal_full,one_hot,0,lin_sequence_front_bands_r3_l2,3,2,4,front_bands,6,0.6290322580645161,0.0297404659912674,0.225,0.025000000000000005,nan,0.0
room_graph_loop_rich,loop_rich,room_graph_navigation,gaussian_sensory,temporal_full,one_hot,0,lin_sequence_front_bands_r3_l4,3,4,6,front_bands,6,0.6182795698924731,0.02268282054809569,0.19166666666666668,0.02713136766016618,nan,0.0
room_graph_loop_rich,loop_rich,room_graph_navigation,gaussian_sensory,temporal_full,one_hot,0,lin_sequence_front_bands_r3_l8,3,8,10,front_bands,6,0.5752688172043011,0.025558848008612287,0.16666666666666666,0.03073181485764296,nan,0.0
room_graph_loop_rich,loop_rich,room_graph_navigation,gaussian_sensory,temporal_full,one_hot,0,lin_sequence_front_bands_r5_l2,5,2,6,front_bands,6,0.5913978494623656,0.02451990161503522,0.2333333333333333,0.03574601764921203,nan,0.0
room_graph_loop_rich,loop_rich,room_graph_navigation,gaussian_sensory,temporal_full,one_hot,0,lin_sequence_front_bands_r5_l4,5,4,8,front_bands,6,0.60752688172043,0.019384684276688113,0.22500000000000006,0.047871355387816915,nan,0.0
room_graph_loop_rich,loop_rich,room_graph_navigation,gaussian_sensory,temporal_full,one_hot,0,lin_sequence_front_bands_r5_l8,5,8,12,front_bands,6,0.5268817204301075,0.043010752688172046,0.14166666666666666,0.030046260628866582,nan,0.0
room_graph_loop_rich,loop_rich,room_graph_navigation,gaussian_sensory,temporal_full,one_hot,0,memoryless_linear,,,,,2,0.7258064516129032,0.04838709677419356,0.275,0.024999999999999994,nan,0.0
room_graph_loop_rich,loop_rich,room_graph_navigation,gaussian_sensory,temporal_full,one_hot,0,memoryless_mlp,,,,,2,0.7258064516129032,0.04838709677419356,0.275,0.024999999999999994,nan,0.0
room_graph_loop_rich,loop_rich,room_graph_navigation,gaussian_sensory,temporal_full,one_hot,0,numpy_rnn,,,,,2,0.6612903225806451,0.11290322580645161,0.125,0.024999999999999994,nan,0.0
room_graph_loop_rich,loop_rich,room_graph_navigation,gaussian_sensory,temporal_full,one_hot,0,reservoir_block_hybrid,,,,,6,0.5860215053763441,0.036701178851346265,0.2916666666666667,0.02713136766016618,nan,0.0
room_graph_loop_rich,loop_rich,room_graph_navigation,gaussian_sensory,temporal_full,one_hot,0,reservoir_diagonal,,,,,6,0.6989247311827956,0.019826977327511586,0.21666666666666667,0.03574601764921203,nan,0.0
room_graph_loop_rich,loop_rich,room_graph_navigation,gaussian_sensory,temporal_full,one_hot,0,reservoir_low_rank,,,,,6,0.6129032258064516,0.04711591892517558,0.24166666666666667,0.04166666666666667,nan,0.0
room_graph_loop_rich,loop_rich,room_graph_navigation,gaussian_sensory,temporal_full,one_hot,0,reservoir_nilpotent,,,,,6,0.6075268817204301,0.039434668432026344,0.275,0.02813657169355689,nan,0.0
room_graph_loop_rich,loop_rich,room_graph_navigation,gaussian_sensory,temporal_full,one_hot,0,reservoir_orthogonal,,,,,6,0.553763440860215,0.015395506519652002,0.18333333333333335,0.02788866755113585,nan,0.0
room_graph_loop_rich,loop_rich,room_graph_navigation,gaussian_sensory,temporal_full,one_hot,0,reservoir_oscillatory,,,,,6,0.5913978494623656,0.0524572512587117,0.18333333333333335,0.0380058475033046,nan,0.0
room_graph_loop_rich,loop_rich,room_graph_navigation,gaussian_sensory,temporal_full,one_hot,0,reservoir_random,,,,,6,0.6559139784946236,0.03965395465502317,0.18333333333333338,0.04944132324730443,nan,0.0
room_graph_loop_rich,loop_rich,room_graph_navigation,gaussian_sensory,temporal_full,one_hot,0,reservoir_sparse,,,,,6,0.5967741935483871,0.03088474541149479,0.20833333333333334,0.01536590742882148,nan,0.0
room_graph_loop_rich,loop_rich,room_graph_navigation,gaussian_sensory,temporal_full,one_hot,0,reservoir_symmetric,,,,,6,0.6612903225806451,0.023186944788008413,0.15,0.042817441928883766,nan,0.0
room_graph_tree_like,tree_like,room_graph_navigation,gaussian_sensory,temporal_cue_then_blank,embedding,8,lin_block_r1_l2,1,2,2,independent_blocks,2,0.5803571428571428,0.026785714285714246,nan,0.0,nan,0.0
room_graph_tree_like,tree_like,room_graph_navigation,gaussian_sensory,temporal_cue_then_blank,embedding,8,lin_block_r1_l4,1,4,4,independent_blocks,2,0.7232142857142857,0.0267857142857143,nan,0.0,nan,0.0
room_graph_tree_like,tree_like,room_graph_navigation,gaussian_sensory,temporal_cue_then_blank,embedding,8,lin_block_r1_l8,1,8,8,independent_blocks,2,0.6875,0.0267857142857143,nan,0.0,nan,0.0
room_graph_tree_like,tree_like,room_graph_navigation,gaussian_sensory,temporal_cue_then_blank,embedding,8,lin_block_r3_l2,3,2,4,independent_blocks,2,0.7410714285714286,0.0267857142857143,nan,0.0,nan,0.0
room_graph_tree_like,tree_like,room_graph_navigation,gaussian_sensory,temporal_cue_then_blank,embedding,8,lin_block_r3_l4,3,4,6,independent_blocks,2,0.6964285714285714,0.05357142857142854,nan,0.0,nan,0.0
room_graph_tree_like,tree_like,room_graph_navigation,gaussian_sensory,temporal_cue_then_blank,embedding,8,lin_block_r3_l8,3,8,10,independent_blocks,2,0.6785714285714286,0.07142857142857145,nan,0.0,nan,0.0
room_graph_tree_like,tree_like,room_graph_navigation,gaussian_sensory,temporal_cue_then_blank,embedding,8,lin_block_r5_l2,5,2,6,independent_blocks,2,0.6964285714285714,0.03571428571428569,nan,0.0,nan,0.0
room_graph_tree_like,tree_like,room_graph_navigation,gaussian_sensory,temporal_cue_then_blank,embedding,8,lin_block_r5_l4,5,4,8,independent_blocks,2,0.6696428571428571,0.0625,nan,0.0,nan,0.0
room_graph_tree_like,tree_like,room_graph_navigation,gaussian_sensory,temporal_cue_then_blank,embedding,8,lin_block_r5_l8,5,8,12,independent_blocks,2,0.6607142857142857,0.07142857142857138,nan,0.0,nan,0.0
room_graph_tree_like,tree_like,room_graph_navigation,gaussian_sensory,temporal_cue_then_blank,embedding,8,lin_sequence_all_units_r3_l4,3,4,6,all_units,6,0.6696428571428572,0.02100271281473495,0.025000000000000005,0.01118033988749895,nan,0.0
room_graph_tree_like,tree_like,room_graph_navigation,gaussian_sensory,temporal_cue_then_blank,embedding,8,lin_sequence_front_bands_r1_l2,1,2,2,front_bands,6,0.5565476190476192,0.017506477583158014,0.025000000000000005,0.01118033988749895,nan,0.0
room_graph_tree_like,tree_like,room_graph_navigation,gaussian_sensory,temporal_cue_then_blank,embedding,8,lin_sequence_front_bands_r1_l4,1,4,4,front_bands,6,0.7142857142857143,0.019010380265084892,0.041666666666666664,0.008333333333333335,nan,0.0
room_graph_tree_like,tree_like,room_graph_navigation,gaussian_sensory,temporal_cue_then_blank,embedding,8,lin_sequence_front_bands_r1_l8,1,8,8,front_bands,6,0.5892857142857143,0.03023434547428641,0.03333333333333333,0.010540925533894598,nan,0.0
room_graph_tree_like,tree_like,room_graph_navigation,gaussian_sensory,temporal_cue_then_blank,embedding,8,lin_sequence_front_bands_r3_l2,3,2,4,front_bands,6,0.6874999999999999,0.023846697171440633,0.03333333333333333,0.010540925533894598,nan,0.0
room_graph_tree_like,tree_like,room_graph_navigation,gaussian_sensory,temporal_cue_then_blank,embedding,8,lin_sequence_front_bands_r3_l4,3,4,6,front_bands,6,0.6875,0.023396719055992315,0.025000000000000005,0.01118033988749895,nan,0.0
room_graph_tree_like,tree_like,room_graph_navigation,gaussian_sensory,temporal_cue_then_blank,embedding,8,lin_sequence_front_bands_r3_l8,3,8,10,front_bands,6,0.5803571428571429,0.03710105248154147,0.03333333333333333,0.01666666666666667,nan,0.0
room_graph_tree_like,tree_like,room_graph_navigation,gaussian_sensory,temporal_cue_then_blank,embedding,8,lin_sequence_front_bands_r5_l2,5,2,6,front_bands,6,0.6547619047619048,0.02468623970634253,0.049999999999999996,0.01290994448735806,nan,0.0
room_graph_tree_like,tree_like,room_graph_navigation,gaussian_sensory,temporal_cue_then_blank,embedding,8,lin_sequence_front_bands_r5_l4,5,4,8,front_bands,6,0.6488095238095238,0.0362069198232037,0.041666666666666664,0.020069324297987162,nan,0.0
room_graph_tree_like,tree_like,room_graph_navigation,gaussian_sensory,temporal_cue_then_blank,embedding,8,lin_sequence_front_bands_r5_l8,5,8,12,front_bands,6,0.6041666666666666,0.01810345991160185,0.041666666666666664,0.01536590742882148,nan,0.0
room_graph_tree_like,tree_like,room_graph_navigation,gaussian_sensory,temporal_cue_then_blank,embedding,8,memoryless_linear,,,,,2,0.5714285714285714,0.05357142857142854,0.0,0.0,nan,0.0
room_graph_tree_like,tree_like,room_graph_navigation,gaussian_sensory,temporal_cue_then_blank,embedding,8,memoryless_mlp,,,,,2,0.5714285714285714,0.05357142857142854,0.0,0.0,nan,0.0
room_graph_tree_like,tree_like,room_graph_navigation,gaussian_sensory,temporal_cue_then_blank,embedding,8,numpy_rnn,,,,,2,0.6160714285714286,0.08035714285714285,0.0,0.0,nan,0.0
room_graph_tree_like,tree_like,room_graph_navigation,gaussian_sensory,temporal_cue_then_blank,embedding,8,reservoir_block_hybrid,,,,,6,0.6875000000000001,0.037386449398671924,0.03333333333333333,0.010540925533894598,nan,0.0
room_graph_tree_like,tree_like,room_graph_navigation,gaussian_sensory,temporal_cue_then_blank,embedding,8,reservoir_diagonal,,,,,6,0.7291666666666666,0.02369765385404093,0.08333333333333333,0.016666666666666666,nan,0.0
room_graph_tree_like,tree_like,room_graph_navigation,gaussian_sensory,temporal_cue_then_blank,embedding,8,reservoir_low_rank,,,,,6,0.5952380952380953,0.03183271894552604,0.025000000000000005,0.01118033988749895,nan,0.0
room_graph_tree_like,tree_like,room_graph_navigation,gaussian_sensory,temporal_cue_then_blank,embedding,8,reservoir_nilpotent,,,,,6,0.5952380952380952,0.023809523809523808,0.03333333333333333,0.010540925533894598,nan,0.0
room_graph_tree_like,tree_like,room_graph_navigation,gaussian_sensory,temporal_cue_then_blank,embedding,8,reservoir_orthogonal,,,,,6,0.6309523809523809,0.03281916369545292,0.03333333333333333,0.010540925533894598,nan,0.0
room_graph_tree_like,tree_like,room_graph_navigation,gaussian_sensory,temporal_cue_then_blank,embedding,8,reservoir_oscillatory,,,,,6,0.6726190476190476,0.020447100044425803,0.03333333333333333,0.01666666666666667,nan,0.0
room_graph_tree_like,tree_like,room_graph_navigation,gaussian_sensory,temporal_cue_then_blank,embedding,8,reservoir_random,,,,,6,0.6101190476190476,0.02500708516380954,0.049999999999999996,0.01825741858350554,nan,0.0
room_graph_tree_like,tree_like,room_graph_navigation,gaussian_sensory,temporal_cue_then_blank,embedding,8,reservoir_sparse,,,,,6,0.6607142857142857,0.028422229491222202,0.041666666666666664,0.015365907428821483,nan,0.0
room_graph_tree_like,tree_like,room_graph_navigation,gaussian_sensory,temporal_cue_then_blank,embedding,8,reservoir_symmetric,,,,,6,0.6815476190476191,0.03369804727313849,0.03333333333333333,0.010540925533894598,nan,0.0
room_graph_tree_like,tree_like,room_graph_navigation,gaussian_sensory,temporal_cue_then_blank,none,0,lin_block_r1_l2,1,2,2,independent_blocks,2,0.3571428571428571,0.05357142857142857,nan,0.0,nan,0.0
room_graph_tree_like,tree_like,room_graph_navigation,gaussian_sensory,temporal_cue_then_blank,none,0,lin_block_r1_l4,1,4,4,independent_blocks,2,0.3482142857142857,0.0625,nan,0.0,nan,0.0
room_graph_tree_like,tree_like,room_graph_navigation,gaussian_sensory,temporal_cue_then_blank,none,0,lin_block_r1_l8,1,8,8,independent_blocks,2,0.29464285714285715,0.0267857142857143,nan,0.0,nan,0.0
room_graph_tree_like,tree_like,room_graph_navigation,gaussian_sensory,temporal_cue_then_blank,none,0,lin_block_r3_l2,3,2,4,independent_blocks,2,0.3571428571428571,0.05357142857142857,nan,0.0,nan,0.0
room_graph_tree_like,tree_like,room_graph_navigation,gaussian_sensory,temporal_cue_then_blank,none,0,lin_block_r3_l4,3,4,6,independent_blocks,2,0.32142857142857145,0.0,nan,0.0,nan,0.0
room_graph_tree_like,tree_like,room_graph_navigation,gaussian_sensory,temporal_cue_then_blank,none,0,lin_block_r3_l8,3,8,10,independent_blocks,2,0.2946428571428571,0.008928571428571423,nan,0.0,nan,0.0
room_graph_tree_like,tree_like,room_graph_navigation,gaussian_sensory,temporal_cue_then_blank,none,0,lin_block_r5_l2,5,2,6,independent_blocks,2,0.32142857142857145,0.0,nan,0.0,nan,0.0
room_graph_tree_like,tree_like,room_graph_navigation,gaussian_sensory,temporal_cue_then_blank,none,0,lin_block_r5_l4,5,4,8,independent_blocks,2,0.3035714285714286,0.017857142857142873,nan,0.0,nan,0.0
room_graph_tree_like,tree_like,room_graph_navigation,gaussian_sensory,temporal_cue_then_blank,none,0,lin_block_r5_l8,5,8,12,independent_blocks,2,0.2946428571428571,0.008928571428571423,nan,0.0,nan,0.0
room_graph_tree_like,tree_like,room_graph_navigation,gaussian_sensory,temporal_cue_then_blank,none,0,lin_sequence_all_units_r3_l4,3,4,6,all_units,6,0.30357142857142855,0.009221388919541476,0.025000000000000005,0.01118033988749895,nan,0.0
room_graph_tree_like,tree_like,room_graph_navigation,gaussian_sensory,temporal_cue_then_blank,none,0,lin_sequence_front_bands_r1_l2,1,2,2,front_bands,6,0.3511904761904762,0.02511312274967737,0.025000000000000005,0.01118033988749895,nan,0.0
room_graph_tree_like,tree_like,room_graph_navigation,gaussian_sensory,temporal_cue_then_blank,none,0,lin_sequence_front_bands_r1_l4,1,4,4,front_bands,6,0.37202380952380953,0.016888405903703704,0.025000000000000005,0.01118033988749895,nan,0.0
room_graph_tree_like,tree_like,room_graph_navigation,gaussian_sensory,temporal_cue_then_blank,none,0,lin_sequence_front_bands_r1_l8,1,8,8,front_bands,6,0.31547619047619047,0.007529232524210434,0.06666666666666667,0.03800584750330461,nan,0.0
room_graph_tree_like,tree_like,room_graph_navigation,gaussian_sensory,temporal_cue_then_blank,none,0,lin_sequence_front_bands_r3_l2,3,2,4,front_bands,6,0.36904761904761907,0.012766434874718575,0.025000000000000005,0.01118033988749895,nan,0.0
room_graph_tree_like,tree_like,room_graph_navigation,gaussian_sensory,temporal_cue_then_blank,none,0,lin_sequence_front_bands_r3_l4,3,4,6,front_bands,6,0.3422619047619047,0.022311505730942042,0.025000000000000005,0.01118033988749895,nan,0.0
room_graph_tree_like,tree_like,room_graph_navigation,gaussian_sensory,temporal_cue_then_blank,none,0,lin_sequence_front_bands_r3_l8,3,8,10,front_bands,6,0.30357142857142855,0.006520506636966271,0.03333333333333333,0.010540925533894598,nan,0.0
room_graph_tree_like,tree_like,room_graph_navigation,gaussian_sensory,temporal_cue_then_blank,none,0,lin_sequence_front_bands_r5_l2,5,2,6,front_bands,6,0.34821428571428575,0.008928571428571426,0.025000000000000005,0.01118033988749895,nan,0.0
room_graph_tree_like,tree_like,room_graph_navigation,gaussian_sensory,temporal_cue_then_blank,none,0,lin_sequence_front_bands_r5_l4,5,4,8,front_bands,6,0.3333333333333333,0.024686239706342532,0.025000000000000005,0.01118033988749895,nan,0.0
room_graph_tree_like,tree_like,room_graph_navigation,gaussian_sensory,temporal_cue_then_blank,none,0,lin_sequence_front_bands_r5_l8,5,8,12,front_bands,6,0.318452380952381,0.019241940327672166,0.025000000000000005,0.01118033988749895,nan,0.0
room_graph_tree_like,tree_like,room_graph_navigation,gaussian_sensory,temporal_cue_then_blank,none,0,memoryless_linear,,,,,2,0.3214285714285714,0.035714285714285726,0.025,0.025,nan,0.0
room_graph_tree_like,tree_like,room_graph_navigation,gaussian_sensory,temporal_cue_then_blank,none,0,memoryless_mlp,,,,,2,0.3214285714285714,0.035714285714285726,0.025,0.025,nan,0.0
room_graph_tree_like,tree_like,room_graph_navigation,gaussian_sensory,temporal_cue_then_blank,none,0,numpy_rnn,,,,,2,0.3214285714285714,0.035714285714285726,0.025,0.025,nan,0.0
room_graph_tree_like,tree_like,room_graph_navigation,gaussian_sensory,temporal_cue_then_blank,none,0,reservoir_block_hybrid,,,,,6,0.3511904761904762,0.007529232524210424,0.025000000000000005,0.01118033988749895,nan,0.0
room_graph_tree_like,tree_like,room_graph_navigation,gaussian_sensory,temporal_cue_then_blank,none,0,reservoir_diagonal,,,,,6,0.4880952380952381,0.01937954832869013,0.025000000000000005,0.01118033988749895,nan,0.0
room_graph_tree_like,tree_like,room_graph_navigation,gaussian_sensory,temporal_cue_then_blank,none,0,reservoir_low_rank,,,,,6,0.380952380952381,0.015058465048420847,0.025000000000000005,0.01118033988749895,nan,0.0
room_graph_tree_like,tree_like,room_graph_navigation,gaussian_sensory,temporal_cue_then_blank,none,0,reservoir_nilpotent,,,,,6,0.2797619047619047,0.011904761904761908,0.025000000000000005,0.01118033988749895,nan,0.0
room_graph_tree_like,tree_like,room_graph_navigation,gaussian_sensory,temporal_cue_then_blank,none,0,reservoir_orthogonal,,,,,6,0.3125,0.01004877560484175,0.025000000000000005,0.01118033988749895,nan,0.0
room_graph_tree_like,tree_like,room_graph_navigation,gaussian_sensory,temporal_cue_then_blank,none,0,reservoir_oscillatory,,,,,6,0.3125,0.01770770807219467,0.016666666666666666,0.010540925533894598,nan,0.0
room_graph_tree_like,tree_like,room_graph_navigation,gaussian_sensory,temporal_cue_then_blank,none,0,reservoir_random,,,,,6,0.3095238095238096,0.017657615445465867,0.025000000000000005,0.01118033988749895,nan,0.0
room_graph_tree_like,tree_like,room_graph_navigation,gaussian_sensory,temporal_cue_then_blank,none,0,reservoir_sparse,,,,,6,0.34821428571428575,0.019964892656248123,0.025000000000000005,0.01118033988749895,nan,0.0
room_graph_tree_like,tree_like,room_graph_navigation,gaussian_sensory,temporal_cue_then_blank,none,0,reservoir_symmetric,,,,,6,0.3898809523809524,0.016888405903703697,0.025000000000000005,0.01118033988749895,nan,0.0
room_graph_tree_like,tree_like,room_graph_navigation,gaussian_sensory,temporal_cue_then_blank,one_hot,0,lin_block_r1_l2,1,2,2,independent_blocks,2,0.5803571428571428,0.026785714285714246,nan,0.0,nan,0.0
room_graph_tree_like,tree_like,room_graph_navigation,gaussian_sensory,temporal_cue_then_blank,one_hot,0,lin_block_r1_l4,1,4,4,independent_blocks,2,0.7232142857142857,0.0267857142857143,nan,0.0,nan,0.0
room_graph_tree_like,tree_like,room_graph_navigation,gaussian_sensory,temporal_cue_then_blank,one_hot,0,lin_block_r1_l8,1,8,8,independent_blocks,2,0.6875,0.0267857142857143,nan,0.0,nan,0.0
room_graph_tree_like,tree_like,room_graph_navigation,gaussian_sensory,temporal_cue_then_blank,one_hot,0,lin_block_r3_l2,3,2,4,independent_blocks,2,0.75,0.017857142857142905,nan,0.0,nan,0.0
room_graph_tree_like,tree_like,room_graph_navigation,gaussian_sensory,temporal_cue_then_blank,one_hot,0,lin_block_r3_l4,3,4,6,independent_blocks,2,0.7321428571428571,0.0,nan,0.0,nan,0.0
room_graph_tree_like,tree_like,room_graph_navigation,gaussian_sensory,temporal_cue_then_blank,one_hot,0,lin_block_r3_l8,3,8,10,independent_blocks,2,0.7232142857142857,0.008928571428571397,nan,0.0,nan,0.0
room_graph_tree_like,tree_like,room_graph_navigation,gaussian_sensory,temporal_cue_then_blank,one_hot,0,lin_block_r5_l2,5,2,6,independent_blocks,2,0.7321428571428571,0.0,nan,0.0,nan,0.0
room_graph_tree_like,tree_like,room_graph_navigation,gaussian_sensory,temporal_cue_then_blank,one_hot,0,lin_block_r5_l4,5,4,8,independent_blocks,2,0.6875,0.0267857142857143,nan,0.0,nan,0.0
room_graph_tree_like,tree_like,room_graph_navigation,gaussian_sensory,temporal_cue_then_blank,one_hot,0,lin_block_r5_l8,5,8,12,independent_blocks,2,0.6875,0.0267857142857143,nan,0.0,nan,0.0
room_graph_tree_like,tree_like,room_graph_navigation,gaussian_sensory,temporal_cue_then_blank,one_hot,0,lin_sequence_all_units_r3_l4,3,4,6,all_units,6,0.6547619047619048,0.03281916369545291,0.041666666666666664,0.008333333333333335,nan,0.0
room_graph_tree_like,tree_like,room_graph_navigation,gaussian_sensory,temporal_cue_then_blank,one_hot,0,lin_sequence_front_bands_r1_l2,1,2,2,front_bands,6,0.5535714285714286,0.01725163898355885,0.025000000000000005,0.01118033988749895,nan,0.0
room_graph_tree_like,tree_like,room_graph_navigation,gaussian_sensory,temporal_cue_then_blank,one_hot,0,lin_sequence_front_bands_r1_l4,1,4,4,front_bands,6,0.6904761904761906,0.02243029009692474,0.041666666666666664,0.015365907428821483,nan,0.0
room_graph_tree_like,tree_like,room_graph_navigation,gaussian_sensory,temporal_cue_then_blank,one_hot,0,lin_sequence_front_bands_r1_l8,1,8,8,front_bands,6,0.5089285714285714,0.03252092471344701,0.025000000000000005,0.017078251276599336,nan,0.0
room_graph_tree_like,tree_like,room_graph_navigation,gaussian_sensory,temporal_cue_then_blank,one_hot,0,lin_sequence_front_bands_r3_l2,3,2,4,front_bands,6,0.6964285714285713,0.024829349541207395,0.041666666666666664,0.008333333333333335,nan,0.0
room_graph_tree_like,tree_like,room_graph_navigation,gaussian_sensory,temporal_cue_then_blank,one_hot,0,lin_sequence_front_bands_r3_l4,3,4,6,front_bands,6,0.6577380952380952,0.027439120408609782,0.03333333333333333,0.010540925533894598,nan,0.0
room_graph_tree_like,tree_like,room_graph_navigation,gaussian_sensory,temporal_cue_then_blank,one_hot,0,lin_sequence_front_bands_r3_l8,3,8,10,front_bands,6,0.5744047619047619,0.03729155978018354,0.016666666666666666,0.010540925533894598,nan,0.0
room_graph_tree_like,tree_like,room_graph_navigation,gaussian_sensory,temporal_cue_then_blank,one_hot,0,lin_sequence_front_bands_r5_l2,5,2,6,front_bands,6,0.6607142857142857,0.01844277783908293,0.03333333333333333,0.010540925533894598,nan,0.0
room_graph_tree_like,tree_like,room_graph_navigation,gaussian_sensory,temporal_cue_then_blank,one_hot,0,lin_sequence_front_bands_r5_l4,5,4,8,front_bands,6,0.6726190476190476,0.0204471000444258,0.025000000000000005,0.01118033988749895,nan,0.0
room_graph_tree_like,tree_like,room_graph_navigation,gaussian_sensory,temporal_cue_then_blank,one_hot,0,lin_sequence_front_bands_r5_l8,5,8,12,front_bands,6,0.5178571428571429,0.043252147915678454,0.041666666666666664,0.008333333333333335,nan,0.0
room_graph_tree_like,tree_like,room_graph_navigation,gaussian_sensory,temporal_cue_then_blank,one_hot,0,memoryless_linear,,,,,2,0.5714285714285714,0.05357142857142854,0.0,0.0,nan,0.0
room_graph_tree_like,tree_like,room_graph_navigation,gaussian_sensory,temporal_cue_then_blank,one_hot,0,memoryless_mlp,,,,,2,0.5714285714285714,0.05357142857142854,0.0,0.0,nan,0.0
room_graph_tree_like,tree_like,room_graph_navigation,gaussian_sensory,temporal_cue_then_blank,one_hot,0,numpy_rnn,,,,,2,0.5803571428571429,0.0625,0.0,0.0,nan,0.0
room_graph_tree_like,tree_like,room_graph_navigation,gaussian_sensory,temporal_cue_then_blank,one_hot,0,reservoir_block_hybrid,,,,,6,0.6726190476190476,0.03183271894552604,0.041666666666666664,0.008333333333333333,nan,0.0
room_graph_tree_like,tree_like,room_graph_navigation,gaussian_sensory,temporal_cue_then_blank,one_hot,0,reservoir_diagonal,,,,,6,0.7380952380952381,0.03820668222828861,0.075,0.01118033988749895,nan,0.0
room_graph_tree_like,tree_like,room_graph_navigation,gaussian_sensory,temporal_cue_then_blank,one_hot,0,reservoir_low_rank,,,,,6,0.5595238095238094,0.03440043637333307,0.016666666666666666,0.010540925533894598,nan,0.0
room_graph_tree_like,tree_like,room_graph_navigation,gaussian_sensory,temporal_cue_then_blank,one_hot,0,reservoir_nilpotent,,,,,6,0.6607142857142857,0.024397501823713332,0.025000000000000005,0.01118033988749895,nan,0.0
room_graph_tree_like,tree_like,room_graph_navigation,gaussian_sensory,temporal_cue_then_blank,one_hot,0,reservoir_orthogonal,,,,,6,0.6607142857142857,0.015291943546029913,0.025000000000000005,0.01118033988749895,nan,0.0
room_graph_tree_like,tree_like,room_graph_navigation,gaussian_sensory,temporal_cue_then_blank,one_hot,0,reservoir_oscillatory,,,,,6,0.6875,0.027567943278355735,0.025000000000000005,0.01118033988749895,nan,0.0
room_graph_tree_like,tree_like,room_graph_navigation,gaussian_sensory,temporal_cue_then_blank,one_hot,0,reservoir_random,,,,,6,0.6785714285714285,0.04019510241936699,0.041666666666666664,0.008333333333333335,nan,0.0
room_graph_tree_like,tree_like,room_graph_navigation,gaussian_sensory,temporal_cue_then_blank,one_hot,0,reservoir_sparse,,,,,6,0.6666666666666666,0.024251843794599243,0.049999999999999996,0.01290994448735806,nan,0.0
room_graph_tree_like,tree_like,room_graph_navigation,gaussian_sensory,temporal_cue_then_blank,one_hot,0,reservoir_symmetric,,,,,6,0.6934523809523809,0.028577628295613822,0.08333333333333333,0.021081851067789197,nan,0.0
room_graph_tree_like,tree_like,room_graph_navigation,gaussian_sensory,temporal_dropout,embedding,8,lin_block_r1_l2,1,2,2,independent_blocks,2,0.6964285714285714,0.10714285714285714,nan,0.0,nan,0.0
room_graph_tree_like,tree_like,room_graph_navigation,gaussian_sensory,temporal_dropout,embedding,8,lin_block_r1_l4,1,4,4,independent_blocks,2,0.6964285714285714,0.017857142857142846,nan,0.0,nan,0.0
room_graph_tree_like,tree_like,room_graph_navigation,gaussian_sensory,temporal_dropout,embedding,8,lin_block_r1_l8,1,8,8,independent_blocks,2,0.6160714285714286,0.044642857142857144,nan,0.0,nan,0.0
room_graph_tree_like,tree_like,room_graph_navigation,gaussian_sensory,temporal_dropout,embedding,8,lin_block_r3_l2,3,2,4,independent_blocks,2,0.7410714285714286,0.0267857142857143,nan,0.0,nan,0.0
room_graph_tree_like,tree_like,room_graph_navigation,gaussian_sensory,temporal_dropout,embedding,8,lin_block_r3_l4,3,4,6,independent_blocks,2,0.6339285714285714,0.08035714285714285,nan,0.0,nan,0.0
room_graph_tree_like,tree_like,room_graph_navigation,gaussian_sensory,temporal_dropout,embedding,8,lin_block_r3_l8,3,8,10,independent_blocks,2,0.5535714285714286,0.05357142857142854,nan,0.0,nan,0.0
room_graph_tree_like,tree_like,room_graph_navigation,gaussian_sensory,temporal_dropout,embedding,8,lin_block_r5_l2,5,2,6,independent_blocks,2,0.6785714285714286,0.05357142857142854,nan,0.0,nan,0.0
room_graph_tree_like,tree_like,room_graph_navigation,gaussian_sensory,temporal_dropout,embedding,8,lin_block_r5_l4,5,4,8,independent_blocks,2,0.5892857142857143,0.0535714285714286,nan,0.0,nan,0.0
room_graph_tree_like,tree_like,room_graph_navigation,gaussian_sensory,temporal_dropout,embedding,8,lin_block_r5_l8,5,8,12,independent_blocks,2,0.5089285714285714,0.044642857142857144,nan,0.0,nan,0.0
room_graph_tree_like,tree_like,room_graph_navigation,gaussian_sensory,temporal_dropout,embedding,8,lin_sequence_all_units_r3_l4,3,4,6,all_units,6,0.6547619047619048,0.03875909665738027,0.03333333333333333,0.010540925533894598,nan,0.0
room_graph_tree_like,tree_like,room_graph_navigation,gaussian_sensory,temporal_dropout,embedding,8,lin_sequence_front_bands_r1_l2,1,2,2,front_bands,6,0.6726190476190476,0.056968981495263804,0.041666666666666664,0.015365907428821483,nan,0.0
room_graph_tree_like,tree_like,room_graph_navigation,gaussian_sensory,temporal_dropout,embedding,8,lin_sequence_front_bands_r1_l4,1,4,4,front_bands,6,0.6547619047619048,0.029038835518215407,0.049999999999999996,0.0223606797749979,nan,0.0
room_graph_tree_like,tree_like,room_graph_navigation,gaussian_sensory,temporal_dropout,embedding,8,lin_sequence_front_bands_r1_l8,1,8,8,front_bands,6,0.5416666666666666,0.012766434874718584,0.041666666666666664,0.020069324297987162,nan,0.0
room_graph_tree_like,tree_like,room_graph_navigation,gaussian_sensory,temporal_dropout,embedding,8,lin_sequence_front_bands_r3_l2,3,2,4,front_bands,6,0.6577380952380952,0.01924194032767216,0.05833333333333333,0.023863035105460593,nan,0.0
room_graph_tree_like,tree_like,room_graph_navigation,gaussian_sensory,temporal_dropout,embedding,8,lin_sequence_front_bands_r3_l4,3,4,6,front_bands,6,0.6547619047619048,0.029402592941020163,0.03333333333333333,0.01666666666666667,nan,0.0
room_graph_tree_like,tree_like,room_graph_navigation,gaussian_sensory,temporal_dropout,embedding,8,lin_sequence_front_bands_r3_l8,3,8,10,front_bands,6,0.5803571428571428,0.02100271281473495,0.025000000000000005,0.01118033988749895,nan,0.0
room_graph_tree_like,tree_like,room_graph_navigation,gaussian_sensory,temporal_dropout,embedding,8,lin_sequence_front_bands_r5_l2,5,2,6,front_bands,6,0.6577380952380952,0.041088678227195995,0.025000000000000005,0.01118033988749895,nan,0.0
room_graph_tree_like,tree_like,room_graph_navigation,gaussian_sensory,temporal_dropout,embedding,8,lin_sequence_front_bands_r5_l4,5,4,8,front_bands,6,0.6428571428571429,0.029160592175990204,0.041666666666666664,0.015365907428821483,nan,0.0
room_graph_tree_like,tree_like,room_graph_navigation,gaussian_sensory,temporal_dropout,embedding,8,lin_sequence_front_bands_r5_l8,5,8,12,front_bands,6,0.6011904761904762,0.0478417411843098,0.025000000000000005,0.01118033988749895,nan,0.0
room_graph_tree_like,tree_like,room_graph_navigation,gaussian_sensory,temporal_dropout,embedding,8,memoryless_linear,,,,,2,0.6517857142857143,0.0982142857142857,0.025,0.025,nan,0.0
room_graph_tree_like,tree_like,room_graph_navigation,gaussian_sensory,temporal_dropout,embedding,8,memoryless_mlp,,,,,2,0.6517857142857143,0.0982142857142857,0.025,0.025,nan,0.0
room_graph_tree_like,tree_like,room_graph_navigation,gaussian_sensory,temporal_dropout,embedding,8,numpy_rnn,,,,,2,0.6875,0.0982142857142857,0.025,0.025,nan,0.0
room_graph_tree_like,tree_like,room_graph_navigation,gaussian_sensory,temporal_dropout,embedding,8,reservoir_block_hybrid,,,,,6,0.6547619047619048,0.019920476822239894,0.025000000000000005,0.01118033988749895,nan,0.0
room_graph_tree_like,tree_like,room_graph_navigation,gaussian_sensory,temporal_dropout,embedding,8,reservoir_diagonal,,,,,6,0.7113095238095238,0.019241940327672156,0.041666666666666664,0.008333333333333333,nan,0.0
room_graph_tree_like,tree_like,room_graph_navigation,gaussian_sensory,temporal_dropout,embedding,8,reservoir_low_rank,,,,,6,0.6428571428571429,0.034503277967117704,0.041666666666666664,0.008333333333333333,nan,0.0
room_graph_tree_like,tree_like,room_graph_navigation,gaussian_sensory,temporal_dropout,embedding,8,reservoir_nilpotent,,,,,6,0.5982142857142857,0.01770770807219467,0.025000000000000005,0.01118033988749895,nan,0.0
room_graph_tree_like,tree_like,room_graph_navigation,gaussian_sensory,temporal_dropout,embedding,8,reservoir_orthogonal,,,,,6,0.6488095238095237,0.027535794062429474,0.03333333333333333,0.021081851067789197,nan,0.0
room_graph_tree_like,tree_like,room_graph_navigation,gaussian_sensory,temporal_dropout,embedding,8,reservoir_oscillatory,,,,,6,0.6726190476190476,0.035614941194408556,0.03333333333333333,0.010540925533894598,nan,0.0
room_graph_tree_like,tree_like,room_graph_navigation,gaussian_sensory,temporal_dropout,embedding,8,reservoir_random,,,,,6,0.6517857142857143,0.03152514923063181,0.025000000000000005,0.017078251276599336,nan,0.0
room_graph_tree_like,tree_like,room_graph_navigation,gaussian_sensory,temporal_dropout,embedding,8,reservoir_sparse,,,,,6,0.6696428571428571,0.03878194316490937,0.041666666666666664,0.008333333333333335,nan,0.0
room_graph_tree_like,tree_like,room_graph_navigation,gaussian_sensory,temporal_dropout,embedding,8,reservoir_symmetric,,,,,6,0.6755952380952381,0.02820323271543365,0.041666666666666664,0.020069324297987162,nan,0.0
room_graph_tree_like,tree_like,room_graph_navigation,gaussian_sensory,temporal_dropout,none,0,lin_block_r1_l2,1,2,2,independent_blocks,2,0.6071428571428572,0.07142857142857145,nan,0.0,nan,0.0
room_graph_tree_like,tree_like,room_graph_navigation,gaussian_sensory,temporal_dropout,none,0,lin_block_r1_l4,1,4,4,independent_blocks,2,0.625,0.0,nan,0.0,nan,0.0
room_graph_tree_like,tree_like,room_graph_navigation,gaussian_sensory,temporal_dropout,none,0,lin_block_r1_l8,1,8,8,independent_blocks,2,0.4732142857142857,0.02678571428571427,nan,0.0,nan,0.0
room_graph_tree_like,tree_like,room_graph_navigation,gaussian_sensory,temporal_dropout,none,0,lin_block_r3_l2,3,2,4,independent_blocks,2,0.6339285714285714,0.044642857142857144,nan,0.0,nan,0.0
room_graph_tree_like,tree_like,room_graph_navigation,gaussian_sensory,temporal_dropout,none,0,lin_block_r3_l4,3,4,6,independent_blocks,2,0.5357142857142857,0.07142857142857138,nan,0.0,nan,0.0
room_graph_tree_like,tree_like,room_graph_navigation,gaussian_sensory,temporal_dropout,none,0,lin_block_r3_l8,3,8,10,independent_blocks,2,0.4464285714285714,0.05357142857142857,nan,0.0,nan,0.0
room_graph_tree_like,tree_like,room_graph_navigation,gaussian_sensory,temporal_dropout,none,0,lin_block_r5_l2,5,2,6,independent_blocks,2,0.5089285714285714,0.0982142857142857,nan,0.0,nan,0.0
room_graph_tree_like,tree_like,room_graph_navigation,gaussian_sensory,temporal_dropout,none,0,lin_block_r5_l4,5,4,8,independent_blocks,2,0.4642857142857143,0.0892857142857143,nan,0.0,nan,0.0
room_graph_tree_like,tree_like,room_graph_navigation,gaussian_sensory,temporal_dropout,none,0,lin_block_r5_l8,5,8,12,independent_blocks,2,0.39285714285714285,0.0,nan,0.0,nan,0.0
room_graph_tree_like,tree_like,room_graph_navigation,gaussian_sensory,temporal_dropout,none,0,lin_sequence_all_units_r3_l4,3,4,6,all_units,6,0.5863095238095237,0.04310855490119026,0.025000000000000005,0.01118033988749895,nan,0.0
room_graph_tree_like,tree_like,room_graph_navigation,gaussian_sensory,temporal_dropout,none,0,lin_sequence_front_bands_r1_l2,1,2,2,front_bands,6,0.6071428571428572,0.04374088826398532,0.03333333333333333,0.010540925533894598,nan,0.0
room_graph_tree_like,tree_like,room_graph_navigation,gaussian_sensory,temporal_dropout,none,0,lin_sequence_front_bands_r1_l4,1,4,4,front_bands,6,0.6190476190476191,0.02096049626387977,0.025000000000000005,0.01118033988749895,nan,0.0
room_graph_tree_like,tree_like,room_graph_navigation,gaussian_sensory,temporal_dropout,none,0,lin_sequence_front_bands_r1_l8,1,8,8,front_bands,6,0.49404761904761907,0.02594582704488497,0.025000000000000005,0.01118033988749895,nan,0.0
room_graph_tree_like,tree_like,room_graph_navigation,gaussian_sensory,temporal_dropout,none,0,lin_sequence_front_bands_r3_l2,3,2,4,front_bands,6,0.6071428571428571,0.03292694449033175,0.03333333333333333,0.01666666666666667,nan,0.0
room_graph_tree_like,tree_like,room_graph_navigation,gaussian_sensory,temporal_dropout,none,0,lin_sequence_front_bands_r3_l4,3,4,6,front_bands,6,0.5773809523809524,0.027919141427520423,0.025000000000000005,0.01118033988749895,nan,0.0
room_graph_tree_like,tree_like,room_graph_navigation,gaussian_sensory,temporal_dropout,none,0,lin_sequence_front_bands_r3_l8,3,8,10,front_bands,6,0.5476190476190476,0.023809523809523805,0.025000000000000005,0.01118033988749895,nan,0.0
room_graph_tree_like,tree_like,room_graph_navigation,gaussian_sensory,temporal_dropout,none,0,lin_sequence_front_bands_r5_l2,5,2,6,front_bands,6,0.5922619047619048,0.03306117637380671,0.025000000000000005,0.01118033988749895,nan,0.0
room_graph_tree_like,tree_like,room_graph_navigation,gaussian_sensory,temporal_dropout,none,0,lin_sequence_front_bands_r5_l4,5,4,8,front_bands,6,0.5684523809523809,0.03642643162093868,0.025000000000000005,0.01118033988749895,nan,0.0
room_graph_tree_like,tree_like,room_graph_navigation,gaussian_sensory,temporal_dropout,none,0,lin_sequence_front_bands_r5_l8,5,8,12,front_bands,6,0.4672619047619048,0.03950605596677409,0.025000000000000005,0.01118033988749895,nan,0.0
room_graph_tree_like,tree_like,room_graph_navigation,gaussian_sensory,temporal_dropout,none,0,memoryless_linear,,,,,2,0.5446428571428572,0.08035714285714285,0.025,0.025,nan,0.0
room_graph_tree_like,tree_like,room_graph_navigation,gaussian_sensory,temporal_dropout,none,0,memoryless_mlp,,,,,2,0.5446428571428572,0.08035714285714285,0.025,0.025,nan,0.0
room_graph_tree_like,tree_like,room_graph_navigation,gaussian_sensory,temporal_dropout,none,0,numpy_rnn,,,,,2,0.6071428571428572,0.05357142857142854,0.025,0.025,nan,0.0
room_graph_tree_like,tree_like,room_graph_navigation,gaussian_sensory,temporal_dropout,none,0,reservoir_block_hybrid,,,,,6,0.5833333333333334,0.022899266740084932,0.03333333333333333,0.010540925533894598,nan,0.0
room_graph_tree_like,tree_like,room_graph_navigation,gaussian_sensory,temporal_dropout,none,0,reservoir_diagonal,,,,,6,0.6279761904761906,0.027823799744095806,0.025000000000000005,0.01118033988749895,nan,0.0
room_graph_tree_like,tree_like,room_graph_navigation,gaussian_sensory,temporal_dropout,none,0,reservoir_low_rank,,,,,6,0.5595238095238095,0.026352313834736487,0.025000000000000005,0.01118033988749895,nan,0.0
room_graph_tree_like,tree_like,room_graph_navigation,gaussian_sensory,temporal_dropout,none,0,reservoir_nilpotent,,,,,6,0.5684523809523809,0.034323102960329754,0.025000000000000005,0.01118033988749895,nan,0.0
room_graph_tree_like,tree_like,room_graph_navigation,gaussian_sensory,temporal_dropout,none,0,reservoir_orthogonal,,,,,6,0.5505952380952381,0.03369804727313847,0.025000000000000005,0.01118033988749895,nan,0.0
room_graph_tree_like,tree_like,room_graph_navigation,gaussian_sensory,temporal_dropout,none,0,reservoir_oscillatory,,,,,6,0.5982142857142857,0.030146326814525237,0.025000000000000005,0.01118033988749895,nan,0.0
room_graph_tree_like,tree_like,room_graph_navigation,gaussian_sensory,temporal_dropout,none,0,reservoir_random,,,,,6,0.5833333333333334,0.02594582704488497,0.025000000000000005,0.01118033988749895,nan,0.0
room_graph_tree_like,tree_like,room_graph_navigation,gaussian_sensory,temporal_dropout,none,0,reservoir_sparse,,,,,6,0.6101190476190476,0.02857762829561383,0.025000000000000005,0.01118033988749895,nan,0.0
room_graph_tree_like,tree_like,room_graph_navigation,gaussian_sensory,temporal_dropout,none,0,reservoir_symmetric,,,,,6,0.6041666666666666,0.02743912040860979,0.03333333333333333,0.010540925533894598,nan,0.0
room_graph_tree_like,tree_like,room_graph_navigation,gaussian_sensory,temporal_dropout,one_hot,0,lin_block_r1_l2,1,2,2,independent_blocks,2,0.6964285714285714,0.10714285714285714,nan,0.0,nan,0.0
room_graph_tree_like,tree_like,room_graph_navigation,gaussian_sensory,temporal_dropout,one_hot,0,lin_block_r1_l4,1,4,4,independent_blocks,2,0.6964285714285714,0.017857142857142846,nan,0.0,nan,0.0
room_graph_tree_like,tree_like,room_graph_navigation,gaussian_sensory,temporal_dropout,one_hot,0,lin_block_r1_l8,1,8,8,independent_blocks,2,0.6160714285714286,0.044642857142857144,nan,0.0,nan,0.0
room_graph_tree_like,tree_like,room_graph_navigation,gaussian_sensory,temporal_dropout,one_hot,0,lin_block_r3_l2,3,2,4,independent_blocks,2,0.7321428571428572,0.03571428571428575,nan,0.0,nan,0.0
room_graph_tree_like,tree_like,room_graph_navigation,gaussian_sensory,temporal_dropout,one_hot,0,lin_block_r3_l4,3,4,6,independent_blocks,2,0.6875,0.0267857142857143,nan,0.0,nan,0.0
room_graph_tree_like,tree_like,room_graph_navigation,gaussian_sensory,temporal_dropout,one_hot,0,lin_block_r3_l8,3,8,10,independent_blocks,2,0.5,0.07142857142857142,nan,0.0,nan,0.0
room_graph_tree_like,tree_like,room_graph_navigation,gaussian_sensory,temporal_dropout,one_hot,0,lin_block_r5_l2,5,2,6,independent_blocks,2,0.6607142857142857,0.03571428571428569,nan,0.0,nan,0.0
room_graph_tree_like,tree_like,room_graph_navigation,gaussian_sensory,temporal_dropout,one_hot,0,lin_block_r5_l4,5,4,8,independent_blocks,2,0.5982142857142857,0.0267857142857143,nan,0.0,nan,0.0
room_graph_tree_like,tree_like,room_graph_navigation,gaussian_sensory,temporal_dropout,one_hot,0,lin_block_r5_l8,5,8,12,independent_blocks,2,0.5089285714285714,0.008928571428571452,nan,0.0,nan,0.0
room_graph_tree_like,tree_like,room_graph_navigation,gaussian_sensory,temporal_dropout,one_hot,0,lin_sequence_all_units_r3_l4,3,4,6,all_units,6,0.6785714285714287,0.03802076053016979,0.041666666666666664,0.015365907428821483,nan,0.0
room_graph_tree_like,tree_like,room_graph_navigation,gaussian_sensory,temporal_dropout,one_hot,0,lin_sequence_front_bands_r1_l2,1,2,2,front_bands,6,0.7113095238095238,0.038690476190476206,0.025000000000000005,0.01118033988749895,nan,0.0
room_graph_tree_like,tree_like,room_graph_navigation,gaussian_sensory,temporal_dropout,one_hot,0,lin_sequence_front_bands_r1_l4,1,4,4,front_bands,6,0.6696428571428572,0.01996489265624812,0.03333333333333333,0.010540925533894598,nan,0.0
room_graph_tree_like,tree_like,room_graph_navigation,gaussian_sensory,temporal_dropout,one_hot,0,lin_sequence_front_bands_r1_l8,1,8,8,front_bands,6,0.5148809523809524,0.03174913179308235,0.025000000000000005,0.01118033988749895,nan,0.0
room_graph_tree_like,tree_like,room_graph_navigation,gaussian_sensory,temporal_dropout,one_hot,0,lin_sequence_front_bands_r3_l2,3,2,4,front_bands,6,0.7083333333333334,0.029761904761904767,0.025000000000000005,0.01118033988749895,nan,0.0
room_graph_tree_like,tree_like,room_graph_navigation,gaussian_sensory,temporal_dropout,one_hot,0,lin_sequence_front_bands_r3_l4,3,4,6,front_bands,6,0.6428571428571429,0.030583887092059833,0.03333333333333333,0.010540925533894598,nan,0.0
room_graph_tree_like,tree_like,room_graph_navigation,gaussian_sensory,temporal_dropout,one_hot,0,lin_sequence_front_bands_r3_l8,3,8,10,front_bands,6,0.6101190476190476,0.025428582575349794,0.025000000000000005,0.01118033988749895,nan,0.0
room_graph_tree_like,tree_like,room_graph_navigation,gaussian_sensory,temporal_dropout,one_hot,0,lin_sequence_front_bands_r5_l2,5,2,6,front_bands,6,0.7023809523809524,0.03531523089093174,0.041666666666666664,0.008333333333333333,nan,0.0
room_graph_tree_like,tree_like,room_graph_navigation,gaussian_sensory,temporal_dropout,one_hot,0,lin_sequence_front_bands_r5_l4,5,4,8,front_bands,6,0.625,0.034193825277012084,0.041666666666666664,0.015365907428821483,nan,0.0
room_graph_tree_like,tree_like,room_graph_navigation,gaussian_sensory,temporal_dropout,one_hot,0,lin_sequence_front_bands_r5_l8,5,8,12,front_bands,6,0.5535714285714285,0.03260253318483132,0.049999999999999996,0.01825741858350554,nan,0.0
room_graph_tree_like,tree_like,room_graph_navigation,gaussian_sensory,temporal_dropout,one_hot,0,memoryless_linear,,,,,2,0.6517857142857143,0.0982142857142857,0.025,0.025,nan,0.0
room_graph_tree_like,tree_like,room_graph_navigation,gaussian_sensory,temporal_dropout,one_hot,0,memoryless_mlp,,,,,2,0.6517857142857143,0.0982142857142857,0.025,0.025,nan,0.0
room_graph_tree_like,tree_like,room_graph_navigation,gaussian_sensory,temporal_dropout,one_hot,0,numpy_rnn,,,,,2,0.6964285714285714,0.10714285714285714,0.025,0.025,nan,0.0
room_graph_tree_like,tree_like,room_graph_navigation,gaussian_sensory,temporal_dropout,one_hot,0,reservoir_block_hybrid,,,,,6,0.6934523809523809,0.035239905037180205,0.03333333333333333,0.01666666666666667,nan,0.0
room_graph_tree_like,tree_like,room_graph_navigation,gaussian_sensory,temporal_dropout,one_hot,0,reservoir_diagonal,,,,,6,0.7083333333333334,0.043902592653775656,0.05833333333333333,0.020069324297987166,nan,0.0
room_graph_tree_like,tree_like,room_graph_navigation,gaussian_sensory,temporal_dropout,one_hot,0,reservoir_low_rank,,,,,6,0.6517857142857143,0.028701341550574282,0.03333333333333333,0.010540925533894598,nan,0.0
room_graph_tree_like,tree_like,room_graph_navigation,gaussian_sensory,temporal_dropout,one_hot,0,reservoir_nilpotent,,,,,6,0.6220238095238096,0.026653110925283465,0.025000000000000005,0.01118033988749895,nan,0.0
room_graph_tree_like,tree_like,room_graph_navigation,gaussian_sensory,temporal_dropout,one_hot,0,reservoir_orthogonal,,,,,6,0.6577380952380952,0.03306117637380671,0.041666666666666664,0.015365907428821483,nan,0.0
room_graph_tree_like,tree_like,room_graph_navigation,gaussian_sensory,temporal_dropout,one_hot,0,reservoir_oscillatory,,,,,6,0.6815476190476191,0.031749131793082364,0.025000000000000005,0.01118033988749895,nan,0.0
room_graph_tree_like,tree_like,room_graph_navigation,gaussian_sensory,temporal_dropout,one_hot,0,reservoir_random,,,,,6,0.6577380952380952,0.03306117637380671,0.041666666666666664,0.008333333333333333,nan,0.0
room_graph_tree_like,tree_like,room_graph_navigation,gaussian_sensory,temporal_dropout,one_hot,0,reservoir_sparse,,,,,6,0.6904761904761906,0.035315230890931734,0.049999999999999996,0.0223606797749979,nan,0.0
room_graph_tree_like,tree_like,room_graph_navigation,gaussian_sensory,temporal_dropout,one_hot,0,reservoir_symmetric,,,,,6,0.6904761904761906,0.03930374766480757,0.03333333333333333,0.010540925533894598,nan,0.0
room_graph_tree_like,tree_like,room_graph_navigation,gaussian_sensory,temporal_full,embedding,8,lin_block_r1_l2,1,2,2,independent_blocks,2,0.7589285714285714,0.0625,nan,0.0,nan,0.0
room_graph_tree_like,tree_like,room_graph_navigation,gaussian_sensory,temporal_full,embedding,8,lin_block_r1_l4,1,4,4,independent_blocks,2,0.6875,0.044642857142857095,nan,0.0,nan,0.0
room_graph_tree_like,tree_like,room_graph_navigation,gaussian_sensory,temporal_full,embedding,8,lin_block_r1_l8,1,8,8,independent_blocks,2,0.6696428571428572,0.044642857142857144,nan,0.0,nan,0.0
room_graph_tree_like,tree_like,room_graph_navigation,gaussian_sensory,temporal_full,embedding,8,lin_block_r3_l2,3,2,4,independent_blocks,2,0.6339285714285714,0.0982142857142857,nan,0.0,nan,0.0
room_graph_tree_like,tree_like,room_graph_navigation,gaussian_sensory,temporal_full,embedding,8,lin_block_r3_l4,3,4,6,independent_blocks,2,0.6607142857142857,0.0892857142857143,nan,0.0,nan,0.0
room_graph_tree_like,tree_like,room_graph_navigation,gaussian_sensory,temporal_full,embedding,8,lin_block_r3_l8,3,8,10,independent_blocks,2,0.625,0.10714285714285708,nan,0.0,nan,0.0
room_graph_tree_like,tree_like,room_graph_navigation,gaussian_sensory,temporal_full,embedding,8,lin_block_r5_l2,5,2,6,independent_blocks,2,0.6339285714285714,0.0982142857142857,nan,0.0,nan,0.0
room_graph_tree_like,tree_like,room_graph_navigation,gaussian_sensory,temporal_full,embedding,8,lin_block_r5_l4,5,4,8,independent_blocks,2,0.6160714285714286,0.0982142857142857,nan,0.0,nan,0.0
room_graph_tree_like,tree_like,room_graph_navigation,gaussian_sensory,temporal_full,embedding,8,lin_block_r5_l8,5,8,12,independent_blocks,2,0.625,0.0892857142857143,nan,0.0,nan,0.0
room_graph_tree_like,tree_like,room_graph_navigation,gaussian_sensory,temporal_full,embedding,8,lin_sequence_all_units_r3_l4,3,4,6,all_units,6,0.7232142857142857,0.029069322493035198,0.05000000000000001,0.0316227766016838,nan,0.0
room_graph_tree_like,tree_like,room_graph_navigation,gaussian_sensory,temporal_full,embedding,8,lin_sequence_front_bands_r1_l2,1,2,2,front_bands,6,0.7410714285714287,0.0308434438286467,0.13333333333333333,0.04216370213557839,nan,0.0
room_graph_tree_like,tree_like,room_graph_navigation,gaussian_sensory,temporal_full,embedding,8,lin_sequence_front_bands_r1_l4,1,4,4,front_bands,6,0.7172619047619048,0.014880952380952382,0.049999999999999996,0.01290994448735806,nan,0.0
room_graph_tree_like,tree_like,room_graph_navigation,gaussian_sensory,temporal_full,embedding,8,lin_sequence_front_bands_r1_l8,1,8,8,front_bands,6,0.6636904761904762,0.016246838171376402,0.03333333333333333,0.010540925533894598,nan,0.0
room_graph_tree_like,tree_like,room_graph_navigation,gaussian_sensory,temporal_full,embedding,8,lin_sequence_front_bands_r3_l2,3,2,4,front_bands,6,0.7440476190476191,0.027535794062429474,0.041666666666666664,0.015365907428821483,nan,0.0
room_graph_tree_like,tree_like,room_graph_navigation,gaussian_sensory,temporal_full,embedding,8,lin_sequence_front_bands_r3_l4,3,4,6,front_bands,6,0.7440476190476191,0.0182496544247094,0.041666666666666664,0.015365907428821483,nan,0.0
room_graph_tree_like,tree_like,room_graph_navigation,gaussian_sensory,temporal_full,embedding,8,lin_sequence_front_bands_r3_l8,3,8,10,front_bands,6,0.7172619047619048,0.019786631117374606,0.049999999999999996,0.01825741858350554,nan,0.0
room_graph_tree_like,tree_like,room_graph_navigation,gaussian_sensory,temporal_full,embedding,8,lin_sequence_front_bands_r5_l2,5,2,6,front_bands,6,0.7321428571428571,0.02112885636821292,0.041666666666666664,0.015365907428821483,nan,0.0
room_graph_tree_like,tree_like,room_graph_navigation,gaussian_sensory,temporal_full,embedding,8,lin_sequence_front_bands_r5_l4,5,4,8,front_bands,6,0.7291666666666666,0.01810345991160185,0.05833333333333334,0.015365907428821483,nan,0.0
room_graph_tree_like,tree_like,room_graph_navigation,gaussian_sensory,temporal_full,embedding,8,lin_sequence_front_bands_r5_l8,5,8,12,front_bands,6,0.7113095238095237,0.03493697759721236,0.05833333333333333,0.020069324297987162,nan,0.0
room_graph_tree_like,tree_like,room_graph_navigation,gaussian_sensory,temporal_full,embedding,8,memoryless_linear,,,,,2,0.75,0.07142857142857138,0.025,0.025,nan,0.0
room_graph_tree_like,tree_like,room_graph_navigation,gaussian_sensory,temporal_full,embedding,8,memoryless_mlp,,,,,2,0.75,0.07142857142857138,0.025,0.025,nan,0.0
room_graph_tree_like,tree_like,room_graph_navigation,gaussian_sensory,temporal_full,embedding,8,numpy_rnn,,,,,2,0.7321428571428572,0.08928571428571425,0.025,0.025,nan,0.0
room_graph_tree_like,tree_like,room_graph_navigation,gaussian_sensory,temporal_full,embedding,8,reservoir_block_hybrid,,,,,6,0.7321428571428571,0.01662409529020113,0.049999999999999996,0.01290994448735806,nan,0.0
room_graph_tree_like,tree_like,room_graph_navigation,gaussian_sensory,temporal_full,embedding,8,reservoir_diagonal,,,,,6,0.7589285714285715,0.024722094830113322,0.06666666666666667,0.027888667551135858,nan,0.0
room_graph_tree_like,tree_like,room_graph_navigation,gaussian_sensory,temporal_full,embedding,8,reservoir_low_rank,,,,,6,0.75,0.03292694449033174,0.09166666666666667,0.03515837184954832,nan,0.0
room_graph_tree_like,tree_like,room_graph_navigation,gaussian_sensory,temporal_full,embedding,8,reservoir_nilpotent,,,,,6,0.7172619047619048,0.028203232715433648,0.03333333333333333,0.01666666666666667,nan,0.0
room_graph_tree_like,tree_like,room_graph_navigation,gaussian_sensory,temporal_full,embedding,8,reservoir_orthogonal,,,,,6,0.7232142857142857,0.021002712814734942,0.049999999999999996,0.01290994448735806,nan,0.0
room_graph_tree_like,tree_like,room_graph_navigation,gaussian_sensory,temporal_full,embedding,8,reservoir_oscillatory,,,,,6,0.7351190476190478,0.02369765385404094,0.049999999999999996,0.01290994448735806,nan,0.0
room_graph_tree_like,tree_like,room_graph_navigation,gaussian_sensory,temporal_full,embedding,8,reservoir_random,,,,,6,0.7202380952380952,0.021461614734904703,0.041666666666666664,0.015365907428821483,nan,0.0
room_graph_tree_like,tree_like,room_graph_navigation,gaussian_sensory,temporal_full,embedding,8,reservoir_sparse,,,,,6,0.75,0.022587697572631286,0.041666666666666664,0.008333333333333333,nan,0.0
room_graph_tree_like,tree_like,room_graph_navigation,gaussian_sensory,temporal_full,embedding,8,reservoir_symmetric,,,,,6,0.7410714285714285,0.031860532597791986,0.05833333333333333,0.030046260628866582,nan,0.0
room_graph_tree_like,tree_like,room_graph_navigation,gaussian_sensory,temporal_full,none,0,lin_block_r1_l2,1,2,2,independent_blocks,2,0.75,0.07142857142857138,nan,0.0,nan,0.0
room_graph_tree_like,tree_like,room_graph_navigation,gaussian_sensory,temporal_full,none,0,lin_block_r1_l4,1,4,4,independent_blocks,2,0.7232142857142858,0.044642857142857144,nan,0.0,nan,0.0
room_graph_tree_like,tree_like,room_graph_navigation,gaussian_sensory,temporal_full,none,0,lin_block_r1_l8,1,8,8,independent_blocks,2,0.6517857142857142,0.044642857142857144,nan,0.0,nan,0.0
room_graph_tree_like,tree_like,room_graph_navigation,gaussian_sensory,temporal_full,none,0,lin_block_r3_l2,3,2,4,independent_blocks,2,0.7410714285714286,0.0267857142857143,nan,0.0,nan,0.0
room_graph_tree_like,tree_like,room_graph_navigation,gaussian_sensory,temporal_full,none,0,lin_block_r3_l4,3,4,6,independent_blocks,2,0.6696428571428572,0.044642857142857144,nan,0.0,nan,0.0
room_graph_tree_like,tree_like,room_graph_navigation,gaussian_sensory,temporal_full,none,0,lin_block_r3_l8,3,8,10,independent_blocks,2,0.6607142857142857,0.0535714285714286,nan,0.0,nan,0.0
room_graph_tree_like,tree_like,room_graph_navigation,gaussian_sensory,temporal_full,none,0,lin_block_r5_l2,5,2,6,independent_blocks,2,0.6696428571428572,0.044642857142857144,nan,0.0,nan,0.0
room_graph_tree_like,tree_like,room_graph_navigation,gaussian_sensory,temporal_full,none,0,lin_block_r5_l4,5,4,8,independent_blocks,2,0.625,0.03571428571428569,nan,0.0,nan,0.0
room_graph_tree_like,tree_like,room_graph_navigation,gaussian_sensory,temporal_full,none,0,lin_block_r5_l8,5,8,12,independent_blocks,2,0.6428571428571428,0.07142857142857145,nan,0.0,nan,0.0
room_graph_tree_like,tree_like,room_graph_navigation,gaussian_sensory,temporal_full,none,0,lin_sequence_all_units_r3_l4,3,4,6,all_units,6,0.7410714285714285,0.019964892656248127,0.025000000000000005,0.01118033988749895,nan,0.0
room_graph_tree_like,tree_like,room_graph_navigation,gaussian_sensory,temporal_full,none,0,lin_sequence_front_bands_r1_l2,1,2,2,front_bands,6,0.7232142857142857,0.031860532597791986,0.03333333333333333,0.010540925533894598,nan,0.0
room_graph_tree_like,tree_like,room_graph_navigation,gaussian_sensory,temporal_full,none,0,lin_sequence_front_bands_r1_l4,1,4,4,front_bands,6,0.7529761904761906,0.030380476559940108,0.025000000000000005,0.01118033988749895,nan,0.0
room_graph_tree_like,tree_like,room_graph_navigation,gaussian_sensory,temporal_full,none,0,lin_sequence_front_bands_r1_l8,1,8,8,front_bands,6,0.6488095238095238,0.03314145454065489,0.025000000000000005,0.01118033988749895,nan,0.0
room_graph_tree_like,tree_like,room_graph_navigation,gaussian_sensory,temporal_full,none,0,lin_sequence_front_bands_r3_l2,3,2,4,front_bands,6,0.7559523809523809,0.03470804699312678,0.025000000000000005,0.01118033988749895,nan,0.0
room_graph_tree_like,tree_like,room_graph_navigation,gaussian_sensory,temporal_full,none,0,lin_sequence_front_bands_r3_l4,3,4,6,front_bands,6,0.7470238095238094,0.023697653854040924,0.03333333333333333,0.010540925533894598,nan,0.0
room_graph_tree_like,tree_like,room_graph_navigation,gaussian_sensory,temporal_full,none,0,lin_sequence_front_bands_r3_l8,3,8,10,front_bands,6,0.7321428571428572,0.03023434547428642,0.03333333333333333,0.010540925533894598,nan,0.0
room_graph_tree_like,tree_like,room_graph_navigation,gaussian_sensory,temporal_full,none,0,lin_sequence_front_bands_r5_l2,5,2,6,front_bands,6,0.7291666666666666,0.02083333333333333,0.03333333333333333,0.01666666666666667,nan,0.0
room_graph_tree_like,tree_like,room_graph_navigation,gaussian_sensory,temporal_full,none,0,lin_sequence_front_bands_r5_l4,5,4,8,front_bands,6,0.7440476190476191,0.02714703393093185,0.025000000000000005,0.01118033988749895,nan,0.0
room_graph_tree_like,tree_like,room_graph_navigation,gaussian_sensory,temporal_full,none,0,lin_sequence_front_bands_r5_l8,5,8,12,front_bands,6,0.7113095238095237,0.038690476190476185,0.049999999999999996,0.01825741858350554,nan,0.0
room_graph_tree_like,tree_like,room_graph_navigation,gaussian_sensory,temporal_full,none,0,memoryless_linear,,,,,2,0.75,0.07142857142857138,0.025,0.025,nan,0.0
room_graph_tree_like,tree_like,room_graph_navigation,gaussian_sensory,temporal_full,none,0,memoryless_mlp,,,,,2,0.75,0.07142857142857138,0.025,0.025,nan,0.0
room_graph_tree_like,tree_like,room_graph_navigation,gaussian_sensory,temporal_full,none,0,numpy_rnn,,,,,2,0.7410714285714286,0.08035714285714285,0.025,0.025,nan,0.0
room_graph_tree_like,tree_like,room_graph_navigation,gaussian_sensory,temporal_full,none,0,reservoir_block_hybrid,,,,,6,0.7172619047619048,0.02457836050245546,0.025000000000000005,0.01118033988749895,nan,0.0
room_graph_tree_like,tree_like,room_graph_navigation,gaussian_sensory,temporal_full,none,0,reservoir_diagonal,,,,,6,0.7589285714285713,0.021002712814734942,0.19999999999999998,0.040824829046386304,nan,0.0
room_graph_tree_like,tree_like,room_graph_navigation,gaussian_sensory,temporal_full,none,0,reservoir_low_rank,,,,,6,0.7261904761904762,0.030814712156059017,0.025000000000000005,0.01118033988749895,nan,0.0
room_graph_tree_like,tree_like,room_graph_navigation,gaussian_sensory,temporal_full,none,0,reservoir_nilpotent,,,,,6,0.6934523809523809,0.023697653854040938,0.025000000000000005,0.01118033988749895,nan,0.0
room_graph_tree_like,tree_like,room_graph_navigation,gaussian_sensory,temporal_full,none,0,reservoir_orthogonal,,,,,6,0.7321428571428572,0.027664166758624407,0.025000000000000005,0.01118033988749895,nan,0.0
room_graph_tree_like,tree_like,room_graph_navigation,gaussian_sensory,temporal_full,none,0,reservoir_oscillatory,,,,,6,0.7291666666666666,0.028947181942351973,0.025000000000000005,0.01118033988749895,nan,0.0
room_graph_tree_like,tree_like,room_graph_navigation,gaussian_sensory,temporal_full,none,0,reservoir_random,,,,,6,0.7351190476190476,0.027048970875004196,0.025000000000000005,0.01118033988749895,nan,0.0
room_graph_tree_like,tree_like,room_graph_navigation,gaussian_sensory,temporal_full,none,0,reservoir_sparse,,,,,6,0.7499999999999999,0.03194382824999699,0.025000000000000005,0.01118033988749895,nan,0.0
room_graph_tree_like,tree_like,room_graph_navigation,gaussian_sensory,temporal_full,none,0,reservoir_symmetric,,,,,6,0.7380952380952381,0.03011693009684171,0.08333333333333333,0.02472066162365221,nan,0.0
room_graph_tree_like,tree_like,room_graph_navigation,gaussian_sensory,temporal_full,one_hot,0,lin_block_r1_l2,1,2,2,independent_blocks,2,0.7589285714285714,0.0625,nan,0.0,nan,0.0
room_graph_tree_like,tree_like,room_graph_navigation,gaussian_sensory,temporal_full,one_hot,0,lin_block_r1_l4,1,4,4,independent_blocks,2,0.6875,0.044642857142857095,nan,0.0,nan,0.0
room_graph_tree_like,tree_like,room_graph_navigation,gaussian_sensory,temporal_full,one_hot,0,lin_block_r1_l8,1,8,8,independent_blocks,2,0.6696428571428572,0.044642857142857144,nan,0.0,nan,0.0
room_graph_tree_like,tree_like,room_graph_navigation,gaussian_sensory,temporal_full,one_hot,0,lin_block_r3_l2,3,2,4,independent_blocks,2,0.6785714285714286,0.05357142857142854,nan,0.0,nan,0.0
room_graph_tree_like,tree_like,room_graph_navigation,gaussian_sensory,temporal_full,one_hot,0,lin_block_r3_l4,3,4,6,independent_blocks,2,0.6607142857142857,0.07142857142857138,nan,0.0,nan,0.0
room_graph_tree_like,tree_like,room_graph_navigation,gaussian_sensory,temporal_full,one_hot,0,lin_block_r3_l8,3,8,10,independent_blocks,2,0.6339285714285714,0.08035714285714285,nan,0.0,nan,0.0
room_graph_tree_like,tree_like,room_graph_navigation,gaussian_sensory,temporal_full,one_hot,0,lin_block_r5_l2,5,2,6,independent_blocks,2,0.6428571428571428,0.08928571428571425,nan,0.0,nan,0.0
room_graph_tree_like,tree_like,room_graph_navigation,gaussian_sensory,temporal_full,one_hot,0,lin_block_r5_l4,5,4,8,independent_blocks,2,0.6160714285714286,0.0982142857142857,nan,0.0,nan,0.0
room_graph_tree_like,tree_like,room_graph_navigation,gaussian_sensory,temporal_full,one_hot,0,lin_block_r5_l8,5,8,12,independent_blocks,2,0.6160714285714286,0.0982142857142857,nan,0.0,nan,0.0
room_graph_tree_like,tree_like,room_graph_navigation,gaussian_sensory,temporal_full,one_hot,0,lin_sequence_all_units_r3_l4,3,4,6,all_units,6,0.7410714285714285,0.024722094830113322,0.03333333333333333,0.010540925533894598,nan,0.0
room_graph_tree_like,tree_like,room_graph_navigation,gaussian_sensory,temporal_full,one_hot,0,lin_sequence_front_bands_r1_l2,1,2,2,front_bands,6,0.744047619047619,0.0328191636954529,0.075,0.025000000000000005,nan,0.0
room_graph_tree_like,tree_like,room_graph_navigation,gaussian_sensory,temporal_full,one_hot,0,lin_sequence_front_bands_r1_l4,1,4,4,front_bands,6,0.7321428571428571,0.011293848786315648,0.03333333333333333,0.01666666666666667,nan,0.0
room_graph_tree_like,tree_like,room_graph_navigation,gaussian_sensory,temporal_full,one_hot,0,lin_sequence_front_bands_r1_l8,1,8,8,front_bands,6,0.6577380952380952,0.024142023560325295,0.041666666666666664,0.015365907428821483,nan,0.0
room_graph_tree_like,tree_like,room_graph_navigation,gaussian_sensory,temporal_full,one_hot,0,lin_sequence_front_bands_r3_l2,3,2,4,front_bands,6,0.7529761904761906,0.025843206364395726,0.05833333333333333,0.01536590742882148,nan,0.0
room_graph_tree_like,tree_like,room_graph_navigation,gaussian_sensory,temporal_full,one_hot,0,lin_sequence_front_bands_r3_l4,3,4,6,front_bands,6,0.7261904761904762,0.0157485197087178,0.025000000000000005,0.01118033988749895,nan,0.0
room_graph_tree_like,tree_like,room_graph_navigation,gaussian_sensory,temporal_full,one_hot,0,lin_sequence_front_bands_r3_l8,3,8,10,front_bands,6,0.7142857142857143,0.021626073957839227,0.06666666666666667,0.021081851067789197,nan,0.0
room_graph_tree_like,tree_like,room_graph_navigation,gaussian_sensory,temporal_full,one_hot,0,lin_sequence_front_bands_r5_l2,5,2,6,front_bands,6,0.7440476190476191,0.024686239706342525,0.03333333333333333,0.01666666666666667,nan,0.0
room_graph_tree_like,tree_like,room_graph_navigation,gaussian_sensory,temporal_full,one_hot,0,lin_sequence_front_bands_r5_l4,5,4,8,front_bands,6,0.7440476190476191,0.017045025075329002,0.03333333333333333,0.010540925533894598,nan,0.0
room_graph_tree_like,tree_like,room_graph_navigation,gaussian_sensory,temporal_full,one_hot,0,lin_sequence_front_bands_r5_l8,5,8,12,front_bands,6,0.7172619047619048,0.028577628295613822,0.025000000000000005,0.01118033988749895,nan,0.0
room_graph_tree_like,tree_like,room_graph_navigation,gaussian_sensory,temporal_full,one_hot,0,memoryless_linear,,,,,2,0.75,0.07142857142857138,0.025,0.025,nan,0.0
room_graph_tree_like,tree_like,room_graph_navigation,gaussian_sensory,temporal_full,one_hot,0,memoryless_mlp,,,,,2,0.75,0.07142857142857138,0.025,0.025,nan,0.0
room_graph_tree_like,tree_like,room_graph_navigation,gaussian_sensory,temporal_full,one_hot,0,numpy_rnn,,,,,2,0.75,0.07142857142857138,0.025,0.025,nan,0.0
room_graph_tree_like,tree_like,room_graph_navigation,gaussian_sensory,temporal_full,one_hot,0,reservoir_block_hybrid,,,,,6,0.7529761904761906,0.025843206364395726,0.041666666666666664,0.008333333333333335,nan,0.0
room_graph_tree_like,tree_like,room_graph_navigation,gaussian_sensory,temporal_full,one_hot,0,reservoir_diagonal,,,,,6,0.7648809523809524,0.030728355950334074,0.10833333333333334,0.020069324297987166,nan,0.0
room_graph_tree_like,tree_like,room_graph_navigation,gaussian_sensory,temporal_full,one_hot,0,reservoir_low_rank,,,,,6,0.7410714285714285,0.028701341550574265,0.041666666666666664,0.023863035105460593,nan,0.0
room_graph_tree_like,tree_like,room_graph_navigation,gaussian_sensory,temporal_full,one_hot,0,reservoir_nilpotent,,,,,6,0.738095238095238,0.02289926674008494,0.025000000000000005,0.01118033988749895,nan,0.0
room_graph_tree_like,tree_like,room_graph_navigation,gaussian_sensory,temporal_full,one_hot,0,reservoir_orthogonal,,,,,6,0.7291666666666666,0.010730807367452357,0.03333333333333333,0.01666666666666667,nan,0.0
room_graph_tree_like,tree_like,room_graph_navigation,gaussian_sensory,temporal_full,one_hot,0,reservoir_oscillatory,,,,,6,0.7380952380952381,0.029761904761904774,0.049999999999999996,0.01825741858350554,nan,0.0
room_graph_tree_like,tree_like,room_graph_navigation,gaussian_sensory,temporal_full,one_hot,0,reservoir_random,,,,,6,0.738095238095238,0.03792745790969998,0.03333333333333333,0.01666666666666667,nan,0.0
room_graph_tree_like,tree_like,room_graph_navigation,gaussian_sensory,temporal_full,one_hot,0,reservoir_sparse,,,,,6,0.7172619047619047,0.018681374793422887,0.05000000000000001,0.01825741858350554,nan,0.0
room_graph_tree_like,tree_like,room_graph_navigation,gaussian_sensory,temporal_full,one_hot,0,reservoir_symmetric,,,,,6,0.7380952380952381,0.029761904761904757,0.03333333333333333,0.010540925533894598,nan,0.0
shortcut_route_choice,shortcut_vs_turning_route,shortcut_route_memory,gaussian_sensory,temporal_cue_then_blank,embedding,8,lin_block_r1_l2,1,2,2,independent_blocks,2,0.7,0.1,nan,0.0,nan,0.0
shortcut_route_choice,shortcut_vs_turning_route,shortcut_route_memory,gaussian_sensory,temporal_cue_then_blank,embedding,8,lin_block_r1_l4,1,4,4,independent_blocks,2,0.7,0.1,nan,0.0,nan,0.0
shortcut_route_choice,shortcut_vs_turning_route,shortcut_route_memory,gaussian_sensory,temporal_cue_then_blank,embedding,8,lin_block_r1_l8,1,8,8,independent_blocks,2,1.0,0.0,nan,0.0,nan,0.0
shortcut_route_choice,shortcut_vs_turning_route,shortcut_route_memory,gaussian_sensory,temporal_cue_then_blank,embedding,8,lin_block_r3_l2,3,2,4,independent_blocks,2,0.8,0.0,nan,0.0,nan,0.0
shortcut_route_choice,shortcut_vs_turning_route,shortcut_route_memory,gaussian_sensory,temporal_cue_then_blank,embedding,8,lin_block_r3_l4,3,4,6,independent_blocks,2,0.9,0.09999999999999998,nan,0.0,nan,0.0
shortcut_route_choice,shortcut_vs_turning_route,shortcut_route_memory,gaussian_sensory,temporal_cue_then_blank,embedding,8,lin_block_r3_l8,3,8,10,independent_blocks,2,1.0,0.0,nan,0.0,nan,0.0
shortcut_route_choice,shortcut_vs_turning_route,shortcut_route_memory,gaussian_sensory,temporal_cue_then_blank,embedding,8,lin_block_r5_l2,5,2,6,independent_blocks,2,0.9,0.09999999999999998,nan,0.0,nan,0.0
shortcut_route_choice,shortcut_vs_turning_route,shortcut_route_memory,gaussian_sensory,temporal_cue_then_blank,embedding,8,lin_block_r5_l4,5,4,8,independent_blocks,2,0.9,0.09999999999999998,nan,0.0,nan,0.0
shortcut_route_choice,shortcut_vs_turning_route,shortcut_route_memory,gaussian_sensory,temporal_cue_then_blank,embedding,8,lin_block_r5_l8,5,8,12,independent_blocks,2,1.0,0.0,nan,0.0,nan,0.0
shortcut_route_choice,shortcut_vs_turning_route,shortcut_route_memory,gaussian_sensory,temporal_cue_then_blank,embedding,8,lin_sequence_all_units_r3_l4,3,4,6,all_units,6,0.7333333333333333,0.042163702135578414,0.39999999999999997,2.482534153247273e-17,1.0,0.0
shortcut_route_choice,shortcut_vs_turning_route,shortcut_route_memory,gaussian_sensory,temporal_cue_then_blank,embedding,8,lin_sequence_front_bands_r1_l2,1,2,2,front_bands,6,0.6333333333333333,0.03333333333333335,0.39999999999999997,2.482534153247273e-17,1.0,0.0
shortcut_route_choice,shortcut_vs_turning_route,shortcut_route_memory,gaussian_sensory,temporal_cue_then_blank,embedding,8,lin_sequence_front_bands_r1_l4,1,4,4,front_bands,6,0.6333333333333334,0.03333333333333335,0.39999999999999997,2.482534153247273e-17,1.0,0.0
shortcut_route_choice,shortcut_vs_turning_route,shortcut_route_memory,gaussian_sensory,temporal_cue_then_blank,embedding,8,lin_sequence_front_bands_r1_l8,1,8,8,front_bands,6,1.0,0.0,0.6,0.0,1.0,0.0
shortcut_route_choice,shortcut_vs_turning_route,shortcut_route_memory,gaussian_sensory,temporal_cue_then_blank,embedding,8,lin_sequence_front_bands_r3_l2,3,2,4,front_bands,6,0.6999999999999998,0.04472135954999581,0.39999999999999997,2.482534153247273e-17,1.0,0.0
shortcut_route_choice,shortcut_vs_turning_route,shortcut_route_memory,gaussian_sensory,temporal_cue_then_blank,embedding,8,lin_sequence_front_bands_r3_l4,3,4,6,front_bands,6,0.7333333333333333,0.042163702135578414,0.39999999999999997,2.482534153247273e-17,1.0,0.0
shortcut_route_choice,shortcut_vs_turning_route,shortcut_route_memory,gaussian_sensory,temporal_cue_then_blank,embedding,8,lin_sequence_front_bands_r3_l8,3,8,10,front_bands,6,1.0,0.0,0.6,0.0,1.0,0.0
shortcut_route_choice,shortcut_vs_turning_route,shortcut_route_memory,gaussian_sensory,temporal_cue_then_blank,embedding,8,lin_sequence_front_bands_r5_l2,5,2,6,front_bands,6,0.7333333333333333,0.042163702135578414,0.43333333333333335,0.033333333333333326,1.0,0.0
shortcut_route_choice,shortcut_vs_turning_route,shortcut_route_memory,gaussian_sensory,temporal_cue_then_blank,embedding,8,lin_sequence_front_bands_r5_l4,5,4,8,front_bands,6,0.9,0.06831300510639735,0.5333333333333333,0.042163702135578386,1.0,0.0
shortcut_route_choice,shortcut_vs_turning_route,shortcut_route_memory,gaussian_sensory,temporal_cue_then_blank,embedding,8,lin_sequence_front_bands_r5_l8,5,8,12,front_bands,6,1.0,0.0,0.6,0.0,1.0,0.0
shortcut_route_choice,shortcut_vs_turning_route,shortcut_route_memory,gaussian_sensory,temporal_cue_then_blank,embedding,8,memoryless_linear,,,,,2,0.6,0.0,0.4,0.0,nan,0.0
shortcut_route_choice,shortcut_vs_turning_route,shortcut_route_memory,gaussian_sensory,temporal_cue_then_blank,embedding,8,memoryless_mlp,,,,,2,0.6,0.0,0.4,0.0,nan,0.0
shortcut_route_choice,shortcut_vs_turning_route,shortcut_route_memory,gaussian_sensory,temporal_cue_then_blank,embedding,8,numpy_rnn,,,,,2,0.6,0.0,0.0,0.0,nan,0.0
shortcut_route_choice,shortcut_vs_turning_route,shortcut_route_memory,gaussian_sensory,temporal_cue_then_blank,embedding,8,reservoir_block_hybrid,,,,,6,0.6,0.07302967433402216,0.5,0.04472135954999579,nan,0.0
shortcut_route_choice,shortcut_vs_turning_route,shortcut_route_memory,gaussian_sensory,temporal_cue_then_blank,embedding,8,reservoir_diagonal,,,,,6,0.8333333333333334,0.08027729719194865,0.39999999999999997,2.482534153247273e-17,nan,0.0
shortcut_route_choice,shortcut_vs_turning_route,shortcut_route_memory,gaussian_sensory,temporal_cue_then_blank,embedding,8,reservoir_low_rank,,,,,6,0.6000000000000001,0.05163977794943224,0.43333333333333335,0.033333333333333326,nan,0.0
shortcut_route_choice,shortcut_vs_turning_route,shortcut_route_memory,gaussian_sensory,temporal_cue_then_blank,embedding,8,reservoir_nilpotent,,,,,6,0.8333333333333334,0.06146362971528592,0.5,0.04472135954999579,nan,0.0
shortcut_route_choice,shortcut_vs_turning_route,shortcut_route_memory,gaussian_sensory,temporal_cue_then_blank,embedding,8,reservoir_orthogonal,,,,,6,0.7999999999999999,0.07302967433402216,0.5333333333333333,0.042163702135578386,nan,0.0
shortcut_route_choice,shortcut_vs_turning_route,shortcut_route_memory,gaussian_sensory,temporal_cue_then_blank,embedding,8,reservoir_oscillatory,,,,,6,0.6000000000000001,0.05163977794943224,0.5000000000000001,0.04472135954999579,nan,0.0
shortcut_route_choice,shortcut_vs_turning_route,shortcut_route_memory,gaussian_sensory,temporal_cue_then_blank,embedding,8,reservoir_random,,,,,6,0.7999999999999999,4.965068306494546e-17,0.5666666666666668,0.03333333333333333,nan,0.0
shortcut_route_choice,shortcut_vs_turning_route,shortcut_route_memory,gaussian_sensory,temporal_cue_then_blank,embedding,8,reservoir_sparse,,,,,6,0.7666666666666666,0.08027729719194865,0.5000000000000001,0.04472135954999579,nan,0.0
shortcut_route_choice,shortcut_vs_turning_route,shortcut_route_memory,gaussian_sensory,temporal_cue_then_blank,embedding,8,reservoir_symmetric,,,,,6,0.6666666666666666,0.06666666666666668,0.39999999999999997,2.482534153247273e-17,nan,0.0
shortcut_route_choice,shortcut_vs_turning_route,shortcut_route_memory,gaussian_sensory,temporal_cue_then_blank,none,0,lin_block_r1_l2,1,2,2,independent_blocks,2,0.5,0.09999999999999998,nan,0.0,nan,0.0
shortcut_route_choice,shortcut_vs_turning_route,shortcut_route_memory,gaussian_sensory,temporal_cue_then_blank,none,0,lin_block_r1_l4,1,4,4,independent_blocks,2,0.8,0.0,nan,0.0,nan,0.0
shortcut_route_choice,shortcut_vs_turning_route,shortcut_route_memory,gaussian_sensory,temporal_cue_then_blank,none,0,lin_block_r1_l8,1,8,8,independent_blocks,2,1.0,0.0,nan,0.0,nan,0.0
shortcut_route_choice,shortcut_vs_turning_route,shortcut_route_memory,gaussian_sensory,temporal_cue_then_blank,none,0,lin_block_r3_l2,3,2,4,independent_blocks,2,0.8,0.0,nan,0.0,nan,0.0
shortcut_route_choice,shortcut_vs_turning_route,shortcut_route_memory,gaussian_sensory,temporal_cue_then_blank,none,0,lin_block_r3_l4,3,4,6,independent_blocks,2,1.0,0.0,nan,0.0,nan,0.0
shortcut_route_choice,shortcut_vs_turning_route,shortcut_route_memory,gaussian_sensory,temporal_cue_then_blank,none,0,lin_block_r3_l8,3,8,10,independent_blocks,2,1.0,0.0,nan,0.0,nan,0.0
shortcut_route_choice,shortcut_vs_turning_route,shortcut_route_memory,gaussian_sensory,temporal_cue_then_blank,none,0,lin_block_r5_l2,5,2,6,independent_blocks,2,1.0,0.0,nan,0.0,nan,0.0
shortcut_route_choice,shortcut_vs_turning_route,shortcut_route_memory,gaussian_sensory,temporal_cue_then_blank,none,0,lin_block_r5_l4,5,4,8,independent_blocks,2,1.0,0.0,nan,0.0,nan,0.0
shortcut_route_choice,shortcut_vs_turning_route,shortcut_route_memory,gaussian_sensory,temporal_cue_then_blank,none,0,lin_block_r5_l8,5,8,12,independent_blocks,2,1.0,0.0,nan,0.0,nan,0.0
shortcut_route_choice,shortcut_vs_turning_route,shortcut_route_memory,gaussian_sensory,temporal_cue_then_blank,none,0,lin_sequence_all_units_r3_l4,3,4,6,all_units,6,0.7000000000000001,0.04472135954999581,0.4666666666666666,0.042163702135578386,1.0,0.0
shortcut_route_choice,shortcut_vs_turning_route,shortcut_route_memory,gaussian_sensory,temporal_cue_then_blank,none,0,lin_sequence_front_bands_r1_l2,1,2,2,front_bands,6,0.5000000000000001,0.04472135954999579,0.39999999999999997,2.482534153247273e-17,1.0,0.0
shortcut_route_choice,shortcut_vs_turning_route,shortcut_route_memory,gaussian_sensory,temporal_cue_then_blank,none,0,lin_sequence_front_bands_r1_l4,1,4,4,front_bands,6,0.7333333333333334,0.042163702135578414,0.39999999999999997,2.482534153247273e-17,1.0,0.0
shortcut_route_choice,shortcut_vs_turning_route,shortcut_route_memory,gaussian_sensory,temporal_cue_then_blank,none,0,lin_sequence_front_bands_r1_l8,1,8,8,front_bands,6,0.9666666666666667,0.033333333333333326,0.5666666666666668,0.033333333333333326,0.9666666666666667,0.033333333333333326
shortcut_route_choice,shortcut_vs_turning_route,shortcut_route_memory,gaussian_sensory,temporal_cue_then_blank,none,0,lin_sequence_front_bands_r3_l2,3,2,4,front_bands,6,0.6333333333333333,0.08027729719194865,0.39999999999999997,2.482534153247273e-17,1.0,0.0
shortcut_route_choice,shortcut_vs_turning_route,shortcut_route_memory,gaussian_sensory,temporal_cue_then_blank,none,0,lin_sequence_front_bands_r3_l4,3,4,6,front_bands,6,0.7000000000000001,0.04472135954999581,0.5,0.04472135954999579,1.0,0.0
shortcut_route_choice,shortcut_vs_turning_route,shortcut_route_memory,gaussian_sensory,temporal_cue_then_blank,none,0,lin_sequence_front_bands_r3_l8,3,8,10,front_bands,6,0.9666666666666667,0.033333333333333326,0.5666666666666668,0.033333333333333326,1.0,0.0
shortcut_route_choice,shortcut_vs_turning_route,shortcut_route_memory,gaussian_sensory,temporal_cue_then_blank,none,0,lin_sequence_front_bands_r5_l2,5,2,6,front_bands,6,0.7000000000000001,0.06831300510639735,0.5,0.04472135954999579,1.0,0.0
shortcut_route_choice,shortcut_vs_turning_route,shortcut_route_memory,gaussian_sensory,temporal_cue_then_blank,none,0,lin_sequence_front_bands_r5_l4,5,4,8,front_bands,6,0.7999999999999999,0.07302967433402216,0.5333333333333333,0.042163702135578386,1.0,0.0
shortcut_route_choice,shortcut_vs_turning_route,shortcut_route_memory,gaussian_sensory,temporal_cue_then_blank,none,0,lin_sequence_front_bands_r5_l8,5,8,12,front_bands,6,0.9666666666666667,0.033333333333333326,0.6,0.0,0.9666666666666667,0.033333333333333326
shortcut_route_choice,shortcut_vs_turning_route,shortcut_route_memory,gaussian_sensory,temporal_cue_then_blank,none,0,memoryless_linear,,,,,2,0.4,0.0,0.30000000000000004,0.1,nan,0.0
shortcut_route_choice,shortcut_vs_turning_route,shortcut_route_memory,gaussian_sensory,temporal_cue_then_blank,none,0,memoryless_mlp,,,,,2,0.4,0.0,0.30000000000000004,0.1,nan,0.0
shortcut_route_choice,shortcut_vs_turning_route,shortcut_route_memory,gaussian_sensory,temporal_cue_then_blank,none,0,numpy_rnn,,,,,2,0.6,0.0,0.0,0.0,nan,0.0
shortcut_route_choice,shortcut_vs_turning_route,shortcut_route_memory,gaussian_sensory,temporal_cue_then_blank,none,0,reservoir_block_hybrid,,,,,6,0.7666666666666666,0.09545214042184236,0.5666666666666668,0.03333333333333333,nan,0.0
shortcut_route_choice,shortcut_vs_turning_route,shortcut_route_memory,gaussian_sensory,temporal_cue_then_blank,none,0,reservoir_diagonal,,,,,6,0.9,0.04472135954999579,0.43333333333333335,0.033333333333333326,nan,0.0
shortcut_route_choice,shortcut_vs_turning_route,shortcut_route_memory,gaussian_sensory,temporal_cue_then_blank,none,0,reservoir_low_rank,,,,,6,0.7000000000000001,0.06831300510639735,0.46666666666666673,0.042163702135578386,nan,0.0
shortcut_route_choice,shortcut_vs_turning_route,shortcut_route_memory,gaussian_sensory,temporal_cue_then_blank,none,0,reservoir_nilpotent,,,,,6,0.9,0.04472135954999579,0.5333333333333333,0.042163702135578386,nan,0.0
shortcut_route_choice,shortcut_vs_turning_route,shortcut_route_memory,gaussian_sensory,temporal_cue_then_blank,none,0,reservoir_orthogonal,,,,,6,0.8666666666666666,0.06666666666666667,0.5333333333333333,0.042163702135578386,nan,0.0
shortcut_route_choice,shortcut_vs_turning_route,shortcut_route_memory,gaussian_sensory,temporal_cue_then_blank,none,0,reservoir_oscillatory,,,,,6,0.5666666666666668,0.033333333333333326,0.5000000000000001,0.04472135954999579,nan,0.0
shortcut_route_choice,shortcut_vs_turning_route,shortcut_route_memory,gaussian_sensory,temporal_cue_then_blank,none,0,reservoir_random,,,,,6,0.7666666666666667,0.09545214042184236,0.5333333333333333,0.042163702135578386,nan,0.0
shortcut_route_choice,shortcut_vs_turning_route,shortcut_route_memory,gaussian_sensory,temporal_cue_then_blank,none,0,reservoir_sparse,,,,,6,0.7999999999999999,0.05163977794943224,0.5,0.04472135954999579,nan,0.0
shortcut_route_choice,shortcut_vs_turning_route,shortcut_route_memory,gaussian_sensory,temporal_cue_then_blank,none,0,reservoir_symmetric,,,,,6,0.6999999999999998,0.04472135954999581,0.39999999999999997,2.482534153247273e-17,nan,0.0
shortcut_route_choice,shortcut_vs_turning_route,shortcut_route_memory,gaussian_sensory,temporal_cue_then_blank,one_hot,0,lin_block_r1_l2,1,2,2,independent_blocks,2,0.7,0.1,nan,0.0,nan,0.0
shortcut_route_choice,shortcut_vs_turning_route,shortcut_route_memory,gaussian_sensory,temporal_cue_then_blank,one_hot,0,lin_block_r1_l4,1,4,4,independent_blocks,2,0.7,0.1,nan,0.0,nan,0.0
shortcut_route_choice,shortcut_vs_turning_route,shortcut_route_memory,gaussian_sensory,temporal_cue_then_blank,one_hot,0,lin_block_r1_l8,1,8,8,independent_blocks,2,1.0,0.0,nan,0.0,nan,0.0
shortcut_route_choice,shortcut_vs_turning_route,shortcut_route_memory,gaussian_sensory,temporal_cue_then_blank,one_hot,0,lin_block_r3_l2,3,2,4,independent_blocks,2,0.8,0.2,nan,0.0,nan,0.0
shortcut_route_choice,shortcut_vs_turning_route,shortcut_route_memory,gaussian_sensory,temporal_cue_then_blank,one_hot,0,lin_block_r3_l4,3,4,6,independent_blocks,2,0.9,0.09999999999999998,nan,0.0,nan,0.0
shortcut_route_choice,shortcut_vs_turning_route,shortcut_route_memory,gaussian_sensory,temporal_cue_then_blank,one_hot,0,lin_block_r3_l8,3,8,10,independent_blocks,2,1.0,0.0,nan,0.0,nan,0.0
shortcut_route_choice,shortcut_vs_turning_route,shortcut_route_memory,gaussian_sensory,temporal_cue_then_blank,one_hot,0,lin_block_r5_l2,5,2,6,independent_blocks,2,1.0,0.0,nan,0.0,nan,0.0
shortcut_route_choice,shortcut_vs_turning_route,shortcut_route_memory,gaussian_sensory,temporal_cue_then_blank,one_hot,0,lin_block_r5_l4,5,4,8,independent_blocks,2,0.9,0.09999999999999998,nan,0.0,nan,0.0
shortcut_route_choice,shortcut_vs_turning_route,shortcut_route_memory,gaussian_sensory,temporal_cue_then_blank,one_hot,0,lin_block_r5_l8,5,8,12,independent_blocks,2,1.0,0.0,nan,0.0,nan,0.0
shortcut_route_choice,shortcut_vs_turning_route,shortcut_route_memory,gaussian_sensory,temporal_cue_then_blank,one_hot,0,lin_sequence_all_units_r3_l4,3,4,6,all_units,6,0.7333333333333333,0.042163702135578414,0.43333333333333335,0.033333333333333326,1.0,0.0
shortcut_route_choice,shortcut_vs_turning_route,shortcut_route_memory,gaussian_sensory,temporal_cue_then_blank,one_hot,0,lin_sequence_front_bands_r1_l2,1,2,2,front_bands,6,0.6666666666666666,0.042163702135578414,0.39999999999999997,2.482534153247273e-17,1.0,0.0
shortcut_route_choice,shortcut_vs_turning_route,shortcut_route_memory,gaussian_sensory,temporal_cue_then_blank,one_hot,0,lin_sequence_front_bands_r1_l4,1,4,4,front_bands,6,0.6666666666666666,0.06666666666666668,0.39999999999999997,2.482534153247273e-17,1.0,0.0
shortcut_route_choice,shortcut_vs_turning_route,shortcut_route_memory,gaussian_sensory,temporal_cue_then_blank,one_hot,0,lin_sequence_front_bands_r1_l8,1,8,8,front_bands,6,1.0,0.0,0.6,0.0,1.0,0.0
shortcut_route_choice,shortcut_vs_turning_route,shortcut_route_memory,gaussian_sensory,temporal_cue_then_blank,one_hot,0,lin_sequence_front_bands_r3_l2,3,2,4,front_bands,6,0.6666666666666666,0.08432740427115679,0.39999999999999997,2.482534153247273e-17,1.0,0.0
shortcut_route_choice,shortcut_vs_turning_route,shortcut_route_memory,gaussian_sensory,temporal_cue_then_blank,one_hot,0,lin_sequence_front_bands_r3_l4,3,4,6,front_bands,6,0.8666666666666667,0.042163702135578386,0.46666666666666673,0.042163702135578386,1.0,0.0
shortcut_route_choice,shortcut_vs_turning_route,shortcut_route_memory,gaussian_sensory,temporal_cue_then_blank,one_hot,0,lin_sequence_front_bands_r3_l8,3,8,10,front_bands,6,1.0,0.0,0.6,0.0,1.0,0.0
shortcut_route_choice,shortcut_vs_turning_route,shortcut_route_memory,gaussian_sensory,temporal_cue_then_blank,one_hot,0,lin_sequence_front_bands_r5_l2,5,2,6,front_bands,6,0.6,0.05163977794943224,0.43333333333333335,0.033333333333333326,1.0,0.0
shortcut_route_choice,shortcut_vs_turning_route,shortcut_route_memory,gaussian_sensory,temporal_cue_then_blank,one_hot,0,lin_sequence_front_bands_r5_l4,5,4,8,front_bands,6,0.8000000000000002,0.0894427190999916,0.46666666666666673,0.042163702135578386,1.0,0.0
shortcut_route_choice,shortcut_vs_turning_route,shortcut_route_memory,gaussian_sensory,temporal_cue_then_blank,one_hot,0,lin_sequence_front_bands_r5_l8,5,8,12,front_bands,6,0.9666666666666667,0.033333333333333326,0.6,0.0,1.0,0.0
shortcut_route_choice,shortcut_vs_turning_route,shortcut_route_memory,gaussian_sensory,temporal_cue_then_blank,one_hot,0,memoryless_linear,,,,,2,0.6,0.0,0.4,0.0,nan,0.0
shortcut_route_choice,shortcut_vs_turning_route,shortcut_route_memory,gaussian_sensory,temporal_cue_then_blank,one_hot,0,memoryless_mlp,,,,,2,0.6,0.0,0.4,0.0,nan,0.0
shortcut_route_choice,shortcut_vs_turning_route,shortcut_route_memory,gaussian_sensory,temporal_cue_then_blank,one_hot,0,numpy_rnn,,,,,2,0.6,0.0,0.0,0.0,nan,0.0
shortcut_route_choice,shortcut_vs_turning_route,shortcut_route_memory,gaussian_sensory,temporal_cue_then_blank,one_hot,0,reservoir_block_hybrid,,,,,6,0.7999999999999999,0.07302967433402216,0.5333333333333333,0.042163702135578386,nan,0.0
shortcut_route_choice,shortcut_vs_turning_route,shortcut_route_memory,gaussian_sensory,temporal_cue_then_blank,one_hot,0,reservoir_diagonal,,,,,6,0.7999999999999999,0.0894427190999916,0.5000000000000001,0.04472135954999579,nan,0.0
shortcut_route_choice,shortcut_vs_turning_route,shortcut_route_memory,gaussian_sensory,temporal_cue_then_blank,one_hot,0,reservoir_low_rank,,,,,6,0.8333333333333334,0.06146362971528592,0.5000000000000001,0.04472135954999579,nan,0.0
shortcut_route_choice,shortcut_vs_turning_route,shortcut_route_memory,gaussian_sensory,temporal_cue_then_blank,one_hot,0,reservoir_nilpotent,,,,,6,0.8666666666666667,0.06666666666666667,0.5333333333333333,0.042163702135578386,nan,0.0
shortcut_route_choice,shortcut_vs_turning_route,shortcut_route_memory,gaussian_sensory,temporal_cue_then_blank,one_hot,0,reservoir_orthogonal,,,,,6,0.8666666666666667,0.042163702135578386,0.6,0.0,nan,0.0
shortcut_route_choice,shortcut_vs_turning_route,shortcut_route_memory,gaussian_sensory,temporal_cue_then_blank,one_hot,0,reservoir_oscillatory,,,,,6,0.6333333333333333,0.06146362971528593,0.5000000000000001,0.04472135954999579,nan,0.0
shortcut_route_choice,shortcut_vs_turning_route,shortcut_route_memory,gaussian_sensory,temporal_cue_then_blank,one_hot,0,reservoir_random,,,,,6,0.7000000000000001,0.08563488385776753,0.46666666666666673,0.042163702135578386,nan,0.0
shortcut_route_choice,shortcut_vs_turning_route,shortcut_route_memory,gaussian_sensory,temporal_cue_then_blank,one_hot,0,reservoir_sparse,,,,,6,0.6666666666666666,0.06666666666666668,0.4333333333333333,0.033333333333333326,nan,0.0
shortcut_route_choice,shortcut_vs_turning_route,shortcut_route_memory,gaussian_sensory,temporal_cue_then_blank,one_hot,0,reservoir_symmetric,,,,,6,0.6666666666666666,0.042163702135578414,0.39999999999999997,2.482534153247273e-17,nan,0.0
shortcut_route_choice,shortcut_vs_turning_route,shortcut_route_memory,gaussian_sensory,temporal_dropout,embedding,8,lin_block_r1_l2,1,2,2,independent_blocks,2,0.7,0.1,nan,0.0,nan,0.0
shortcut_route_choice,shortcut_vs_turning_route,shortcut_route_memory,gaussian_sensory,temporal_dropout,embedding,8,lin_block_r1_l4,1,4,4,independent_blocks,2,0.7,0.1,nan,0.0,nan,0.0
shortcut_route_choice,shortcut_vs_turning_route,shortcut_route_memory,gaussian_sensory,temporal_dropout,embedding,8,lin_block_r1_l8,1,8,8,independent_blocks,2,1.0,0.0,nan,0.0,nan,0.0
shortcut_route_choice,shortcut_vs_turning_route,shortcut_route_memory,gaussian_sensory,temporal_dropout,embedding,8,lin_block_r3_l2,3,2,4,independent_blocks,2,0.5,0.09999999999999998,nan,0.0,nan,0.0
shortcut_route_choice,shortcut_vs_turning_route,shortcut_route_memory,gaussian_sensory,temporal_dropout,embedding,8,lin_block_r3_l4,3,4,6,independent_blocks,2,1.0,0.0,nan,0.0,nan,0.0
shortcut_route_choice,shortcut_vs_turning_route,shortcut_route_memory,gaussian_sensory,temporal_dropout,embedding,8,lin_block_r3_l8,3,8,10,independent_blocks,2,1.0,0.0,nan,0.0,nan,0.0
shortcut_route_choice,shortcut_vs_turning_route,shortcut_route_memory,gaussian_sensory,temporal_dropout,embedding,8,lin_block_r5_l2,5,2,6,independent_blocks,2,0.8,0.0,nan,0.0,nan,0.0
shortcut_route_choice,shortcut_vs_turning_route,shortcut_route_memory,gaussian_sensory,temporal_dropout,embedding,8,lin_block_r5_l4,5,4,8,independent_blocks,2,0.8,0.0,nan,0.0,nan,0.0
shortcut_route_choice,shortcut_vs_turning_route,shortcut_route_memory,gaussian_sensory,temporal_dropout,embedding,8,lin_block_r5_l8,5,8,12,independent_blocks,2,1.0,0.0,nan,0.0,nan,0.0
shortcut_route_choice,shortcut_vs_turning_route,shortcut_route_memory,gaussian_sensory,temporal_dropout,embedding,8,lin_sequence_all_units_r3_l4,3,4,6,all_units,6,0.7333333333333334,0.042163702135578414,0.43333333333333335,0.06146362971528592,1.0,0.0
shortcut_route_choice,shortcut_vs_turning_route,shortcut_route_memory,gaussian_sensory,temporal_dropout,embedding,8,lin_sequence_front_bands_r1_l2,1,2,2,front_bands,6,0.6,0.0,0.3,0.0447213595499958,1.0,0.0
shortcut_route_choice,shortcut_vs_turning_route,shortcut_route_memory,gaussian_sensory,temporal_dropout,embedding,8,lin_sequence_front_bands_r1_l4,1,4,4,front_bands,6,0.6,0.05163977794943224,0.4333333333333333,0.06146362971528592,1.0,0.0
shortcut_route_choice,shortcut_vs_turning_route,shortcut_route_memory,gaussian_sensory,temporal_dropout,embedding,8,lin_sequence_front_bands_r1_l8,1,8,8,front_bands,6,1.0,0.0,0.6,0.0,0.9,0.10000000000000002
shortcut_route_choice,shortcut_vs_turning_route,shortcut_route_memory,gaussian_sensory,temporal_dropout,embedding,8,lin_sequence_front_bands_r3_l2,3,2,4,front_bands,6,0.6333333333333333,0.03333333333333335,0.39999999999999997,2.482534153247273e-17,1.0,0.0
shortcut_route_choice,shortcut_vs_turning_route,shortcut_route_memory,gaussian_sensory,temporal_dropout,embedding,8,lin_sequence_front_bands_r3_l4,3,4,6,front_bands,6,0.7333333333333334,0.08432740427115679,0.4666666666666666,0.06666666666666667,1.0,0.0
shortcut_route_choice,shortcut_vs_turning_route,shortcut_route_memory,gaussian_sensory,temporal_dropout,embedding,8,lin_sequence_front_bands_r3_l8,3,8,10,front_bands,6,0.9333333333333332,0.042163702135578386,0.5666666666666668,0.033333333333333326,0.9333333333333332,0.042163702135578386
shortcut_route_choice,shortcut_vs_turning_route,shortcut_route_memory,gaussian_sensory,temporal_dropout,embedding,8,lin_sequence_front_bands_r5_l2,5,2,6,front_bands,6,0.6333333333333334,0.03333333333333335,0.36666666666666664,0.03333333333333333,1.0,0.0
shortcut_route_choice,shortcut_vs_turning_route,shortcut_route_memory,gaussian_sensory,temporal_dropout,embedding,8,lin_sequence_front_bands_r5_l4,5,4,8,front_bands,6,0.6666666666666666,0.06666666666666668,0.46666666666666673,0.042163702135578386,1.0,0.0
shortcut_route_choice,shortcut_vs_turning_route,shortcut_route_memory,gaussian_sensory,temporal_dropout,embedding,8,lin_sequence_front_bands_r5_l8,5,8,12,front_bands,6,0.9333333333333332,0.042163702135578386,0.5666666666666667,0.033333333333333326,1.0,0.0
shortcut_route_choice,shortcut_vs_turning_route,shortcut_route_memory,gaussian_sensory,temporal_dropout,embedding,8,memoryless_linear,,,,,2,0.7,0.1,0.30000000000000004,0.1,nan,0.0
shortcut_route_choice,shortcut_vs_turning_route,shortcut_route_memory,gaussian_sensory,temporal_dropout,embedding,8,memoryless_mlp,,,,,2,0.7,0.1,0.30000000000000004,0.1,nan,0.0
shortcut_route_choice,shortcut_vs_turning_route,shortcut_route_memory,gaussian_sensory,temporal_dropout,embedding,8,numpy_rnn,,,,,2,0.6,0.0,0.0,0.0,nan,0.0
shortcut_route_choice,shortcut_vs_turning_route,shortcut_route_memory,gaussian_sensory,temporal_dropout,embedding,8,reservoir_block_hybrid,,,,,6,0.5666666666666665,0.08027729719194865,0.39999999999999997,0.051639777949432225,nan,0.0
shortcut_route_choice,shortcut_vs_turning_route,shortcut_route_memory,gaussian_sensory,temporal_dropout,embedding,8,reservoir_diagonal,,,,,6,0.6666666666666666,0.08432740427115679,0.3,0.0447213595499958,nan,0.0
shortcut_route_choice,shortcut_vs_turning_route,shortcut_route_memory,gaussian_sensory,temporal_dropout,embedding,8,reservoir_low_rank,,,,,6,0.6666666666666666,0.06666666666666668,0.3333333333333333,0.06666666666666667,nan,0.0
shortcut_route_choice,shortcut_vs_turning_route,shortcut_route_memory,gaussian_sensory,temporal_dropout,embedding,8,reservoir_nilpotent,,,,,6,0.8666666666666667,0.06666666666666667,0.5333333333333333,0.042163702135578386,nan,0.0
shortcut_route_choice,shortcut_vs_turning_route,shortcut_route_memory,gaussian_sensory,temporal_dropout,embedding,8,reservoir_orthogonal,,,,,6,0.7000000000000001,0.08563488385776753,0.5333333333333333,0.042163702135578386,nan,0.0
shortcut_route_choice,shortcut_vs_turning_route,shortcut_route_memory,gaussian_sensory,temporal_dropout,embedding,8,reservoir_oscillatory,,,,,6,0.5333333333333333,0.042163702135578386,0.3,0.0447213595499958,nan,0.0
shortcut_route_choice,shortcut_vs_turning_route,shortcut_route_memory,gaussian_sensory,temporal_dropout,embedding,8,reservoir_random,,,,,6,0.7333333333333334,0.06666666666666668,0.43333333333333335,0.061463629715285906,nan,0.0
shortcut_route_choice,shortcut_vs_turning_route,shortcut_route_memory,gaussian_sensory,temporal_dropout,embedding,8,reservoir_sparse,,,,,6,0.6333333333333334,0.03333333333333335,0.3333333333333333,0.0421637021355784,nan,0.0
shortcut_route_choice,shortcut_vs_turning_route,shortcut_route_memory,gaussian_sensory,temporal_dropout,embedding,8,reservoir_symmetric,,,,,6,0.6666666666666666,0.06666666666666668,0.39999999999999997,0.051639777949432225,nan,0.0
shortcut_route_choice,shortcut_vs_turning_route,shortcut_route_memory,gaussian_sensory,temporal_dropout,none,0,lin_block_r1_l2,1,2,2,independent_blocks,2,0.7,0.1,nan,0.0,nan,0.0
shortcut_route_choice,shortcut_vs_turning_route,shortcut_route_memory,gaussian_sensory,temporal_dropout,none,0,lin_block_r1_l4,1,4,4,independent_blocks,2,0.4,0.0,nan,0.0,nan,0.0
shortcut_route_choice,shortcut_vs_turning_route,shortcut_route_memory,gaussian_sensory,temporal_dropout,none,0,lin_block_r1_l8,1,8,8,independent_blocks,2,1.0,0.0,nan,0.0,nan,0.0
shortcut_route_choice,shortcut_vs_turning_route,shortcut_route_memory,gaussian_sensory,temporal_dropout,none,0,lin_block_r3_l2,3,2,4,independent_blocks,2,0.6,0.0,nan,0.0,nan,0.0
shortcut_route_choice,shortcut_vs_turning_route,shortcut_route_memory,gaussian_sensory,temporal_dropout,none,0,lin_block_r3_l4,3,4,6,independent_blocks,2,0.7,0.1,nan,0.0,nan,0.0
shortcut_route_choice,shortcut_vs_turning_route,shortcut_route_memory,gaussian_sensory,temporal_dropout,none,0,lin_block_r3_l8,3,8,10,independent_blocks,2,0.9,0.09999999999999998,nan,0.0,nan,0.0
shortcut_route_choice,shortcut_vs_turning_route,shortcut_route_memory,gaussian_sensory,temporal_dropout,none,0,lin_block_r5_l2,5,2,6,independent_blocks,2,0.8,0.0,nan,0.0,nan,0.0
shortcut_route_choice,shortcut_vs_turning_route,shortcut_route_memory,gaussian_sensory,temporal_dropout,none,0,lin_block_r5_l4,5,4,8,independent_blocks,2,0.7,0.1,nan,0.0,nan,0.0
shortcut_route_choice,shortcut_vs_turning_route,shortcut_route_memory,gaussian_sensory,temporal_dropout,none,0,lin_block_r5_l8,5,8,12,independent_blocks,2,0.9,0.09999999999999998,nan,0.0,nan,0.0
shortcut_route_choice,shortcut_vs_turning_route,shortcut_route_memory,gaussian_sensory,temporal_dropout,none,0,lin_sequence_all_units_r3_l4,3,4,6,all_units,6,0.5,0.06831300510639732,0.39999999999999997,0.051639777949432225,1.0,0.0
shortcut_route_choice,shortcut_vs_turning_route,shortcut_route_memory,gaussian_sensory,temporal_dropout,none,0,lin_sequence_front_bands_r1_l2,1,2,2,front_bands,6,0.7333333333333334,0.042163702135578414,0.3,0.0447213595499958,1.0,0.0
shortcut_route_choice,shortcut_vs_turning_route,shortcut_route_memory,gaussian_sensory,temporal_dropout,none,0,lin_sequence_front_bands_r1_l4,1,4,4,front_bands,6,0.4666666666666666,0.06666666666666668,0.3333333333333333,0.0421637021355784,1.0,0.0
shortcut_route_choice,shortcut_vs_turning_route,shortcut_route_memory,gaussian_sensory,temporal_dropout,none,0,lin_sequence_front_bands_r1_l8,1,8,8,front_bands,6,0.9333333333333332,0.042163702135578386,0.5333333333333333,0.042163702135578386,1.0,0.0
shortcut_route_choice,shortcut_vs_turning_route,shortcut_route_memory,gaussian_sensory,temporal_dropout,none,0,lin_sequence_front_bands_r3_l2,3,2,4,front_bands,6,0.6333333333333333,0.06146362971528593,0.39999999999999997,2.482534153247273e-17,1.0,0.0
shortcut_route_choice,shortcut_vs_turning_route,shortcut_route_memory,gaussian_sensory,temporal_dropout,none,0,lin_sequence_front_bands_r3_l4,3,4,6,front_bands,6,0.7333333333333334,0.06666666666666668,0.5,0.04472135954999579,1.0,0.0
shortcut_route_choice,shortcut_vs_turning_route,shortcut_route_memory,gaussian_sensory,temporal_dropout,none,0,lin_sequence_front_bands_r3_l8,3,8,10,front_bands,6,0.9333333333333332,0.042163702135578386,0.5,0.04472135954999579,1.0,0.0
shortcut_route_choice,shortcut_vs_turning_route,shortcut_route_memory,gaussian_sensory,temporal_dropout,none,0,lin_sequence_front_bands_r5_l2,5,2,6,front_bands,6,0.6999999999999998,0.06831300510639735,0.39999999999999997,0.051639777949432225,1.0,0.0
shortcut_route_choice,shortcut_vs_turning_route,shortcut_route_memory,gaussian_sensory,temporal_dropout,none,0,lin_sequence_front_bands_r5_l4,5,4,8,front_bands,6,0.7666666666666666,0.09545214042184236,0.46666666666666673,0.06666666666666667,1.0,0.0
shortcut_route_choice,shortcut_vs_turning_route,shortcut_route_memory,gaussian_sensory,temporal_dropout,none,0,lin_sequence_front_bands_r5_l8,5,8,12,front_bands,6,0.8333333333333334,0.06146362971528592,0.5,0.04472135954999579,1.0,0.0
shortcut_route_choice,shortcut_vs_turning_route,shortcut_route_memory,gaussian_sensory,temporal_dropout,none,0,memoryless_linear,,,,,2,0.7,0.1,0.30000000000000004,0.1,nan,0.0
shortcut_route_choice,shortcut_vs_turning_route,shortcut_route_memory,gaussian_sensory,temporal_dropout,none,0,memoryless_mlp,,,,,2,0.7,0.1,0.30000000000000004,0.1,nan,0.0
shortcut_route_choice,shortcut_vs_turning_route,shortcut_route_memory,gaussian_sensory,temporal_dropout,none,0,numpy_rnn,,,,,2,0.6,0.0,0.0,0.0,nan,0.0
shortcut_route_choice,shortcut_vs_turning_route,shortcut_route_memory,gaussian_sensory,temporal_dropout,none,0,reservoir_block_hybrid,,,,,6,0.6,0.07302967433402216,0.43333333333333335,0.06146362971528592,nan,0.0
shortcut_route_choice,shortcut_vs_turning_route,shortcut_route_memory,gaussian_sensory,temporal_dropout,none,0,reservoir_diagonal,,,,,6,0.7000000000000001,0.08563488385776753,0.3333333333333333,0.06666666666666667,nan,0.0
shortcut_route_choice,shortcut_vs_turning_route,shortcut_route_memory,gaussian_sensory,temporal_dropout,none,0,reservoir_low_rank,,,,,6,0.7666666666666666,0.03333333333333335,0.3333333333333333,0.0421637021355784,nan,0.0
shortcut_route_choice,shortcut_vs_turning_route,shortcut_route_memory,gaussian_sensory,temporal_dropout,none,0,reservoir_nilpotent,,,,,6,0.7333333333333333,0.06666666666666667,0.43333333333333335,0.033333333333333326,nan,0.0
shortcut_route_choice,shortcut_vs_turning_route,shortcut_route_memory,gaussian_sensory,temporal_dropout,none,0,reservoir_orthogonal,,,,,6,0.6666666666666666,0.06666666666666668,0.39999999999999997,0.051639777949432225,nan,0.0
shortcut_route_choice,shortcut_vs_turning_route,shortcut_route_memory,gaussian_sensory,temporal_dropout,none,0,reservoir_oscillatory,,,,,6,0.6666666666666666,0.08432740427115679,0.39999999999999997,0.051639777949432225,nan,0.0
shortcut_route_choice,shortcut_vs_turning_route,shortcut_route_memory,gaussian_sensory,temporal_dropout,none,0,reservoir_random,,,,,6,0.7000000000000002,0.06831300510639735,0.39999999999999997,2.482534153247273e-17,nan,0.0
shortcut_route_choice,shortcut_vs_turning_route,shortcut_route_memory,gaussian_sensory,temporal_dropout,none,0,reservoir_sparse,,,,,6,0.6999999999999998,0.044721359549995815,0.3333333333333333,0.0421637021355784,nan,0.0
shortcut_route_choice,shortcut_vs_turning_route,shortcut_route_memory,gaussian_sensory,temporal_dropout,none,0,reservoir_symmetric,,,,,6,0.6666666666666666,0.042163702135578414,0.43333333333333335,0.033333333333333326,nan,0.0
shortcut_route_choice,shortcut_vs_turning_route,shortcut_route_memory,gaussian_sensory,temporal_dropout,one_hot,0,lin_block_r1_l2,1,2,2,independent_blocks,2,0.6,0.0,nan,0.0,nan,0.0
shortcut_route_choice,shortcut_vs_turning_route,shortcut_route_memory,gaussian_sensory,temporal_dropout,one_hot,0,lin_block_r1_l4,1,4,4,independent_blocks,2,0.6,0.0,nan,0.0,nan,0.0
shortcut_route_choice,shortcut_vs_turning_route,shortcut_route_memory,gaussian_sensory,temporal_dropout,one_hot,0,lin_block_r1_l8,1,8,8,independent_blocks,2,1.0,0.0,nan,0.0,nan,0.0
shortcut_route_choice,shortcut_vs_turning_route,shortcut_route_memory,gaussian_sensory,temporal_dropout,one_hot,0,lin_block_r3_l2,3,2,4,independent_blocks,2,0.5,0.09999999999999998,nan,0.0,nan,0.0
shortcut_route_choice,shortcut_vs_turning_route,shortcut_route_memory,gaussian_sensory,temporal_dropout,one_hot,0,lin_block_r3_l4,3,4,6,independent_blocks,2,1.0,0.0,nan,0.0,nan,0.0
shortcut_route_choice,shortcut_vs_turning_route,shortcut_route_memory,gaussian_sensory,temporal_dropout,one_hot,0,lin_block_r3_l8,3,8,10,independent_blocks,2,1.0,0.0,nan,0.0,nan,0.0
shortcut_route_choice,shortcut_vs_turning_route,shortcut_route_memory,gaussian_sensory,temporal_dropout,one_hot,0,lin_block_r5_l2,5,2,6,independent_blocks,2,0.8,0.0,nan,0.0,nan,0.0
shortcut_route_choice,shortcut_vs_turning_route,shortcut_route_memory,gaussian_sensory,temporal_dropout,one_hot,0,lin_block_r5_l4,5,4,8,independent_blocks,2,0.8,0.0,nan,0.0,nan,0.0
shortcut_route_choice,shortcut_vs_turning_route,shortcut_route_memory,gaussian_sensory,temporal_dropout,one_hot,0,lin_block_r5_l8,5,8,12,independent_blocks,2,1.0,0.0,nan,0.0,nan,0.0
shortcut_route_choice,shortcut_vs_turning_route,shortcut_route_memory,gaussian_sensory,temporal_dropout,one_hot,0,lin_sequence_all_units_r3_l4,3,4,6,all_units,6,0.7333333333333333,0.06666666666666668,0.43333333333333335,0.06146362971528592,0.9666666666666667,0.033333333333333326
shortcut_route_choice,shortcut_vs_turning_route,shortcut_route_memory,gaussian_sensory,temporal_dropout,one_hot,0,lin_sequence_front_bands_r1_l2,1,2,2,front_bands,6,0.7999999999999999,0.05163977794943224,0.39999999999999997,0.07302967433402215,1.0,0.0
shortcut_route_choice,shortcut_vs_turning_route,shortcut_route_memory,gaussian_sensory,temporal_dropout,one_hot,0,lin_sequence_front_bands_r1_l4,1,4,4,front_bands,6,0.5666666666666667,0.06146362971528592,0.36666666666666664,0.03333333333333333,1.0,0.0
shortcut_route_choice,shortcut_vs_turning_route,shortcut_route_memory,gaussian_sensory,temporal_dropout,one_hot,0,lin_sequence_front_bands_r1_l8,1,8,8,front_bands,6,1.0,0.0,0.5666666666666667,0.033333333333333326,0.9333333333333332,0.042163702135578386
shortcut_route_choice,shortcut_vs_turning_route,shortcut_route_memory,gaussian_sensory,temporal_dropout,one_hot,0,lin_sequence_front_bands_r3_l2,3,2,4,front_bands,6,0.6333333333333333,0.08027729719194865,0.3333333333333333,0.06666666666666667,1.0,0.0
shortcut_route_choice,shortcut_vs_turning_route,shortcut_route_memory,gaussian_sensory,temporal_dropout,one_hot,0,lin_sequence_front_bands_r3_l4,3,4,6,front_bands,6,0.7999999999999999,0.05163977794943224,0.5,0.04472135954999579,0.8999999999999999,0.06831300510639735
shortcut_route_choice,shortcut_vs_turning_route,shortcut_route_memory,gaussian_sensory,temporal_dropout,one_hot,0,lin_sequence_front_bands_r3_l8,3,8,10,front_bands,6,0.9333333333333332,0.042163702135578386,0.5666666666666668,0.03333333333333333,1.0,0.0
shortcut_route_choice,shortcut_vs_turning_route,shortcut_route_memory,gaussian_sensory,temporal_dropout,one_hot,0,lin_sequence_front_bands_r5_l2,5,2,6,front_bands,6,0.5666666666666668,0.06146362971528592,0.3333333333333333,0.06666666666666667,0.9666666666666667,0.033333333333333326
shortcut_route_choice,shortcut_vs_turning_route,shortcut_route_memory,gaussian_sensory,temporal_dropout,one_hot,0,lin_sequence_front_bands_r5_l4,5,4,8,front_bands,6,0.8333333333333334,0.08027729719194865,0.4666666666666666,0.06666666666666667,1.0,0.0
shortcut_route_choice,shortcut_vs_turning_route,shortcut_route_memory,gaussian_sensory,temporal_dropout,one_hot,0,lin_sequence_front_bands_r5_l8,5,8,12,front_bands,6,0.8666666666666667,0.042163702135578386,0.46666666666666673,0.042163702135578386,0.9666666666666667,0.033333333333333326
shortcut_route_choice,shortcut_vs_turning_route,shortcut_route_memory,gaussian_sensory,temporal_dropout,one_hot,0,memoryless_linear,,,,,2,0.7,0.1,0.30000000000000004,0.1,nan,0.0
shortcut_route_choice,shortcut_vs_turning_route,shortcut_route_memory,gaussian_sensory,temporal_dropout,one_hot,0,memoryless_mlp,,,,,2,0.7,0.1,0.30000000000000004,0.1,nan,0.0
shortcut_route_choice,shortcut_vs_turning_route,shortcut_route_memory,gaussian_sensory,temporal_dropout,one_hot,0,numpy_rnn,,,,,2,0.6,0.0,0.0,0.0,nan,0.0
shortcut_route_choice,shortcut_vs_turning_route,shortcut_route_memory,gaussian_sensory,temporal_dropout,one_hot,0,reservoir_block_hybrid,,,,,6,0.6666666666666666,0.042163702135578414,0.5000000000000001,0.04472135954999579,nan,0.0
shortcut_route_choice,shortcut_vs_turning_route,shortcut_route_memory,gaussian_sensory,temporal_dropout,one_hot,0,reservoir_diagonal,,,,,6,0.7333333333333334,0.042163702135578414,0.43333333333333335,0.033333333333333326,nan,0.0
shortcut_route_choice,shortcut_vs_turning_route,shortcut_route_memory,gaussian_sensory,temporal_dropout,one_hot,0,reservoir_low_rank,,,,,6,0.5666666666666667,0.10852547064066474,0.3666666666666667,0.06146362971528592,nan,0.0
shortcut_route_choice,shortcut_vs_turning_route,shortcut_route_memory,gaussian_sensory,temporal_dropout,one_hot,0,reservoir_nilpotent,,,,,6,0.7666666666666666,0.06146362971528593,0.43333333333333335,0.06146362971528592,nan,0.0
shortcut_route_choice,shortcut_vs_turning_route,shortcut_route_memory,gaussian_sensory,temporal_dropout,one_hot,0,reservoir_orthogonal,,,,,6,0.8666666666666666,0.042163702135578386,0.5666666666666667,0.033333333333333326,nan,0.0
shortcut_route_choice,shortcut_vs_turning_route,shortcut_route_memory,gaussian_sensory,temporal_dropout,one_hot,0,reservoir_oscillatory,,,,,6,0.5,0.04472135954999579,0.3666666666666667,0.06146362971528592,nan,0.0
shortcut_route_choice,shortcut_vs_turning_route,shortcut_route_memory,gaussian_sensory,temporal_dropout,one_hot,0,reservoir_random,,,,,6,0.6666666666666666,0.08432740427115679,0.36666666666666664,0.03333333333333333,nan,0.0
shortcut_route_choice,shortcut_vs_turning_route,shortcut_route_memory,gaussian_sensory,temporal_dropout,one_hot,0,reservoir_sparse,,,,,6,0.6999999999999998,0.04472135954999581,0.36666666666666664,0.06146362971528592,nan,0.0
shortcut_route_choice,shortcut_vs_turning_route,shortcut_route_memory,gaussian_sensory,temporal_dropout,one_hot,0,reservoir_symmetric,,,,,6,0.6,0.0,0.43333333333333335,0.06146362971528592,nan,0.0
shortcut_route_choice,shortcut_vs_turning_route,shortcut_route_memory,gaussian_sensory,temporal_full,embedding,8,lin_block_r1_l2,1,2,2,independent_blocks,2,0.8,0.2,nan,0.0,nan,0.0
shortcut_route_choice,shortcut_vs_turning_route,shortcut_route_memory,gaussian_sensory,temporal_full,embedding,8,lin_block_r1_l4,1,4,4,independent_blocks,2,0.9,0.09999999999999998,nan,0.0,nan,0.0
shortcut_route_choice,shortcut_vs_turning_route,shortcut_route_memory,gaussian_sensory,temporal_full,embedding,8,lin_block_r1_l8,1,8,8,independent_blocks,2,1.0,0.0,nan,0.0,nan,0.0
shortcut_route_choice,shortcut_vs_turning_route,shortcut_route_memory,gaussian_sensory,temporal_full,embedding,8,lin_block_r3_l2,3,2,4,independent_blocks,2,1.0,0.0,nan,0.0,nan,0.0
shortcut_route_choice,shortcut_vs_turning_route,shortcut_route_memory,gaussian_sensory,temporal_full,embedding,8,lin_block_r3_l4,3,4,6,independent_blocks,2,1.0,0.0,nan,0.0,nan,0.0
shortcut_route_choice,shortcut_vs_turning_route,shortcut_route_memory,gaussian_sensory,temporal_full,embedding,8,lin_block_r3_l8,3,8,10,independent_blocks,2,1.0,0.0,nan,0.0,nan,0.0
shortcut_route_choice,shortcut_vs_turning_route,shortcut_route_memory,gaussian_sensory,temporal_full,embedding,8,lin_block_r5_l2,5,2,6,independent_blocks,2,1.0,0.0,nan,0.0,nan,0.0
shortcut_route_choice,shortcut_vs_turning_route,shortcut_route_memory,gaussian_sensory,temporal_full,embedding,8,lin_block_r5_l4,5,4,8,independent_blocks,2,1.0,0.0,nan,0.0,nan,0.0
shortcut_route_choice,shortcut_vs_turning_route,shortcut_route_memory,gaussian_sensory,temporal_full,embedding,8,lin_block_r5_l8,5,8,12,independent_blocks,2,1.0,0.0,nan,0.0,nan,0.0
shortcut_route_choice,shortcut_vs_turning_route,shortcut_route_memory,gaussian_sensory,temporal_full,embedding,8,lin_sequence_all_units_r3_l4,3,4,6,all_units,6,0.8999999999999999,0.06831300510639735,0.5666666666666667,0.033333333333333326,1.0,0.0
shortcut_route_choice,shortcut_vs_turning_route,shortcut_route_memory,gaussian_sensory,temporal_full,embedding,8,lin_sequence_front_bands_r1_l2,1,2,2,front_bands,6,0.7666666666666666,0.06146362971528593,0.5,0.04472135954999579,1.0,0.0
shortcut_route_choice,shortcut_vs_turning_route,shortcut_route_memory,gaussian_sensory,temporal_full,embedding,8,lin_sequence_front_bands_r1_l4,1,4,4,front_bands,6,0.9,0.04472135954999579,0.6,0.0,1.0,0.0
shortcut_route_choice,shortcut_vs_turning_route,shortcut_route_memory,gaussian_sensory,temporal_full,embedding,8,lin_sequence_front_bands_r1_l8,1,8,8,front_bands,6,1.0,0.0,0.6,0.0,0.9666666666666667,0.033333333333333326
shortcut_route_choice,shortcut_vs_turning_route,shortcut_route_memory,gaussian_sensory,temporal_full,embedding,8,lin_sequence_front_bands_r3_l2,3,2,4,front_bands,6,0.8666666666666666,0.06666666666666667,0.5666666666666667,0.033333333333333326,1.0,0.0
shortcut_route_choice,shortcut_vs_turning_route,shortcut_route_memory,gaussian_sensory,temporal_full,embedding,8,lin_sequence_front_bands_r3_l4,3,4,6,front_bands,6,0.9333333333333332,0.042163702135578386,0.5333333333333333,0.042163702135578386,1.0,0.0
shortcut_route_choice,shortcut_vs_turning_route,shortcut_route_memory,gaussian_sensory,temporal_full,embedding,8,lin_sequence_front_bands_r3_l8,3,8,10,front_bands,6,1.0,0.0,0.6,0.0,1.0,0.0
shortcut_route_choice,shortcut_vs_turning_route,shortcut_route_memory,gaussian_sensory,temporal_full,embedding,8,lin_sequence_front_bands_r5_l2,5,2,6,front_bands,6,0.9333333333333332,0.042163702135578386,0.5666666666666668,0.033333333333333326,1.0,0.0
shortcut_route_choice,shortcut_vs_turning_route,shortcut_route_memory,gaussian_sensory,temporal_full,embedding,8,lin_sequence_front_bands_r5_l4,5,4,8,front_bands,6,0.9666666666666667,0.033333333333333326,0.5666666666666667,0.033333333333333326,1.0,0.0
shortcut_route_choice,shortcut_vs_turning_route,shortcut_route_memory,gaussian_sensory,temporal_full,embedding,8,lin_sequence_front_bands_r5_l8,5,8,12,front_bands,6,1.0,0.0,0.6,0.0,1.0,0.0
shortcut_route_choice,shortcut_vs_turning_route,shortcut_route_memory,gaussian_sensory,temporal_full,embedding,8,memoryless_linear,,,,,2,0.7,0.1,0.6,0.0,nan,0.0
shortcut_route_choice,shortcut_vs_turning_route,shortcut_route_memory,gaussian_sensory,temporal_full,embedding,8,memoryless_mlp,,,,,2,0.7,0.1,0.6,0.0,nan,0.0
shortcut_route_choice,shortcut_vs_turning_route,shortcut_route_memory,gaussian_sensory,temporal_full,embedding,8,numpy_rnn,,,,,2,0.7,0.1,0.2,0.2,nan,0.0
shortcut_route_choice,shortcut_vs_turning_route,shortcut_route_memory,gaussian_sensory,temporal_full,embedding,8,reservoir_block_hybrid,,,,,6,0.7999999999999999,0.05163977794943224,0.6,0.0,nan,0.0
shortcut_route_choice,shortcut_vs_turning_route,shortcut_route_memory,gaussian_sensory,temporal_full,embedding,8,reservoir_diagonal,,,,,6,0.9,0.06831300510639735,0.5666666666666668,0.03333333333333333,nan,0.0
shortcut_route_choice,shortcut_vs_turning_route,shortcut_route_memory,gaussian_sensory,temporal_full,embedding,8,reservoir_low_rank,,,,,6,0.8333333333333334,0.09545214042184236,0.5666666666666668,0.03333333333333333,nan,0.0
shortcut_route_choice,shortcut_vs_turning_route,shortcut_route_memory,gaussian_sensory,temporal_full,embedding,8,reservoir_nilpotent,,,,,6,1.0,0.0,0.6,0.0,nan,0.0
shortcut_route_choice,shortcut_vs_turning_route,shortcut_route_memory,gaussian_sensory,temporal_full,embedding,8,reservoir_orthogonal,,,,,6,0.8999999999999999,0.06831300510639735,0.5666666666666667,0.033333333333333326,nan,0.0
shortcut_route_choice,shortcut_vs_turning_route,shortcut_route_memory,gaussian_sensory,temporal_full,embedding,8,reservoir_oscillatory,,,,,6,0.7666666666666667,0.06146362971528593,0.5666666666666667,0.033333333333333326,nan,0.0
shortcut_route_choice,shortcut_vs_turning_route,shortcut_route_memory,gaussian_sensory,temporal_full,embedding,8,reservoir_random,,,,,6,0.8999999999999999,0.04472135954999579,0.5333333333333333,0.042163702135578386,nan,0.0
shortcut_route_choice,shortcut_vs_turning_route,shortcut_route_memory,gaussian_sensory,temporal_full,embedding,8,reservoir_sparse,,,,,6,0.9333333333333332,0.042163702135578386,0.6,0.0,nan,0.0
shortcut_route_choice,shortcut_vs_turning_route,shortcut_route_memory,gaussian_sensory,temporal_full,embedding,8,reservoir_symmetric,,,,,6,0.9333333333333332,0.042163702135578386,0.5666666666666668,0.03333333333333333,nan,0.0
shortcut_route_choice,shortcut_vs_turning_route,shortcut_route_memory,gaussian_sensory,temporal_full,none,0,lin_block_r1_l2,1,2,2,independent_blocks,2,0.6,0.0,nan,0.0,nan,0.0
shortcut_route_choice,shortcut_vs_turning_route,shortcut_route_memory,gaussian_sensory,temporal_full,none,0,lin_block_r1_l4,1,4,4,independent_blocks,2,0.9,0.09999999999999998,nan,0.0,nan,0.0
shortcut_route_choice,shortcut_vs_turning_route,shortcut_route_memory,gaussian_sensory,temporal_full,none,0,lin_block_r1_l8,1,8,8,independent_blocks,2,1.0,0.0,nan,0.0,nan,0.0
shortcut_route_choice,shortcut_vs_turning_route,shortcut_route_memory,gaussian_sensory,temporal_full,none,0,lin_block_r3_l2,3,2,4,independent_blocks,2,0.6,0.0,nan,0.0,nan,0.0
shortcut_route_choice,shortcut_vs_turning_route,shortcut_route_memory,gaussian_sensory,temporal_full,none,0,lin_block_r3_l4,3,4,6,independent_blocks,2,0.9,0.09999999999999998,nan,0.0,nan,0.0
shortcut_route_choice,shortcut_vs_turning_route,shortcut_route_memory,gaussian_sensory,temporal_full,none,0,lin_block_r3_l8,3,8,10,independent_blocks,2,1.0,0.0,nan,0.0,nan,0.0
shortcut_route_choice,shortcut_vs_turning_route,shortcut_route_memory,gaussian_sensory,temporal_full,none,0,lin_block_r5_l2,5,2,6,independent_blocks,2,1.0,0.0,nan,0.0,nan,0.0
shortcut_route_choice,shortcut_vs_turning_route,shortcut_route_memory,gaussian_sensory,temporal_full,none,0,lin_block_r5_l4,5,4,8,independent_blocks,2,1.0,0.0,nan,0.0,nan,0.0
shortcut_route_choice,shortcut_vs_turning_route,shortcut_route_memory,gaussian_sensory,temporal_full,none,0,lin_block_r5_l8,5,8,12,independent_blocks,2,1.0,0.0,nan,0.0,nan,0.0
shortcut_route_choice,shortcut_vs_turning_route,shortcut_route_memory,gaussian_sensory,temporal_full,none,0,lin_sequence_all_units_r3_l4,3,4,6,all_units,6,0.9333333333333332,0.042163702135578386,0.6,0.0,1.0,0.0
shortcut_route_choice,shortcut_vs_turning_route,shortcut_route_memory,gaussian_sensory,temporal_full,none,0,lin_sequence_front_bands_r1_l2,1,2,2,front_bands,6,0.7666666666666666,0.03333333333333335,0.5666666666666668,0.033333333333333326,1.0,0.0
shortcut_route_choice,shortcut_vs_turning_route,shortcut_route_memory,gaussian_sensory,temporal_full,none,0,lin_sequence_front_bands_r1_l4,1,4,4,front_bands,6,0.8666666666666667,0.06666666666666667,0.5666666666666668,0.03333333333333333,1.0,0.0
shortcut_route_choice,shortcut_vs_turning_route,shortcut_route_memory,gaussian_sensory,temporal_full,none,0,lin_sequence_front_bands_r1_l8,1,8,8,front_bands,6,1.0,0.0,0.6,0.0,1.0,0.0
shortcut_route_choice,shortcut_vs_turning_route,shortcut_route_memory,gaussian_sensory,temporal_full,none,0,lin_sequence_front_bands_r3_l2,3,2,4,front_bands,6,0.9,0.06831300510639735,0.6,0.0,1.0,0.0
shortcut_route_choice,shortcut_vs_turning_route,shortcut_route_memory,gaussian_sensory,temporal_full,none,0,lin_sequence_front_bands_r3_l4,3,4,6,front_bands,6,0.9,0.04472135954999579,0.5666666666666668,0.033333333333333326,1.0,0.0
shortcut_route_choice,shortcut_vs_turning_route,shortcut_route_memory,gaussian_sensory,temporal_full,none,0,lin_sequence_front_bands_r3_l8,3,8,10,front_bands,6,1.0,0.0,0.6,0.0,1.0,0.0
shortcut_route_choice,shortcut_vs_turning_route,shortcut_route_memory,gaussian_sensory,temporal_full,none,0,lin_sequence_front_bands_r5_l2,5,2,6,front_bands,6,0.8999999999999999,0.04472135954999579,0.6,0.0,1.0,0.0
shortcut_route_choice,shortcut_vs_turning_route,shortcut_route_memory,gaussian_sensory,temporal_full,none,0,lin_sequence_front_bands_r5_l4,5,4,8,front_bands,6,0.9666666666666667,0.033333333333333326,0.6,0.0,1.0,0.0
shortcut_route_choice,shortcut_vs_turning_route,shortcut_route_memory,gaussian_sensory,temporal_full,none,0,lin_sequence_front_bands_r5_l8,5,8,12,front_bands,6,0.9666666666666667,0.033333333333333326,0.6,0.0,0.9,0.10000000000000002
shortcut_route_choice,shortcut_vs_turning_route,shortcut_route_memory,gaussian_sensory,temporal_full,none,0,memoryless_linear,,,,,2,0.6,0.0,0.5,0.09999999999999998,nan,0.0
shortcut_route_choice,shortcut_vs_turning_route,shortcut_route_memory,gaussian_sensory,temporal_full,none,0,memoryless_mlp,,,,,2,0.6,0.0,0.5,0.09999999999999998,nan,0.0
shortcut_route_choice,shortcut_vs_turning_route,shortcut_route_memory,gaussian_sensory,temporal_full,none,0,numpy_rnn,,,,,2,1.0,0.0,0.6,0.0,nan,0.0
shortcut_route_choice,shortcut_vs_turning_route,shortcut_route_memory,gaussian_sensory,temporal_full,none,0,reservoir_block_hybrid,,,,,6,0.8666666666666667,0.06666666666666667,0.5666666666666667,0.033333333333333326,nan,0.0
shortcut_route_choice,shortcut_vs_turning_route,shortcut_route_memory,gaussian_sensory,temporal_full,none,0,reservoir_diagonal,,,,,6,1.0,0.0,0.6,0.0,nan,0.0
shortcut_route_choice,shortcut_vs_turning_route,shortcut_route_memory,gaussian_sensory,temporal_full,none,0,reservoir_low_rank,,,,,6,0.9666666666666667,0.033333333333333326,0.6,0.0,nan,0.0
shortcut_route_choice,shortcut_vs_turning_route,shortcut_route_memory,gaussian_sensory,temporal_full,none,0,reservoir_nilpotent,,,,,6,0.9333333333333332,0.042163702135578386,0.6,0.0,nan,0.0
shortcut_route_choice,shortcut_vs_turning_route,shortcut_route_memory,gaussian_sensory,temporal_full,none,0,reservoir_orthogonal,,,,,6,0.9333333333333332,0.042163702135578386,0.6,0.0,nan,0.0
shortcut_route_choice,shortcut_vs_turning_route,shortcut_route_memory,gaussian_sensory,temporal_full,none,0,reservoir_oscillatory,,,,,6,0.6333333333333333,0.06146362971528593,0.5333333333333333,0.042163702135578386,nan,0.0
shortcut_route_choice,shortcut_vs_turning_route,shortcut_route_memory,gaussian_sensory,temporal_full,none,0,reservoir_random,,,,,6,1.0,0.0,0.6,0.0,nan,0.0
shortcut_route_choice,shortcut_vs_turning_route,shortcut_route_memory,gaussian_sensory,temporal_full,none,0,reservoir_sparse,,,,,6,0.8666666666666667,0.06666666666666667,0.6,0.0,nan,0.0
shortcut_route_choice,shortcut_vs_turning_route,shortcut_route_memory,gaussian_sensory,temporal_full,none,0,reservoir_symmetric,,,,,6,1.0,0.0,0.6,0.0,nan,0.0
shortcut_route_choice,shortcut_vs_turning_route,shortcut_route_memory,gaussian_sensory,temporal_full,one_hot,0,lin_block_r1_l2,1,2,2,independent_blocks,2,0.9,0.09999999999999998,nan,0.0,nan,0.0
shortcut_route_choice,shortcut_vs_turning_route,shortcut_route_memory,gaussian_sensory,temporal_full,one_hot,0,lin_block_r1_l4,1,4,4,independent_blocks,2,1.0,0.0,nan,0.0,nan,0.0
shortcut_route_choice,shortcut_vs_turning_route,shortcut_route_memory,gaussian_sensory,temporal_full,one_hot,0,lin_block_r1_l8,1,8,8,independent_blocks,2,1.0,0.0,nan,0.0,nan,0.0
shortcut_route_choice,shortcut_vs_turning_route,shortcut_route_memory,gaussian_sensory,temporal_full,one_hot,0,lin_block_r3_l2,3,2,4,independent_blocks,2,0.9,0.09999999999999998,nan,0.0,nan,0.0
shortcut_route_choice,shortcut_vs_turning_route,shortcut_route_memory,gaussian_sensory,temporal_full,one_hot,0,lin_block_r3_l4,3,4,6,independent_blocks,2,1.0,0.0,nan,0.0,nan,0.0
shortcut_route_choice,shortcut_vs_turning_route,shortcut_route_memory,gaussian_sensory,temporal_full,one_hot,0,lin_block_r3_l8,3,8,10,independent_blocks,2,1.0,0.0,nan,0.0,nan,0.0
shortcut_route_choice,shortcut_vs_turning_route,shortcut_route_memory,gaussian_sensory,temporal_full,one_hot,0,lin_block_r5_l2,5,2,6,independent_blocks,2,1.0,0.0,nan,0.0,nan,0.0
shortcut_route_choice,shortcut_vs_turning_route,shortcut_route_memory,gaussian_sensory,temporal_full,one_hot,0,lin_block_r5_l4,5,4,8,independent_blocks,2,1.0,0.0,nan,0.0,nan,0.0
shortcut_route_choice,shortcut_vs_turning_route,shortcut_route_memory,gaussian_sensory,temporal_full,one_hot,0,lin_block_r5_l8,5,8,12,independent_blocks,2,1.0,0.0,nan,0.0,nan,0.0
shortcut_route_choice,shortcut_vs_turning_route,shortcut_route_memory,gaussian_sensory,temporal_full,one_hot,0,lin_sequence_all_units_r3_l4,3,4,6,all_units,6,0.9333333333333332,0.06666666666666667,0.5666666666666667,0.033333333333333326,1.0,0.0
shortcut_route_choice,shortcut_vs_turning_route,shortcut_route_memory,gaussian_sensory,temporal_full,one_hot,0,lin_sequence_front_bands_r1_l2,1,2,2,front_bands,6,0.9666666666666667,0.033333333333333326,0.5666666666666667,0.033333333333333326,1.0,0.0
shortcut_route_choice,shortcut_vs_turning_route,shortcut_route_memory,gaussian_sensory,temporal_full,one_hot,0,lin_sequence_front_bands_r1_l4,1,4,4,front_bands,6,0.8333333333333334,0.06146362971528592,0.5666666666666667,0.033333333333333326,1.0,0.0
shortcut_route_choice,shortcut_vs_turning_route,shortcut_route_memory,gaussian_sensory,temporal_full,one_hot,0,lin_sequence_front_bands_r1_l8,1,8,8,front_bands,6,1.0,0.0,0.6,0.0,1.0,0.0
shortcut_route_choice,shortcut_vs_turning_route,shortcut_route_memory,gaussian_sensory,temporal_full,one_hot,0,lin_sequence_front_bands_r3_l2,3,2,4,front_bands,6,1.0,0.0,0.6,0.0,1.0,0.0
shortcut_route_choice,shortcut_vs_turning_route,shortcut_route_memory,gaussian_sensory,temporal_full,one_hot,0,lin_sequence_front_bands_r3_l4,3,4,6,front_bands,6,0.9666666666666667,0.033333333333333326,0.5666666666666667,0.033333333333333326,1.0,0.0
shortcut_route_choice,shortcut_vs_turning_route,shortcut_route_memory,gaussian_sensory,temporal_full,one_hot,0,lin_sequence_front_bands_r3_l8,3,8,10,front_bands,6,1.0,0.0,0.6,0.0,0.9666666666666667,0.033333333333333326
shortcut_route_choice,shortcut_vs_turning_route,shortcut_route_memory,gaussian_sensory,temporal_full,one_hot,0,lin_sequence_front_bands_r5_l2,5,2,6,front_bands,6,0.8999999999999999,0.04472135954999579,0.5666666666666667,0.033333333333333326,1.0,0.0
shortcut_route_choice,shortcut_vs_turning_route,shortcut_route_memory,gaussian_sensory,temporal_full,one_hot,0,lin_sequence_front_bands_r5_l4,5,4,8,front_bands,6,0.9333333333333332,0.042163702135578386,0.5666666666666667,0.033333333333333326,1.0,0.0
shortcut_route_choice,shortcut_vs_turning_route,shortcut_route_memory,gaussian_sensory,temporal_full,one_hot,0,lin_sequence_front_bands_r5_l8,5,8,12,front_bands,6,1.0,0.0,0.6,0.0,0.9666666666666667,0.033333333333333326
shortcut_route_choice,shortcut_vs_turning_route,shortcut_route_memory,gaussian_sensory,temporal_full,one_hot,0,memoryless_linear,,,,,2,0.7,0.1,0.6,0.0,nan,0.0
shortcut_route_choice,shortcut_vs_turning_route,shortcut_route_memory,gaussian_sensory,temporal_full,one_hot,0,memoryless_mlp,,,,,2,0.7,0.1,0.6,0.0,nan,0.0
shortcut_route_choice,shortcut_vs_turning_route,shortcut_route_memory,gaussian_sensory,temporal_full,one_hot,0,numpy_rnn,,,,,2,0.8,0.0,0.2,0.0,nan,0.0
shortcut_route_choice,shortcut_vs_turning_route,shortcut_route_memory,gaussian_sensory,temporal_full,one_hot,0,reservoir_block_hybrid,,,,,6,0.9666666666666667,0.033333333333333326,0.6,0.0,nan,0.0
shortcut_route_choice,shortcut_vs_turning_route,shortcut_route_memory,gaussian_sensory,temporal_full,one_hot,0,reservoir_diagonal,,,,,6,1.0,0.0,0.6,0.0,nan,0.0
shortcut_route_choice,shortcut_vs_turning_route,shortcut_route_memory,gaussian_sensory,temporal_full,one_hot,0,reservoir_low_rank,,,,,6,0.8666666666666666,0.042163702135578386,0.6,0.0,nan,0.0
shortcut_route_choice,shortcut_vs_turning_route,shortcut_route_memory,gaussian_sensory,temporal_full,one_hot,0,reservoir_nilpotent,,,,,6,0.9666666666666667,0.033333333333333326,0.6,0.0,nan,0.0
shortcut_route_choice,shortcut_vs_turning_route,shortcut_route_memory,gaussian_sensory,temporal_full,one_hot,0,reservoir_orthogonal,,,,,6,0.9666666666666667,0.033333333333333326,0.5666666666666668,0.03333333333333333,nan,0.0
shortcut_route_choice,shortcut_vs_turning_route,shortcut_route_memory,gaussian_sensory,temporal_full,one_hot,0,reservoir_oscillatory,,,,,6,0.7666666666666666,0.09545214042184236,0.5666666666666667,0.033333333333333326,nan,0.0
shortcut_route_choice,shortcut_vs_turning_route,shortcut_route_memory,gaussian_sensory,temporal_full,one_hot,0,reservoir_random,,,,,6,0.8666666666666666,0.06666666666666667,0.5666666666666667,0.033333333333333326,nan,0.0
shortcut_route_choice,shortcut_vs_turning_route,shortcut_route_memory,gaussian_sensory,temporal_full,one_hot,0,reservoir_sparse,,,,,6,0.7999999999999999,0.05163977794943224,0.5333333333333333,0.042163702135578386,nan,0.0
shortcut_route_choice,shortcut_vs_turning_route,shortcut_route_memory,gaussian_sensory,temporal_full,one_hot,0,reservoir_symmetric,,,,,6,0.9333333333333332,0.042163702135578386,0.6,0.0,nan,0.0
shortcut_tree_025,hierarchical_with_lateral_edges,shortcut_tree_navigation,gaussian_sensory,temporal_cue_then_blank,embedding,8,lin_block_r1_l2,1,2,2,independent_blocks,2,0.9111111111111112,0.011111111111111125,nan,0.0,nan,0.0
shortcut_tree_025,hierarchical_with_lateral_edges,shortcut_tree_navigation,gaussian_sensory,temporal_cue_then_blank,embedding,8,lin_block_r1_l4,1,4,4,independent_blocks,2,0.9222222222222223,0.011111111111111125,nan,0.0,nan,0.0
shortcut_tree_025,hierarchical_with_lateral_edges,shortcut_tree_navigation,gaussian_sensory,temporal_cue_then_blank,embedding,8,lin_block_r1_l8,1,8,8,independent_blocks,2,0.9222222222222223,0.011111111111111125,nan,0.0,nan,0.0
shortcut_tree_025,hierarchical_with_lateral_edges,shortcut_tree_navigation,gaussian_sensory,temporal_cue_then_blank,embedding,8,lin_block_r3_l2,3,2,4,independent_blocks,2,0.9222222222222223,0.011111111111111125,nan,0.0,nan,0.0
shortcut_tree_025,hierarchical_with_lateral_edges,shortcut_tree_navigation,gaussian_sensory,temporal_cue_then_blank,embedding,8,lin_block_r3_l4,3,4,6,independent_blocks,2,0.9222222222222223,0.011111111111111125,nan,0.0,nan,0.0
shortcut_tree_025,hierarchical_with_lateral_edges,shortcut_tree_navigation,gaussian_sensory,temporal_cue_then_blank,embedding,8,lin_block_r3_l8,3,8,10,independent_blocks,2,0.9222222222222223,0.011111111111111125,nan,0.0,nan,0.0
shortcut_tree_025,hierarchical_with_lateral_edges,shortcut_tree_navigation,gaussian_sensory,temporal_cue_then_blank,embedding,8,lin_block_r5_l2,5,2,6,independent_blocks,2,0.9222222222222223,0.011111111111111125,nan,0.0,nan,0.0
shortcut_tree_025,hierarchical_with_lateral_edges,shortcut_tree_navigation,gaussian_sensory,temporal_cue_then_blank,embedding,8,lin_block_r5_l4,5,4,8,independent_blocks,2,0.9222222222222223,0.011111111111111125,nan,0.0,nan,0.0
shortcut_tree_025,hierarchical_with_lateral_edges,shortcut_tree_navigation,gaussian_sensory,temporal_cue_then_blank,embedding,8,lin_block_r5_l8,5,8,12,independent_blocks,2,0.9222222222222223,0.011111111111111125,nan,0.0,nan,0.0
shortcut_tree_025,hierarchical_with_lateral_edges,shortcut_tree_navigation,gaussian_sensory,temporal_cue_then_blank,embedding,8,lin_sequence_all_units_r3_l4,3,4,6,all_units,6,0.9166666666666669,0.004757493547653757,0.008333333333333333,0.008333333333333335,nan,0.0
shortcut_tree_025,hierarchical_with_lateral_edges,shortcut_tree_navigation,gaussian_sensory,temporal_cue_then_blank,embedding,8,lin_sequence_front_bands_r1_l2,1,2,2,front_bands,6,0.912962962962963,0.008803603202966456,0.025000000000000005,0.01118033988749895,nan,0.0
shortcut_tree_025,hierarchical_with_lateral_edges,shortcut_tree_navigation,gaussian_sensory,temporal_cue_then_blank,embedding,8,lin_sequence_front_bands_r1_l4,1,4,4,front_bands,6,0.9185185185185186,0.0068292921905873235,0.016666666666666666,0.010540925533894598,nan,0.0
shortcut_tree_025,hierarchical_with_lateral_edges,shortcut_tree_navigation,gaussian_sensory,temporal_cue_then_blank,embedding,8,lin_sequence_front_bands_r1_l8,1,8,8,front_bands,6,0.9222222222222224,0.0057377531054924715,0.0,0.0,nan,0.0
shortcut_tree_025,hierarchical_with_lateral_edges,shortcut_tree_navigation,gaussian_sensory,temporal_cue_then_blank,embedding,8,lin_sequence_front_bands_r3_l2,3,2,4,front_bands,6,0.9166666666666669,0.004757493547653757,0.016666666666666666,0.010540925533894598,nan,0.0
shortcut_tree_025,hierarchical_with_lateral_edges,shortcut_tree_navigation,gaussian_sensory,temporal_cue_then_blank,embedding,8,lin_sequence_front_bands_r3_l4,3,4,6,front_bands,6,0.9129629629629631,0.006676946806414807,0.0,0.0,nan,0.0
shortcut_tree_025,hierarchical_with_lateral_edges,shortcut_tree_navigation,gaussian_sensory,temporal_cue_then_blank,embedding,8,lin_sequence_front_bands_r3_l8,3,8,10,front_bands,6,0.9185185185185186,0.004684855792842048,0.0,0.0,nan,0.0
shortcut_tree_025,hierarchical_with_lateral_edges,shortcut_tree_navigation,gaussian_sensory,temporal_cue_then_blank,embedding,8,lin_sequence_front_bands_r5_l2,5,2,6,front_bands,6,0.912962962962963,0.009693520243186966,0.016666666666666666,0.0105409255338946,nan,0.0
shortcut_tree_025,hierarchical_with_lateral_edges,shortcut_tree_navigation,gaussian_sensory,temporal_cue_then_blank,embedding,8,lin_sequence_front_bands_r5_l4,5,4,8,front_bands,6,0.9129629629629631,0.006029192813370264,0.008333333333333333,0.008333333333333335,nan,0.0
shortcut_tree_025,hierarchical_with_lateral_edges,shortcut_tree_navigation,gaussian_sensory,temporal_cue_then_blank,embedding,8,lin_sequence_front_bands_r5_l8,5,8,12,front_bands,6,0.9240740740740742,0.003414646095293664,0.008333333333333333,0.008333333333333335,nan,0.0
shortcut_tree_025,hierarchical_with_lateral_edges,shortcut_tree_navigation,gaussian_sensory,temporal_cue_then_blank,embedding,8,memoryless_linear,,,,,2,0.9111111111111112,0.011111111111111125,0.0,0.0,nan,0.0
shortcut_tree_025,hierarchical_with_lateral_edges,shortcut_tree_navigation,gaussian_sensory,temporal_cue_then_blank,embedding,8,memoryless_mlp,,,,,2,0.9111111111111112,0.011111111111111125,0.0,0.0,nan,0.0
shortcut_tree_025,hierarchical_with_lateral_edges,shortcut_tree_navigation,gaussian_sensory,temporal_cue_then_blank,embedding,8,numpy_rnn,,,,,2,0.9277777777777778,0.005555555555555536,0.0,0.0,nan,0.0
shortcut_tree_025,hierarchical_with_lateral_edges,shortcut_tree_navigation,gaussian_sensory,temporal_cue_then_blank,embedding,8,reservoir_block_hybrid,,,,,6,0.914814814814815,0.0068292921905873235,0.025000000000000005,0.017078251276599336,nan,0.0
shortcut_tree_025,hierarchical_with_lateral_edges,shortcut_tree_navigation,gaussian_sensory,temporal_cue_then_blank,embedding,8,reservoir_diagonal,,,,,6,0.9166666666666669,0.006252571487457088,0.025000000000000005,0.017078251276599336,nan,0.0
shortcut_tree_025,hierarchical_with_lateral_edges,shortcut_tree_navigation,gaussian_sensory,temporal_cue_then_blank,embedding,8,reservoir_low_rank,,,,,6,0.9129629629629631,0.006029192813370264,0.016666666666666666,0.010540925533894598,nan,0.0
shortcut_tree_025,hierarchical_with_lateral_edges,shortcut_tree_navigation,gaussian_sensory,temporal_cue_then_blank,embedding,8,reservoir_nilpotent,,,,,6,0.914814814814815,0.005493480360811606,0.0,0.0,nan,0.0
shortcut_tree_025,hierarchical_with_lateral_edges,shortcut_tree_navigation,gaussian_sensory,temporal_cue_then_blank,embedding,8,reservoir_orthogonal,,,,,6,0.9129629629629631,0.005302896690102355,0.0,0.0,nan,0.0
shortcut_tree_025,hierarchical_with_lateral_edges,shortcut_tree_navigation,gaussian_sensory,temporal_cue_then_blank,embedding,8,reservoir_oscillatory,,,,,6,0.9129629629629631,0.006029192813370264,0.008333333333333333,0.008333333333333335,nan,0.0
shortcut_tree_025,hierarchical_with_lateral_edges,shortcut_tree_navigation,gaussian_sensory,temporal_cue_then_blank,embedding,8,reservoir_random,,,,,6,0.9166666666666669,0.0068793243040765565,0.008333333333333333,0.008333333333333335,nan,0.0
shortcut_tree_025,hierarchical_with_lateral_edges,shortcut_tree_navigation,gaussian_sensory,temporal_cue_then_blank,embedding,8,reservoir_sparse,,,,,6,0.9129629629629631,0.006029192813370264,0.0,0.0,nan,0.0
shortcut_tree_025,hierarchical_with_lateral_edges,shortcut_tree_navigation,gaussian_sensory,temporal_cue_then_blank,embedding,8,reservoir_symmetric,,,,,6,0.914814814814815,0.005493480360811606,0.008333333333333333,0.008333333333333335,nan,0.0
shortcut_tree_025,hierarchical_with_lateral_edges,shortcut_tree_navigation,gaussian_sensory,temporal_cue_then_blank,none,0,lin_block_r1_l2,1,2,2,independent_blocks,2,0.9111111111111112,0.011111111111111125,nan,0.0,nan,0.0
shortcut_tree_025,hierarchical_with_lateral_edges,shortcut_tree_navigation,gaussian_sensory,temporal_cue_then_blank,none,0,lin_block_r1_l4,1,4,4,independent_blocks,2,0.9222222222222223,0.011111111111111125,nan,0.0,nan,0.0
shortcut_tree_025,hierarchical_with_lateral_edges,shortcut_tree_navigation,gaussian_sensory,temporal_cue_then_blank,none,0,lin_block_r1_l8,1,8,8,independent_blocks,2,0.9222222222222223,0.011111111111111125,nan,0.0,nan,0.0
shortcut_tree_025,hierarchical_with_lateral_edges,shortcut_tree_navigation,gaussian_sensory,temporal_cue_then_blank,none,0,lin_block_r3_l2,3,2,4,independent_blocks,2,0.9222222222222223,0.011111111111111125,nan,0.0,nan,0.0
shortcut_tree_025,hierarchical_with_lateral_edges,shortcut_tree_navigation,gaussian_sensory,temporal_cue_then_blank,none,0,lin_block_r3_l4,3,4,6,independent_blocks,2,0.9222222222222223,0.011111111111111125,nan,0.0,nan,0.0
shortcut_tree_025,hierarchical_with_lateral_edges,shortcut_tree_navigation,gaussian_sensory,temporal_cue_then_blank,none,0,lin_block_r3_l8,3,8,10,independent_blocks,2,0.9222222222222223,0.011111111111111125,nan,0.0,nan,0.0
shortcut_tree_025,hierarchical_with_lateral_edges,shortcut_tree_navigation,gaussian_sensory,temporal_cue_then_blank,none,0,lin_block_r5_l2,5,2,6,independent_blocks,2,0.9222222222222223,0.011111111111111125,nan,0.0,nan,0.0
shortcut_tree_025,hierarchical_with_lateral_edges,shortcut_tree_navigation,gaussian_sensory,temporal_cue_then_blank,none,0,lin_block_r5_l4,5,4,8,independent_blocks,2,0.9222222222222223,0.011111111111111125,nan,0.0,nan,0.0
shortcut_tree_025,hierarchical_with_lateral_edges,shortcut_tree_navigation,gaussian_sensory,temporal_cue_then_blank,none,0,lin_block_r5_l8,5,8,12,independent_blocks,2,0.9222222222222223,0.011111111111111125,nan,0.0,nan,0.0
shortcut_tree_025,hierarchical_with_lateral_edges,shortcut_tree_navigation,gaussian_sensory,temporal_cue_then_blank,none,0,lin_sequence_all_units_r3_l4,3,4,6,all_units,6,0.9185185185185186,0.003703703703703713,0.0,0.0,nan,0.0
shortcut_tree_025,hierarchical_with_lateral_edges,shortcut_tree_navigation,gaussian_sensory,temporal_cue_then_blank,none,0,lin_sequence_front_bands_r1_l2,1,2,2,front_bands,6,0.9166666666666669,0.007453559924999298,0.0,0.0,nan,0.0
shortcut_tree_025,hierarchical_with_lateral_edges,shortcut_tree_navigation,gaussian_sensory,temporal_cue_then_blank,none,0,lin_sequence_front_bands_r1_l4,1,4,4,front_bands,6,0.9203703703703705,0.007812971522121844,0.0,0.0,nan,0.0
shortcut_tree_025,hierarchical_with_lateral_edges,shortcut_tree_navigation,gaussian_sensory,temporal_cue_then_blank,none,0,lin_sequence_front_bands_r1_l8,1,8,8,front_bands,6,0.914814814814815,0.005493480360811606,0.016666666666666666,0.010540925533894598,nan,0.0
shortcut_tree_025,hierarchical_with_lateral_edges,shortcut_tree_navigation,gaussian_sensory,temporal_cue_then_blank,none,0,lin_sequence_front_bands_r3_l2,3,2,4,front_bands,6,0.9203703703703705,0.006676946806414794,0.0,0.0,nan,0.0
shortcut_tree_025,hierarchical_with_lateral_edges,shortcut_tree_navigation,gaussian_sensory,temporal_cue_then_blank,none,0,lin_sequence_front_bands_r3_l4,3,4,6,front_bands,6,0.9166666666666669,0.006252571487457088,0.0,0.0,nan,0.0
shortcut_tree_025,hierarchical_with_lateral_edges,shortcut_tree_navigation,gaussian_sensory,temporal_cue_then_blank,none,0,lin_sequence_front_bands_r3_l8,3,8,10,front_bands,6,0.9129629629629631,0.006029192813370264,0.0,0.0,nan,0.0
shortcut_tree_025,hierarchical_with_lateral_edges,shortcut_tree_navigation,gaussian_sensory,temporal_cue_then_blank,none,0,lin_sequence_front_bands_r5_l2,5,2,6,front_bands,6,0.9240740740740742,0.007812971522121844,0.0,0.0,nan,0.0
shortcut_tree_025,hierarchical_with_lateral_edges,shortcut_tree_navigation,gaussian_sensory,temporal_cue_then_blank,none,0,lin_sequence_front_bands_r5_l4,5,4,8,front_bands,6,0.9166666666666669,0.00798661431586956,0.0,0.0,nan,0.0
shortcut_tree_025,hierarchical_with_lateral_edges,shortcut_tree_navigation,gaussian_sensory,temporal_cue_then_blank,none,0,lin_sequence_front_bands_r5_l8,5,8,12,front_bands,6,0.914814814814815,0.005493480360811606,0.0,0.0,nan,0.0
shortcut_tree_025,hierarchical_with_lateral_edges,shortcut_tree_navigation,gaussian_sensory,temporal_cue_then_blank,none,0,memoryless_linear,,,,,2,0.9111111111111112,0.011111111111111125,0.0,0.0,nan,0.0
shortcut_tree_025,hierarchical_with_lateral_edges,shortcut_tree_navigation,gaussian_sensory,temporal_cue_then_blank,none,0,memoryless_mlp,,,,,2,0.9111111111111112,0.011111111111111125,0.0,0.0,nan,0.0
shortcut_tree_025,hierarchical_with_lateral_edges,shortcut_tree_navigation,gaussian_sensory,temporal_cue_then_blank,none,0,numpy_rnn,,,,,2,0.9277777777777778,0.005555555555555536,0.0,0.0,nan,0.0
shortcut_tree_025,hierarchical_with_lateral_edges,shortcut_tree_navigation,gaussian_sensory,temporal_cue_then_blank,none,0,reservoir_block_hybrid,,,,,6,0.9203703703703705,0.007812971522121844,0.0,0.0,nan,0.0
shortcut_tree_025,hierarchical_with_lateral_edges,shortcut_tree_navigation,gaussian_sensory,temporal_cue_then_blank,none,0,reservoir_diagonal,,,,,6,0.9222222222222224,0.0057377531054924715,0.0,0.0,nan,0.0
shortcut_tree_025,hierarchical_with_lateral_edges,shortcut_tree_navigation,gaussian_sensory,temporal_cue_then_blank,none,0,reservoir_low_rank,,,,,6,0.9222222222222224,0.0070272836892630655,0.0,0.0,nan,0.0
shortcut_tree_025,hierarchical_with_lateral_edges,shortcut_tree_navigation,gaussian_sensory,temporal_cue_then_blank,none,0,reservoir_nilpotent,,,,,6,0.9185185185185186,0.007407407407407405,0.008333333333333333,0.008333333333333335,nan,0.0
shortcut_tree_025,hierarchical_with_lateral_edges,shortcut_tree_navigation,gaussian_sensory,temporal_cue_then_blank,none,0,reservoir_orthogonal,,,,,6,0.9166666666666669,0.006252571487457088,0.008333333333333333,0.008333333333333335,nan,0.0
shortcut_tree_025,hierarchical_with_lateral_edges,shortcut_tree_navigation,gaussian_sensory,temporal_cue_then_blank,none,0,reservoir_oscillatory,,,,,6,0.9203703703703705,0.006029192813370264,0.0,0.0,nan,0.0
shortcut_tree_025,hierarchical_with_lateral_edges,shortcut_tree_navigation,gaussian_sensory,temporal_cue_then_blank,none,0,reservoir_random,,,,,6,0.914814814814815,0.005493480360811606,0.008333333333333333,0.008333333333333335,nan,0.0
shortcut_tree_025,hierarchical_with_lateral_edges,shortcut_tree_navigation,gaussian_sensory,temporal_cue_then_blank,none,0,reservoir_sparse,,,,,6,0.9148148148148149,0.004684855792842048,0.0,0.0,nan,0.0
shortcut_tree_025,hierarchical_with_lateral_edges,shortcut_tree_navigation,gaussian_sensory,temporal_cue_then_blank,none,0,reservoir_symmetric,,,,,6,0.9203703703703705,0.007812971522121844,0.0,0.0,nan,0.0
shortcut_tree_025,hierarchical_with_lateral_edges,shortcut_tree_navigation,gaussian_sensory,temporal_cue_then_blank,one_hot,0,lin_block_r1_l2,1,2,2,independent_blocks,2,0.9111111111111112,0.011111111111111125,nan,0.0,nan,0.0
shortcut_tree_025,hierarchical_with_lateral_edges,shortcut_tree_navigation,gaussian_sensory,temporal_cue_then_blank,one_hot,0,lin_block_r1_l4,1,4,4,independent_blocks,2,0.9222222222222223,0.011111111111111125,nan,0.0,nan,0.0
shortcut_tree_025,hierarchical_with_lateral_edges,shortcut_tree_navigation,gaussian_sensory,temporal_cue_then_blank,one_hot,0,lin_block_r1_l8,1,8,8,independent_blocks,2,0.9222222222222223,0.011111111111111125,nan,0.0,nan,0.0
shortcut_tree_025,hierarchical_with_lateral_edges,shortcut_tree_navigation,gaussian_sensory,temporal_cue_then_blank,one_hot,0,lin_block_r3_l2,3,2,4,independent_blocks,2,0.9222222222222223,0.011111111111111125,nan,0.0,nan,0.0
shortcut_tree_025,hierarchical_with_lateral_edges,shortcut_tree_navigation,gaussian_sensory,temporal_cue_then_blank,one_hot,0,lin_block_r3_l4,3,4,6,independent_blocks,2,0.9222222222222223,0.011111111111111125,nan,0.0,nan,0.0
shortcut_tree_025,hierarchical_with_lateral_edges,shortcut_tree_navigation,gaussian_sensory,temporal_cue_then_blank,one_hot,0,lin_block_r3_l8,3,8,10,independent_blocks,2,0.9222222222222223,0.011111111111111125,nan,0.0,nan,0.0
shortcut_tree_025,hierarchical_with_lateral_edges,shortcut_tree_navigation,gaussian_sensory,temporal_cue_then_blank,one_hot,0,lin_block_r5_l2,5,2,6,independent_blocks,2,0.9222222222222223,0.011111111111111125,nan,0.0,nan,0.0
shortcut_tree_025,hierarchical_with_lateral_edges,shortcut_tree_navigation,gaussian_sensory,temporal_cue_then_blank,one_hot,0,lin_block_r5_l4,5,4,8,independent_blocks,2,0.9222222222222223,0.011111111111111125,nan,0.0,nan,0.0
shortcut_tree_025,hierarchical_with_lateral_edges,shortcut_tree_navigation,gaussian_sensory,temporal_cue_then_blank,one_hot,0,lin_block_r5_l8,5,8,12,independent_blocks,2,0.9222222222222223,0.011111111111111125,nan,0.0,nan,0.0
shortcut_tree_025,hierarchical_with_lateral_edges,shortcut_tree_navigation,gaussian_sensory,temporal_cue_then_blank,one_hot,0,lin_sequence_all_units_r3_l4,3,4,6,all_units,6,0.9129629629629631,0.006029192813370264,0.008333333333333333,0.008333333333333335,nan,0.0
shortcut_tree_025,hierarchical_with_lateral_edges,shortcut_tree_navigation,gaussian_sensory,temporal_cue_then_blank,one_hot,0,lin_sequence_front_bands_r1_l2,1,2,2,front_bands,6,0.9166666666666669,0.00798661431586956,0.016666666666666666,0.01666666666666667,nan,0.0
shortcut_tree_025,hierarchical_with_lateral_edges,shortcut_tree_navigation,gaussian_sensory,temporal_cue_then_blank,one_hot,0,lin_sequence_front_bands_r1_l4,1,4,4,front_bands,6,0.914814814814815,0.0068292921905873235,0.0,0.0,nan,0.0
shortcut_tree_025,hierarchical_with_lateral_edges,shortcut_tree_navigation,gaussian_sensory,temporal_cue_then_blank,one_hot,0,lin_sequence_front_bands_r1_l8,1,8,8,front_bands,6,0.9203703703703705,0.0044598498439971535,0.016666666666666666,0.01666666666666667,nan,0.0
shortcut_tree_025,hierarchical_with_lateral_edges,shortcut_tree_navigation,gaussian_sensory,temporal_cue_then_blank,one_hot,0,lin_sequence_front_bands_r3_l2,3,2,4,front_bands,6,0.9111111111111113,0.009072184232530294,0.016666666666666666,0.0105409255338946,nan,0.0
shortcut_tree_025,hierarchical_with_lateral_edges,shortcut_tree_navigation,gaussian_sensory,temporal_cue_then_blank,one_hot,0,lin_sequence_front_bands_r3_l4,3,4,6,front_bands,6,0.9129629629629631,0.005302896690102355,0.008333333333333333,0.008333333333333335,nan,0.0
shortcut_tree_025,hierarchical_with_lateral_edges,shortcut_tree_navigation,gaussian_sensory,temporal_cue_then_blank,one_hot,0,lin_sequence_front_bands_r3_l8,3,8,10,front_bands,6,0.9166666666666669,0.006252571487457087,0.016666666666666666,0.010540925533894598,nan,0.0
shortcut_tree_025,hierarchical_with_lateral_edges,shortcut_tree_navigation,gaussian_sensory,temporal_cue_then_blank,one_hot,0,lin_sequence_front_bands_r5_l2,5,2,6,front_bands,6,0.9129629629629631,0.004459849843997154,0.0,0.0,nan,0.0
shortcut_tree_025,hierarchical_with_lateral_edges,shortcut_tree_navigation,gaussian_sensory,temporal_cue_then_blank,one_hot,0,lin_sequence_front_bands_r5_l4,5,4,8,front_bands,6,0.914814814814815,0.005493480360811606,0.0,0.0,nan,0.0
shortcut_tree_025,hierarchical_with_lateral_edges,shortcut_tree_navigation,gaussian_sensory,temporal_cue_then_blank,one_hot,0,lin_sequence_front_bands_r5_l8,5,8,12,front_bands,6,0.9203703703703705,0.006676946806414796,0.0,0.0,nan,0.0
shortcut_tree_025,hierarchical_with_lateral_edges,shortcut_tree_navigation,gaussian_sensory,temporal_cue_then_blank,one_hot,0,memoryless_linear,,,,,2,0.9111111111111112,0.011111111111111125,0.0,0.0,nan,0.0
shortcut_tree_025,hierarchical_with_lateral_edges,shortcut_tree_navigation,gaussian_sensory,temporal_cue_then_blank,one_hot,0,memoryless_mlp,,,,,2,0.9111111111111112,0.011111111111111125,0.0,0.0,nan,0.0
shortcut_tree_025,hierarchical_with_lateral_edges,shortcut_tree_navigation,gaussian_sensory,temporal_cue_then_blank,one_hot,0,numpy_rnn,,,,,2,0.9277777777777778,0.005555555555555536,0.0,0.0,nan,0.0
shortcut_tree_025,hierarchical_with_lateral_edges,shortcut_tree_navigation,gaussian_sensory,temporal_cue_then_blank,one_hot,0,reservoir_block_hybrid,,,,,6,0.914814814814815,0.0068292921905873235,0.0,0.0,nan,0.0
shortcut_tree_025,hierarchical_with_lateral_edges,shortcut_tree_navigation,gaussian_sensory,temporal_cue_then_blank,one_hot,0,reservoir_diagonal,,,,,6,0.9129629629629631,0.006029192813370264,0.016666666666666666,0.01666666666666667,nan,0.0
shortcut_tree_025,hierarchical_with_lateral_edges,shortcut_tree_navigation,gaussian_sensory,temporal_cue_then_blank,one_hot,0,reservoir_low_rank,,,,,6,0.912962962962963,0.005302896690102371,0.0,0.0,nan,0.0
shortcut_tree_025,hierarchical_with_lateral_edges,shortcut_tree_navigation,gaussian_sensory,temporal_cue_then_blank,one_hot,0,reservoir_nilpotent,,,,,6,0.9111111111111111,0.004057204129667903,0.008333333333333333,0.008333333333333335,nan,0.0
shortcut_tree_025,hierarchical_with_lateral_edges,shortcut_tree_navigation,gaussian_sensory,temporal_cue_then_blank,one_hot,0,reservoir_orthogonal,,,,,6,0.914814814814815,0.005493480360811606,0.0,0.0,nan,0.0
shortcut_tree_025,hierarchical_with_lateral_edges,shortcut_tree_navigation,gaussian_sensory,temporal_cue_then_blank,one_hot,0,reservoir_oscillatory,,,,,6,0.9111111111111113,0.004969039949999541,0.0,0.0,nan,0.0
shortcut_tree_025,hierarchical_with_lateral_edges,shortcut_tree_navigation,gaussian_sensory,temporal_cue_then_blank,one_hot,0,reservoir_random,,,,,6,0.9129629629629631,0.006029192813370264,0.0,0.0,nan,0.0
shortcut_tree_025,hierarchical_with_lateral_edges,shortcut_tree_navigation,gaussian_sensory,temporal_cue_then_blank,one_hot,0,reservoir_sparse,,,,,6,0.9185185185185186,0.005493480360811606,0.008333333333333333,0.008333333333333335,nan,0.0
shortcut_tree_025,hierarchical_with_lateral_edges,shortcut_tree_navigation,gaussian_sensory,temporal_cue_then_blank,one_hot,0,reservoir_symmetric,,,,,6,0.914814814814815,0.005493480360811606,0.0,0.0,nan,0.0
shortcut_tree_025,hierarchical_with_lateral_edges,shortcut_tree_navigation,gaussian_sensory,temporal_dropout,embedding,8,lin_block_r1_l2,1,2,2,independent_blocks,2,0.9277777777777778,0.005555555555555536,nan,0.0,nan,0.0
shortcut_tree_025,hierarchical_with_lateral_edges,shortcut_tree_navigation,gaussian_sensory,temporal_dropout,embedding,8,lin_block_r1_l4,1,4,4,independent_blocks,2,0.9166666666666667,0.016666666666666663,nan,0.0,nan,0.0
shortcut_tree_025,hierarchical_with_lateral_edges,shortcut_tree_navigation,gaussian_sensory,temporal_dropout,embedding,8,lin_block_r1_l8,1,8,8,independent_blocks,2,0.9166666666666667,0.016666666666666663,nan,0.0,nan,0.0
shortcut_tree_025,hierarchical_with_lateral_edges,shortcut_tree_navigation,gaussian_sensory,temporal_dropout,embedding,8,lin_block_r3_l2,3,2,4,independent_blocks,2,0.9222222222222223,0.011111111111111125,nan,0.0,nan,0.0
shortcut_tree_025,hierarchical_with_lateral_edges,shortcut_tree_navigation,gaussian_sensory,temporal_dropout,embedding,8,lin_block_r3_l4,3,4,6,independent_blocks,2,0.9166666666666667,0.016666666666666663,nan,0.0,nan,0.0
shortcut_tree_025,hierarchical_with_lateral_edges,shortcut_tree_navigation,gaussian_sensory,temporal_dropout,embedding,8,lin_block_r3_l8,3,8,10,independent_blocks,2,0.9166666666666667,0.016666666666666663,nan,0.0,nan,0.0
shortcut_tree_025,hierarchical_with_lateral_edges,shortcut_tree_navigation,gaussian_sensory,temporal_dropout,embedding,8,lin_block_r5_l2,5,2,6,independent_blocks,2,0.9222222222222223,0.011111111111111125,nan,0.0,nan,0.0
shortcut_tree_025,hierarchical_with_lateral_edges,shortcut_tree_navigation,gaussian_sensory,temporal_dropout,embedding,8,lin_block_r5_l4,5,4,8,independent_blocks,2,0.9166666666666667,0.016666666666666663,nan,0.0,nan,0.0
shortcut_tree_025,hierarchical_with_lateral_edges,shortcut_tree_navigation,gaussian_sensory,temporal_dropout,embedding,8,lin_block_r5_l8,5,8,12,independent_blocks,2,0.9166666666666667,0.016666666666666663,nan,0.0,nan,0.0
shortcut_tree_025,hierarchical_with_lateral_edges,shortcut_tree_navigation,gaussian_sensory,temporal_dropout,embedding,8,lin_sequence_all_units_r3_l4,3,4,6,all_units,6,0.9277777777777779,0.0024845199749997573,0.0,0.0,nan,0.0
shortcut_tree_025,hierarchical_with_lateral_edges,shortcut_tree_navigation,gaussian_sensory,temporal_dropout,embedding,8,lin_sequence_front_bands_r1_l2,1,2,2,front_bands,6,0.925925925925926,0.003703703703703705,0.008333333333333333,0.008333333333333335,nan,0.0
shortcut_tree_025,hierarchical_with_lateral_edges,shortcut_tree_navigation,gaussian_sensory,temporal_dropout,embedding,8,lin_sequence_front_bands_r1_l4,1,4,4,front_bands,6,0.9296296296296297,0.0037037037037036904,0.0,0.0,nan,0.0
shortcut_tree_025,hierarchical_with_lateral_edges,shortcut_tree_navigation,gaussian_sensory,temporal_dropout,embedding,8,lin_sequence_front_bands_r1_l8,1,8,8,front_bands,6,0.9277777777777779,0.0024845199749997573,0.016666666666666666,0.0105409255338946,nan,0.0
shortcut_tree_025,hierarchical_with_lateral_edges,shortcut_tree_navigation,gaussian_sensory,temporal_dropout,embedding,8,lin_sequence_front_bands_r3_l2,3,2,4,front_bands,6,0.9277777777777779,0.0024845199749997573,0.0,0.0,nan,0.0
shortcut_tree_025,hierarchical_with_lateral_edges,shortcut_tree_navigation,gaussian_sensory,temporal_dropout,embedding,8,lin_sequence_front_bands_r3_l4,3,4,6,front_bands,6,0.9277777777777779,0.0024845199749997573,0.0,0.0,nan,0.0
shortcut_tree_025,hierarchical_with_lateral_edges,shortcut_tree_navigation,gaussian_sensory,temporal_dropout,embedding,8,lin_sequence_front_bands_r3_l8,3,8,10,front_bands,6,0.9277777777777779,0.0024845199749997573,0.0,0.0,nan,0.0
shortcut_tree_025,hierarchical_with_lateral_edges,shortcut_tree_navigation,gaussian_sensory,temporal_dropout,embedding,8,lin_sequence_front_bands_r5_l2,5,2,6,front_bands,6,0.9277777777777779,0.0024845199749997573,0.0,0.0,nan,0.0
shortcut_tree_025,hierarchical_with_lateral_edges,shortcut_tree_navigation,gaussian_sensory,temporal_dropout,embedding,8,lin_sequence_front_bands_r5_l4,5,4,8,front_bands,6,0.925925925925926,0.003703703703703705,0.0,0.0,nan,0.0
shortcut_tree_025,hierarchical_with_lateral_edges,shortcut_tree_navigation,gaussian_sensory,temporal_dropout,embedding,8,lin_sequence_front_bands_r5_l8,5,8,12,front_bands,6,0.9277777777777779,0.0024845199749997573,0.0,0.0,nan,0.0
shortcut_tree_025,hierarchical_with_lateral_edges,shortcut_tree_navigation,gaussian_sensory,temporal_dropout,embedding,8,memoryless_linear,,,,,2,0.9277777777777778,0.005555555555555536,0.0,0.0,nan,0.0
shortcut_tree_025,hierarchical_with_lateral_edges,shortcut_tree_navigation,gaussian_sensory,temporal_dropout,embedding,8,memoryless_mlp,,,,,2,0.9277777777777778,0.005555555555555536,0.0,0.0,nan,0.0
shortcut_tree_025,hierarchical_with_lateral_edges,shortcut_tree_navigation,gaussian_sensory,temporal_dropout,embedding,8,numpy_rnn,,,,,2,0.9277777777777778,0.005555555555555536,0.0,0.0,nan,0.0
shortcut_tree_025,hierarchical_with_lateral_edges,shortcut_tree_navigation,gaussian_sensory,temporal_dropout,embedding,8,reservoir_block_hybrid,,,,,6,0.9277777777777779,0.0024845199749997573,0.0,0.0,nan,0.0
shortcut_tree_025,hierarchical_with_lateral_edges,shortcut_tree_navigation,gaussian_sensory,temporal_dropout,embedding,8,reservoir_diagonal,,,,,6,0.9296296296296297,0.0023424278964210136,0.008333333333333333,0.008333333333333335,nan,0.0
shortcut_tree_025,hierarchical_with_lateral_edges,shortcut_tree_navigation,gaussian_sensory,temporal_dropout,embedding,8,reservoir_low_rank,,,,,6,0.9277777777777779,0.0024845199749997573,0.0,0.0,nan,0.0
shortcut_tree_025,hierarchical_with_lateral_edges,shortcut_tree_navigation,gaussian_sensory,temporal_dropout,embedding,8,reservoir_nilpotent,,,,,6,0.9277777777777779,0.0024845199749997573,0.0,0.0,nan,0.0
shortcut_tree_025,hierarchical_with_lateral_edges,shortcut_tree_navigation,gaussian_sensory,temporal_dropout,embedding,8,reservoir_orthogonal,,,,,6,0.9240740740740742,0.005302896690102352,0.0,0.0,nan,0.0
shortcut_tree_025,hierarchical_with_lateral_edges,shortcut_tree_navigation,gaussian_sensory,temporal_dropout,embedding,8,reservoir_oscillatory,,,,,6,0.9277777777777779,0.0024845199749997573,0.0,0.0,nan,0.0
shortcut_tree_025,hierarchical_with_lateral_edges,shortcut_tree_navigation,gaussian_sensory,temporal_dropout,embedding,8,reservoir_random,,,,,6,0.9277777777777779,0.0024845199749997573,0.0,0.0,nan,0.0
shortcut_tree_025,hierarchical_with_lateral_edges,shortcut_tree_navigation,gaussian_sensory,temporal_dropout,embedding,8,reservoir_sparse,,,,,6,0.9277777777777779,0.0024845199749997573,0.0,0.0,nan,0.0
shortcut_tree_025,hierarchical_with_lateral_edges,shortcut_tree_navigation,gaussian_sensory,temporal_dropout,embedding,8,reservoir_symmetric,,,,,6,0.9277777777777779,0.0024845199749997573,0.008333333333333333,0.008333333333333335,nan,0.0
shortcut_tree_025,hierarchical_with_lateral_edges,shortcut_tree_navigation,gaussian_sensory,temporal_dropout,none,0,lin_block_r1_l2,1,2,2,independent_blocks,2,0.9277777777777778,0.005555555555555536,nan,0.0,nan,0.0
shortcut_tree_025,hierarchical_with_lateral_edges,shortcut_tree_navigation,gaussian_sensory,temporal_dropout,none,0,lin_block_r1_l4,1,4,4,independent_blocks,2,0.9166666666666667,0.016666666666666663,nan,0.0,nan,0.0
shortcut_tree_025,hierarchical_with_lateral_edges,shortcut_tree_navigation,gaussian_sensory,temporal_dropout,none,0,lin_block_r1_l8,1,8,8,independent_blocks,2,0.9166666666666667,0.016666666666666663,nan,0.0,nan,0.0
shortcut_tree_025,hierarchical_with_lateral_edges,shortcut_tree_navigation,gaussian_sensory,temporal_dropout,none,0,lin_block_r3_l2,3,2,4,independent_blocks,2,0.9166666666666667,0.016666666666666663,nan,0.0,nan,0.0
shortcut_tree_025,hierarchical_with_lateral_edges,shortcut_tree_navigation,gaussian_sensory,temporal_dropout,none,0,lin_block_r3_l4,3,4,6,independent_blocks,2,0.9166666666666667,0.016666666666666663,nan,0.0,nan,0.0
shortcut_tree_025,hierarchical_with_lateral_edges,shortcut_tree_navigation,gaussian_sensory,temporal_dropout,none,0,lin_block_r3_l8,3,8,10,independent_blocks,2,0.9166666666666667,0.016666666666666663,nan,0.0,nan,0.0
shortcut_tree_025,hierarchical_with_lateral_edges,shortcut_tree_navigation,gaussian_sensory,temporal_dropout,none,0,lin_block_r5_l2,5,2,6,independent_blocks,2,0.9222222222222223,0.011111111111111125,nan,0.0,nan,0.0
shortcut_tree_025,hierarchical_with_lateral_edges,shortcut_tree_navigation,gaussian_sensory,temporal_dropout,none,0,lin_block_r5_l4,5,4,8,independent_blocks,2,0.9166666666666667,0.016666666666666663,nan,0.0,nan,0.0
shortcut_tree_025,hierarchical_with_lateral_edges,shortcut_tree_navigation,gaussian_sensory,temporal_dropout,none,0,lin_block_r5_l8,5,8,12,independent_blocks,2,0.9166666666666667,0.016666666666666663,nan,0.0,nan,0.0
shortcut_tree_025,hierarchical_with_lateral_edges,shortcut_tree_navigation,gaussian_sensory,temporal_dropout,none,0,lin_sequence_all_units_r3_l4,3,4,6,all_units,6,0.9240740740740742,0.005302896690102352,0.0,0.0,nan,0.0
shortcut_tree_025,hierarchical_with_lateral_edges,shortcut_tree_navigation,gaussian_sensory,temporal_dropout,none,0,lin_sequence_front_bands_r1_l2,1,2,2,front_bands,6,0.9277777777777779,0.0024845199749997573,0.0,0.0,nan,0.0
shortcut_tree_025,hierarchical_with_lateral_edges,shortcut_tree_navigation,gaussian_sensory,temporal_dropout,none,0,lin_sequence_front_bands_r1_l4,1,4,4,front_bands,6,0.925925925925926,0.003703703703703705,0.0,0.0,nan,0.0
shortcut_tree_025,hierarchical_with_lateral_edges,shortcut_tree_navigation,gaussian_sensory,temporal_dropout,none,0,lin_sequence_front_bands_r1_l8,1,8,8,front_bands,6,0.9277777777777779,0.0024845199749997573,0.0,0.0,nan,0.0
shortcut_tree_025,hierarchical_with_lateral_edges,shortcut_tree_navigation,gaussian_sensory,temporal_dropout,none,0,lin_sequence_front_bands_r3_l2,3,2,4,front_bands,6,0.9240740740740742,0.004459849843997153,0.0,0.0,nan,0.0
shortcut_tree_025,hierarchical_with_lateral_edges,shortcut_tree_navigation,gaussian_sensory,temporal_dropout,none,0,lin_sequence_front_bands_r3_l4,3,4,6,front_bands,6,0.9222222222222224,0.0057377531054924715,0.0,0.0,nan,0.0
shortcut_tree_025,hierarchical_with_lateral_edges,shortcut_tree_navigation,gaussian_sensory,temporal_dropout,none,0,lin_sequence_front_bands_r3_l8,3,8,10,front_bands,6,0.9277777777777779,0.0024845199749997573,0.0,0.0,nan,0.0
shortcut_tree_025,hierarchical_with_lateral_edges,shortcut_tree_navigation,gaussian_sensory,temporal_dropout,none,0,lin_sequence_front_bands_r5_l2,5,2,6,front_bands,6,0.9277777777777779,0.0024845199749997573,0.0,0.0,nan,0.0
shortcut_tree_025,hierarchical_with_lateral_edges,shortcut_tree_navigation,gaussian_sensory,temporal_dropout,none,0,lin_sequence_front_bands_r5_l4,5,4,8,front_bands,6,0.925925925925926,0.003703703703703705,0.0,0.0,nan,0.0
shortcut_tree_025,hierarchical_with_lateral_edges,shortcut_tree_navigation,gaussian_sensory,temporal_dropout,none,0,lin_sequence_front_bands_r5_l8,5,8,12,front_bands,6,0.9277777777777779,0.0024845199749997573,0.0,0.0,nan,0.0
shortcut_tree_025,hierarchical_with_lateral_edges,shortcut_tree_navigation,gaussian_sensory,temporal_dropout,none,0,memoryless_linear,,,,,2,0.9277777777777778,0.005555555555555536,0.0,0.0,nan,0.0
shortcut_tree_025,hierarchical_with_lateral_edges,shortcut_tree_navigation,gaussian_sensory,temporal_dropout,none,0,memoryless_mlp,,,,,2,0.9277777777777778,0.005555555555555536,0.0,0.0,nan,0.0
shortcut_tree_025,hierarchical_with_lateral_edges,shortcut_tree_navigation,gaussian_sensory,temporal_dropout,none,0,numpy_rnn,,,,,2,0.9277777777777778,0.005555555555555536,0.0,0.0,nan,0.0
shortcut_tree_025,hierarchical_with_lateral_edges,shortcut_tree_navigation,gaussian_sensory,temporal_dropout,none,0,reservoir_block_hybrid,,,,,6,0.9296296296296297,0.0023424278964210136,0.0,0.0,nan,0.0
shortcut_tree_025,hierarchical_with_lateral_edges,shortcut_tree_navigation,gaussian_sensory,temporal_dropout,none,0,reservoir_diagonal,,,,,6,0.9296296296296297,0.0023424278964210136,0.0,0.0,nan,0.0
shortcut_tree_025,hierarchical_with_lateral_edges,shortcut_tree_navigation,gaussian_sensory,temporal_dropout,none,0,reservoir_low_rank,,,,,6,0.9277777777777779,0.0024845199749997573,0.0,0.0,nan,0.0
shortcut_tree_025,hierarchical_with_lateral_edges,shortcut_tree_navigation,gaussian_sensory,temporal_dropout,none,0,reservoir_nilpotent,,,,,6,0.9277777777777779,0.0024845199749997573,0.0,0.0,nan,0.0
shortcut_tree_025,hierarchical_with_lateral_edges,shortcut_tree_navigation,gaussian_sensory,temporal_dropout,none,0,reservoir_orthogonal,,,,,6,0.925925925925926,0.003703703703703705,0.0,0.0,nan,0.0
shortcut_tree_025,hierarchical_with_lateral_edges,shortcut_tree_navigation,gaussian_sensory,temporal_dropout,none,0,reservoir_oscillatory,,,,,6,0.9277777777777779,0.0024845199749997573,0.0,0.0,nan,0.0
shortcut_tree_025,hierarchical_with_lateral_edges,shortcut_tree_navigation,gaussian_sensory,temporal_dropout,none,0,reservoir_random,,,,,6,0.9277777777777779,0.0024845199749997573,0.0,0.0,nan,0.0
shortcut_tree_025,hierarchical_with_lateral_edges,shortcut_tree_navigation,gaussian_sensory,temporal_dropout,none,0,reservoir_sparse,,,,,6,0.9296296296296297,0.0023424278964210136,0.0,0.0,nan,0.0
shortcut_tree_025,hierarchical_with_lateral_edges,shortcut_tree_navigation,gaussian_sensory,temporal_dropout,none,0,reservoir_symmetric,,,,,6,0.9277777777777779,0.0024845199749997573,0.0,0.0,nan,0.0
shortcut_tree_025,hierarchical_with_lateral_edges,shortcut_tree_navigation,gaussian_sensory,temporal_dropout,one_hot,0,lin_block_r1_l2,1,2,2,independent_blocks,2,0.9277777777777778,0.005555555555555536,nan,0.0,nan,0.0
shortcut_tree_025,hierarchical_with_lateral_edges,shortcut_tree_navigation,gaussian_sensory,temporal_dropout,one_hot,0,lin_block_r1_l4,1,4,4,independent_blocks,2,0.9166666666666667,0.016666666666666663,nan,0.0,nan,0.0
shortcut_tree_025,hierarchical_with_lateral_edges,shortcut_tree_navigation,gaussian_sensory,temporal_dropout,one_hot,0,lin_block_r1_l8,1,8,8,independent_blocks,2,0.9166666666666667,0.016666666666666663,nan,0.0,nan,0.0
shortcut_tree_025,hierarchical_with_lateral_edges,shortcut_tree_navigation,gaussian_sensory,temporal_dropout,one_hot,0,lin_block_r3_l2,3,2,4,independent_blocks,2,0.9222222222222223,0.011111111111111125,nan,0.0,nan,0.0
shortcut_tree_025,hierarchical_with_lateral_edges,shortcut_tree_navigation,gaussian_sensory,temporal_dropout,one_hot,0,lin_block_r3_l4,3,4,6,independent_blocks,2,0.9166666666666667,0.016666666666666663,nan,0.0,nan,0.0
shortcut_tree_025,hierarchical_with_lateral_edges,shortcut_tree_navigation,gaussian_sensory,temporal_dropout,one_hot,0,lin_block_r3_l8,3,8,10,independent_blocks,2,0.9166666666666667,0.016666666666666663,nan,0.0,nan,0.0
shortcut_tree_025,hierarchical_with_lateral_edges,shortcut_tree_navigation,gaussian_sensory,temporal_dropout,one_hot,0,lin_block_r5_l2,5,2,6,independent_blocks,2,0.9222222222222223,0.011111111111111125,nan,0.0,nan,0.0
shortcut_tree_025,hierarchical_with_lateral_edges,shortcut_tree_navigation,gaussian_sensory,temporal_dropout,one_hot,0,lin_block_r5_l4,5,4,8,independent_blocks,2,0.9166666666666667,0.016666666666666663,nan,0.0,nan,0.0
shortcut_tree_025,hierarchical_with_lateral_edges,shortcut_tree_navigation,gaussian_sensory,temporal_dropout,one_hot,0,lin_block_r5_l8,5,8,12,independent_blocks,2,0.9166666666666667,0.016666666666666663,nan,0.0,nan,0.0
shortcut_tree_025,hierarchical_with_lateral_edges,shortcut_tree_navigation,gaussian_sensory,temporal_dropout,one_hot,0,lin_sequence_all_units_r3_l4,3,4,6,all_units,6,0.9277777777777779,0.0024845199749997573,0.0,0.0,nan,0.0
shortcut_tree_025,hierarchical_with_lateral_edges,shortcut_tree_navigation,gaussian_sensory,temporal_dropout,one_hot,0,lin_sequence_front_bands_r1_l2,1,2,2,front_bands,6,0.9277777777777779,0.00379516695035541,0.016666666666666666,0.0105409255338946,nan,0.0
shortcut_tree_025,hierarchical_with_lateral_edges,shortcut_tree_navigation,gaussian_sensory,temporal_dropout,one_hot,0,lin_sequence_front_bands_r1_l4,1,4,4,front_bands,6,0.925925925925926,0.003703703703703705,0.0,0.0,nan,0.0
shortcut_tree_025,hierarchical_with_lateral_edges,shortcut_tree_navigation,gaussian_sensory,temporal_dropout,one_hot,0,lin_sequence_front_bands_r1_l8,1,8,8,front_bands,6,0.9277777777777779,0.0024845199749997573,0.0,0.0,nan,0.0
shortcut_tree_025,hierarchical_with_lateral_edges,shortcut_tree_navigation,gaussian_sensory,temporal_dropout,one_hot,0,lin_sequence_front_bands_r3_l2,3,2,4,front_bands,6,0.9277777777777779,0.0024845199749997573,0.0,0.0,nan,0.0
shortcut_tree_025,hierarchical_with_lateral_edges,shortcut_tree_navigation,gaussian_sensory,temporal_dropout,one_hot,0,lin_sequence_front_bands_r3_l4,3,4,6,front_bands,6,0.9277777777777779,0.0024845199749997573,0.0,0.0,nan,0.0
shortcut_tree_025,hierarchical_with_lateral_edges,shortcut_tree_navigation,gaussian_sensory,temporal_dropout,one_hot,0,lin_sequence_front_bands_r3_l8,3,8,10,front_bands,6,0.9277777777777779,0.0024845199749997573,0.0,0.0,nan,0.0
shortcut_tree_025,hierarchical_with_lateral_edges,shortcut_tree_navigation,gaussian_sensory,temporal_dropout,one_hot,0,lin_sequence_front_bands_r5_l2,5,2,6,front_bands,6,0.9277777777777779,0.0024845199749997573,0.0,0.0,nan,0.0
shortcut_tree_025,hierarchical_with_lateral_edges,shortcut_tree_navigation,gaussian_sensory,temporal_dropout,one_hot,0,lin_sequence_front_bands_r5_l4,5,4,8,front_bands,6,0.9277777777777779,0.0024845199749997573,0.0,0.0,nan,0.0
shortcut_tree_025,hierarchical_with_lateral_edges,shortcut_tree_navigation,gaussian_sensory,temporal_dropout,one_hot,0,lin_sequence_front_bands_r5_l8,5,8,12,front_bands,6,0.9277777777777779,0.0024845199749997573,0.0,0.0,nan,0.0
shortcut_tree_025,hierarchical_with_lateral_edges,shortcut_tree_navigation,gaussian_sensory,temporal_dropout,one_hot,0,memoryless_linear,,,,,2,0.9277777777777778,0.005555555555555536,0.0,0.0,nan,0.0
shortcut_tree_025,hierarchical_with_lateral_edges,shortcut_tree_navigation,gaussian_sensory,temporal_dropout,one_hot,0,memoryless_mlp,,,,,2,0.9277777777777778,0.005555555555555536,0.0,0.0,nan,0.0
shortcut_tree_025,hierarchical_with_lateral_edges,shortcut_tree_navigation,gaussian_sensory,temporal_dropout,one_hot,0,numpy_rnn,,,,,2,0.9277777777777778,0.005555555555555536,0.0,0.0,nan,0.0
shortcut_tree_025,hierarchical_with_lateral_edges,shortcut_tree_navigation,gaussian_sensory,temporal_dropout,one_hot,0,reservoir_block_hybrid,,,,,6,0.9277777777777779,0.0024845199749997573,0.0,0.0,nan,0.0
shortcut_tree_025,hierarchical_with_lateral_edges,shortcut_tree_navigation,gaussian_sensory,temporal_dropout,one_hot,0,reservoir_diagonal,,,,,6,0.9314814814814816,0.0018518518518518456,0.0,0.0,nan,0.0
shortcut_tree_025,hierarchical_with_lateral_edges,shortcut_tree_navigation,gaussian_sensory,temporal_dropout,one_hot,0,reservoir_low_rank,,,,,6,0.9277777777777779,0.0024845199749997573,0.008333333333333333,0.008333333333333335,nan,0.0
shortcut_tree_025,hierarchical_with_lateral_edges,shortcut_tree_navigation,gaussian_sensory,temporal_dropout,one_hot,0,reservoir_nilpotent,,,,,6,0.9277777777777779,0.0024845199749997573,0.0,0.0,nan,0.0
shortcut_tree_025,hierarchical_with_lateral_edges,shortcut_tree_navigation,gaussian_sensory,temporal_dropout,one_hot,0,reservoir_orthogonal,,,,,6,0.9277777777777779,0.0024845199749997573,0.0,0.0,nan,0.0
shortcut_tree_025,hierarchical_with_lateral_edges,shortcut_tree_navigation,gaussian_sensory,temporal_dropout,one_hot,0,reservoir_oscillatory,,,,,6,0.9277777777777779,0.0024845199749997573,0.0,0.0,nan,0.0
shortcut_tree_025,hierarchical_with_lateral_edges,shortcut_tree_navigation,gaussian_sensory,temporal_dropout,one_hot,0,reservoir_random,,,,,6,0.9277777777777779,0.0024845199749997573,0.0,0.0,nan,0.0
shortcut_tree_025,hierarchical_with_lateral_edges,shortcut_tree_navigation,gaussian_sensory,temporal_dropout,one_hot,0,reservoir_sparse,,,,,6,0.9277777777777779,0.0024845199749997573,0.0,0.0,nan,0.0
shortcut_tree_025,hierarchical_with_lateral_edges,shortcut_tree_navigation,gaussian_sensory,temporal_dropout,one_hot,0,reservoir_symmetric,,,,,6,0.9296296296296297,0.0023424278964210136,0.0,0.0,nan,0.0
shortcut_tree_025,hierarchical_with_lateral_edges,shortcut_tree_navigation,gaussian_sensory,temporal_full,embedding,8,lin_block_r1_l2,1,2,2,independent_blocks,2,0.9222222222222223,0.011111111111111125,nan,0.0,nan,0.0
shortcut_tree_025,hierarchical_with_lateral_edges,shortcut_tree_navigation,gaussian_sensory,temporal_full,embedding,8,lin_block_r1_l4,1,4,4,independent_blocks,2,0.9222222222222223,0.011111111111111125,nan,0.0,nan,0.0
shortcut_tree_025,hierarchical_with_lateral_edges,shortcut_tree_navigation,gaussian_sensory,temporal_full,embedding,8,lin_block_r1_l8,1,8,8,independent_blocks,2,0.9222222222222223,0.011111111111111125,nan,0.0,nan,0.0
shortcut_tree_025,hierarchical_with_lateral_edges,shortcut_tree_navigation,gaussian_sensory,temporal_full,embedding,8,lin_block_r3_l2,3,2,4,independent_blocks,2,0.9222222222222223,0.011111111111111125,nan,0.0,nan,0.0
shortcut_tree_025,hierarchical_with_lateral_edges,shortcut_tree_navigation,gaussian_sensory,temporal_full,embedding,8,lin_block_r3_l4,3,4,6,independent_blocks,2,0.9166666666666667,0.016666666666666663,nan,0.0,nan,0.0
shortcut_tree_025,hierarchical_with_lateral_edges,shortcut_tree_navigation,gaussian_sensory,temporal_full,embedding,8,lin_block_r3_l8,3,8,10,independent_blocks,2,0.9166666666666667,0.016666666666666663,nan,0.0,nan,0.0
shortcut_tree_025,hierarchical_with_lateral_edges,shortcut_tree_navigation,gaussian_sensory,temporal_full,embedding,8,lin_block_r5_l2,5,2,6,independent_blocks,2,0.9222222222222223,0.011111111111111125,nan,0.0,nan,0.0
shortcut_tree_025,hierarchical_with_lateral_edges,shortcut_tree_navigation,gaussian_sensory,temporal_full,embedding,8,lin_block_r5_l4,5,4,8,independent_blocks,2,0.9111111111111112,0.011111111111111125,nan,0.0,nan,0.0
shortcut_tree_025,hierarchical_with_lateral_edges,shortcut_tree_navigation,gaussian_sensory,temporal_full,embedding,8,lin_block_r5_l8,5,8,12,independent_blocks,2,0.9111111111111112,0.011111111111111125,nan,0.0,nan,0.0
shortcut_tree_025,hierarchical_with_lateral_edges,shortcut_tree_navigation,gaussian_sensory,temporal_full,embedding,8,lin_sequence_all_units_r3_l4,3,4,6,all_units,6,0.9277777777777779,0.0024845199749997573,0.0,0.0,nan,0.0
shortcut_tree_025,hierarchical_with_lateral_edges,shortcut_tree_navigation,gaussian_sensory,temporal_full,embedding,8,lin_sequence_front_bands_r1_l2,1,2,2,front_bands,6,0.9277777777777779,0.0024845199749997573,0.0,0.0,nan,0.0
shortcut_tree_025,hierarchical_with_lateral_edges,shortcut_tree_navigation,gaussian_sensory,temporal_full,embedding,8,lin_sequence_front_bands_r1_l4,1,4,4,front_bands,6,0.9222222222222224,0.0057377531054924715,0.0,0.0,nan,0.0
shortcut_tree_025,hierarchical_with_lateral_edges,shortcut_tree_navigation,gaussian_sensory,temporal_full,embedding,8,lin_sequence_front_bands_r1_l8,1,8,8,front_bands,6,0.9277777777777779,0.0024845199749997573,0.0,0.0,nan,0.0
shortcut_tree_025,hierarchical_with_lateral_edges,shortcut_tree_navigation,gaussian_sensory,temporal_full,embedding,8,lin_sequence_front_bands_r3_l2,3,2,4,front_bands,6,0.9277777777777779,0.0024845199749997573,0.0,0.0,nan,0.0
shortcut_tree_025,hierarchical_with_lateral_edges,shortcut_tree_navigation,gaussian_sensory,temporal_full,embedding,8,lin_sequence_front_bands_r3_l4,3,4,6,front_bands,6,0.9277777777777779,0.0024845199749997573,0.0,0.0,nan,0.0
shortcut_tree_025,hierarchical_with_lateral_edges,shortcut_tree_navigation,gaussian_sensory,temporal_full,embedding,8,lin_sequence_front_bands_r3_l8,3,8,10,front_bands,6,0.9277777777777779,0.0024845199749997573,0.0,0.0,nan,0.0
shortcut_tree_025,hierarchical_with_lateral_edges,shortcut_tree_navigation,gaussian_sensory,temporal_full,embedding,8,lin_sequence_front_bands_r5_l2,5,2,6,front_bands,6,0.9277777777777779,0.0024845199749997573,0.0,0.0,nan,0.0
shortcut_tree_025,hierarchical_with_lateral_edges,shortcut_tree_navigation,gaussian_sensory,temporal_full,embedding,8,lin_sequence_front_bands_r5_l4,5,4,8,front_bands,6,0.925925925925926,0.003703703703703705,0.0,0.0,nan,0.0
shortcut_tree_025,hierarchical_with_lateral_edges,shortcut_tree_navigation,gaussian_sensory,temporal_full,embedding,8,lin_sequence_front_bands_r5_l8,5,8,12,front_bands,6,0.9277777777777779,0.0024845199749997573,0.016666666666666666,0.01666666666666667,nan,0.0
shortcut_tree_025,hierarchical_with_lateral_edges,shortcut_tree_navigation,gaussian_sensory,temporal_full,embedding,8,memoryless_linear,,,,,2,0.9277777777777778,0.005555555555555536,0.0,0.0,nan,0.0
shortcut_tree_025,hierarchical_with_lateral_edges,shortcut_tree_navigation,gaussian_sensory,temporal_full,embedding,8,memoryless_mlp,,,,,2,0.9277777777777778,0.005555555555555536,0.0,0.0,nan,0.0
shortcut_tree_025,hierarchical_with_lateral_edges,shortcut_tree_navigation,gaussian_sensory,temporal_full,embedding,8,numpy_rnn,,,,,2,0.9277777777777778,0.005555555555555536,0.0,0.0,nan,0.0
shortcut_tree_025,hierarchical_with_lateral_edges,shortcut_tree_navigation,gaussian_sensory,temporal_full,embedding,8,reservoir_block_hybrid,,,,,6,0.9277777777777779,0.0024845199749997573,0.0,0.0,nan,0.0
shortcut_tree_025,hierarchical_with_lateral_edges,shortcut_tree_navigation,gaussian_sensory,temporal_full,embedding,8,reservoir_diagonal,,,,,6,0.9277777777777779,0.0024845199749997573,0.0,0.0,nan,0.0
shortcut_tree_025,hierarchical_with_lateral_edges,shortcut_tree_navigation,gaussian_sensory,temporal_full,embedding,8,reservoir_low_rank,,,,,6,0.9277777777777779,0.0024845199749997573,0.0,0.0,nan,0.0
shortcut_tree_025,hierarchical_with_lateral_edges,shortcut_tree_navigation,gaussian_sensory,temporal_full,embedding,8,reservoir_nilpotent,,,,,6,0.9277777777777779,0.0024845199749997573,0.0,0.0,nan,0.0
shortcut_tree_025,hierarchical_with_lateral_edges,shortcut_tree_navigation,gaussian_sensory,temporal_full,embedding,8,reservoir_orthogonal,,,,,6,0.9277777777777779,0.0024845199749997573,0.0,0.0,nan,0.0
shortcut_tree_025,hierarchical_with_lateral_edges,shortcut_tree_navigation,gaussian_sensory,temporal_full,embedding,8,reservoir_oscillatory,,,,,6,0.9277777777777779,0.0024845199749997573,0.0,0.0,nan,0.0
shortcut_tree_025,hierarchical_with_lateral_edges,shortcut_tree_navigation,gaussian_sensory,temporal_full,embedding,8,reservoir_random,,,,,6,0.9277777777777779,0.0024845199749997573,0.0,0.0,nan,0.0
shortcut_tree_025,hierarchical_with_lateral_edges,shortcut_tree_navigation,gaussian_sensory,temporal_full,embedding,8,reservoir_sparse,,,,,6,0.9277777777777779,0.0024845199749997573,0.0,0.0,nan,0.0
shortcut_tree_025,hierarchical_with_lateral_edges,shortcut_tree_navigation,gaussian_sensory,temporal_full,embedding,8,reservoir_symmetric,,,,,6,0.9277777777777779,0.0024845199749997573,0.0,0.0,nan,0.0
shortcut_tree_025,hierarchical_with_lateral_edges,shortcut_tree_navigation,gaussian_sensory,temporal_full,none,0,lin_block_r1_l2,1,2,2,independent_blocks,2,0.9277777777777778,0.005555555555555536,nan,0.0,nan,0.0
shortcut_tree_025,hierarchical_with_lateral_edges,shortcut_tree_navigation,gaussian_sensory,temporal_full,none,0,lin_block_r1_l4,1,4,4,independent_blocks,2,0.9222222222222223,0.011111111111111125,nan,0.0,nan,0.0
shortcut_tree_025,hierarchical_with_lateral_edges,shortcut_tree_navigation,gaussian_sensory,temporal_full,none,0,lin_block_r1_l8,1,8,8,independent_blocks,2,0.9222222222222223,0.011111111111111125,nan,0.0,nan,0.0
shortcut_tree_025,hierarchical_with_lateral_edges,shortcut_tree_navigation,gaussian_sensory,temporal_full,none,0,lin_block_r3_l2,3,2,4,independent_blocks,2,0.9222222222222223,0.011111111111111125,nan,0.0,nan,0.0
shortcut_tree_025,hierarchical_with_lateral_edges,shortcut_tree_navigation,gaussian_sensory,temporal_full,none,0,lin_block_r3_l4,3,4,6,independent_blocks,2,0.9222222222222223,0.011111111111111125,nan,0.0,nan,0.0
shortcut_tree_025,hierarchical_with_lateral_edges,shortcut_tree_navigation,gaussian_sensory,temporal_full,none,0,lin_block_r3_l8,3,8,10,independent_blocks,2,0.9222222222222223,0.011111111111111125,nan,0.0,nan,0.0
shortcut_tree_025,hierarchical_with_lateral_edges,shortcut_tree_navigation,gaussian_sensory,temporal_full,none,0,lin_block_r5_l2,5,2,6,independent_blocks,2,0.9222222222222223,0.011111111111111125,nan,0.0,nan,0.0
shortcut_tree_025,hierarchical_with_lateral_edges,shortcut_tree_navigation,gaussian_sensory,temporal_full,none,0,lin_block_r5_l4,5,4,8,independent_blocks,2,0.9222222222222223,0.011111111111111125,nan,0.0,nan,0.0
shortcut_tree_025,hierarchical_with_lateral_edges,shortcut_tree_navigation,gaussian_sensory,temporal_full,none,0,lin_block_r5_l8,5,8,12,independent_blocks,2,0.9222222222222223,0.011111111111111125,nan,0.0,nan,0.0
shortcut_tree_025,hierarchical_with_lateral_edges,shortcut_tree_navigation,gaussian_sensory,temporal_full,none,0,lin_sequence_all_units_r3_l4,3,4,6,all_units,6,0.9296296296296297,0.0023424278964210136,0.0,0.0,nan,0.0
shortcut_tree_025,hierarchical_with_lateral_edges,shortcut_tree_navigation,gaussian_sensory,temporal_full,none,0,lin_sequence_front_bands_r1_l2,1,2,2,front_bands,6,0.9277777777777779,0.0024845199749997573,0.0,0.0,nan,0.0
shortcut_tree_025,hierarchical_with_lateral_edges,shortcut_tree_navigation,gaussian_sensory,temporal_full,none,0,lin_sequence_front_bands_r1_l4,1,4,4,front_bands,6,0.9203703703703705,0.006676946806414796,0.008333333333333333,0.008333333333333335,nan,0.0
shortcut_tree_025,hierarchical_with_lateral_edges,shortcut_tree_navigation,gaussian_sensory,temporal_full,none,0,lin_sequence_front_bands_r1_l8,1,8,8,front_bands,6,0.9277777777777779,0.0024845199749997573,0.016666666666666666,0.01666666666666667,nan,0.0
shortcut_tree_025,hierarchical_with_lateral_edges,shortcut_tree_navigation,gaussian_sensory,temporal_full,none,0,lin_sequence_front_bands_r3_l2,3,2,4,front_bands,6,0.9240740740740742,0.005302896690102352,0.0,0.0,nan,0.0
shortcut_tree_025,hierarchical_with_lateral_edges,shortcut_tree_navigation,gaussian_sensory,temporal_full,none,0,lin_sequence_front_bands_r3_l4,3,4,6,front_bands,6,0.925925925925926,0.003703703703703705,0.008333333333333333,0.008333333333333335,nan,0.0
shortcut_tree_025,hierarchical_with_lateral_edges,shortcut_tree_navigation,gaussian_sensory,temporal_full,none,0,lin_sequence_front_bands_r3_l8,3,8,10,front_bands,6,0.9277777777777779,0.0024845199749997573,0.008333333333333333,0.008333333333333335,nan,0.0
shortcut_tree_025,hierarchical_with_lateral_edges,shortcut_tree_navigation,gaussian_sensory,temporal_full,none,0,lin_sequence_front_bands_r5_l2,5,2,6,front_bands,6,0.9277777777777779,0.0024845199749997573,0.0,0.0,nan,0.0
shortcut_tree_025,hierarchical_with_lateral_edges,shortcut_tree_navigation,gaussian_sensory,temporal_full,none,0,lin_sequence_front_bands_r5_l4,5,4,8,front_bands,6,0.925925925925926,0.003703703703703705,0.008333333333333333,0.008333333333333335,nan,0.0
shortcut_tree_025,hierarchical_with_lateral_edges,shortcut_tree_navigation,gaussian_sensory,temporal_full,none,0,lin_sequence_front_bands_r5_l8,5,8,12,front_bands,6,0.9277777777777779,0.0024845199749997573,0.008333333333333333,0.008333333333333335,nan,0.0
shortcut_tree_025,hierarchical_with_lateral_edges,shortcut_tree_navigation,gaussian_sensory,temporal_full,none,0,memoryless_linear,,,,,2,0.9277777777777778,0.005555555555555536,0.0,0.0,nan,0.0
shortcut_tree_025,hierarchical_with_lateral_edges,shortcut_tree_navigation,gaussian_sensory,temporal_full,none,0,memoryless_mlp,,,,,2,0.9277777777777778,0.005555555555555536,0.0,0.0,nan,0.0
shortcut_tree_025,hierarchical_with_lateral_edges,shortcut_tree_navigation,gaussian_sensory,temporal_full,none,0,numpy_rnn,,,,,2,0.9277777777777778,0.005555555555555536,0.0,0.0,nan,0.0
shortcut_tree_025,hierarchical_with_lateral_edges,shortcut_tree_navigation,gaussian_sensory,temporal_full,none,0,reservoir_block_hybrid,,,,,6,0.9277777777777779,0.0024845199749997573,0.0,0.0,nan,0.0
shortcut_tree_025,hierarchical_with_lateral_edges,shortcut_tree_navigation,gaussian_sensory,temporal_full,none,0,reservoir_diagonal,,,,,6,0.9277777777777779,0.0024845199749997573,0.0,0.0,nan,0.0
shortcut_tree_025,hierarchical_with_lateral_edges,shortcut_tree_navigation,gaussian_sensory,temporal_full,none,0,reservoir_low_rank,,,,,6,0.9277777777777779,0.0024845199749997573,0.0,0.0,nan,0.0
shortcut_tree_025,hierarchical_with_lateral_edges,shortcut_tree_navigation,gaussian_sensory,temporal_full,none,0,reservoir_nilpotent,,,,,6,0.9277777777777779,0.0024845199749997573,0.0,0.0,nan,0.0
shortcut_tree_025,hierarchical_with_lateral_edges,shortcut_tree_navigation,gaussian_sensory,temporal_full,none,0,reservoir_orthogonal,,,,,6,0.9240740740740742,0.005302896690102352,0.008333333333333333,0.008333333333333335,nan,0.0
shortcut_tree_025,hierarchical_with_lateral_edges,shortcut_tree_navigation,gaussian_sensory,temporal_full,none,0,reservoir_oscillatory,,,,,6,0.9277777777777779,0.0024845199749997573,0.0,0.0,nan,0.0
shortcut_tree_025,hierarchical_with_lateral_edges,shortcut_tree_navigation,gaussian_sensory,temporal_full,none,0,reservoir_random,,,,,6,0.9277777777777779,0.0024845199749997573,0.0,0.0,nan,0.0
shortcut_tree_025,hierarchical_with_lateral_edges,shortcut_tree_navigation,gaussian_sensory,temporal_full,none,0,reservoir_sparse,,,,,6,0.9277777777777779,0.0024845199749997573,0.0,0.0,nan,0.0
shortcut_tree_025,hierarchical_with_lateral_edges,shortcut_tree_navigation,gaussian_sensory,temporal_full,none,0,reservoir_symmetric,,,,,6,0.9277777777777779,0.0024845199749997573,0.0,0.0,nan,0.0
shortcut_tree_025,hierarchical_with_lateral_edges,shortcut_tree_navigation,gaussian_sensory,temporal_full,one_hot,0,lin_block_r1_l2,1,2,2,independent_blocks,2,0.9222222222222223,0.011111111111111125,nan,0.0,nan,0.0
shortcut_tree_025,hierarchical_with_lateral_edges,shortcut_tree_navigation,gaussian_sensory,temporal_full,one_hot,0,lin_block_r1_l4,1,4,4,independent_blocks,2,0.9222222222222223,0.011111111111111125,nan,0.0,nan,0.0
shortcut_tree_025,hierarchical_with_lateral_edges,shortcut_tree_navigation,gaussian_sensory,temporal_full,one_hot,0,lin_block_r1_l8,1,8,8,independent_blocks,2,0.9222222222222223,0.011111111111111125,nan,0.0,nan,0.0
shortcut_tree_025,hierarchical_with_lateral_edges,shortcut_tree_navigation,gaussian_sensory,temporal_full,one_hot,0,lin_block_r3_l2,3,2,4,independent_blocks,2,0.9222222222222223,0.011111111111111125,nan,0.0,nan,0.0
shortcut_tree_025,hierarchical_with_lateral_edges,shortcut_tree_navigation,gaussian_sensory,temporal_full,one_hot,0,lin_block_r3_l4,3,4,6,independent_blocks,2,0.9222222222222223,0.011111111111111125,nan,0.0,nan,0.0
shortcut_tree_025,hierarchical_with_lateral_edges,shortcut_tree_navigation,gaussian_sensory,temporal_full,one_hot,0,lin_block_r3_l8,3,8,10,independent_blocks,2,0.9222222222222223,0.011111111111111125,nan,0.0,nan,0.0
shortcut_tree_025,hierarchical_with_lateral_edges,shortcut_tree_navigation,gaussian_sensory,temporal_full,one_hot,0,lin_block_r5_l2,5,2,6,independent_blocks,2,0.9222222222222223,0.011111111111111125,nan,0.0,nan,0.0
shortcut_tree_025,hierarchical_with_lateral_edges,shortcut_tree_navigation,gaussian_sensory,temporal_full,one_hot,0,lin_block_r5_l4,5,4,8,independent_blocks,2,0.9111111111111112,0.011111111111111125,nan,0.0,nan,0.0
shortcut_tree_025,hierarchical_with_lateral_edges,shortcut_tree_navigation,gaussian_sensory,temporal_full,one_hot,0,lin_block_r5_l8,5,8,12,independent_blocks,2,0.9111111111111112,0.011111111111111125,nan,0.0,nan,0.0
shortcut_tree_025,hierarchical_with_lateral_edges,shortcut_tree_navigation,gaussian_sensory,temporal_full,one_hot,0,lin_sequence_all_units_r3_l4,3,4,6,all_units,6,0.9277777777777779,0.0024845199749997573,0.0,0.0,nan,0.0
shortcut_tree_025,hierarchical_with_lateral_edges,shortcut_tree_navigation,gaussian_sensory,temporal_full,one_hot,0,lin_sequence_front_bands_r1_l2,1,2,2,front_bands,6,0.9277777777777779,0.0024845199749997573,0.0,0.0,nan,0.0
shortcut_tree_025,hierarchical_with_lateral_edges,shortcut_tree_navigation,gaussian_sensory,temporal_full,one_hot,0,lin_sequence_front_bands_r1_l4,1,4,4,front_bands,6,0.9240740740740742,0.004459849843997153,0.0,0.0,nan,0.0
shortcut_tree_025,hierarchical_with_lateral_edges,shortcut_tree_navigation,gaussian_sensory,temporal_full,one_hot,0,lin_sequence_front_bands_r1_l8,1,8,8,front_bands,6,0.9277777777777779,0.0024845199749997573,0.0,0.0,nan,0.0
shortcut_tree_025,hierarchical_with_lateral_edges,shortcut_tree_navigation,gaussian_sensory,temporal_full,one_hot,0,lin_sequence_front_bands_r3_l2,3,2,4,front_bands,6,0.925925925925926,0.003703703703703705,0.0,0.0,nan,0.0
shortcut_tree_025,hierarchical_with_lateral_edges,shortcut_tree_navigation,gaussian_sensory,temporal_full,one_hot,0,lin_sequence_front_bands_r3_l4,3,4,6,front_bands,6,0.9240740740740742,0.005302896690102352,0.0,0.0,nan,0.0
shortcut_tree_025,hierarchical_with_lateral_edges,shortcut_tree_navigation,gaussian_sensory,temporal_full,one_hot,0,lin_sequence_front_bands_r3_l8,3,8,10,front_bands,6,0.9277777777777779,0.0024845199749997573,0.0,0.0,nan,0.0
shortcut_tree_025,hierarchical_with_lateral_edges,shortcut_tree_navigation,gaussian_sensory,temporal_full,one_hot,0,lin_sequence_front_bands_r5_l2,5,2,6,front_bands,6,0.9277777777777779,0.0024845199749997573,0.0,0.0,nan,0.0
shortcut_tree_025,hierarchical_with_lateral_edges,shortcut_tree_navigation,gaussian_sensory,temporal_full,one_hot,0,lin_sequence_front_bands_r5_l4,5,4,8,front_bands,6,0.9240740740740742,0.005302896690102352,0.016666666666666666,0.010540925533894598,nan,0.0
shortcut_tree_025,hierarchical_with_lateral_edges,shortcut_tree_navigation,gaussian_sensory,temporal_full,one_hot,0,lin_sequence_front_bands_r5_l8,5,8,12,front_bands,6,0.9277777777777779,0.0024845199749997573,0.0,0.0,nan,0.0
shortcut_tree_025,hierarchical_with_lateral_edges,shortcut_tree_navigation,gaussian_sensory,temporal_full,one_hot,0,memoryless_linear,,,,,2,0.9277777777777778,0.005555555555555536,0.0,0.0,nan,0.0
shortcut_tree_025,hierarchical_with_lateral_edges,shortcut_tree_navigation,gaussian_sensory,temporal_full,one_hot,0,memoryless_mlp,,,,,2,0.9277777777777778,0.005555555555555536,0.0,0.0,nan,0.0
shortcut_tree_025,hierarchical_with_lateral_edges,shortcut_tree_navigation,gaussian_sensory,temporal_full,one_hot,0,numpy_rnn,,,,,2,0.9333333333333333,0.0,0.0,0.0,nan,0.0
shortcut_tree_025,hierarchical_with_lateral_edges,shortcut_tree_navigation,gaussian_sensory,temporal_full,one_hot,0,reservoir_block_hybrid,,,,,6,0.9277777777777779,0.0024845199749997573,0.0,0.0,nan,0.0
shortcut_tree_025,hierarchical_with_lateral_edges,shortcut_tree_navigation,gaussian_sensory,temporal_full,one_hot,0,reservoir_diagonal,,,,,6,0.9296296296296297,0.0037037037037037095,0.0,0.0,nan,0.0
shortcut_tree_025,hierarchical_with_lateral_edges,shortcut_tree_navigation,gaussian_sensory,temporal_full,one_hot,0,reservoir_low_rank,,,,,6,0.9277777777777779,0.0024845199749997573,0.0,0.0,nan,0.0
shortcut_tree_025,hierarchical_with_lateral_edges,shortcut_tree_navigation,gaussian_sensory,temporal_full,one_hot,0,reservoir_nilpotent,,,,,6,0.9222222222222224,0.0057377531054924715,0.0,0.0,nan,0.0
shortcut_tree_025,hierarchical_with_lateral_edges,shortcut_tree_navigation,gaussian_sensory,temporal_full,one_hot,0,reservoir_orthogonal,,,,,6,0.9277777777777779,0.0024845199749997573,0.0,0.0,nan,0.0
shortcut_tree_025,hierarchical_with_lateral_edges,shortcut_tree_navigation,gaussian_sensory,temporal_full,one_hot,0,reservoir_oscillatory,,,,,6,0.9277777777777779,0.0024845199749997573,0.0,0.0,nan,0.0
shortcut_tree_025,hierarchical_with_lateral_edges,shortcut_tree_navigation,gaussian_sensory,temporal_full,one_hot,0,reservoir_random,,,,,6,0.9277777777777779,0.0024845199749997573,0.0,0.0,nan,0.0
shortcut_tree_025,hierarchical_with_lateral_edges,shortcut_tree_navigation,gaussian_sensory,temporal_full,one_hot,0,reservoir_sparse,,,,,6,0.9277777777777779,0.0024845199749997573,0.0,0.0,nan,0.0
shortcut_tree_025,hierarchical_with_lateral_edges,shortcut_tree_navigation,gaussian_sensory,temporal_full,one_hot,0,reservoir_symmetric,,,,,6,0.9277777777777779,0.0024845199749997573,0.0,0.0,nan,0.0
shortcut_tree_050,hierarchical_with_lateral_edges,shortcut_tree_navigation,gaussian_sensory,temporal_cue_then_blank,embedding,8,lin_block_r1_l2,1,2,2,independent_blocks,2,0.85,0.005555555555555536,nan,0.0,nan,0.0
shortcut_tree_050,hierarchical_with_lateral_edges,shortcut_tree_navigation,gaussian_sensory,temporal_cue_then_blank,embedding,8,lin_block_r1_l4,1,4,4,independent_blocks,2,0.85,0.005555555555555536,nan,0.0,nan,0.0
shortcut_tree_050,hierarchical_with_lateral_edges,shortcut_tree_navigation,gaussian_sensory,temporal_cue_then_blank,embedding,8,lin_block_r1_l8,1,8,8,independent_blocks,2,0.85,0.005555555555555536,nan,0.0,nan,0.0
shortcut_tree_050,hierarchical_with_lateral_edges,shortcut_tree_navigation,gaussian_sensory,temporal_cue_then_blank,embedding,8,lin_block_r3_l2,3,2,4,independent_blocks,2,0.8444444444444444,0.0,nan,0.0,nan,0.0
shortcut_tree_050,hierarchical_with_lateral_edges,shortcut_tree_navigation,gaussian_sensory,temporal_cue_then_blank,embedding,8,lin_block_r3_l4,3,4,6,independent_blocks,2,0.8444444444444444,0.0,nan,0.0,nan,0.0
shortcut_tree_050,hierarchical_with_lateral_edges,shortcut_tree_navigation,gaussian_sensory,temporal_cue_then_blank,embedding,8,lin_block_r3_l8,3,8,10,independent_blocks,2,0.8444444444444444,0.0,nan,0.0,nan,0.0
shortcut_tree_050,hierarchical_with_lateral_edges,shortcut_tree_navigation,gaussian_sensory,temporal_cue_then_blank,embedding,8,lin_block_r5_l2,5,2,6,independent_blocks,2,0.8444444444444444,0.0,nan,0.0,nan,0.0
shortcut_tree_050,hierarchical_with_lateral_edges,shortcut_tree_navigation,gaussian_sensory,temporal_cue_then_blank,embedding,8,lin_block_r5_l4,5,4,8,independent_blocks,2,0.8444444444444444,0.0,nan,0.0,nan,0.0
shortcut_tree_050,hierarchical_with_lateral_edges,shortcut_tree_navigation,gaussian_sensory,temporal_cue_then_blank,embedding,8,lin_block_r5_l8,5,8,12,independent_blocks,2,0.8444444444444444,0.0,nan,0.0,nan,0.0
shortcut_tree_050,hierarchical_with_lateral_edges,shortcut_tree_navigation,gaussian_sensory,temporal_cue_then_blank,embedding,8,lin_sequence_all_units_r3_l4,3,4,6,all_units,6,0.8481481481481481,0.0037037037037036913,0.0,0.0,nan,0.0
shortcut_tree_050,hierarchical_with_lateral_edges,shortcut_tree_navigation,gaussian_sensory,temporal_cue_then_blank,embedding,8,lin_sequence_front_bands_r1_l2,1,2,2,front_bands,6,0.8574074074074073,0.006029192813370264,0.008333333333333333,0.008333333333333335,nan,0.0
shortcut_tree_050,hierarchical_with_lateral_edges,shortcut_tree_navigation,gaussian_sensory,temporal_cue_then_blank,embedding,8,lin_sequence_front_bands_r1_l4,1,4,4,front_bands,6,0.85,0.0024845199749997573,0.0,0.0,nan,0.0
shortcut_tree_050,hierarchical_with_lateral_edges,shortcut_tree_navigation,gaussian_sensory,temporal_cue_then_blank,embedding,8,lin_sequence_front_bands_r1_l8,1,8,8,front_bands,6,0.8481481481481481,0.005493480360811595,0.0,0.0,nan,0.0
shortcut_tree_050,hierarchical_with_lateral_edges,shortcut_tree_navigation,gaussian_sensory,temporal_cue_then_blank,embedding,8,lin_sequence_front_bands_r3_l2,3,2,4,front_bands,6,0.85,0.0024845199749997573,0.0,0.0,nan,0.0
shortcut_tree_050,hierarchical_with_lateral_edges,shortcut_tree_navigation,gaussian_sensory,temporal_cue_then_blank,embedding,8,lin_sequence_front_bands_r3_l4,3,4,6,front_bands,6,0.8481481481481481,0.0037037037037036913,0.0,0.0,nan,0.0
shortcut_tree_050,hierarchical_with_lateral_edges,shortcut_tree_navigation,gaussian_sensory,temporal_cue_then_blank,embedding,8,lin_sequence_front_bands_r3_l8,3,8,10,front_bands,6,0.8444444444444444,0.0049690399499995146,0.0,0.0,nan,0.0
shortcut_tree_050,hierarchical_with_lateral_edges,shortcut_tree_navigation,gaussian_sensory,temporal_cue_then_blank,embedding,8,lin_sequence_front_bands_r5_l2,5,2,6,front_bands,6,0.85,0.0037951669503553933,0.0,0.0,nan,0.0
shortcut_tree_050,hierarchical_with_lateral_edges,shortcut_tree_navigation,gaussian_sensory,temporal_cue_then_blank,embedding,8,lin_sequence_front_bands_r5_l4,5,4,8,front_bands,6,0.85,0.0024845199749997573,0.0,0.0,nan,0.0
shortcut_tree_050,hierarchical_with_lateral_edges,shortcut_tree_navigation,gaussian_sensory,temporal_cue_then_blank,embedding,8,lin_sequence_front_bands_r5_l8,5,8,12,front_bands,6,0.8481481481481481,0.0037037037037036913,0.0,0.0,nan,0.0
shortcut_tree_050,hierarchical_with_lateral_edges,shortcut_tree_navigation,gaussian_sensory,temporal_cue_then_blank,embedding,8,memoryless_linear,,,,,2,0.8444444444444444,0.011111111111111072,0.0,0.0,nan,0.0
shortcut_tree_050,hierarchical_with_lateral_edges,shortcut_tree_navigation,gaussian_sensory,temporal_cue_then_blank,embedding,8,memoryless_mlp,,,,,2,0.8444444444444444,0.011111111111111072,0.0,0.0,nan,0.0
shortcut_tree_050,hierarchical_with_lateral_edges,shortcut_tree_navigation,gaussian_sensory,temporal_cue_then_blank,embedding,8,numpy_rnn,,,,,2,0.8444444444444444,0.011111111111111072,0.0,0.0,nan,0.0
shortcut_tree_050,hierarchical_with_lateral_edges,shortcut_tree_navigation,gaussian_sensory,temporal_cue_then_blank,embedding,8,reservoir_block_hybrid,,,,,6,0.8462962962962962,0.004459849843997131,0.0,0.0,nan,0.0
shortcut_tree_050,hierarchical_with_lateral_edges,shortcut_tree_navigation,gaussian_sensory,temporal_cue_then_blank,embedding,8,reservoir_diagonal,,,,,6,0.8462962962962962,0.004459849843997131,0.0,0.0,nan,0.0
shortcut_tree_050,hierarchical_with_lateral_edges,shortcut_tree_navigation,gaussian_sensory,temporal_cue_then_blank,embedding,8,reservoir_low_rank,,,,,6,0.8462962962962962,0.004459849843997131,0.0,0.0,nan,0.0
shortcut_tree_050,hierarchical_with_lateral_edges,shortcut_tree_navigation,gaussian_sensory,temporal_cue_then_blank,embedding,8,reservoir_nilpotent,,,,,6,0.85,0.005555555555555548,0.0,0.0,nan,0.0
shortcut_tree_050,hierarchical_with_lateral_edges,shortcut_tree_navigation,gaussian_sensory,temporal_cue_then_blank,embedding,8,reservoir_orthogonal,,,,,6,0.8462962962962962,0.004459849843997131,0.0,0.0,nan,0.0
shortcut_tree_050,hierarchical_with_lateral_edges,shortcut_tree_navigation,gaussian_sensory,temporal_cue_then_blank,embedding,8,reservoir_oscillatory,,,,,6,0.8462962962962962,0.004459849843997131,0.0,0.0,nan,0.0
shortcut_tree_050,hierarchical_with_lateral_edges,shortcut_tree_navigation,gaussian_sensory,temporal_cue_then_blank,embedding,8,reservoir_random,,,,,6,0.8462962962962962,0.004459849843997131,0.0,0.0,nan,0.0
shortcut_tree_050,hierarchical_with_lateral_edges,shortcut_tree_navigation,gaussian_sensory,temporal_cue_then_blank,embedding,8,reservoir_sparse,,,,,6,0.8444444444444444,0.004057204129667883,0.008333333333333333,0.008333333333333335,nan,0.0
shortcut_tree_050,hierarchical_with_lateral_edges,shortcut_tree_navigation,gaussian_sensory,temporal_cue_then_blank,embedding,8,reservoir_symmetric,,,,,6,0.85,0.005555555555555548,0.0,0.0,nan,0.0
shortcut_tree_050,hierarchical_with_lateral_edges,shortcut_tree_navigation,gaussian_sensory,temporal_cue_then_blank,none,0,lin_block_r1_l2,1,2,2,independent_blocks,2,0.85,0.005555555555555536,nan,0.0,nan,0.0
shortcut_tree_050,hierarchical_with_lateral_edges,shortcut_tree_navigation,gaussian_sensory,temporal_cue_then_blank,none,0,lin_block_r1_l4,1,4,4,independent_blocks,2,0.8555555555555556,0.011111111111111125,nan,0.0,nan,0.0
shortcut_tree_050,hierarchical_with_lateral_edges,shortcut_tree_navigation,gaussian_sensory,temporal_cue_then_blank,none,0,lin_block_r1_l8,1,8,8,independent_blocks,2,0.8555555555555556,0.011111111111111125,nan,0.0,nan,0.0
shortcut_tree_050,hierarchical_with_lateral_edges,shortcut_tree_navigation,gaussian_sensory,temporal_cue_then_blank,none,0,lin_block_r3_l2,3,2,4,independent_blocks,2,0.8555555555555556,0.011111111111111125,nan,0.0,nan,0.0
shortcut_tree_050,hierarchical_with_lateral_edges,shortcut_tree_navigation,gaussian_sensory,temporal_cue_then_blank,none,0,lin_block_r3_l4,3,4,6,independent_blocks,2,0.8555555555555556,0.011111111111111125,nan,0.0,nan,0.0
shortcut_tree_050,hierarchical_with_lateral_edges,shortcut_tree_navigation,gaussian_sensory,temporal_cue_then_blank,none,0,lin_block_r3_l8,3,8,10,independent_blocks,2,0.8555555555555556,0.011111111111111125,nan,0.0,nan,0.0
shortcut_tree_050,hierarchical_with_lateral_edges,shortcut_tree_navigation,gaussian_sensory,temporal_cue_then_blank,none,0,lin_block_r5_l2,5,2,6,independent_blocks,2,0.8555555555555556,0.011111111111111125,nan,0.0,nan,0.0
shortcut_tree_050,hierarchical_with_lateral_edges,shortcut_tree_navigation,gaussian_sensory,temporal_cue_then_blank,none,0,lin_block_r5_l4,5,4,8,independent_blocks,2,0.8555555555555556,0.011111111111111125,nan,0.0,nan,0.0
shortcut_tree_050,hierarchical_with_lateral_edges,shortcut_tree_navigation,gaussian_sensory,temporal_cue_then_blank,none,0,lin_block_r5_l8,5,8,12,independent_blocks,2,0.8555555555555556,0.011111111111111125,nan,0.0,nan,0.0
shortcut_tree_050,hierarchical_with_lateral_edges,shortcut_tree_navigation,gaussian_sensory,temporal_cue_then_blank,none,0,lin_sequence_all_units_r3_l4,3,4,6,all_units,6,0.8574074074074073,0.0044598498439971535,0.008333333333333333,0.008333333333333335,nan,0.0
shortcut_tree_050,hierarchical_with_lateral_edges,shortcut_tree_navigation,gaussian_sensory,temporal_cue_then_blank,none,0,lin_sequence_front_bands_r1_l2,1,2,2,front_bands,6,0.8555555555555555,0.004969039949999541,0.0,0.0,nan,0.0
shortcut_tree_050,hierarchical_with_lateral_edges,shortcut_tree_navigation,gaussian_sensory,temporal_cue_then_blank,none,0,lin_sequence_front_bands_r1_l4,1,4,4,front_bands,6,0.8537037037037036,0.003414646095293664,0.0,0.0,nan,0.0
shortcut_tree_050,hierarchical_with_lateral_edges,shortcut_tree_navigation,gaussian_sensory,temporal_cue_then_blank,none,0,lin_sequence_front_bands_r1_l8,1,8,8,front_bands,6,0.8518518518518517,0.002342427896421013,0.0,0.0,nan,0.0
shortcut_tree_050,hierarchical_with_lateral_edges,shortcut_tree_navigation,gaussian_sensory,temporal_cue_then_blank,none,0,lin_sequence_front_bands_r3_l2,3,2,4,front_bands,6,0.861111111111111,0.006252571487457088,0.0,0.0,nan,0.0
shortcut_tree_050,hierarchical_with_lateral_edges,shortcut_tree_navigation,gaussian_sensory,temporal_cue_then_blank,none,0,lin_sequence_front_bands_r3_l4,3,4,6,front_bands,6,0.8537037037037036,0.004459849843997153,0.0,0.0,nan,0.0
shortcut_tree_050,hierarchical_with_lateral_edges,shortcut_tree_navigation,gaussian_sensory,temporal_cue_then_blank,none,0,lin_sequence_front_bands_r3_l8,3,8,10,front_bands,6,0.85,0.0024845199749997573,0.0,0.0,nan,0.0
shortcut_tree_050,hierarchical_with_lateral_edges,shortcut_tree_navigation,gaussian_sensory,temporal_cue_then_blank,none,0,lin_sequence_front_bands_r5_l2,5,2,6,front_bands,6,0.8592592592592593,0.003703703703703713,0.0,0.0,nan,0.0
shortcut_tree_050,hierarchical_with_lateral_edges,shortcut_tree_navigation,gaussian_sensory,temporal_cue_then_blank,none,0,lin_sequence_front_bands_r5_l4,5,4,8,front_bands,6,0.8574074074074073,0.006029192813370264,0.016666666666666666,0.01666666666666667,nan,0.0
shortcut_tree_050,hierarchical_with_lateral_edges,shortcut_tree_navigation,gaussian_sensory,temporal_cue_then_blank,none,0,lin_sequence_front_bands_r5_l8,5,8,12,front_bands,6,0.8537037037037036,0.003414646095293665,0.0,0.0,nan,0.0
shortcut_tree_050,hierarchical_with_lateral_edges,shortcut_tree_navigation,gaussian_sensory,temporal_cue_then_blank,none,0,memoryless_linear,,,,,2,0.8444444444444444,0.011111111111111072,0.0,0.0,nan,0.0
shortcut_tree_050,hierarchical_with_lateral_edges,shortcut_tree_navigation,gaussian_sensory,temporal_cue_then_blank,none,0,memoryless_mlp,,,,,2,0.8444444444444444,0.011111111111111072,0.0,0.0,nan,0.0
shortcut_tree_050,hierarchical_with_lateral_edges,shortcut_tree_navigation,gaussian_sensory,temporal_cue_then_blank,none,0,numpy_rnn,,,,,2,0.8444444444444444,0.011111111111111072,0.0,0.0,nan,0.0
shortcut_tree_050,hierarchical_with_lateral_edges,shortcut_tree_navigation,gaussian_sensory,temporal_cue_then_blank,none,0,reservoir_block_hybrid,,,,,6,0.8592592592592592,0.004684855792842048,0.008333333333333333,0.008333333333333335,nan,0.0
shortcut_tree_050,hierarchical_with_lateral_edges,shortcut_tree_navigation,gaussian_sensory,temporal_cue_then_blank,none,0,reservoir_diagonal,,,,,6,0.8574074074074073,0.0044598498439971535,0.0,0.0,nan,0.0
shortcut_tree_050,hierarchical_with_lateral_edges,shortcut_tree_navigation,gaussian_sensory,temporal_cue_then_blank,none,0,reservoir_low_rank,,,,,6,0.8555555555555555,0.0070272836892630655,0.0,0.0,nan,0.0
shortcut_tree_050,hierarchical_with_lateral_edges,shortcut_tree_navigation,gaussian_sensory,temporal_cue_then_blank,none,0,reservoir_nilpotent,,,,,6,0.8592592592592592,0.003703703703703713,0.0,0.0,nan,0.0
shortcut_tree_050,hierarchical_with_lateral_edges,shortcut_tree_navigation,gaussian_sensory,temporal_cue_then_blank,none,0,reservoir_orthogonal,,,,,6,0.8555555555555555,0.0057377531054924715,0.0,0.0,nan,0.0
shortcut_tree_050,hierarchical_with_lateral_edges,shortcut_tree_navigation,gaussian_sensory,temporal_cue_then_blank,none,0,reservoir_oscillatory,,,,,6,0.85,0.0024845199749997573,0.0,0.0,nan,0.0
shortcut_tree_050,hierarchical_with_lateral_edges,shortcut_tree_navigation,gaussian_sensory,temporal_cue_then_blank,none,0,reservoir_random,,,,,6,0.8629629629629628,0.004684855792842048,0.0,0.0,nan,0.0
shortcut_tree_050,hierarchical_with_lateral_edges,shortcut_tree_navigation,gaussian_sensory,temporal_cue_then_blank,none,0,reservoir_sparse,,,,,6,0.8537037037037036,0.006029192813370264,0.0,0.0,nan,0.0
shortcut_tree_050,hierarchical_with_lateral_edges,shortcut_tree_navigation,gaussian_sensory,temporal_cue_then_blank,none,0,reservoir_symmetric,,,,,6,0.8574074074074073,0.0044598498439971535,0.008333333333333333,0.008333333333333335,nan,0.0
shortcut_tree_050,hierarchical_with_lateral_edges,shortcut_tree_navigation,gaussian_sensory,temporal_cue_then_blank,one_hot,0,lin_block_r1_l2,1,2,2,independent_blocks,2,0.85,0.005555555555555536,nan,0.0,nan,0.0
shortcut_tree_050,hierarchical_with_lateral_edges,shortcut_tree_navigation,gaussian_sensory,temporal_cue_then_blank,one_hot,0,lin_block_r1_l4,1,4,4,independent_blocks,2,0.85,0.005555555555555536,nan,0.0,nan,0.0
shortcut_tree_050,hierarchical_with_lateral_edges,shortcut_tree_navigation,gaussian_sensory,temporal_cue_then_blank,one_hot,0,lin_block_r1_l8,1,8,8,independent_blocks,2,0.85,0.005555555555555536,nan,0.0,nan,0.0
shortcut_tree_050,hierarchical_with_lateral_edges,shortcut_tree_navigation,gaussian_sensory,temporal_cue_then_blank,one_hot,0,lin_block_r3_l2,3,2,4,independent_blocks,2,0.8444444444444444,0.0,nan,0.0,nan,0.0
shortcut_tree_050,hierarchical_with_lateral_edges,shortcut_tree_navigation,gaussian_sensory,temporal_cue_then_blank,one_hot,0,lin_block_r3_l4,3,4,6,independent_blocks,2,0.8444444444444444,0.0,nan,0.0,nan,0.0
shortcut_tree_050,hierarchical_with_lateral_edges,shortcut_tree_navigation,gaussian_sensory,temporal_cue_then_blank,one_hot,0,lin_block_r3_l8,3,8,10,independent_blocks,2,0.8444444444444444,0.0,nan,0.0,nan,0.0
shortcut_tree_050,hierarchical_with_lateral_edges,shortcut_tree_navigation,gaussian_sensory,temporal_cue_then_blank,one_hot,0,lin_block_r5_l2,5,2,6,independent_blocks,2,0.8444444444444444,0.0,nan,0.0,nan,0.0
shortcut_tree_050,hierarchical_with_lateral_edges,shortcut_tree_navigation,gaussian_sensory,temporal_cue_then_blank,one_hot,0,lin_block_r5_l4,5,4,8,independent_blocks,2,0.85,0.005555555555555536,nan,0.0,nan,0.0
shortcut_tree_050,hierarchical_with_lateral_edges,shortcut_tree_navigation,gaussian_sensory,temporal_cue_then_blank,one_hot,0,lin_block_r5_l8,5,8,12,independent_blocks,2,0.85,0.005555555555555536,nan,0.0,nan,0.0
shortcut_tree_050,hierarchical_with_lateral_edges,shortcut_tree_navigation,gaussian_sensory,temporal_cue_then_blank,one_hot,0,lin_sequence_all_units_r3_l4,3,4,6,all_units,6,0.85,0.0024845199749997573,0.0,0.0,nan,0.0
shortcut_tree_050,hierarchical_with_lateral_edges,shortcut_tree_navigation,gaussian_sensory,temporal_cue_then_blank,one_hot,0,lin_sequence_front_bands_r1_l2,1,2,2,front_bands,6,0.8592592592592592,0.005493480360811606,0.0,0.0,nan,0.0
shortcut_tree_050,hierarchical_with_lateral_edges,shortcut_tree_navigation,gaussian_sensory,temporal_cue_then_blank,one_hot,0,lin_sequence_front_bands_r1_l4,1,4,4,front_bands,6,0.8518518518518517,0.002342427896421013,0.0,0.0,nan,0.0
shortcut_tree_050,hierarchical_with_lateral_edges,shortcut_tree_navigation,gaussian_sensory,temporal_cue_then_blank,one_hot,0,lin_sequence_front_bands_r1_l8,1,8,8,front_bands,6,0.8444444444444444,0.0049690399499995146,0.0,0.0,nan,0.0
shortcut_tree_050,hierarchical_with_lateral_edges,shortcut_tree_navigation,gaussian_sensory,temporal_cue_then_blank,one_hot,0,lin_sequence_front_bands_r3_l2,3,2,4,front_bands,6,0.8518518518518517,0.003703703703703705,0.008333333333333333,0.008333333333333335,nan,0.0
shortcut_tree_050,hierarchical_with_lateral_edges,shortcut_tree_navigation,gaussian_sensory,temporal_cue_then_blank,one_hot,0,lin_sequence_front_bands_r3_l4,3,4,6,front_bands,6,0.8481481481481481,0.0037037037037036913,0.0,0.0,nan,0.0
shortcut_tree_050,hierarchical_with_lateral_edges,shortcut_tree_navigation,gaussian_sensory,temporal_cue_then_blank,one_hot,0,lin_sequence_front_bands_r3_l8,3,8,10,front_bands,6,0.8444444444444444,0.0049690399499995146,0.0,0.0,nan,0.0
shortcut_tree_050,hierarchical_with_lateral_edges,shortcut_tree_navigation,gaussian_sensory,temporal_cue_then_blank,one_hot,0,lin_sequence_front_bands_r5_l2,5,2,6,front_bands,6,0.8481481481481481,0.004684855792842027,0.0,0.0,nan,0.0
shortcut_tree_050,hierarchical_with_lateral_edges,shortcut_tree_navigation,gaussian_sensory,temporal_cue_then_blank,one_hot,0,lin_sequence_front_bands_r5_l4,5,4,8,front_bands,6,0.8462962962962962,0.00341464609529365,0.0,0.0,nan,0.0
shortcut_tree_050,hierarchical_with_lateral_edges,shortcut_tree_navigation,gaussian_sensory,temporal_cue_then_blank,one_hot,0,lin_sequence_front_bands_r5_l8,5,8,12,front_bands,6,0.8444444444444444,0.0049690399499995146,0.0,0.0,nan,0.0
shortcut_tree_050,hierarchical_with_lateral_edges,shortcut_tree_navigation,gaussian_sensory,temporal_cue_then_blank,one_hot,0,memoryless_linear,,,,,2,0.8444444444444444,0.011111111111111072,0.0,0.0,nan,0.0
shortcut_tree_050,hierarchical_with_lateral_edges,shortcut_tree_navigation,gaussian_sensory,temporal_cue_then_blank,one_hot,0,memoryless_mlp,,,,,2,0.8444444444444444,0.011111111111111072,0.0,0.0,nan,0.0
shortcut_tree_050,hierarchical_with_lateral_edges,shortcut_tree_navigation,gaussian_sensory,temporal_cue_then_blank,one_hot,0,numpy_rnn,,,,,2,0.8444444444444444,0.011111111111111072,0.0,0.0,nan,0.0
shortcut_tree_050,hierarchical_with_lateral_edges,shortcut_tree_navigation,gaussian_sensory,temporal_cue_then_blank,one_hot,0,reservoir_block_hybrid,,,,,6,0.8481481481481481,0.0037037037037036913,0.0,0.0,nan,0.0
shortcut_tree_050,hierarchical_with_lateral_edges,shortcut_tree_navigation,gaussian_sensory,temporal_cue_then_blank,one_hot,0,reservoir_diagonal,,,,,6,0.8481481481481481,0.0037037037037036913,0.0,0.0,nan,0.0
shortcut_tree_050,hierarchical_with_lateral_edges,shortcut_tree_navigation,gaussian_sensory,temporal_cue_then_blank,one_hot,0,reservoir_low_rank,,,,,6,0.8462962962962962,0.004459849843997131,0.0,0.0,nan,0.0
shortcut_tree_050,hierarchical_with_lateral_edges,shortcut_tree_navigation,gaussian_sensory,temporal_cue_then_blank,one_hot,0,reservoir_nilpotent,,,,,6,0.8481481481481481,0.004684855792842027,0.0,0.0,nan,0.0
shortcut_tree_050,hierarchical_with_lateral_edges,shortcut_tree_navigation,gaussian_sensory,temporal_cue_then_blank,one_hot,0,reservoir_orthogonal,,,,,6,0.8462962962962962,0.004459849843997131,0.0,0.0,nan,0.0
shortcut_tree_050,hierarchical_with_lateral_edges,shortcut_tree_navigation,gaussian_sensory,temporal_cue_then_blank,one_hot,0,reservoir_oscillatory,,,,,6,0.8462962962962962,0.004459849843997131,0.0,0.0,nan,0.0
shortcut_tree_050,hierarchical_with_lateral_edges,shortcut_tree_navigation,gaussian_sensory,temporal_cue_then_blank,one_hot,0,reservoir_random,,,,,6,0.85,0.0047574935476537485,0.0,0.0,nan,0.0
shortcut_tree_050,hierarchical_with_lateral_edges,shortcut_tree_navigation,gaussian_sensory,temporal_cue_then_blank,one_hot,0,reservoir_sparse,,,,,6,0.8481481481481481,0.005493480360811595,0.0,0.0,nan,0.0
shortcut_tree_050,hierarchical_with_lateral_edges,shortcut_tree_navigation,gaussian_sensory,temporal_cue_then_blank,one_hot,0,reservoir_symmetric,,,,,6,0.8481481481481481,0.0037037037037036913,0.0,0.0,nan,0.0
shortcut_tree_050,hierarchical_with_lateral_edges,shortcut_tree_navigation,gaussian_sensory,temporal_dropout,embedding,8,lin_block_r1_l2,1,2,2,independent_blocks,2,0.8444444444444444,0.011111111111111072,nan,0.0,nan,0.0
shortcut_tree_050,hierarchical_with_lateral_edges,shortcut_tree_navigation,gaussian_sensory,temporal_dropout,embedding,8,lin_block_r1_l4,1,4,4,independent_blocks,2,0.85,0.005555555555555536,nan,0.0,nan,0.0
shortcut_tree_050,hierarchical_with_lateral_edges,shortcut_tree_navigation,gaussian_sensory,temporal_dropout,embedding,8,lin_block_r1_l8,1,8,8,independent_blocks,2,0.85,0.005555555555555536,nan,0.0,nan,0.0
shortcut_tree_050,hierarchical_with_lateral_edges,shortcut_tree_navigation,gaussian_sensory,temporal_dropout,embedding,8,lin_block_r3_l2,3,2,4,independent_blocks,2,0.85,0.005555555555555536,nan,0.0,nan,0.0
shortcut_tree_050,hierarchical_with_lateral_edges,shortcut_tree_navigation,gaussian_sensory,temporal_dropout,embedding,8,lin_block_r3_l4,3,4,6,independent_blocks,2,0.8222222222222222,0.0,nan,0.0,nan,0.0
shortcut_tree_050,hierarchical_with_lateral_edges,shortcut_tree_navigation,gaussian_sensory,temporal_dropout,embedding,8,lin_block_r3_l8,3,8,10,independent_blocks,2,0.8277777777777777,0.005555555555555591,nan,0.0,nan,0.0
shortcut_tree_050,hierarchical_with_lateral_edges,shortcut_tree_navigation,gaussian_sensory,temporal_dropout,embedding,8,lin_block_r5_l2,5,2,6,independent_blocks,2,0.8388888888888889,0.005555555555555536,nan,0.0,nan,0.0
shortcut_tree_050,hierarchical_with_lateral_edges,shortcut_tree_navigation,gaussian_sensory,temporal_dropout,embedding,8,lin_block_r5_l4,5,4,8,independent_blocks,2,0.8333333333333333,0.011111111111111125,nan,0.0,nan,0.0
shortcut_tree_050,hierarchical_with_lateral_edges,shortcut_tree_navigation,gaussian_sensory,temporal_dropout,embedding,8,lin_block_r5_l8,5,8,12,independent_blocks,2,0.8333333333333333,0.011111111111111125,nan,0.0,nan,0.0
shortcut_tree_050,hierarchical_with_lateral_edges,shortcut_tree_navigation,gaussian_sensory,temporal_dropout,embedding,8,lin_sequence_all_units_r3_l4,3,4,6,all_units,6,0.8444444444444444,0.0049690399499995146,0.0,0.0,nan,0.0
shortcut_tree_050,hierarchical_with_lateral_edges,shortcut_tree_navigation,gaussian_sensory,temporal_dropout,embedding,8,lin_sequence_front_bands_r1_l2,1,2,2,front_bands,6,0.8444444444444444,0.0049690399499995146,0.0,0.0,nan,0.0
shortcut_tree_050,hierarchical_with_lateral_edges,shortcut_tree_navigation,gaussian_sensory,temporal_dropout,embedding,8,lin_sequence_front_bands_r1_l4,1,4,4,front_bands,6,0.8462962962962962,0.004459849843997131,0.0,0.0,nan,0.0
shortcut_tree_050,hierarchical_with_lateral_edges,shortcut_tree_navigation,gaussian_sensory,temporal_dropout,embedding,8,lin_sequence_front_bands_r1_l8,1,8,8,front_bands,6,0.8444444444444444,0.0049690399499995146,0.0,0.0,nan,0.0
shortcut_tree_050,hierarchical_with_lateral_edges,shortcut_tree_navigation,gaussian_sensory,temporal_dropout,embedding,8,lin_sequence_front_bands_r3_l2,3,2,4,front_bands,6,0.8425925925925926,0.004459849843997131,0.0,0.0,nan,0.0
shortcut_tree_050,hierarchical_with_lateral_edges,shortcut_tree_navigation,gaussian_sensory,temporal_dropout,embedding,8,lin_sequence_front_bands_r3_l4,3,4,6,front_bands,6,0.8444444444444444,0.0049690399499995146,0.0,0.0,nan,0.0
shortcut_tree_050,hierarchical_with_lateral_edges,shortcut_tree_navigation,gaussian_sensory,temporal_dropout,embedding,8,lin_sequence_front_bands_r3_l8,3,8,10,front_bands,6,0.8444444444444444,0.0049690399499995146,0.0,0.0,nan,0.0
shortcut_tree_050,hierarchical_with_lateral_edges,shortcut_tree_navigation,gaussian_sensory,temporal_dropout,embedding,8,lin_sequence_front_bands_r5_l2,5,2,6,front_bands,6,0.8444444444444444,0.0049690399499995146,0.0,0.0,nan,0.0
shortcut_tree_050,hierarchical_with_lateral_edges,shortcut_tree_navigation,gaussian_sensory,temporal_dropout,embedding,8,lin_sequence_front_bands_r5_l4,5,4,8,front_bands,6,0.8425925925925926,0.004459849843997131,0.0,0.0,nan,0.0
shortcut_tree_050,hierarchical_with_lateral_edges,shortcut_tree_navigation,gaussian_sensory,temporal_dropout,embedding,8,lin_sequence_front_bands_r5_l8,5,8,12,front_bands,6,0.8444444444444444,0.0049690399499995146,0.0,0.0,nan,0.0
shortcut_tree_050,hierarchical_with_lateral_edges,shortcut_tree_navigation,gaussian_sensory,temporal_dropout,embedding,8,memoryless_linear,,,,,2,0.8444444444444444,0.011111111111111072,0.0,0.0,nan,0.0
shortcut_tree_050,hierarchical_with_lateral_edges,shortcut_tree_navigation,gaussian_sensory,temporal_dropout,embedding,8,memoryless_mlp,,,,,2,0.8444444444444444,0.011111111111111072,0.0,0.0,nan,0.0
shortcut_tree_050,hierarchical_with_lateral_edges,shortcut_tree_navigation,gaussian_sensory,temporal_dropout,embedding,8,numpy_rnn,,,,,2,0.85,0.005555555555555536,0.0,0.0,nan,0.0
shortcut_tree_050,hierarchical_with_lateral_edges,shortcut_tree_navigation,gaussian_sensory,temporal_dropout,embedding,8,reservoir_block_hybrid,,,,,6,0.8444444444444444,0.0049690399499995146,0.0,0.0,nan,0.0
shortcut_tree_050,hierarchical_with_lateral_edges,shortcut_tree_navigation,gaussian_sensory,temporal_dropout,embedding,8,reservoir_diagonal,,,,,6,0.8425925925925926,0.006029192813370254,0.0,0.0,nan,0.0
shortcut_tree_050,hierarchical_with_lateral_edges,shortcut_tree_navigation,gaussian_sensory,temporal_dropout,embedding,8,reservoir_low_rank,,,,,6,0.8444444444444444,0.0049690399499995146,0.0,0.0,nan,0.0
shortcut_tree_050,hierarchical_with_lateral_edges,shortcut_tree_navigation,gaussian_sensory,temporal_dropout,embedding,8,reservoir_nilpotent,,,,,6,0.8444444444444444,0.0049690399499995146,0.0,0.0,nan,0.0
shortcut_tree_050,hierarchical_with_lateral_edges,shortcut_tree_navigation,gaussian_sensory,temporal_dropout,embedding,8,reservoir_orthogonal,,,,,6,0.8444444444444444,0.0049690399499995146,0.0,0.0,nan,0.0
shortcut_tree_050,hierarchical_with_lateral_edges,shortcut_tree_navigation,gaussian_sensory,temporal_dropout,embedding,8,reservoir_oscillatory,,,,,6,0.8425925925925926,0.004459849843997131,0.0,0.0,nan,0.0
shortcut_tree_050,hierarchical_with_lateral_edges,shortcut_tree_navigation,gaussian_sensory,temporal_dropout,embedding,8,reservoir_random,,,,,6,0.8407407407407407,0.0037037037037036904,0.0,0.0,nan,0.0
shortcut_tree_050,hierarchical_with_lateral_edges,shortcut_tree_navigation,gaussian_sensory,temporal_dropout,embedding,8,reservoir_sparse,,,,,6,0.8444444444444444,0.0049690399499995146,0.0,0.0,nan,0.0
shortcut_tree_050,hierarchical_with_lateral_edges,shortcut_tree_navigation,gaussian_sensory,temporal_dropout,embedding,8,reservoir_symmetric,,,,,6,0.8425925925925926,0.004459849843997131,0.0,0.0,nan,0.0
shortcut_tree_050,hierarchical_with_lateral_edges,shortcut_tree_navigation,gaussian_sensory,temporal_dropout,none,0,lin_block_r1_l2,1,2,2,independent_blocks,2,0.8444444444444444,0.011111111111111072,nan,0.0,nan,0.0
shortcut_tree_050,hierarchical_with_lateral_edges,shortcut_tree_navigation,gaussian_sensory,temporal_dropout,none,0,lin_block_r1_l4,1,4,4,independent_blocks,2,0.85,0.005555555555555536,nan,0.0,nan,0.0
shortcut_tree_050,hierarchical_with_lateral_edges,shortcut_tree_navigation,gaussian_sensory,temporal_dropout,none,0,lin_block_r1_l8,1,8,8,independent_blocks,2,0.8444444444444444,0.0,nan,0.0,nan,0.0
shortcut_tree_050,hierarchical_with_lateral_edges,shortcut_tree_navigation,gaussian_sensory,temporal_dropout,none,0,lin_block_r3_l2,3,2,4,independent_blocks,2,0.85,0.005555555555555536,nan,0.0,nan,0.0
shortcut_tree_050,hierarchical_with_lateral_edges,shortcut_tree_navigation,gaussian_sensory,temporal_dropout,none,0,lin_block_r3_l4,3,4,6,independent_blocks,2,0.8388888888888889,0.005555555555555536,nan,0.0,nan,0.0
shortcut_tree_050,hierarchical_with_lateral_edges,shortcut_tree_navigation,gaussian_sensory,temporal_dropout,none,0,lin_block_r3_l8,3,8,10,independent_blocks,2,0.8388888888888889,0.005555555555555536,nan,0.0,nan,0.0
shortcut_tree_050,hierarchical_with_lateral_edges,shortcut_tree_navigation,gaussian_sensory,temporal_dropout,none,0,lin_block_r5_l2,5,2,6,independent_blocks,2,0.8388888888888889,0.005555555555555536,nan,0.0,nan,0.0
shortcut_tree_050,hierarchical_with_lateral_edges,shortcut_tree_navigation,gaussian_sensory,temporal_dropout,none,0,lin_block_r5_l4,5,4,8,independent_blocks,2,0.8388888888888889,0.005555555555555536,nan,0.0,nan,0.0
shortcut_tree_050,hierarchical_with_lateral_edges,shortcut_tree_navigation,gaussian_sensory,temporal_dropout,none,0,lin_block_r5_l8,5,8,12,independent_blocks,2,0.8388888888888889,0.005555555555555536,nan,0.0,nan,0.0
shortcut_tree_050,hierarchical_with_lateral_edges,shortcut_tree_navigation,gaussian_sensory,temporal_dropout,none,0,lin_sequence_all_units_r3_l4,3,4,6,all_units,6,0.8407407407407407,0.0037037037037036904,0.0,0.0,nan,0.0
shortcut_tree_050,hierarchical_with_lateral_edges,shortcut_tree_navigation,gaussian_sensory,temporal_dropout,none,0,lin_sequence_front_bands_r1_l2,1,2,2,front_bands,6,0.8388888888888887,0.005555555555555548,0.0,0.0,nan,0.0
shortcut_tree_050,hierarchical_with_lateral_edges,shortcut_tree_navigation,gaussian_sensory,temporal_dropout,none,0,lin_sequence_front_bands_r1_l4,1,4,4,front_bands,6,0.8462962962962962,0.00341464609529365,0.0,0.0,nan,0.0
shortcut_tree_050,hierarchical_with_lateral_edges,shortcut_tree_navigation,gaussian_sensory,temporal_dropout,none,0,lin_sequence_front_bands_r1_l8,1,8,8,front_bands,6,0.8444444444444444,0.0049690399499995146,0.0,0.0,nan,0.0
shortcut_tree_050,hierarchical_with_lateral_edges,shortcut_tree_navigation,gaussian_sensory,temporal_dropout,none,0,lin_sequence_front_bands_r3_l2,3,2,4,front_bands,6,0.8462962962962962,0.004459849843997131,0.0,0.0,nan,0.0
shortcut_tree_050,hierarchical_with_lateral_edges,shortcut_tree_navigation,gaussian_sensory,temporal_dropout,none,0,lin_sequence_front_bands_r3_l4,3,4,6,front_bands,6,0.8462962962962962,0.006029192813370254,0.0,0.0,nan,0.0
shortcut_tree_050,hierarchical_with_lateral_edges,shortcut_tree_navigation,gaussian_sensory,temporal_dropout,none,0,lin_sequence_front_bands_r3_l8,3,8,10,front_bands,6,0.8444444444444444,0.0049690399499995146,0.0,0.0,nan,0.0
shortcut_tree_050,hierarchical_with_lateral_edges,shortcut_tree_navigation,gaussian_sensory,temporal_dropout,none,0,lin_sequence_front_bands_r5_l2,5,2,6,front_bands,6,0.8444444444444444,0.0049690399499995146,0.0,0.0,nan,0.0
shortcut_tree_050,hierarchical_with_lateral_edges,shortcut_tree_navigation,gaussian_sensory,temporal_dropout,none,0,lin_sequence_front_bands_r5_l4,5,4,8,front_bands,6,0.8444444444444444,0.0049690399499995146,0.0,0.0,nan,0.0
shortcut_tree_050,hierarchical_with_lateral_edges,shortcut_tree_navigation,gaussian_sensory,temporal_dropout,none,0,lin_sequence_front_bands_r5_l8,5,8,12,front_bands,6,0.8444444444444444,0.0049690399499995146,0.0,0.0,nan,0.0
shortcut_tree_050,hierarchical_with_lateral_edges,shortcut_tree_navigation,gaussian_sensory,temporal_dropout,none,0,memoryless_linear,,,,,2,0.8444444444444444,0.011111111111111072,0.0,0.0,nan,0.0
shortcut_tree_050,hierarchical_with_lateral_edges,shortcut_tree_navigation,gaussian_sensory,temporal_dropout,none,0,memoryless_mlp,,,,,2,0.8444444444444444,0.011111111111111072,0.0,0.0,nan,0.0
shortcut_tree_050,hierarchical_with_lateral_edges,shortcut_tree_navigation,gaussian_sensory,temporal_dropout,none,0,numpy_rnn,,,,,2,0.8444444444444444,0.011111111111111072,0.0,0.0,nan,0.0
shortcut_tree_050,hierarchical_with_lateral_edges,shortcut_tree_navigation,gaussian_sensory,temporal_dropout,none,0,reservoir_block_hybrid,,,,,6,0.8444444444444444,0.0049690399499995146,0.0,0.0,nan,0.0
shortcut_tree_050,hierarchical_with_lateral_edges,shortcut_tree_navigation,gaussian_sensory,temporal_dropout,none,0,reservoir_diagonal,,,,,6,0.8407407407407407,0.007407407407407398,0.0,0.0,nan,0.0
shortcut_tree_050,hierarchical_with_lateral_edges,shortcut_tree_navigation,gaussian_sensory,temporal_dropout,none,0,reservoir_low_rank,,,,,6,0.8444444444444444,0.0049690399499995146,0.0,0.0,nan,0.0
shortcut_tree_050,hierarchical_with_lateral_edges,shortcut_tree_navigation,gaussian_sensory,temporal_dropout,none,0,reservoir_nilpotent,,,,,6,0.8444444444444444,0.0049690399499995146,0.0,0.0,nan,0.0
shortcut_tree_050,hierarchical_with_lateral_edges,shortcut_tree_navigation,gaussian_sensory,temporal_dropout,none,0,reservoir_orthogonal,,,,,6,0.8444444444444444,0.0049690399499995146,0.0,0.0,nan,0.0
shortcut_tree_050,hierarchical_with_lateral_edges,shortcut_tree_navigation,gaussian_sensory,temporal_dropout,none,0,reservoir_oscillatory,,,,,6,0.8425925925925926,0.004459849843997131,0.0,0.0,nan,0.0
shortcut_tree_050,hierarchical_with_lateral_edges,shortcut_tree_navigation,gaussian_sensory,temporal_dropout,none,0,reservoir_random,,,,,6,0.8444444444444444,0.0049690399499995146,0.0,0.0,nan,0.0
shortcut_tree_050,hierarchical_with_lateral_edges,shortcut_tree_navigation,gaussian_sensory,temporal_dropout,none,0,reservoir_sparse,,,,,6,0.8407407407407407,0.005493480360811595,0.0,0.0,nan,0.0
shortcut_tree_050,hierarchical_with_lateral_edges,shortcut_tree_navigation,gaussian_sensory,temporal_dropout,none,0,reservoir_symmetric,,,,,6,0.8388888888888889,0.006252571487457085,0.0,0.0,nan,0.0
shortcut_tree_050,hierarchical_with_lateral_edges,shortcut_tree_navigation,gaussian_sensory,temporal_dropout,one_hot,0,lin_block_r1_l2,1,2,2,independent_blocks,2,0.8444444444444444,0.011111111111111072,nan,0.0,nan,0.0
shortcut_tree_050,hierarchical_with_lateral_edges,shortcut_tree_navigation,gaussian_sensory,temporal_dropout,one_hot,0,lin_block_r1_l4,1,4,4,independent_blocks,2,0.85,0.005555555555555536,nan,0.0,nan,0.0
shortcut_tree_050,hierarchical_with_lateral_edges,shortcut_tree_navigation,gaussian_sensory,temporal_dropout,one_hot,0,lin_block_r1_l8,1,8,8,independent_blocks,2,0.85,0.005555555555555536,nan,0.0,nan,0.0
shortcut_tree_050,hierarchical_with_lateral_edges,shortcut_tree_navigation,gaussian_sensory,temporal_dropout,one_hot,0,lin_block_r3_l2,3,2,4,independent_blocks,2,0.85,0.005555555555555536,nan,0.0,nan,0.0
shortcut_tree_050,hierarchical_with_lateral_edges,shortcut_tree_navigation,gaussian_sensory,temporal_dropout,one_hot,0,lin_block_r3_l4,3,4,6,independent_blocks,2,0.8388888888888889,0.005555555555555536,nan,0.0,nan,0.0
shortcut_tree_050,hierarchical_with_lateral_edges,shortcut_tree_navigation,gaussian_sensory,temporal_dropout,one_hot,0,lin_block_r3_l8,3,8,10,independent_blocks,2,0.85,0.005555555555555536,nan,0.0,nan,0.0
shortcut_tree_050,hierarchical_with_lateral_edges,shortcut_tree_navigation,gaussian_sensory,temporal_dropout,one_hot,0,lin_block_r5_l2,5,2,6,independent_blocks,2,0.8444444444444444,0.011111111111111072,nan,0.0,nan,0.0
shortcut_tree_050,hierarchical_with_lateral_edges,shortcut_tree_navigation,gaussian_sensory,temporal_dropout,one_hot,0,lin_block_r5_l4,5,4,8,independent_blocks,2,0.8388888888888889,0.005555555555555536,nan,0.0,nan,0.0
shortcut_tree_050,hierarchical_with_lateral_edges,shortcut_tree_navigation,gaussian_sensory,temporal_dropout,one_hot,0,lin_block_r5_l8,5,8,12,independent_blocks,2,0.8388888888888889,0.005555555555555536,nan,0.0,nan,0.0
shortcut_tree_050,hierarchical_with_lateral_edges,shortcut_tree_navigation,gaussian_sensory,temporal_dropout,one_hot,0,lin_sequence_all_units_r3_l4,3,4,6,all_units,6,0.8444444444444444,0.0049690399499995146,0.0,0.0,nan,0.0
shortcut_tree_050,hierarchical_with_lateral_edges,shortcut_tree_navigation,gaussian_sensory,temporal_dropout,one_hot,0,lin_sequence_front_bands_r1_l2,1,2,2,front_bands,6,0.8444444444444444,0.0049690399499995146,0.0,0.0,nan,0.0
shortcut_tree_050,hierarchical_with_lateral_edges,shortcut_tree_navigation,gaussian_sensory,temporal_dropout,one_hot,0,lin_sequence_front_bands_r1_l4,1,4,4,front_bands,6,0.8444444444444444,0.0049690399499995146,0.0,0.0,nan,0.0
shortcut_tree_050,hierarchical_with_lateral_edges,shortcut_tree_navigation,gaussian_sensory,temporal_dropout,one_hot,0,lin_sequence_front_bands_r1_l8,1,8,8,front_bands,6,0.8444444444444444,0.0049690399499995146,0.0,0.0,nan,0.0
shortcut_tree_050,hierarchical_with_lateral_edges,shortcut_tree_navigation,gaussian_sensory,temporal_dropout,one_hot,0,lin_sequence_front_bands_r3_l2,3,2,4,front_bands,6,0.8462962962962962,0.004459849843997131,0.0,0.0,nan,0.0
shortcut_tree_050,hierarchical_with_lateral_edges,shortcut_tree_navigation,gaussian_sensory,temporal_dropout,one_hot,0,lin_sequence_front_bands_r3_l4,3,4,6,front_bands,6,0.8444444444444444,0.0049690399499995146,0.0,0.0,nan,0.0
shortcut_tree_050,hierarchical_with_lateral_edges,shortcut_tree_navigation,gaussian_sensory,temporal_dropout,one_hot,0,lin_sequence_front_bands_r3_l8,3,8,10,front_bands,6,0.8444444444444444,0.0049690399499995146,0.0,0.0,nan,0.0
shortcut_tree_050,hierarchical_with_lateral_edges,shortcut_tree_navigation,gaussian_sensory,temporal_dropout,one_hot,0,lin_sequence_front_bands_r5_l2,5,2,6,front_bands,6,0.8444444444444444,0.0049690399499995146,0.0,0.0,nan,0.0
shortcut_tree_050,hierarchical_with_lateral_edges,shortcut_tree_navigation,gaussian_sensory,temporal_dropout,one_hot,0,lin_sequence_front_bands_r5_l4,5,4,8,front_bands,6,0.8444444444444444,0.0049690399499995146,0.0,0.0,nan,0.0
shortcut_tree_050,hierarchical_with_lateral_edges,shortcut_tree_navigation,gaussian_sensory,temporal_dropout,one_hot,0,lin_sequence_front_bands_r5_l8,5,8,12,front_bands,6,0.8444444444444444,0.0049690399499995146,0.0,0.0,nan,0.0
shortcut_tree_050,hierarchical_with_lateral_edges,shortcut_tree_navigation,gaussian_sensory,temporal_dropout,one_hot,0,memoryless_linear,,,,,2,0.8444444444444444,0.011111111111111072,0.0,0.0,nan,0.0
shortcut_tree_050,hierarchical_with_lateral_edges,shortcut_tree_navigation,gaussian_sensory,temporal_dropout,one_hot,0,memoryless_mlp,,,,,2,0.8444444444444444,0.011111111111111072,0.0,0.0,nan,0.0
shortcut_tree_050,hierarchical_with_lateral_edges,shortcut_tree_navigation,gaussian_sensory,temporal_dropout,one_hot,0,numpy_rnn,,,,,2,0.8444444444444444,0.011111111111111072,0.0,0.0,nan,0.0
shortcut_tree_050,hierarchical_with_lateral_edges,shortcut_tree_navigation,gaussian_sensory,temporal_dropout,one_hot,0,reservoir_block_hybrid,,,,,6,0.8407407407407407,0.0037037037037036904,0.0,0.0,nan,0.0
shortcut_tree_050,hierarchical_with_lateral_edges,shortcut_tree_navigation,gaussian_sensory,temporal_dropout,one_hot,0,reservoir_diagonal,,,,,6,0.8407407407407407,0.005493480360811595,0.0,0.0,nan,0.0
shortcut_tree_050,hierarchical_with_lateral_edges,shortcut_tree_navigation,gaussian_sensory,temporal_dropout,one_hot,0,reservoir_low_rank,,,,,6,0.8425925925925926,0.006029192813370254,0.0,0.0,nan,0.0
shortcut_tree_050,hierarchical_with_lateral_edges,shortcut_tree_navigation,gaussian_sensory,temporal_dropout,one_hot,0,reservoir_nilpotent,,,,,6,0.8444444444444444,0.0049690399499995146,0.0,0.0,nan,0.0
shortcut_tree_050,hierarchical_with_lateral_edges,shortcut_tree_navigation,gaussian_sensory,temporal_dropout,one_hot,0,reservoir_orthogonal,,,,,6,0.8425925925925926,0.004459849843997131,0.0,0.0,nan,0.0
shortcut_tree_050,hierarchical_with_lateral_edges,shortcut_tree_navigation,gaussian_sensory,temporal_dropout,one_hot,0,reservoir_oscillatory,,,,,6,0.8444444444444444,0.0049690399499995146,0.0,0.0,nan,0.0
shortcut_tree_050,hierarchical_with_lateral_edges,shortcut_tree_navigation,gaussian_sensory,temporal_dropout,one_hot,0,reservoir_random,,,,,6,0.8444444444444444,0.0049690399499995146,0.0,0.0,nan,0.0
shortcut_tree_050,hierarchical_with_lateral_edges,shortcut_tree_navigation,gaussian_sensory,temporal_dropout,one_hot,0,reservoir_sparse,,,,,6,0.8425925925925926,0.00341464609529365,0.0,0.0,nan,0.0
shortcut_tree_050,hierarchical_with_lateral_edges,shortcut_tree_navigation,gaussian_sensory,temporal_dropout,one_hot,0,reservoir_symmetric,,,,,6,0.8444444444444444,0.0049690399499995146,0.0,0.0,nan,0.0
shortcut_tree_050,hierarchical_with_lateral_edges,shortcut_tree_navigation,gaussian_sensory,temporal_full,embedding,8,lin_block_r1_l2,1,2,2,independent_blocks,2,0.8444444444444444,0.011111111111111072,nan,0.0,nan,0.0
shortcut_tree_050,hierarchical_with_lateral_edges,shortcut_tree_navigation,gaussian_sensory,temporal_full,embedding,8,lin_block_r1_l4,1,4,4,independent_blocks,2,0.8444444444444444,0.0,nan,0.0,nan,0.0
shortcut_tree_050,hierarchical_with_lateral_edges,shortcut_tree_navigation,gaussian_sensory,temporal_full,embedding,8,lin_block_r1_l8,1,8,8,independent_blocks,2,0.8444444444444444,0.0,nan,0.0,nan,0.0
shortcut_tree_050,hierarchical_with_lateral_edges,shortcut_tree_navigation,gaussian_sensory,temporal_full,embedding,8,lin_block_r3_l2,3,2,4,independent_blocks,2,0.8388888888888889,0.005555555555555536,nan,0.0,nan,0.0
shortcut_tree_050,hierarchical_with_lateral_edges,shortcut_tree_navigation,gaussian_sensory,temporal_full,embedding,8,lin_block_r3_l4,3,4,6,independent_blocks,2,0.8388888888888889,0.005555555555555536,nan,0.0,nan,0.0
shortcut_tree_050,hierarchical_with_lateral_edges,shortcut_tree_navigation,gaussian_sensory,temporal_full,embedding,8,lin_block_r3_l8,3,8,10,independent_blocks,2,0.8388888888888889,0.005555555555555536,nan,0.0,nan,0.0
shortcut_tree_050,hierarchical_with_lateral_edges,shortcut_tree_navigation,gaussian_sensory,temporal_full,embedding,8,lin_block_r5_l2,5,2,6,independent_blocks,2,0.8277777777777777,0.005555555555555591,nan,0.0,nan,0.0
shortcut_tree_050,hierarchical_with_lateral_edges,shortcut_tree_navigation,gaussian_sensory,temporal_full,embedding,8,lin_block_r5_l4,5,4,8,independent_blocks,2,0.8277777777777777,0.005555555555555591,nan,0.0,nan,0.0
shortcut_tree_050,hierarchical_with_lateral_edges,shortcut_tree_navigation,gaussian_sensory,temporal_full,embedding,8,lin_block_r5_l8,5,8,12,independent_blocks,2,0.8277777777777777,0.005555555555555591,nan,0.0,nan,0.0
shortcut_tree_050,hierarchical_with_lateral_edges,shortcut_tree_navigation,gaussian_sensory,temporal_full,embedding,8,lin_sequence_all_units_r3_l4,3,4,6,all_units,6,0.8444444444444444,0.0049690399499995146,0.0,0.0,nan,0.0
shortcut_tree_050,hierarchical_with_lateral_edges,shortcut_tree_navigation,gaussian_sensory,temporal_full,embedding,8,lin_sequence_front_bands_r1_l2,1,2,2,front_bands,6,0.8444444444444444,0.007027283689263065,0.0,0.0,nan,0.0
shortcut_tree_050,hierarchical_with_lateral_edges,shortcut_tree_navigation,gaussian_sensory,temporal_full,embedding,8,lin_sequence_front_bands_r1_l4,1,4,4,front_bands,6,0.8444444444444444,0.0049690399499995146,0.0,0.0,nan,0.0
shortcut_tree_050,hierarchical_with_lateral_edges,shortcut_tree_navigation,gaussian_sensory,temporal_full,embedding,8,lin_sequence_front_bands_r1_l8,1,8,8,front_bands,6,0.8462962962962962,0.004459849843997131,0.0,0.0,nan,0.0
shortcut_tree_050,hierarchical_with_lateral_edges,shortcut_tree_navigation,gaussian_sensory,temporal_full,embedding,8,lin_sequence_front_bands_r3_l2,3,2,4,front_bands,6,0.8444444444444444,0.0049690399499995146,0.0,0.0,nan,0.0
shortcut_tree_050,hierarchical_with_lateral_edges,shortcut_tree_navigation,gaussian_sensory,temporal_full,embedding,8,lin_sequence_front_bands_r3_l4,3,4,6,front_bands,6,0.8444444444444444,0.0049690399499995146,0.008333333333333333,0.008333333333333335,nan,0.0
shortcut_tree_050,hierarchical_with_lateral_edges,shortcut_tree_navigation,gaussian_sensory,temporal_full,embedding,8,lin_sequence_front_bands_r3_l8,3,8,10,front_bands,6,0.8444444444444444,0.0049690399499995146,0.0,0.0,nan,0.0
shortcut_tree_050,hierarchical_with_lateral_edges,shortcut_tree_navigation,gaussian_sensory,temporal_full,embedding,8,lin_sequence_front_bands_r5_l2,5,2,6,front_bands,6,0.8444444444444444,0.0049690399499995146,0.0,0.0,nan,0.0
shortcut_tree_050,hierarchical_with_lateral_edges,shortcut_tree_navigation,gaussian_sensory,temporal_full,embedding,8,lin_sequence_front_bands_r5_l4,5,4,8,front_bands,6,0.8481481481481481,0.0037037037037036913,0.0,0.0,nan,0.0
shortcut_tree_050,hierarchical_with_lateral_edges,shortcut_tree_navigation,gaussian_sensory,temporal_full,embedding,8,lin_sequence_front_bands_r5_l8,5,8,12,front_bands,6,0.8444444444444444,0.0049690399499995146,0.0,0.0,nan,0.0
shortcut_tree_050,hierarchical_with_lateral_edges,shortcut_tree_navigation,gaussian_sensory,temporal_full,embedding,8,memoryless_linear,,,,,2,0.8444444444444444,0.011111111111111072,0.0,0.0,nan,0.0
shortcut_tree_050,hierarchical_with_lateral_edges,shortcut_tree_navigation,gaussian_sensory,temporal_full,embedding,8,memoryless_mlp,,,,,2,0.8444444444444444,0.011111111111111072,0.0,0.0,nan,0.0
shortcut_tree_050,hierarchical_with_lateral_edges,shortcut_tree_navigation,gaussian_sensory,temporal_full,embedding,8,numpy_rnn,,,,,2,0.8444444444444444,0.011111111111111072,0.0,0.0,nan,0.0
shortcut_tree_050,hierarchical_with_lateral_edges,shortcut_tree_navigation,gaussian_sensory,temporal_full,embedding,8,reservoir_block_hybrid,,,,,6,0.8444444444444444,0.0049690399499995146,0.0,0.0,nan,0.0
shortcut_tree_050,hierarchical_with_lateral_edges,shortcut_tree_navigation,gaussian_sensory,temporal_full,embedding,8,reservoir_diagonal,,,,,6,0.8444444444444444,0.0049690399499995146,0.0,0.0,nan,0.0
shortcut_tree_050,hierarchical_with_lateral_edges,shortcut_tree_navigation,gaussian_sensory,temporal_full,embedding,8,reservoir_low_rank,,,,,6,0.8444444444444444,0.0049690399499995146,0.0,0.0,nan,0.0
shortcut_tree_050,hierarchical_with_lateral_edges,shortcut_tree_navigation,gaussian_sensory,temporal_full,embedding,8,reservoir_nilpotent,,,,,6,0.8462962962962962,0.004459849843997131,0.0,0.0,nan,0.0
shortcut_tree_050,hierarchical_with_lateral_edges,shortcut_tree_navigation,gaussian_sensory,temporal_full,embedding,8,reservoir_orthogonal,,,,,6,0.8462962962962962,0.004459849843997131,0.0,0.0,nan,0.0
shortcut_tree_050,hierarchical_with_lateral_edges,shortcut_tree_navigation,gaussian_sensory,temporal_full,embedding,8,reservoir_oscillatory,,,,,6,0.8444444444444444,0.0049690399499995146,0.0,0.0,nan,0.0
shortcut_tree_050,hierarchical_with_lateral_edges,shortcut_tree_navigation,gaussian_sensory,temporal_full,embedding,8,reservoir_random,,,,,6,0.8444444444444444,0.0049690399499995146,0.0,0.0,nan,0.0
shortcut_tree_050,hierarchical_with_lateral_edges,shortcut_tree_navigation,gaussian_sensory,temporal_full,embedding,8,reservoir_sparse,,,,,6,0.8444444444444444,0.0049690399499995146,0.0,0.0,nan,0.0
shortcut_tree_050,hierarchical_with_lateral_edges,shortcut_tree_navigation,gaussian_sensory,temporal_full,embedding,8,reservoir_symmetric,,,,,6,0.8444444444444444,0.0049690399499995146,0.0,0.0,nan,0.0
shortcut_tree_050,hierarchical_with_lateral_edges,shortcut_tree_navigation,gaussian_sensory,temporal_full,none,0,lin_block_r1_l2,1,2,2,independent_blocks,2,0.8444444444444444,0.011111111111111072,nan,0.0,nan,0.0
shortcut_tree_050,hierarchical_with_lateral_edges,shortcut_tree_navigation,gaussian_sensory,temporal_full,none,0,lin_block_r1_l4,1,4,4,independent_blocks,2,0.85,0.005555555555555536,nan,0.0,nan,0.0
shortcut_tree_050,hierarchical_with_lateral_edges,shortcut_tree_navigation,gaussian_sensory,temporal_full,none,0,lin_block_r1_l8,1,8,8,independent_blocks,2,0.85,0.005555555555555536,nan,0.0,nan,0.0
shortcut_tree_050,hierarchical_with_lateral_edges,shortcut_tree_navigation,gaussian_sensory,temporal_full,none,0,lin_block_r3_l2,3,2,4,independent_blocks,2,0.85,0.005555555555555536,nan,0.0,nan,0.0
shortcut_tree_050,hierarchical_with_lateral_edges,shortcut_tree_navigation,gaussian_sensory,temporal_full,none,0,lin_block_r3_l4,3,4,6,independent_blocks,2,0.85,0.005555555555555536,nan,0.0,nan,0.0
shortcut_tree_050,hierarchical_with_lateral_edges,shortcut_tree_navigation,gaussian_sensory,temporal_full,none,0,lin_block_r3_l8,3,8,10,independent_blocks,2,0.85,0.005555555555555536,nan,0.0,nan,0.0
shortcut_tree_050,hierarchical_with_lateral_edges,shortcut_tree_navigation,gaussian_sensory,temporal_full,none,0,lin_block_r5_l2,5,2,6,independent_blocks,2,0.8444444444444444,0.0,nan,0.0,nan,0.0
shortcut_tree_050,hierarchical_with_lateral_edges,shortcut_tree_navigation,gaussian_sensory,temporal_full,none,0,lin_block_r5_l4,5,4,8,independent_blocks,2,0.8444444444444444,0.0,nan,0.0,nan,0.0
shortcut_tree_050,hierarchical_with_lateral_edges,shortcut_tree_navigation,gaussian_sensory,temporal_full,none,0,lin_block_r5_l8,5,8,12,independent_blocks,2,0.8444444444444444,0.0,nan,0.0,nan,0.0
shortcut_tree_050,hierarchical_with_lateral_edges,shortcut_tree_navigation,gaussian_sensory,temporal_full,none,0,lin_sequence_all_units_r3_l4,3,4,6,all_units,6,0.8444444444444444,0.0049690399499995146,0.0,0.0,nan,0.0
shortcut_tree_050,hierarchical_with_lateral_edges,shortcut_tree_navigation,gaussian_sensory,temporal_full,none,0,lin_sequence_front_bands_r1_l2,1,2,2,front_bands,6,0.8444444444444444,0.0049690399499995146,0.0,0.0,nan,0.0
shortcut_tree_050,hierarchical_with_lateral_edges,shortcut_tree_navigation,gaussian_sensory,temporal_full,none,0,lin_sequence_front_bands_r1_l4,1,4,4,front_bands,6,0.8444444444444444,0.0049690399499995146,0.0,0.0,nan,0.0
shortcut_tree_050,hierarchical_with_lateral_edges,shortcut_tree_navigation,gaussian_sensory,temporal_full,none,0,lin_sequence_front_bands_r1_l8,1,8,8,front_bands,6,0.8444444444444444,0.0049690399499995146,0.0,0.0,nan,0.0
shortcut_tree_050,hierarchical_with_lateral_edges,shortcut_tree_navigation,gaussian_sensory,temporal_full,none,0,lin_sequence_front_bands_r3_l2,3,2,4,front_bands,6,0.8444444444444444,0.0049690399499995146,0.0,0.0,nan,0.0
shortcut_tree_050,hierarchical_with_lateral_edges,shortcut_tree_navigation,gaussian_sensory,temporal_full,none,0,lin_sequence_front_bands_r3_l4,3,4,6,front_bands,6,0.8444444444444444,0.0049690399499995146,0.0,0.0,nan,0.0
shortcut_tree_050,hierarchical_with_lateral_edges,shortcut_tree_navigation,gaussian_sensory,temporal_full,none,0,lin_sequence_front_bands_r3_l8,3,8,10,front_bands,6,0.8444444444444444,0.0049690399499995146,0.0,0.0,nan,0.0
shortcut_tree_050,hierarchical_with_lateral_edges,shortcut_tree_navigation,gaussian_sensory,temporal_full,none,0,lin_sequence_front_bands_r5_l2,5,2,6,front_bands,6,0.8444444444444444,0.0049690399499995146,0.0,0.0,nan,0.0
shortcut_tree_050,hierarchical_with_lateral_edges,shortcut_tree_navigation,gaussian_sensory,temporal_full,none,0,lin_sequence_front_bands_r5_l4,5,4,8,front_bands,6,0.8444444444444444,0.0049690399499995146,0.0,0.0,nan,0.0
shortcut_tree_050,hierarchical_with_lateral_edges,shortcut_tree_navigation,gaussian_sensory,temporal_full,none,0,lin_sequence_front_bands_r5_l8,5,8,12,front_bands,6,0.8444444444444444,0.0049690399499995146,0.016666666666666666,0.01666666666666667,nan,0.0
shortcut_tree_050,hierarchical_with_lateral_edges,shortcut_tree_navigation,gaussian_sensory,temporal_full,none,0,memoryless_linear,,,,,2,0.8444444444444444,0.011111111111111072,0.0,0.0,nan,0.0
shortcut_tree_050,hierarchical_with_lateral_edges,shortcut_tree_navigation,gaussian_sensory,temporal_full,none,0,memoryless_mlp,,,,,2,0.8444444444444444,0.011111111111111072,0.0,0.0,nan,0.0
shortcut_tree_050,hierarchical_with_lateral_edges,shortcut_tree_navigation,gaussian_sensory,temporal_full,none,0,numpy_rnn,,,,,2,0.8444444444444444,0.011111111111111072,0.0,0.0,nan,0.0
shortcut_tree_050,hierarchical_with_lateral_edges,shortcut_tree_navigation,gaussian_sensory,temporal_full,none,0,reservoir_block_hybrid,,,,,6,0.8444444444444444,0.0049690399499995146,0.0,0.0,nan,0.0
shortcut_tree_050,hierarchical_with_lateral_edges,shortcut_tree_navigation,gaussian_sensory,temporal_full,none,0,reservoir_diagonal,,,,,6,0.8444444444444444,0.007027283689263065,0.0,0.0,nan,0.0
shortcut_tree_050,hierarchical_with_lateral_edges,shortcut_tree_navigation,gaussian_sensory,temporal_full,none,0,reservoir_low_rank,,,,,6,0.8425925925925926,0.006029192813370254,0.0,0.0,nan,0.0
shortcut_tree_050,hierarchical_with_lateral_edges,shortcut_tree_navigation,gaussian_sensory,temporal_full,none,0,reservoir_nilpotent,,,,,6,0.8444444444444444,0.0049690399499995146,0.0,0.0,nan,0.0
shortcut_tree_050,hierarchical_with_lateral_edges,shortcut_tree_navigation,gaussian_sensory,temporal_full,none,0,reservoir_orthogonal,,,,,6,0.8444444444444444,0.0049690399499995146,0.0,0.0,nan,0.0
shortcut_tree_050,hierarchical_with_lateral_edges,shortcut_tree_navigation,gaussian_sensory,temporal_full,none,0,reservoir_oscillatory,,,,,6,0.8425925925925926,0.004459849843997131,0.0,0.0,nan,0.0
shortcut_tree_050,hierarchical_with_lateral_edges,shortcut_tree_navigation,gaussian_sensory,temporal_full,none,0,reservoir_random,,,,,6,0.8444444444444444,0.0049690399499995146,0.0,0.0,nan,0.0
shortcut_tree_050,hierarchical_with_lateral_edges,shortcut_tree_navigation,gaussian_sensory,temporal_full,none,0,reservoir_sparse,,,,,6,0.8444444444444444,0.0049690399499995146,0.0,0.0,nan,0.0
shortcut_tree_050,hierarchical_with_lateral_edges,shortcut_tree_navigation,gaussian_sensory,temporal_full,none,0,reservoir_symmetric,,,,,6,0.8444444444444444,0.0049690399499995146,0.0,0.0,nan,0.0
shortcut_tree_050,hierarchical_with_lateral_edges,shortcut_tree_navigation,gaussian_sensory,temporal_full,one_hot,0,lin_block_r1_l2,1,2,2,independent_blocks,2,0.8444444444444444,0.011111111111111072,nan,0.0,nan,0.0
shortcut_tree_050,hierarchical_with_lateral_edges,shortcut_tree_navigation,gaussian_sensory,temporal_full,one_hot,0,lin_block_r1_l4,1,4,4,independent_blocks,2,0.8444444444444444,0.0,nan,0.0,nan,0.0
shortcut_tree_050,hierarchical_with_lateral_edges,shortcut_tree_navigation,gaussian_sensory,temporal_full,one_hot,0,lin_block_r1_l8,1,8,8,independent_blocks,2,0.8444444444444444,0.0,nan,0.0,nan,0.0
shortcut_tree_050,hierarchical_with_lateral_edges,shortcut_tree_navigation,gaussian_sensory,temporal_full,one_hot,0,lin_block_r3_l2,3,2,4,independent_blocks,2,0.8388888888888889,0.005555555555555536,nan,0.0,nan,0.0
shortcut_tree_050,hierarchical_with_lateral_edges,shortcut_tree_navigation,gaussian_sensory,temporal_full,one_hot,0,lin_block_r3_l4,3,4,6,independent_blocks,2,0.8388888888888889,0.005555555555555536,nan,0.0,nan,0.0
shortcut_tree_050,hierarchical_with_lateral_edges,shortcut_tree_navigation,gaussian_sensory,temporal_full,one_hot,0,lin_block_r3_l8,3,8,10,independent_blocks,2,0.8388888888888889,0.005555555555555536,nan,0.0,nan,0.0
shortcut_tree_050,hierarchical_with_lateral_edges,shortcut_tree_navigation,gaussian_sensory,temporal_full,one_hot,0,lin_block_r5_l2,5,2,6,independent_blocks,2,0.8277777777777777,0.005555555555555591,nan,0.0,nan,0.0
shortcut_tree_050,hierarchical_with_lateral_edges,shortcut_tree_navigation,gaussian_sensory,temporal_full,one_hot,0,lin_block_r5_l4,5,4,8,independent_blocks,2,0.8277777777777777,0.005555555555555591,nan,0.0,nan,0.0
shortcut_tree_050,hierarchical_with_lateral_edges,shortcut_tree_navigation,gaussian_sensory,temporal_full,one_hot,0,lin_block_r5_l8,5,8,12,independent_blocks,2,0.8277777777777777,0.005555555555555591,nan,0.0,nan,0.0
shortcut_tree_050,hierarchical_with_lateral_edges,shortcut_tree_navigation,gaussian_sensory,temporal_full,one_hot,0,lin_sequence_all_units_r3_l4,3,4,6,all_units,6,0.8462962962962962,0.004459849843997131,0.008333333333333333,0.008333333333333335,nan,0.0
shortcut_tree_050,hierarchical_with_lateral_edges,shortcut_tree_navigation,gaussian_sensory,temporal_full,one_hot,0,lin_sequence_front_bands_r1_l2,1,2,2,front_bands,6,0.8444444444444444,0.0049690399499995146,0.0,0.0,nan,0.0
shortcut_tree_050,hierarchical_with_lateral_edges,shortcut_tree_navigation,gaussian_sensory,temporal_full,one_hot,0,lin_sequence_front_bands_r1_l4,1,4,4,front_bands,6,0.8444444444444444,0.0049690399499995146,0.0,0.0,nan,0.0
shortcut_tree_050,hierarchical_with_lateral_edges,shortcut_tree_navigation,gaussian_sensory,temporal_full,one_hot,0,lin_sequence_front_bands_r1_l8,1,8,8,front_bands,6,0.8444444444444444,0.0049690399499995146,0.0,0.0,nan,0.0
shortcut_tree_050,hierarchical_with_lateral_edges,shortcut_tree_navigation,gaussian_sensory,temporal_full,one_hot,0,lin_sequence_front_bands_r3_l2,3,2,4,front_bands,6,0.8462962962962962,0.004459849843997131,0.0,0.0,nan,0.0
shortcut_tree_050,hierarchical_with_lateral_edges,shortcut_tree_navigation,gaussian_sensory,temporal_full,one_hot,0,lin_sequence_front_bands_r3_l4,3,4,6,front_bands,6,0.8444444444444444,0.0049690399499995146,0.0,0.0,nan,0.0
shortcut_tree_050,hierarchical_with_lateral_edges,shortcut_tree_navigation,gaussian_sensory,temporal_full,one_hot,0,lin_sequence_front_bands_r3_l8,3,8,10,front_bands,6,0.8444444444444444,0.0049690399499995146,0.0,0.0,nan,0.0
shortcut_tree_050,hierarchical_with_lateral_edges,shortcut_tree_navigation,gaussian_sensory,temporal_full,one_hot,0,lin_sequence_front_bands_r5_l2,5,2,6,front_bands,6,0.8444444444444444,0.0049690399499995146,0.0,0.0,nan,0.0
shortcut_tree_050,hierarchical_with_lateral_edges,shortcut_tree_navigation,gaussian_sensory,temporal_full,one_hot,0,lin_sequence_front_bands_r5_l4,5,4,8,front_bands,6,0.8462962962962962,0.004459849843997131,0.0,0.0,nan,0.0
shortcut_tree_050,hierarchical_with_lateral_edges,shortcut_tree_navigation,gaussian_sensory,temporal_full,one_hot,0,lin_sequence_front_bands_r5_l8,5,8,12,front_bands,6,0.8444444444444444,0.0049690399499995146,0.0,0.0,nan,0.0
shortcut_tree_050,hierarchical_with_lateral_edges,shortcut_tree_navigation,gaussian_sensory,temporal_full,one_hot,0,memoryless_linear,,,,,2,0.8444444444444444,0.011111111111111072,0.0,0.0,nan,0.0
shortcut_tree_050,hierarchical_with_lateral_edges,shortcut_tree_navigation,gaussian_sensory,temporal_full,one_hot,0,memoryless_mlp,,,,,2,0.8444444444444444,0.011111111111111072,0.0,0.0,nan,0.0
shortcut_tree_050,hierarchical_with_lateral_edges,shortcut_tree_navigation,gaussian_sensory,temporal_full,one_hot,0,numpy_rnn,,,,,2,0.85,0.005555555555555536,0.0,0.0,nan,0.0
shortcut_tree_050,hierarchical_with_lateral_edges,shortcut_tree_navigation,gaussian_sensory,temporal_full,one_hot,0,reservoir_block_hybrid,,,,,6,0.8444444444444444,0.0049690399499995146,0.0,0.0,nan,0.0
shortcut_tree_050,hierarchical_with_lateral_edges,shortcut_tree_navigation,gaussian_sensory,temporal_full,one_hot,0,reservoir_diagonal,,,,,6,0.8444444444444444,0.0049690399499995146,0.0,0.0,nan,0.0
shortcut_tree_050,hierarchical_with_lateral_edges,shortcut_tree_navigation,gaussian_sensory,temporal_full,one_hot,0,reservoir_low_rank,,,,,6,0.8444444444444444,0.0049690399499995146,0.0,0.0,nan,0.0
shortcut_tree_050,hierarchical_with_lateral_edges,shortcut_tree_navigation,gaussian_sensory,temporal_full,one_hot,0,reservoir_nilpotent,,,,,6,0.8444444444444444,0.0049690399499995146,0.0,0.0,nan,0.0
shortcut_tree_050,hierarchical_with_lateral_edges,shortcut_tree_navigation,gaussian_sensory,temporal_full,one_hot,0,reservoir_orthogonal,,,,,6,0.8462962962962962,0.004459849843997131,0.0,0.0,nan,0.0
shortcut_tree_050,hierarchical_with_lateral_edges,shortcut_tree_navigation,gaussian_sensory,temporal_full,one_hot,0,reservoir_oscillatory,,,,,6,0.8444444444444444,0.0049690399499995146,0.0,0.0,nan,0.0
shortcut_tree_050,hierarchical_with_lateral_edges,shortcut_tree_navigation,gaussian_sensory,temporal_full,one_hot,0,reservoir_random,,,,,6,0.8444444444444444,0.0049690399499995146,0.0,0.0,nan,0.0
shortcut_tree_050,hierarchical_with_lateral_edges,shortcut_tree_navigation,gaussian_sensory,temporal_full,one_hot,0,reservoir_sparse,,,,,6,0.8444444444444444,0.0049690399499995146,0.0,0.0,nan,0.0
shortcut_tree_050,hierarchical_with_lateral_edges,shortcut_tree_navigation,gaussian_sensory,temporal_full,one_hot,0,reservoir_symmetric,,,,,6,0.8444444444444444,0.0049690399499995146,0.0,0.0,nan,0.0
shortcut_tree_100,hierarchical_with_lateral_edges,shortcut_tree_navigation,gaussian_sensory,temporal_cue_then_blank,embedding,8,lin_block_r1_l2,1,2,2,independent_blocks,2,0.6666666666666667,0.011111111111111125,nan,0.0,nan,0.0
shortcut_tree_100,hierarchical_with_lateral_edges,shortcut_tree_navigation,gaussian_sensory,temporal_cue_then_blank,embedding,8,lin_block_r1_l4,1,4,4,independent_blocks,2,0.6555555555555556,0.011111111111111072,nan,0.0,nan,0.0
shortcut_tree_100,hierarchical_with_lateral_edges,shortcut_tree_navigation,gaussian_sensory,temporal_cue_then_blank,embedding,8,lin_block_r1_l8,1,8,8,independent_blocks,2,0.65,0.005555555555555536,nan,0.0,nan,0.0
shortcut_tree_100,hierarchical_with_lateral_edges,shortcut_tree_navigation,gaussian_sensory,temporal_cue_then_blank,embedding,8,lin_block_r3_l2,3,2,4,independent_blocks,2,0.6333333333333333,0.0222222222222222,nan,0.0,nan,0.0
shortcut_tree_100,hierarchical_with_lateral_edges,shortcut_tree_navigation,gaussian_sensory,temporal_cue_then_blank,embedding,8,lin_block_r3_l4,3,4,6,independent_blocks,2,0.6111111111111112,0.0,nan,0.0,nan,0.0
shortcut_tree_100,hierarchical_with_lateral_edges,shortcut_tree_navigation,gaussian_sensory,temporal_cue_then_blank,embedding,8,lin_block_r3_l8,3,8,10,independent_blocks,2,0.6111111111111112,0.0,nan,0.0,nan,0.0
shortcut_tree_100,hierarchical_with_lateral_edges,shortcut_tree_navigation,gaussian_sensory,temporal_cue_then_blank,embedding,8,lin_block_r5_l2,5,2,6,independent_blocks,2,0.6388888888888888,0.016666666666666663,nan,0.0,nan,0.0
shortcut_tree_100,hierarchical_with_lateral_edges,shortcut_tree_navigation,gaussian_sensory,temporal_cue_then_blank,embedding,8,lin_block_r5_l4,5,4,8,independent_blocks,2,0.6166666666666667,0.005555555555555536,nan,0.0,nan,0.0
shortcut_tree_100,hierarchical_with_lateral_edges,shortcut_tree_navigation,gaussian_sensory,temporal_cue_then_blank,embedding,8,lin_block_r5_l8,5,8,12,independent_blocks,2,0.6111111111111112,0.0,nan,0.0,nan,0.0
shortcut_tree_100,hierarchical_with_lateral_edges,shortcut_tree_navigation,gaussian_sensory,temporal_cue_then_blank,embedding,8,lin_sequence_all_units_r3_l4,3,4,6,all_units,6,0.6555555555555556,0.01490711984999859,0.0,0.0,nan,0.0
shortcut_tree_100,hierarchical_with_lateral_edges,shortcut_tree_navigation,gaussian_sensory,temporal_cue_then_blank,embedding,8,lin_sequence_front_bands_r1_l2,1,2,2,front_bands,6,0.6611111111111111,0.01174138332159063,0.0,0.0,nan,0.0
shortcut_tree_100,hierarchical_with_lateral_edges,shortcut_tree_navigation,gaussian_sensory,temporal_cue_then_blank,embedding,8,lin_sequence_front_bands_r1_l4,1,4,4,front_bands,6,0.6629629629629629,0.015625943044243685,0.0,0.0,nan,0.0
shortcut_tree_100,hierarchical_with_lateral_edges,shortcut_tree_navigation,gaussian_sensory,temporal_cue_then_blank,embedding,8,lin_sequence_front_bands_r1_l8,1,8,8,front_bands,6,0.6666666666666666,0.007027283689263065,0.025000000000000005,0.017078251276599336,nan,0.0
shortcut_tree_100,hierarchical_with_lateral_edges,shortcut_tree_navigation,gaussian_sensory,temporal_cue_then_blank,embedding,8,lin_sequence_front_bands_r3_l2,3,2,4,front_bands,6,0.6555555555555554,0.010343881513902914,0.008333333333333333,0.008333333333333335,nan,0.0
shortcut_tree_100,hierarchical_with_lateral_edges,shortcut_tree_navigation,gaussian_sensory,temporal_cue_then_blank,embedding,8,lin_sequence_front_bands_r3_l4,3,4,6,front_bands,6,0.6518518518518518,0.021785838770152208,0.0,0.0,nan,0.0
shortcut_tree_100,hierarchical_with_lateral_edges,shortcut_tree_navigation,gaussian_sensory,temporal_cue_then_blank,embedding,8,lin_sequence_front_bands_r3_l8,3,8,10,front_bands,6,0.6685185185185185,0.009693520243186964,0.016666666666666666,0.0105409255338946,nan,0.0
shortcut_tree_100,hierarchical_with_lateral_edges,shortcut_tree_navigation,gaussian_sensory,temporal_cue_then_blank,embedding,8,lin_sequence_front_bands_r5_l2,5,2,6,front_bands,6,0.6648148148148147,0.010892919385076104,0.008333333333333333,0.008333333333333335,nan,0.0
shortcut_tree_100,hierarchical_with_lateral_edges,shortcut_tree_navigation,gaussian_sensory,temporal_cue_then_blank,embedding,8,lin_sequence_front_bands_r5_l4,5,4,8,front_bands,6,0.6629629629629629,0.012722640027642717,0.008333333333333333,0.008333333333333335,nan,0.0
shortcut_tree_100,hierarchical_with_lateral_edges,shortcut_tree_navigation,gaussian_sensory,temporal_cue_then_blank,embedding,8,lin_sequence_front_bands_r5_l8,5,8,12,front_bands,6,0.6592592592592592,0.007407407407407414,0.008333333333333333,0.008333333333333335,nan,0.0
shortcut_tree_100,hierarchical_with_lateral_edges,shortcut_tree_navigation,gaussian_sensory,temporal_cue_then_blank,embedding,8,memoryless_linear,,,,,2,0.6666666666666667,0.011111111111111125,0.0,0.0,nan,0.0
shortcut_tree_100,hierarchical_with_lateral_edges,shortcut_tree_navigation,gaussian_sensory,temporal_cue_then_blank,embedding,8,memoryless_mlp,,,,,2,0.6666666666666667,0.011111111111111125,0.0,0.0,nan,0.0
shortcut_tree_100,hierarchical_with_lateral_edges,shortcut_tree_navigation,gaussian_sensory,temporal_cue_then_blank,embedding,8,numpy_rnn,,,,,2,0.6722222222222223,0.005555555555555591,0.0,0.0,nan,0.0
shortcut_tree_100,hierarchical_with_lateral_edges,shortcut_tree_navigation,gaussian_sensory,temporal_cue_then_blank,embedding,8,reservoir_block_hybrid,,,,,6,0.6629629629629629,0.010605793380204703,0.0,0.0,nan,0.0
shortcut_tree_100,hierarchical_with_lateral_edges,shortcut_tree_navigation,gaussian_sensory,temporal_cue_then_blank,embedding,8,reservoir_diagonal,,,,,6,0.6870370370370371,0.009259259259259255,0.016666666666666666,0.010540925533894598,nan,0.0
shortcut_tree_100,hierarchical_with_lateral_edges,shortcut_tree_navigation,gaussian_sensory,temporal_cue_then_blank,embedding,8,reservoir_low_rank,,,,,6,0.6648148148148147,0.008803603202966444,0.0,0.0,nan,0.0
shortcut_tree_100,hierarchical_with_lateral_edges,shortcut_tree_navigation,gaussian_sensory,temporal_cue_then_blank,embedding,8,reservoir_nilpotent,,,,,6,0.65,0.010243938285880987,0.0,0.0,nan,0.0
shortcut_tree_100,hierarchical_with_lateral_edges,shortcut_tree_navigation,gaussian_sensory,temporal_cue_then_blank,embedding,8,reservoir_orthogonal,,,,,6,0.6574074074074073,0.005302896690102348,0.0,0.0,nan,0.0
shortcut_tree_100,hierarchical_with_lateral_edges,shortcut_tree_navigation,gaussian_sensory,temporal_cue_then_blank,embedding,8,reservoir_oscillatory,,,,,6,0.6592592592592592,0.00682929219058732,0.008333333333333333,0.008333333333333335,nan,0.0
shortcut_tree_100,hierarchical_with_lateral_edges,shortcut_tree_navigation,gaussian_sensory,temporal_cue_then_blank,embedding,8,reservoir_random,,,,,6,0.6703703703703704,0.012394963356060372,0.0,0.0,nan,0.0
shortcut_tree_100,hierarchical_with_lateral_edges,shortcut_tree_navigation,gaussian_sensory,temporal_cue_then_blank,embedding,8,reservoir_sparse,,,,,6,0.6444444444444445,0.009072184232530294,0.0,0.0,nan,0.0
shortcut_tree_100,hierarchical_with_lateral_edges,shortcut_tree_navigation,gaussian_sensory,temporal_cue_then_blank,embedding,8,reservoir_symmetric,,,,,6,0.6574074074074073,0.013276628391803644,0.008333333333333333,0.008333333333333335,nan,0.0
shortcut_tree_100,hierarchical_with_lateral_edges,shortcut_tree_navigation,gaussian_sensory,temporal_cue_then_blank,none,0,lin_block_r1_l2,1,2,2,independent_blocks,2,0.6611111111111111,0.005555555555555536,nan,0.0,nan,0.0
shortcut_tree_100,hierarchical_with_lateral_edges,shortcut_tree_navigation,gaussian_sensory,temporal_cue_then_blank,none,0,lin_block_r1_l4,1,4,4,independent_blocks,2,0.6666666666666666,0.0,nan,0.0,nan,0.0
shortcut_tree_100,hierarchical_with_lateral_edges,shortcut_tree_navigation,gaussian_sensory,temporal_cue_then_blank,none,0,lin_block_r1_l8,1,8,8,independent_blocks,2,0.6666666666666666,0.0,nan,0.0,nan,0.0
shortcut_tree_100,hierarchical_with_lateral_edges,shortcut_tree_navigation,gaussian_sensory,temporal_cue_then_blank,none,0,lin_block_r3_l2,3,2,4,independent_blocks,2,0.6722222222222223,0.005555555555555591,nan,0.0,nan,0.0
shortcut_tree_100,hierarchical_with_lateral_edges,shortcut_tree_navigation,gaussian_sensory,temporal_cue_then_blank,none,0,lin_block_r3_l4,3,4,6,independent_blocks,2,0.6666666666666666,0.0,nan,0.0,nan,0.0
shortcut_tree_100,hierarchical_with_lateral_edges,shortcut_tree_navigation,gaussian_sensory,temporal_cue_then_blank,none,0,lin_block_r3_l8,3,8,10,independent_blocks,2,0.6666666666666666,0.0,nan,0.0,nan,0.0
shortcut_tree_100,hierarchical_with_lateral_edges,shortcut_tree_navigation,gaussian_sensory,temporal_cue_then_blank,none,0,lin_block_r5_l2,5,2,6,independent_blocks,2,0.6722222222222223,0.005555555555555591,nan,0.0,nan,0.0
shortcut_tree_100,hierarchical_with_lateral_edges,shortcut_tree_navigation,gaussian_sensory,temporal_cue_then_blank,none,0,lin_block_r5_l4,5,4,8,independent_blocks,2,0.6666666666666666,0.0,nan,0.0,nan,0.0
shortcut_tree_100,hierarchical_with_lateral_edges,shortcut_tree_navigation,gaussian_sensory,temporal_cue_then_blank,none,0,lin_block_r5_l8,5,8,12,independent_blocks,2,0.6666666666666666,0.0,nan,0.0,nan,0.0
shortcut_tree_100,hierarchical_with_lateral_edges,shortcut_tree_navigation,gaussian_sensory,temporal_cue_then_blank,none,0,lin_sequence_all_units_r3_l4,3,4,6,all_units,6,0.6592592592592592,0.0037037037037037095,0.0,0.0,nan,0.0
shortcut_tree_100,hierarchical_with_lateral_edges,shortcut_tree_navigation,gaussian_sensory,temporal_cue_then_blank,none,0,lin_sequence_front_bands_r1_l2,1,2,2,front_bands,6,0.6759259259259259,0.00832303890897934,0.0,0.0,nan,0.0
shortcut_tree_100,hierarchical_with_lateral_edges,shortcut_tree_navigation,gaussian_sensory,temporal_cue_then_blank,none,0,lin_sequence_front_bands_r1_l4,1,4,4,front_bands,6,0.6537037037037037,0.004459849843997131,0.0,0.0,nan,0.0
shortcut_tree_100,hierarchical_with_lateral_edges,shortcut_tree_navigation,gaussian_sensory,temporal_cue_then_blank,none,0,lin_sequence_front_bands_r1_l8,1,8,8,front_bands,6,0.6722222222222222,0.006252571487457088,0.008333333333333333,0.008333333333333335,nan,0.0
shortcut_tree_100,hierarchical_with_lateral_edges,shortcut_tree_navigation,gaussian_sensory,temporal_cue_then_blank,none,0,lin_sequence_front_bands_r3_l2,3,2,4,front_bands,6,0.6648148148148147,0.007812971522121836,0.0,0.0,nan,0.0
shortcut_tree_100,hierarchical_with_lateral_edges,shortcut_tree_navigation,gaussian_sensory,temporal_cue_then_blank,none,0,lin_sequence_front_bands_r3_l4,3,4,6,front_bands,6,0.6555555555555556,0.005737753105492464,0.0,0.0,nan,0.0
shortcut_tree_100,hierarchical_with_lateral_edges,shortcut_tree_navigation,gaussian_sensory,temporal_cue_then_blank,none,0,lin_sequence_front_bands_r3_l8,3,8,10,front_bands,6,0.6592592592592592,0.004684855792842042,0.0,0.0,nan,0.0
shortcut_tree_100,hierarchical_with_lateral_edges,shortcut_tree_navigation,gaussian_sensory,temporal_cue_then_blank,none,0,lin_sequence_front_bands_r5_l2,5,2,6,front_bands,6,0.6648148148148147,0.004459849843997153,0.008333333333333333,0.008333333333333335,nan,0.0
shortcut_tree_100,hierarchical_with_lateral_edges,shortcut_tree_navigation,gaussian_sensory,temporal_cue_then_blank,none,0,lin_sequence_front_bands_r5_l4,5,4,8,front_bands,6,0.6611111111111111,0.0047574935476537485,0.0,0.0,nan,0.0
shortcut_tree_100,hierarchical_with_lateral_edges,shortcut_tree_navigation,gaussian_sensory,temporal_cue_then_blank,none,0,lin_sequence_front_bands_r5_l8,5,8,12,front_bands,6,0.6629629629629629,0.003703703703703705,0.0,0.0,nan,0.0
shortcut_tree_100,hierarchical_with_lateral_edges,shortcut_tree_navigation,gaussian_sensory,temporal_cue_then_blank,none,0,memoryless_linear,,,,,2,0.6666666666666667,0.011111111111111125,0.0,0.0,nan,0.0
shortcut_tree_100,hierarchical_with_lateral_edges,shortcut_tree_navigation,gaussian_sensory,temporal_cue_then_blank,none,0,memoryless_mlp,,,,,2,0.6666666666666667,0.011111111111111125,0.0,0.0,nan,0.0
shortcut_tree_100,hierarchical_with_lateral_edges,shortcut_tree_navigation,gaussian_sensory,temporal_cue_then_blank,none,0,numpy_rnn,,,,,2,0.6777777777777778,0.0,0.0,0.0,nan,0.0
shortcut_tree_100,hierarchical_with_lateral_edges,shortcut_tree_navigation,gaussian_sensory,temporal_cue_then_blank,none,0,reservoir_block_hybrid,,,,,6,0.6703703703703704,0.005493480360811605,0.0,0.0,nan,0.0
shortcut_tree_100,hierarchical_with_lateral_edges,shortcut_tree_navigation,gaussian_sensory,temporal_cue_then_blank,none,0,reservoir_diagonal,,,,,6,0.6629629629629629,0.006829292190587323,0.0,0.0,nan,0.0
shortcut_tree_100,hierarchical_with_lateral_edges,shortcut_tree_navigation,gaussian_sensory,temporal_cue_then_blank,none,0,reservoir_low_rank,,,,,6,0.6703703703703704,0.00619748167803019,0.0,0.0,nan,0.0
shortcut_tree_100,hierarchical_with_lateral_edges,shortcut_tree_navigation,gaussian_sensory,temporal_cue_then_blank,none,0,reservoir_nilpotent,,,,,6,0.6555555555555556,0.004057204129667883,0.008333333333333333,0.008333333333333335,nan,0.0
shortcut_tree_100,hierarchical_with_lateral_edges,shortcut_tree_navigation,gaussian_sensory,temporal_cue_then_blank,none,0,reservoir_orthogonal,,,,,6,0.6481481481481481,0.0023424278964210136,0.008333333333333333,0.008333333333333335,nan,0.0
shortcut_tree_100,hierarchical_with_lateral_edges,shortcut_tree_navigation,gaussian_sensory,temporal_cue_then_blank,none,0,reservoir_oscillatory,,,,,6,0.6574074074074073,0.00341464609529365,0.0,0.0,nan,0.0
shortcut_tree_100,hierarchical_with_lateral_edges,shortcut_tree_navigation,gaussian_sensory,temporal_cue_then_blank,none,0,reservoir_random,,,,,6,0.6685185185185185,0.008803603202966446,0.008333333333333333,0.008333333333333335,nan,0.0
shortcut_tree_100,hierarchical_with_lateral_edges,shortcut_tree_navigation,gaussian_sensory,temporal_cue_then_blank,none,0,reservoir_sparse,,,,,6,0.6537037037037037,0.00341464609529365,0.0,0.0,nan,0.0
shortcut_tree_100,hierarchical_with_lateral_edges,shortcut_tree_navigation,gaussian_sensory,temporal_cue_then_blank,none,0,reservoir_symmetric,,,,,6,0.6666666666666666,0.0057377531054924715,0.0,0.0,nan,0.0
shortcut_tree_100,hierarchical_with_lateral_edges,shortcut_tree_navigation,gaussian_sensory,temporal_cue_then_blank,one_hot,0,lin_block_r1_l2,1,2,2,independent_blocks,2,0.6666666666666667,0.011111111111111125,nan,0.0,nan,0.0
shortcut_tree_100,hierarchical_with_lateral_edges,shortcut_tree_navigation,gaussian_sensory,temporal_cue_then_blank,one_hot,0,lin_block_r1_l4,1,4,4,independent_blocks,2,0.6555555555555556,0.011111111111111072,nan,0.0,nan,0.0
shortcut_tree_100,hierarchical_with_lateral_edges,shortcut_tree_navigation,gaussian_sensory,temporal_cue_then_blank,one_hot,0,lin_block_r1_l8,1,8,8,independent_blocks,2,0.65,0.005555555555555536,nan,0.0,nan,0.0
shortcut_tree_100,hierarchical_with_lateral_edges,shortcut_tree_navigation,gaussian_sensory,temporal_cue_then_blank,one_hot,0,lin_block_r3_l2,3,2,4,independent_blocks,2,0.6555555555555556,0.011111111111111072,nan,0.0,nan,0.0
shortcut_tree_100,hierarchical_with_lateral_edges,shortcut_tree_navigation,gaussian_sensory,temporal_cue_then_blank,one_hot,0,lin_block_r3_l4,3,4,6,independent_blocks,2,0.6388888888888888,0.005555555555555591,nan,0.0,nan,0.0
shortcut_tree_100,hierarchical_with_lateral_edges,shortcut_tree_navigation,gaussian_sensory,temporal_cue_then_blank,one_hot,0,lin_block_r3_l8,3,8,10,independent_blocks,2,0.6388888888888888,0.005555555555555591,nan,0.0,nan,0.0
shortcut_tree_100,hierarchical_with_lateral_edges,shortcut_tree_navigation,gaussian_sensory,temporal_cue_then_blank,one_hot,0,lin_block_r5_l2,5,2,6,independent_blocks,2,0.6555555555555556,0.0,nan,0.0,nan,0.0
shortcut_tree_100,hierarchical_with_lateral_edges,shortcut_tree_navigation,gaussian_sensory,temporal_cue_then_blank,one_hot,0,lin_block_r5_l4,5,4,8,independent_blocks,2,0.6388888888888888,0.005555555555555591,nan,0.0,nan,0.0
shortcut_tree_100,hierarchical_with_lateral_edges,shortcut_tree_navigation,gaussian_sensory,temporal_cue_then_blank,one_hot,0,lin_block_r5_l8,5,8,12,independent_blocks,2,0.6444444444444444,0.011111111111111125,nan,0.0,nan,0.0
shortcut_tree_100,hierarchical_with_lateral_edges,shortcut_tree_navigation,gaussian_sensory,temporal_cue_then_blank,one_hot,0,lin_sequence_all_units_r3_l4,3,4,6,all_units,6,0.6611111111111111,0.006252571487457085,0.0,0.0,nan,0.0
shortcut_tree_100,hierarchical_with_lateral_edges,shortcut_tree_navigation,gaussian_sensory,temporal_cue_then_blank,one_hot,0,lin_sequence_front_bands_r1_l2,1,2,2,front_bands,6,0.674074074074074,0.008919699687994284,0.008333333333333333,0.008333333333333335,nan,0.0
shortcut_tree_100,hierarchical_with_lateral_edges,shortcut_tree_navigation,gaussian_sensory,temporal_cue_then_blank,one_hot,0,lin_sequence_front_bands_r1_l4,1,4,4,front_bands,6,0.6592592592592592,0.008919699687994291,0.008333333333333333,0.008333333333333335,nan,0.0
shortcut_tree_100,hierarchical_with_lateral_edges,shortcut_tree_navigation,gaussian_sensory,temporal_cue_then_blank,one_hot,0,lin_sequence_front_bands_r1_l8,1,8,8,front_bands,6,0.6629629629629629,0.007943559477602679,0.008333333333333333,0.008333333333333335,nan,0.0
shortcut_tree_100,hierarchical_with_lateral_edges,shortcut_tree_navigation,gaussian_sensory,temporal_cue_then_blank,one_hot,0,lin_sequence_front_bands_r3_l2,3,2,4,front_bands,6,0.6537037037037037,0.011972762870551561,0.016666666666666666,0.010540925533894598,nan,0.0
shortcut_tree_100,hierarchical_with_lateral_edges,shortcut_tree_navigation,gaussian_sensory,temporal_cue_then_blank,one_hot,0,lin_sequence_front_bands_r3_l4,3,4,6,front_bands,6,0.6574074074074073,0.011972762870551561,0.0,0.0,nan,0.0
shortcut_tree_100,hierarchical_with_lateral_edges,shortcut_tree_navigation,gaussian_sensory,temporal_cue_then_blank,one_hot,0,lin_sequence_front_bands_r3_l8,3,8,10,front_bands,6,0.6592592592592592,0.010986960721623204,0.008333333333333333,0.008333333333333335,nan,0.0
shortcut_tree_100,hierarchical_with_lateral_edges,shortcut_tree_navigation,gaussian_sensory,temporal_cue_then_blank,one_hot,0,lin_sequence_front_bands_r5_l2,5,2,6,front_bands,6,0.6611111111111111,0.011385500851066217,0.008333333333333333,0.008333333333333335,nan,0.0
shortcut_tree_100,hierarchical_with_lateral_edges,shortcut_tree_navigation,gaussian_sensory,temporal_cue_then_blank,one_hot,0,lin_sequence_front_bands_r5_l4,5,4,8,front_bands,6,0.6555555555555556,0.011111111111111106,0.016666666666666666,0.0105409255338946,nan,0.0
shortcut_tree_100,hierarchical_with_lateral_edges,shortcut_tree_navigation,gaussian_sensory,temporal_cue_then_blank,one_hot,0,lin_sequence_front_bands_r5_l8,5,8,12,front_bands,6,0.6685185185185185,0.007267191433462434,0.016666666666666666,0.01666666666666667,nan,0.0
shortcut_tree_100,hierarchical_with_lateral_edges,shortcut_tree_navigation,gaussian_sensory,temporal_cue_then_blank,one_hot,0,memoryless_linear,,,,,2,0.6666666666666667,0.011111111111111125,0.0,0.0,nan,0.0
shortcut_tree_100,hierarchical_with_lateral_edges,shortcut_tree_navigation,gaussian_sensory,temporal_cue_then_blank,one_hot,0,memoryless_mlp,,,,,2,0.6666666666666667,0.011111111111111125,0.0,0.0,nan,0.0
shortcut_tree_100,hierarchical_with_lateral_edges,shortcut_tree_navigation,gaussian_sensory,temporal_cue_then_blank,one_hot,0,numpy_rnn,,,,,2,0.6777777777777778,0.011111111111111125,0.0,0.0,nan,0.0
shortcut_tree_100,hierarchical_with_lateral_edges,shortcut_tree_navigation,gaussian_sensory,temporal_cue_then_blank,one_hot,0,reservoir_block_hybrid,,,,,6,0.6648148148148147,0.011623966538129782,0.008333333333333333,0.008333333333333335,nan,0.0
shortcut_tree_100,hierarchical_with_lateral_edges,shortcut_tree_navigation,gaussian_sensory,temporal_cue_then_blank,one_hot,0,reservoir_diagonal,,,,,6,0.6944444444444443,0.011741383321590639,0.008333333333333333,0.008333333333333335,nan,0.0
shortcut_tree_100,hierarchical_with_lateral_edges,shortcut_tree_navigation,gaussian_sensory,temporal_cue_then_blank,one_hot,0,reservoir_low_rank,,,,,6,0.6592592592592592,0.021211586760409414,0.008333333333333333,0.008333333333333335,nan,0.0
shortcut_tree_100,hierarchical_with_lateral_edges,shortcut_tree_navigation,gaussian_sensory,temporal_cue_then_blank,one_hot,0,reservoir_nilpotent,,,,,6,0.6574074074074073,0.004459849843997131,0.041666666666666664,0.015365907428821483,nan,0.0
shortcut_tree_100,hierarchical_with_lateral_edges,shortcut_tree_navigation,gaussian_sensory,temporal_cue_then_blank,one_hot,0,reservoir_orthogonal,,,,,6,0.6611111111111111,0.009834013368408704,0.016666666666666666,0.01666666666666667,nan,0.0
shortcut_tree_100,hierarchical_with_lateral_edges,shortcut_tree_navigation,gaussian_sensory,temporal_cue_then_blank,one_hot,0,reservoir_oscillatory,,,,,6,0.6592592592592592,0.00794355947760267,0.016666666666666666,0.01666666666666667,nan,0.0
shortcut_tree_100,hierarchical_with_lateral_edges,shortcut_tree_navigation,gaussian_sensory,temporal_cue_then_blank,one_hot,0,reservoir_random,,,,,6,0.6481481481481481,0.014534382866924867,0.0,0.0,nan,0.0
shortcut_tree_100,hierarchical_with_lateral_edges,shortcut_tree_navigation,gaussian_sensory,temporal_cue_then_blank,one_hot,0,reservoir_sparse,,,,,6,0.6666666666666666,0.01034388151390292,0.008333333333333333,0.008333333333333335,nan,0.0
shortcut_tree_100,hierarchical_with_lateral_edges,shortcut_tree_navigation,gaussian_sensory,temporal_cue_then_blank,one_hot,0,reservoir_symmetric,,,,,6,0.6555555555555556,0.010343881513902925,0.008333333333333333,0.008333333333333335,nan,0.0
shortcut_tree_100,hierarchical_with_lateral_edges,shortcut_tree_navigation,gaussian_sensory,temporal_dropout,embedding,8,lin_block_r1_l2,1,2,2,independent_blocks,2,0.6277777777777778,0.02777777777777779,nan,0.0,nan,0.0
shortcut_tree_100,hierarchical_with_lateral_edges,shortcut_tree_navigation,gaussian_sensory,temporal_dropout,embedding,8,lin_block_r1_l4,1,4,4,independent_blocks,2,0.6166666666666667,0.02777777777777779,nan,0.0,nan,0.0
shortcut_tree_100,hierarchical_with_lateral_edges,shortcut_tree_navigation,gaussian_sensory,temporal_dropout,embedding,8,lin_block_r1_l8,1,8,8,independent_blocks,2,0.6111111111111112,0.03333333333333338,nan,0.0,nan,0.0
shortcut_tree_100,hierarchical_with_lateral_edges,shortcut_tree_navigation,gaussian_sensory,temporal_dropout,embedding,8,lin_block_r3_l2,3,2,4,independent_blocks,2,0.5833333333333333,0.03888888888888892,nan,0.0,nan,0.0
shortcut_tree_100,hierarchical_with_lateral_edges,shortcut_tree_navigation,gaussian_sensory,temporal_dropout,embedding,8,lin_block_r3_l4,3,4,6,independent_blocks,2,0.55,0.02777777777777773,nan,0.0,nan,0.0
shortcut_tree_100,hierarchical_with_lateral_edges,shortcut_tree_navigation,gaussian_sensory,temporal_dropout,embedding,8,lin_block_r3_l8,3,8,10,independent_blocks,2,0.5555555555555556,0.0222222222222222,nan,0.0,nan,0.0
shortcut_tree_100,hierarchical_with_lateral_edges,shortcut_tree_navigation,gaussian_sensory,temporal_dropout,embedding,8,lin_block_r5_l2,5,2,6,independent_blocks,2,0.55,0.02777777777777773,nan,0.0,nan,0.0
shortcut_tree_100,hierarchical_with_lateral_edges,shortcut_tree_navigation,gaussian_sensory,temporal_dropout,embedding,8,lin_block_r5_l4,5,4,8,independent_blocks,2,0.5444444444444445,0.0222222222222222,nan,0.0,nan,0.0
shortcut_tree_100,hierarchical_with_lateral_edges,shortcut_tree_navigation,gaussian_sensory,temporal_dropout,embedding,8,lin_block_r5_l8,5,8,12,independent_blocks,2,0.5222222222222223,0.0,nan,0.0,nan,0.0
shortcut_tree_100,hierarchical_with_lateral_edges,shortcut_tree_navigation,gaussian_sensory,temporal_dropout,embedding,8,lin_sequence_all_units_r3_l4,3,4,6,all_units,6,0.6537037037037037,0.01126437505610782,0.0,0.0,nan,0.0
shortcut_tree_100,hierarchical_with_lateral_edges,shortcut_tree_navigation,gaussian_sensory,temporal_dropout,embedding,8,lin_sequence_front_bands_r1_l2,1,2,2,front_bands,6,0.6203703703703703,0.01126437505610782,0.008333333333333333,0.008333333333333335,nan,0.0
shortcut_tree_100,hierarchical_with_lateral_edges,shortcut_tree_navigation,gaussian_sensory,temporal_dropout,embedding,8,lin_sequence_front_bands_r1_l4,1,4,4,front_bands,6,0.65,0.014272480642961258,0.0,0.0,nan,0.0
shortcut_tree_100,hierarchical_with_lateral_edges,shortcut_tree_navigation,gaussian_sensory,temporal_dropout,embedding,8,lin_sequence_front_bands_r1_l8,1,8,8,front_bands,6,0.6648148148148147,0.006676946806414793,0.0,0.0,nan,0.0
shortcut_tree_100,hierarchical_with_lateral_edges,shortcut_tree_navigation,gaussian_sensory,temporal_dropout,embedding,8,lin_sequence_front_bands_r3_l2,3,2,4,front_bands,6,0.6425925925925925,0.01608021729340179,0.0,0.0,nan,0.0
shortcut_tree_100,hierarchical_with_lateral_edges,shortcut_tree_navigation,gaussian_sensory,temporal_dropout,embedding,8,lin_sequence_front_bands_r3_l4,3,4,6,front_bands,6,0.6518518518518518,0.013353893612829595,0.0,0.0,nan,0.0
shortcut_tree_100,hierarchical_with_lateral_edges,shortcut_tree_navigation,gaussian_sensory,temporal_dropout,embedding,8,lin_sequence_front_bands_r3_l8,3,8,10,front_bands,6,0.6703703703703704,0.008445743889623237,0.0,0.0,nan,0.0
shortcut_tree_100,hierarchical_with_lateral_edges,shortcut_tree_navigation,gaussian_sensory,temporal_dropout,embedding,8,lin_sequence_front_bands_r5_l2,5,2,6,front_bands,6,0.6462962962962963,0.01754867813404761,0.0,0.0,nan,0.0
shortcut_tree_100,hierarchical_with_lateral_edges,shortcut_tree_navigation,gaussian_sensory,temporal_dropout,embedding,8,lin_sequence_front_bands_r5_l4,5,4,8,front_bands,6,0.637037037037037,0.011712139482105102,0.0,0.0,nan,0.0
shortcut_tree_100,hierarchical_with_lateral_edges,shortcut_tree_navigation,gaussian_sensory,temporal_dropout,embedding,8,lin_sequence_front_bands_r5_l8,5,8,12,front_bands,6,0.6796296296296296,0.006676946806414793,0.025000000000000005,0.017078251276599336,nan,0.0
shortcut_tree_100,hierarchical_with_lateral_edges,shortcut_tree_navigation,gaussian_sensory,temporal_dropout,embedding,8,memoryless_linear,,,,,2,0.6444444444444445,0.033333333333333326,0.0,0.0,nan,0.0
shortcut_tree_100,hierarchical_with_lateral_edges,shortcut_tree_navigation,gaussian_sensory,temporal_dropout,embedding,8,memoryless_mlp,,,,,2,0.6444444444444445,0.033333333333333326,0.0,0.0,nan,0.0
shortcut_tree_100,hierarchical_with_lateral_edges,shortcut_tree_navigation,gaussian_sensory,temporal_dropout,embedding,8,numpy_rnn,,,,,2,0.6777777777777778,0.0,0.0,0.0,nan,0.0
shortcut_tree_100,hierarchical_with_lateral_edges,shortcut_tree_navigation,gaussian_sensory,temporal_dropout,embedding,8,reservoir_block_hybrid,,,,,6,0.6481481481481481,0.01098696072162321,0.0,0.0,nan,0.0
shortcut_tree_100,hierarchical_with_lateral_edges,shortcut_tree_navigation,gaussian_sensory,temporal_dropout,embedding,8,reservoir_diagonal,,,,,6,0.6333333333333333,0.008114408259335803,0.008333333333333333,0.008333333333333335,nan,0.0
shortcut_tree_100,hierarchical_with_lateral_edges,shortcut_tree_navigation,gaussian_sensory,temporal_dropout,embedding,8,reservoir_low_rank,,,,,6,0.6537037037037038,0.0108929193850761,0.008333333333333333,0.008333333333333335,nan,0.0
shortcut_tree_100,hierarchical_with_lateral_edges,shortcut_tree_navigation,gaussian_sensory,temporal_dropout,embedding,8,reservoir_nilpotent,,,,,6,0.6537037037037037,0.012962962962962976,0.008333333333333333,0.008333333333333335,nan,0.0
shortcut_tree_100,hierarchical_with_lateral_edges,shortcut_tree_navigation,gaussian_sensory,temporal_dropout,embedding,8,reservoir_orthogonal,,,,,6,0.6425925925925926,0.01197276287055157,0.0,0.0,nan,0.0
shortcut_tree_100,hierarchical_with_lateral_edges,shortcut_tree_navigation,gaussian_sensory,temporal_dropout,embedding,8,reservoir_oscillatory,,,,,6,0.6407407407407407,0.013956624949197595,0.008333333333333333,0.008333333333333335,nan,0.0
shortcut_tree_100,hierarchical_with_lateral_edges,shortcut_tree_navigation,gaussian_sensory,temporal_dropout,embedding,8,reservoir_random,,,,,6,0.6444444444444444,0.008606629658238694,0.0,0.0,nan,0.0
shortcut_tree_100,hierarchical_with_lateral_edges,shortcut_tree_navigation,gaussian_sensory,temporal_dropout,embedding,8,reservoir_sparse,,,,,6,0.6481481481481481,0.0061974816780301836,0.0,0.0,nan,0.0
shortcut_tree_100,hierarchical_with_lateral_edges,shortcut_tree_navigation,gaussian_sensory,temporal_dropout,embedding,8,reservoir_symmetric,,,,,6,0.6296296296296297,0.014534382866924881,0.0,0.0,nan,0.0
shortcut_tree_100,hierarchical_with_lateral_edges,shortcut_tree_navigation,gaussian_sensory,temporal_dropout,none,0,lin_block_r1_l2,1,2,2,independent_blocks,2,0.6555555555555556,0.02222222222222225,nan,0.0,nan,0.0
shortcut_tree_100,hierarchical_with_lateral_edges,shortcut_tree_navigation,gaussian_sensory,temporal_dropout,none,0,lin_block_r1_l4,1,4,4,independent_blocks,2,0.6555555555555556,0.011111111111111072,nan,0.0,nan,0.0
shortcut_tree_100,hierarchical_with_lateral_edges,shortcut_tree_navigation,gaussian_sensory,temporal_dropout,none,0,lin_block_r1_l8,1,8,8,independent_blocks,2,0.6555555555555556,0.011111111111111072,nan,0.0,nan,0.0
shortcut_tree_100,hierarchical_with_lateral_edges,shortcut_tree_navigation,gaussian_sensory,temporal_dropout,none,0,lin_block_r3_l2,3,2,4,independent_blocks,2,0.6611111111111112,0.016666666666666663,nan,0.0,nan,0.0
shortcut_tree_100,hierarchical_with_lateral_edges,shortcut_tree_navigation,gaussian_sensory,temporal_dropout,none,0,lin_block_r3_l4,3,4,6,independent_blocks,2,0.6222222222222222,0.02222222222222225,nan,0.0,nan,0.0
shortcut_tree_100,hierarchical_with_lateral_edges,shortcut_tree_navigation,gaussian_sensory,temporal_dropout,none,0,lin_block_r3_l8,3,8,10,independent_blocks,2,0.6111111111111112,0.0222222222222222,nan,0.0,nan,0.0
shortcut_tree_100,hierarchical_with_lateral_edges,shortcut_tree_navigation,gaussian_sensory,temporal_dropout,none,0,lin_block_r5_l2,5,2,6,independent_blocks,2,0.6333333333333333,0.0222222222222222,nan,0.0,nan,0.0
shortcut_tree_100,hierarchical_with_lateral_edges,shortcut_tree_navigation,gaussian_sensory,temporal_dropout,none,0,lin_block_r5_l4,5,4,8,independent_blocks,2,0.5611111111111111,0.038888888888888855,nan,0.0,nan,0.0
shortcut_tree_100,hierarchical_with_lateral_edges,shortcut_tree_navigation,gaussian_sensory,temporal_dropout,none,0,lin_block_r5_l8,5,8,12,independent_blocks,2,0.5444444444444445,0.0222222222222222,nan,0.0,nan,0.0
shortcut_tree_100,hierarchical_with_lateral_edges,shortcut_tree_navigation,gaussian_sensory,temporal_dropout,none,0,lin_sequence_all_units_r3_l4,3,4,6,all_units,6,0.6518518518518518,0.0054934803608116005,0.0,0.0,nan,0.0
shortcut_tree_100,hierarchical_with_lateral_edges,shortcut_tree_navigation,gaussian_sensory,temporal_dropout,none,0,lin_sequence_front_bands_r1_l2,1,2,2,front_bands,6,0.6296296296296297,0.01481481481481482,0.0,0.0,nan,0.0
shortcut_tree_100,hierarchical_with_lateral_edges,shortcut_tree_navigation,gaussian_sensory,temporal_dropout,none,0,lin_sequence_front_bands_r1_l4,1,4,4,front_bands,6,0.65,0.00895806416477616,0.0,0.0,nan,0.0
shortcut_tree_100,hierarchical_with_lateral_edges,shortcut_tree_navigation,gaussian_sensory,temporal_dropout,none,0,lin_sequence_front_bands_r1_l8,1,8,8,front_bands,6,0.6722222222222222,0.004757493547653757,0.0,0.0,nan,0.0
shortcut_tree_100,hierarchical_with_lateral_edges,shortcut_tree_navigation,gaussian_sensory,temporal_dropout,none,0,lin_sequence_front_bands_r3_l2,3,2,4,front_bands,6,0.638888888888889,0.005555555555555558,0.0,0.0,nan,0.0
shortcut_tree_100,hierarchical_with_lateral_edges,shortcut_tree_navigation,gaussian_sensory,temporal_dropout,none,0,lin_sequence_front_bands_r3_l4,3,4,6,front_bands,6,0.6555555555555556,0.0057377531054924645,0.0,0.0,nan,0.0
shortcut_tree_100,hierarchical_with_lateral_edges,shortcut_tree_navigation,gaussian_sensory,temporal_dropout,none,0,lin_sequence_front_bands_r3_l8,3,8,10,front_bands,6,0.6629629629629629,0.005493480360811604,0.008333333333333333,0.008333333333333335,nan,0.0
shortcut_tree_100,hierarchical_with_lateral_edges,shortcut_tree_navigation,gaussian_sensory,temporal_dropout,none,0,lin_sequence_front_bands_r5_l2,5,2,6,front_bands,6,0.638888888888889,0.005555555555555559,0.0,0.0,nan,0.0
shortcut_tree_100,hierarchical_with_lateral_edges,shortcut_tree_navigation,gaussian_sensory,temporal_dropout,none,0,lin_sequence_front_bands_r5_l4,5,4,8,front_bands,6,0.6611111111111111,0.008486251286955262,0.0,0.0,nan,0.0
shortcut_tree_100,hierarchical_with_lateral_edges,shortcut_tree_navigation,gaussian_sensory,temporal_dropout,none,0,lin_sequence_front_bands_r5_l8,5,8,12,front_bands,6,0.6592592592592592,0.006829292190587335,0.0,0.0,nan,0.0
shortcut_tree_100,hierarchical_with_lateral_edges,shortcut_tree_navigation,gaussian_sensory,temporal_dropout,none,0,memoryless_linear,,,,,2,0.6666666666666667,0.011111111111111125,0.0,0.0,nan,0.0
shortcut_tree_100,hierarchical_with_lateral_edges,shortcut_tree_navigation,gaussian_sensory,temporal_dropout,none,0,memoryless_mlp,,,,,2,0.6666666666666667,0.011111111111111125,0.0,0.0,nan,0.0
shortcut_tree_100,hierarchical_with_lateral_edges,shortcut_tree_navigation,gaussian_sensory,temporal_dropout,none,0,numpy_rnn,,,,,2,0.6722222222222223,0.005555555555555591,0.0,0.0,nan,0.0
shortcut_tree_100,hierarchical_with_lateral_edges,shortcut_tree_navigation,gaussian_sensory,temporal_dropout,none,0,reservoir_block_hybrid,,,,,6,0.6425925925925926,0.004459849843997148,0.0,0.0,nan,0.0
shortcut_tree_100,hierarchical_with_lateral_edges,shortcut_tree_navigation,gaussian_sensory,temporal_dropout,none,0,reservoir_diagonal,,,,,6,0.6314814814814814,0.017312586507437406,0.0,0.0,nan,0.0
shortcut_tree_100,hierarchical_with_lateral_edges,shortcut_tree_navigation,gaussian_sensory,temporal_dropout,none,0,reservoir_low_rank,,,,,6,0.6259259259259259,0.007407407407407398,0.0,0.0,nan,0.0
shortcut_tree_100,hierarchical_with_lateral_edges,shortcut_tree_navigation,gaussian_sensory,temporal_dropout,none,0,reservoir_nilpotent,,,,,6,0.6537037037037037,0.006676946806414794,0.0,0.0,nan,0.0
shortcut_tree_100,hierarchical_with_lateral_edges,shortcut_tree_navigation,gaussian_sensory,temporal_dropout,none,0,reservoir_orthogonal,,,,,6,0.6370370370370371,0.006829292190587323,0.0,0.0,nan,0.0
shortcut_tree_100,hierarchical_with_lateral_edges,shortcut_tree_navigation,gaussian_sensory,temporal_dropout,none,0,reservoir_oscillatory,,,,,6,0.6259259259259259,0.006829292190587317,0.0,0.0,nan,0.0
shortcut_tree_100,hierarchical_with_lateral_edges,shortcut_tree_navigation,gaussian_sensory,temporal_dropout,none,0,reservoir_random,,,,,6,0.6537037037037037,0.007812971522121851,0.0,0.0,nan,0.0
shortcut_tree_100,hierarchical_with_lateral_edges,shortcut_tree_navigation,gaussian_sensory,temporal_dropout,none,0,reservoir_sparse,,,,,6,0.6462962962962963,0.005302896690102353,0.0,0.0,nan,0.0
shortcut_tree_100,hierarchical_with_lateral_edges,shortcut_tree_navigation,gaussian_sensory,temporal_dropout,none,0,reservoir_symmetric,,,,,6,0.6388888888888888,0.008486251286955251,0.0,0.0,nan,0.0
shortcut_tree_100,hierarchical_with_lateral_edges,shortcut_tree_navigation,gaussian_sensory,temporal_dropout,one_hot,0,lin_block_r1_l2,1,2,2,independent_blocks,2,0.6277777777777778,0.02777777777777779,nan,0.0,nan,0.0
shortcut_tree_100,hierarchical_with_lateral_edges,shortcut_tree_navigation,gaussian_sensory,temporal_dropout,one_hot,0,lin_block_r1_l4,1,4,4,independent_blocks,2,0.6166666666666667,0.02777777777777779,nan,0.0,nan,0.0
shortcut_tree_100,hierarchical_with_lateral_edges,shortcut_tree_navigation,gaussian_sensory,temporal_dropout,one_hot,0,lin_block_r1_l8,1,8,8,independent_blocks,2,0.6111111111111112,0.03333333333333338,nan,0.0,nan,0.0
shortcut_tree_100,hierarchical_with_lateral_edges,shortcut_tree_navigation,gaussian_sensory,temporal_dropout,one_hot,0,lin_block_r3_l2,3,2,4,independent_blocks,2,0.6055555555555555,0.02777777777777779,nan,0.0,nan,0.0
shortcut_tree_100,hierarchical_with_lateral_edges,shortcut_tree_navigation,gaussian_sensory,temporal_dropout,one_hot,0,lin_block_r3_l4,3,4,6,independent_blocks,2,0.5833333333333334,0.02777777777777779,nan,0.0,nan,0.0
shortcut_tree_100,hierarchical_with_lateral_edges,shortcut_tree_navigation,gaussian_sensory,temporal_dropout,one_hot,0,lin_block_r3_l8,3,8,10,independent_blocks,2,0.5722222222222222,0.02777777777777779,nan,0.0,nan,0.0
shortcut_tree_100,hierarchical_with_lateral_edges,shortcut_tree_navigation,gaussian_sensory,temporal_dropout,one_hot,0,lin_block_r5_l2,5,2,6,independent_blocks,2,0.5666666666666667,0.011111111111111072,nan,0.0,nan,0.0
shortcut_tree_100,hierarchical_with_lateral_edges,shortcut_tree_navigation,gaussian_sensory,temporal_dropout,one_hot,0,lin_block_r5_l4,5,4,8,independent_blocks,2,0.5277777777777777,0.016666666666666663,nan,0.0,nan,0.0
shortcut_tree_100,hierarchical_with_lateral_edges,shortcut_tree_navigation,gaussian_sensory,temporal_dropout,one_hot,0,lin_block_r5_l8,5,8,12,independent_blocks,2,0.5277777777777778,0.02777777777777779,nan,0.0,nan,0.0
shortcut_tree_100,hierarchical_with_lateral_edges,shortcut_tree_navigation,gaussian_sensory,temporal_dropout,one_hot,0,lin_sequence_all_units_r3_l4,3,4,6,all_units,6,0.6444444444444445,0.010734353145325509,0.0,0.0,nan,0.0
shortcut_tree_100,hierarchical_with_lateral_edges,shortcut_tree_navigation,gaussian_sensory,temporal_dropout,one_hot,0,lin_sequence_front_bands_r1_l2,1,2,2,front_bands,6,0.6166666666666667,0.012086791757096833,0.0,0.0,nan,0.0
shortcut_tree_100,hierarchical_with_lateral_edges,shortcut_tree_navigation,gaussian_sensory,temporal_dropout,one_hot,0,lin_sequence_front_bands_r1_l4,1,4,4,front_bands,6,0.6481481481481481,0.010210406483029792,0.0,0.0,nan,0.0
shortcut_tree_100,hierarchical_with_lateral_edges,shortcut_tree_navigation,gaussian_sensory,temporal_dropout,one_hot,0,lin_sequence_front_bands_r1_l8,1,8,8,front_bands,6,0.6685185185185185,0.006676946806414793,0.0,0.0,nan,0.0
shortcut_tree_100,hierarchical_with_lateral_edges,shortcut_tree_navigation,gaussian_sensory,temporal_dropout,one_hot,0,lin_sequence_front_bands_r3_l2,3,2,4,front_bands,6,0.6055555555555556,0.013981174880131021,0.008333333333333333,0.008333333333333335,nan,0.0
shortcut_tree_100,hierarchical_with_lateral_edges,shortcut_tree_navigation,gaussian_sensory,temporal_dropout,one_hot,0,lin_sequence_front_bands_r3_l4,3,4,6,front_bands,6,0.6574074074074073,0.01126437505610782,0.0,0.0,nan,0.0
shortcut_tree_100,hierarchical_with_lateral_edges,shortcut_tree_navigation,gaussian_sensory,temporal_dropout,one_hot,0,lin_sequence_front_bands_r3_l8,3,8,10,front_bands,6,0.6703703703703704,0.007407407407407403,0.0,0.0,nan,0.0
shortcut_tree_100,hierarchical_with_lateral_edges,shortcut_tree_navigation,gaussian_sensory,temporal_dropout,one_hot,0,lin_sequence_front_bands_r5_l2,5,2,6,front_bands,6,0.65,0.011741383321590639,0.0,0.0,nan,0.0
shortcut_tree_100,hierarchical_with_lateral_edges,shortcut_tree_navigation,gaussian_sensory,temporal_dropout,one_hot,0,lin_sequence_front_bands_r5_l4,5,4,8,front_bands,6,0.638888888888889,0.0068793243040765565,0.0,0.0,nan,0.0
shortcut_tree_100,hierarchical_with_lateral_edges,shortcut_tree_navigation,gaussian_sensory,temporal_dropout,one_hot,0,lin_sequence_front_bands_r5_l8,5,8,12,front_bands,6,0.6629629629629629,0.006829292190587332,0.0,0.0,nan,0.0
shortcut_tree_100,hierarchical_with_lateral_edges,shortcut_tree_navigation,gaussian_sensory,temporal_dropout,one_hot,0,memoryless_linear,,,,,2,0.6444444444444445,0.033333333333333326,0.0,0.0,nan,0.0
shortcut_tree_100,hierarchical_with_lateral_edges,shortcut_tree_navigation,gaussian_sensory,temporal_dropout,one_hot,0,memoryless_mlp,,,,,2,0.6444444444444445,0.033333333333333326,0.0,0.0,nan,0.0
shortcut_tree_100,hierarchical_with_lateral_edges,shortcut_tree_navigation,gaussian_sensory,temporal_dropout,one_hot,0,numpy_rnn,,,,,2,0.6777777777777778,0.011111111111111125,0.0,0.0,nan,0.0
shortcut_tree_100,hierarchical_with_lateral_edges,shortcut_tree_navigation,gaussian_sensory,temporal_dropout,one_hot,0,reservoir_block_hybrid,,,,,6,0.6277777777777779,0.014272480642961256,0.008333333333333333,0.008333333333333335,nan,0.0
shortcut_tree_100,hierarchical_with_lateral_edges,shortcut_tree_navigation,gaussian_sensory,temporal_dropout,one_hot,0,reservoir_diagonal,,,,,6,0.6333333333333332,0.01697250257391051,0.0,0.0,nan,0.0
shortcut_tree_100,hierarchical_with_lateral_edges,shortcut_tree_navigation,gaussian_sensory,temporal_dropout,one_hot,0,reservoir_low_rank,,,,,6,0.6277777777777778,0.015112745009706049,0.0,0.0,nan,0.0
shortcut_tree_100,hierarchical_with_lateral_edges,shortcut_tree_navigation,gaussian_sensory,temporal_dropout,one_hot,0,reservoir_nilpotent,,,,,6,0.6351851851851852,0.009693520243186966,0.0,0.0,nan,0.0
shortcut_tree_100,hierarchical_with_lateral_edges,shortcut_tree_navigation,gaussian_sensory,temporal_dropout,one_hot,0,reservoir_orthogonal,,,,,6,0.6407407407407407,0.017371910221568254,0.0,0.0,nan,0.0
shortcut_tree_100,hierarchical_with_lateral_edges,shortcut_tree_navigation,gaussian_sensory,temporal_dropout,one_hot,0,reservoir_oscillatory,,,,,6,0.625925925925926,0.012058385626740524,0.016666666666666666,0.010540925533894598,nan,0.0
shortcut_tree_100,hierarchical_with_lateral_edges,shortcut_tree_navigation,gaussian_sensory,temporal_dropout,one_hot,0,reservoir_random,,,,,6,0.6333333333333334,0.012830005981991691,0.0,0.0,nan,0.0
shortcut_tree_100,hierarchical_with_lateral_edges,shortcut_tree_navigation,gaussian_sensory,temporal_dropout,one_hot,0,reservoir_sparse,,,,,6,0.6240740740740741,0.010508341451193417,0.008333333333333333,0.008333333333333335,nan,0.0
shortcut_tree_100,hierarchical_with_lateral_edges,shortcut_tree_navigation,gaussian_sensory,temporal_dropout,one_hot,0,reservoir_symmetric,,,,,6,0.6259259259259259,0.01304208656419187,0.0,0.0,nan,0.0
shortcut_tree_100,hierarchical_with_lateral_edges,shortcut_tree_navigation,gaussian_sensory,temporal_full,embedding,8,lin_block_r1_l2,1,2,2,independent_blocks,2,0.6444444444444444,0.0222222222222222,nan,0.0,nan,0.0
shortcut_tree_100,hierarchical_with_lateral_edges,shortcut_tree_navigation,gaussian_sensory,temporal_full,embedding,8,lin_block_r1_l4,1,4,4,independent_blocks,2,0.6055555555555556,0.016666666666666663,nan,0.0,nan,0.0
shortcut_tree_100,hierarchical_with_lateral_edges,shortcut_tree_navigation,gaussian_sensory,temporal_full,embedding,8,lin_block_r1_l8,1,8,8,independent_blocks,2,0.6166666666666667,0.02777777777777779,nan,0.0,nan,0.0
shortcut_tree_100,hierarchical_with_lateral_edges,shortcut_tree_navigation,gaussian_sensory,temporal_full,embedding,8,lin_block_r3_l2,3,2,4,independent_blocks,2,0.55,0.005555555555555591,nan,0.0,nan,0.0
shortcut_tree_100,hierarchical_with_lateral_edges,shortcut_tree_navigation,gaussian_sensory,temporal_full,embedding,8,lin_block_r3_l4,3,4,6,independent_blocks,2,0.5333333333333333,0.02222222222222225,nan,0.0,nan,0.0
shortcut_tree_100,hierarchical_with_lateral_edges,shortcut_tree_navigation,gaussian_sensory,temporal_full,embedding,8,lin_block_r3_l8,3,8,10,independent_blocks,2,0.5333333333333333,0.02222222222222225,nan,0.0,nan,0.0
shortcut_tree_100,hierarchical_with_lateral_edges,shortcut_tree_navigation,gaussian_sensory,temporal_full,embedding,8,lin_block_r5_l2,5,2,6,independent_blocks,2,0.5555555555555556,0.0,nan,0.0,nan,0.0
shortcut_tree_100,hierarchical_with_lateral_edges,shortcut_tree_navigation,gaussian_sensory,temporal_full,embedding,8,lin_block_r5_l4,5,4,8,independent_blocks,2,0.5277777777777778,0.005555555555555536,nan,0.0,nan,0.0
shortcut_tree_100,hierarchical_with_lateral_edges,shortcut_tree_navigation,gaussian_sensory,temporal_full,embedding,8,lin_block_r5_l8,5,8,12,independent_blocks,2,0.5333333333333333,0.0,nan,0.0,nan,0.0
shortcut_tree_100,hierarchical_with_lateral_edges,shortcut_tree_navigation,gaussian_sensory,temporal_full,embedding,8,lin_sequence_all_units_r3_l4,3,4,6,all_units,6,0.65,0.0062525714874570905,0.008333333333333333,0.008333333333333335,nan,0.0
shortcut_tree_100,hierarchical_with_lateral_edges,shortcut_tree_navigation,gaussian_sensory,temporal_full,embedding,8,lin_sequence_front_bands_r1_l2,1,2,2,front_bands,6,0.6333333333333334,0.013758648608153106,0.008333333333333333,0.008333333333333335,nan,0.0
shortcut_tree_100,hierarchical_with_lateral_edges,shortcut_tree_navigation,gaussian_sensory,temporal_full,embedding,8,lin_sequence_front_bands_r1_l4,1,4,4,front_bands,6,0.6296296296296297,0.013658584381174654,0.008333333333333333,0.008333333333333335,nan,0.0
shortcut_tree_100,hierarchical_with_lateral_edges,shortcut_tree_navigation,gaussian_sensory,temporal_full,embedding,8,lin_sequence_front_bands_r1_l8,1,8,8,front_bands,6,0.6703703703703704,0.005493480360811606,0.016666666666666666,0.01666666666666667,nan,0.0
shortcut_tree_100,hierarchical_with_lateral_edges,shortcut_tree_navigation,gaussian_sensory,temporal_full,embedding,8,lin_sequence_front_bands_r3_l2,3,2,4,front_bands,6,0.65,0.01242259987499882,0.0,0.0,nan,0.0
shortcut_tree_100,hierarchical_with_lateral_edges,shortcut_tree_navigation,gaussian_sensory,temporal_full,embedding,8,lin_sequence_front_bands_r3_l4,3,4,6,front_bands,6,0.6425925925925926,0.010892919385076093,0.0,0.0,nan,0.0
shortcut_tree_100,hierarchical_with_lateral_edges,shortcut_tree_navigation,gaussian_sensory,temporal_full,embedding,8,lin_sequence_front_bands_r3_l8,3,8,10,front_bands,6,0.6611111111111111,0.010243938285880981,0.008333333333333333,0.008333333333333335,nan,0.0
shortcut_tree_100,hierarchical_with_lateral_edges,shortcut_tree_navigation,gaussian_sensory,temporal_full,embedding,8,lin_sequence_front_bands_r5_l2,5,2,6,front_bands,6,0.6370370370370371,0.013658584381174647,0.0,0.0,nan,0.0
shortcut_tree_100,hierarchical_with_lateral_edges,shortcut_tree_navigation,gaussian_sensory,temporal_full,embedding,8,lin_sequence_front_bands_r5_l4,5,4,8,front_bands,6,0.6555555555555556,0.004969039949999532,0.0,0.0,nan,0.0
shortcut_tree_100,hierarchical_with_lateral_edges,shortcut_tree_navigation,gaussian_sensory,temporal_full,embedding,8,lin_sequence_front_bands_r5_l8,5,8,12,front_bands,6,0.6666666666666666,0.002868876552746239,0.0,0.0,nan,0.0
shortcut_tree_100,hierarchical_with_lateral_edges,shortcut_tree_navigation,gaussian_sensory,temporal_full,embedding,8,memoryless_linear,,,,,2,0.6555555555555556,0.02222222222222225,0.0,0.0,nan,0.0
shortcut_tree_100,hierarchical_with_lateral_edges,shortcut_tree_navigation,gaussian_sensory,temporal_full,embedding,8,memoryless_mlp,,,,,2,0.6555555555555556,0.02222222222222225,0.0,0.0,nan,0.0
shortcut_tree_100,hierarchical_with_lateral_edges,shortcut_tree_navigation,gaussian_sensory,temporal_full,embedding,8,numpy_rnn,,,,,2,0.6722222222222223,0.016666666666666663,0.0,0.0,nan,0.0
shortcut_tree_100,hierarchical_with_lateral_edges,shortcut_tree_navigation,gaussian_sensory,temporal_full,embedding,8,reservoir_block_hybrid,,,,,6,0.638888888888889,0.015647874203168603,0.008333333333333333,0.008333333333333335,nan,0.0
shortcut_tree_100,hierarchical_with_lateral_edges,shortcut_tree_navigation,gaussian_sensory,temporal_full,embedding,8,reservoir_diagonal,,,,,6,0.6203703703703703,0.015822229157995426,0.008333333333333333,0.008333333333333335,nan,0.0
shortcut_tree_100,hierarchical_with_lateral_edges,shortcut_tree_navigation,gaussian_sensory,temporal_full,embedding,8,reservoir_low_rank,,,,,6,0.6203703703703705,0.01658415790906527,0.0,0.0,nan,0.0
shortcut_tree_100,hierarchical_with_lateral_edges,shortcut_tree_navigation,gaussian_sensory,temporal_full,embedding,8,reservoir_nilpotent,,,,,6,0.6425925925925926,0.00832303890897934,0.008333333333333333,0.008333333333333335,nan,0.0
shortcut_tree_100,hierarchical_with_lateral_edges,shortcut_tree_navigation,gaussian_sensory,temporal_full,embedding,8,reservoir_orthogonal,,,,,6,0.6407407407407407,0.008445743889623237,0.0,0.0,nan,0.0
shortcut_tree_100,hierarchical_with_lateral_edges,shortcut_tree_navigation,gaussian_sensory,temporal_full,embedding,8,reservoir_oscillatory,,,,,6,0.6148148148148147,0.020218287502157307,0.008333333333333333,0.008333333333333335,nan,0.0
shortcut_tree_100,hierarchical_with_lateral_edges,shortcut_tree_navigation,gaussian_sensory,temporal_full,embedding,8,reservoir_random,,,,,6,0.6314814814814815,0.012641517159908161,0.016666666666666666,0.010540925533894598,nan,0.0
shortcut_tree_100,hierarchical_with_lateral_edges,shortcut_tree_navigation,gaussian_sensory,temporal_full,embedding,8,reservoir_sparse,,,,,6,0.6314814814814814,0.00925925925925926,0.008333333333333333,0.008333333333333335,nan,0.0
shortcut_tree_100,hierarchical_with_lateral_edges,shortcut_tree_navigation,gaussian_sensory,temporal_full,embedding,8,reservoir_symmetric,,,,,6,0.6444444444444445,0.014628457524541862,0.0,0.0,nan,0.0
shortcut_tree_100,hierarchical_with_lateral_edges,shortcut_tree_navigation,gaussian_sensory,temporal_full,none,0,lin_block_r1_l2,1,2,2,independent_blocks,2,0.6555555555555556,0.02222222222222225,nan,0.0,nan,0.0
shortcut_tree_100,hierarchical_with_lateral_edges,shortcut_tree_navigation,gaussian_sensory,temporal_full,none,0,lin_block_r1_l4,1,4,4,independent_blocks,2,0.6499999999999999,0.016666666666666663,nan,0.0,nan,0.0
shortcut_tree_100,hierarchical_with_lateral_edges,shortcut_tree_navigation,gaussian_sensory,temporal_full,none,0,lin_block_r1_l8,1,8,8,independent_blocks,2,0.6555555555555556,0.011111111111111072,nan,0.0,nan,0.0
shortcut_tree_100,hierarchical_with_lateral_edges,shortcut_tree_navigation,gaussian_sensory,temporal_full,none,0,lin_block_r3_l2,3,2,4,independent_blocks,2,0.6388888888888888,0.005555555555555591,nan,0.0,nan,0.0
shortcut_tree_100,hierarchical_with_lateral_edges,shortcut_tree_navigation,gaussian_sensory,temporal_full,none,0,lin_block_r3_l4,3,4,6,independent_blocks,2,0.6222222222222222,0.02222222222222225,nan,0.0,nan,0.0
shortcut_tree_100,hierarchical_with_lateral_edges,shortcut_tree_navigation,gaussian_sensory,temporal_full,none,0,lin_block_r3_l8,3,8,10,independent_blocks,2,0.6222222222222222,0.02222222222222225,nan,0.0,nan,0.0
shortcut_tree_100,hierarchical_with_lateral_edges,shortcut_tree_navigation,gaussian_sensory,temporal_full,none,0,lin_block_r5_l2,5,2,6,independent_blocks,2,0.6055555555555555,0.02777777777777779,nan,0.0,nan,0.0
shortcut_tree_100,hierarchical_with_lateral_edges,shortcut_tree_navigation,gaussian_sensory,temporal_full,none,0,lin_block_r5_l4,5,4,8,independent_blocks,2,0.5777777777777777,0.0222222222222222,nan,0.0,nan,0.0
shortcut_tree_100,hierarchical_with_lateral_edges,shortcut_tree_navigation,gaussian_sensory,temporal_full,none,0,lin_block_r5_l8,5,8,12,independent_blocks,2,0.5777777777777777,0.0222222222222222,nan,0.0,nan,0.0
shortcut_tree_100,hierarchical_with_lateral_edges,shortcut_tree_navigation,gaussian_sensory,temporal_full,none,0,lin_sequence_all_units_r3_l4,3,4,6,all_units,6,0.6481481481481481,0.010605793380204709,0.0,0.0,nan,0.0
shortcut_tree_100,hierarchical_with_lateral_edges,shortcut_tree_navigation,gaussian_sensory,temporal_full,none,0,lin_sequence_front_bands_r1_l2,1,2,2,front_bands,6,0.6351851851851852,0.007267191433462434,0.0,0.0,nan,0.0
shortcut_tree_100,hierarchical_with_lateral_edges,shortcut_tree_navigation,gaussian_sensory,temporal_full,none,0,lin_sequence_front_bands_r1_l4,1,4,4,front_bands,6,0.6462962962962963,0.009259259259259252,0.008333333333333333,0.008333333333333335,nan,0.0
shortcut_tree_100,hierarchical_with_lateral_edges,shortcut_tree_navigation,gaussian_sensory,temporal_full,none,0,lin_sequence_front_bands_r1_l8,1,8,8,front_bands,6,0.6666666666666666,0.002868876552746239,0.016666666666666666,0.01666666666666667,nan,0.0
shortcut_tree_100,hierarchical_with_lateral_edges,shortcut_tree_navigation,gaussian_sensory,temporal_full,none,0,lin_sequence_front_bands_r3_l2,3,2,4,front_bands,6,0.6425925925925925,0.006029192813370258,0.008333333333333333,0.008333333333333335,nan,0.0
shortcut_tree_100,hierarchical_with_lateral_edges,shortcut_tree_navigation,gaussian_sensory,temporal_full,none,0,lin_sequence_front_bands_r3_l4,3,4,6,front_bands,6,0.6537037037037037,0.008323038908979341,0.008333333333333333,0.008333333333333335,nan,0.0
shortcut_tree_100,hierarchical_with_lateral_edges,shortcut_tree_navigation,gaussian_sensory,temporal_full,none,0,lin_sequence_front_bands_r3_l8,3,8,10,front_bands,6,0.6666666666666666,0.004057204129667903,0.0,0.0,nan,0.0
shortcut_tree_100,hierarchical_with_lateral_edges,shortcut_tree_navigation,gaussian_sensory,temporal_full,none,0,lin_sequence_front_bands_r5_l2,5,2,6,front_bands,6,0.6425925925925926,0.007812971522121855,0.0,0.0,nan,0.0
shortcut_tree_100,hierarchical_with_lateral_edges,shortcut_tree_navigation,gaussian_sensory,temporal_full,none,0,lin_sequence_front_bands_r5_l4,5,4,8,front_bands,6,0.65,0.0037951669503554102,0.008333333333333333,0.008333333333333335,nan,0.0
shortcut_tree_100,hierarchical_with_lateral_edges,shortcut_tree_navigation,gaussian_sensory,temporal_full,none,0,lin_sequence_front_bands_r5_l8,5,8,12,front_bands,6,0.6574074074074073,0.006676946806414796,0.008333333333333333,0.008333333333333335,nan,0.0
shortcut_tree_100,hierarchical_with_lateral_edges,shortcut_tree_navigation,gaussian_sensory,temporal_full,none,0,memoryless_linear,,,,,2,0.6666666666666667,0.011111111111111125,0.0,0.0,nan,0.0
shortcut_tree_100,hierarchical_with_lateral_edges,shortcut_tree_navigation,gaussian_sensory,temporal_full,none,0,memoryless_mlp,,,,,2,0.6666666666666667,0.011111111111111125,0.0,0.0,nan,0.0
shortcut_tree_100,hierarchical_with_lateral_edges,shortcut_tree_navigation,gaussian_sensory,temporal_full,none,0,numpy_rnn,,,,,2,0.6666666666666667,0.011111111111111125,0.0,0.0,nan,0.0
shortcut_tree_100,hierarchical_with_lateral_edges,shortcut_tree_navigation,gaussian_sensory,temporal_full,none,0,reservoir_block_hybrid,,,,,6,0.6370370370370371,0.007407407407407403,0.0,0.0,nan,0.0
shortcut_tree_100,hierarchical_with_lateral_edges,shortcut_tree_navigation,gaussian_sensory,temporal_full,none,0,reservoir_diagonal,,,,,6,0.6351851851851852,0.007267191433462434,0.008333333333333333,0.008333333333333335,nan,0.0
shortcut_tree_100,hierarchical_with_lateral_edges,shortcut_tree_navigation,gaussian_sensory,temporal_full,none,0,reservoir_low_rank,,,,,6,0.638888888888889,0.013981174880131016,0.0,0.0,nan,0.0
shortcut_tree_100,hierarchical_with_lateral_edges,shortcut_tree_navigation,gaussian_sensory,temporal_full,none,0,reservoir_nilpotent,,,,,6,0.6351851851851852,0.008323038908979353,0.0,0.0,nan,0.0
shortcut_tree_100,hierarchical_with_lateral_edges,shortcut_tree_navigation,gaussian_sensory,temporal_full,none,0,reservoir_orthogonal,,,,,6,0.6444444444444445,0.008114408259335787,0.0,0.0,nan,0.0
shortcut_tree_100,hierarchical_with_lateral_edges,shortcut_tree_navigation,gaussian_sensory,temporal_full,none,0,reservoir_oscillatory,,,,,6,0.6259259259259259,0.0037037037037036913,0.0,0.0,nan,0.0
shortcut_tree_100,hierarchical_with_lateral_edges,shortcut_tree_navigation,gaussian_sensory,temporal_full,none,0,reservoir_random,,,,,6,0.6425925925925926,0.007812971522121839,0.0,0.0,nan,0.0
shortcut_tree_100,hierarchical_with_lateral_edges,shortcut_tree_navigation,gaussian_sensory,temporal_full,none,0,reservoir_sparse,,,,,6,0.6351851851851852,0.009693520243186954,0.0,0.0,nan,0.0
shortcut_tree_100,hierarchical_with_lateral_edges,shortcut_tree_navigation,gaussian_sensory,temporal_full,none,0,reservoir_symmetric,,,,,6,0.65,0.007453559924999295,0.0,0.0,nan,0.0
shortcut_tree_100,hierarchical_with_lateral_edges,shortcut_tree_navigation,gaussian_sensory,temporal_full,one_hot,0,lin_block_r1_l2,1,2,2,independent_blocks,2,0.6444444444444444,0.0222222222222222,nan,0.0,nan,0.0
shortcut_tree_100,hierarchical_with_lateral_edges,shortcut_tree_navigation,gaussian_sensory,temporal_full,one_hot,0,lin_block_r1_l4,1,4,4,independent_blocks,2,0.6055555555555556,0.016666666666666663,nan,0.0,nan,0.0
shortcut_tree_100,hierarchical_with_lateral_edges,shortcut_tree_navigation,gaussian_sensory,temporal_full,one_hot,0,lin_block_r1_l8,1,8,8,independent_blocks,2,0.6111111111111112,0.03333333333333338,nan,0.0,nan,0.0
shortcut_tree_100,hierarchical_with_lateral_edges,shortcut_tree_navigation,gaussian_sensory,temporal_full,one_hot,0,lin_block_r3_l2,3,2,4,independent_blocks,2,0.5888888888888888,0.011111111111111125,nan,0.0,nan,0.0
shortcut_tree_100,hierarchical_with_lateral_edges,shortcut_tree_navigation,gaussian_sensory,temporal_full,one_hot,0,lin_block_r3_l4,3,4,6,independent_blocks,2,0.55,0.005555555555555591,nan,0.0,nan,0.0
shortcut_tree_100,hierarchical_with_lateral_edges,shortcut_tree_navigation,gaussian_sensory,temporal_full,one_hot,0,lin_block_r3_l8,3,8,10,independent_blocks,2,0.5555555555555556,0.011111111111111125,nan,0.0,nan,0.0
shortcut_tree_100,hierarchical_with_lateral_edges,shortcut_tree_navigation,gaussian_sensory,temporal_full,one_hot,0,lin_block_r5_l2,5,2,6,independent_blocks,2,0.5555555555555556,0.011111111111111125,nan,0.0,nan,0.0
shortcut_tree_100,hierarchical_with_lateral_edges,shortcut_tree_navigation,gaussian_sensory,temporal_full,one_hot,0,lin_block_r5_l4,5,4,8,independent_blocks,2,0.5166666666666666,0.016666666666666663,nan,0.0,nan,0.0
shortcut_tree_100,hierarchical_with_lateral_edges,shortcut_tree_navigation,gaussian_sensory,temporal_full,one_hot,0,lin_block_r5_l8,5,8,12,independent_blocks,2,0.5166666666666666,0.016666666666666663,nan,0.0,nan,0.0
shortcut_tree_100,hierarchical_with_lateral_edges,shortcut_tree_navigation,gaussian_sensory,temporal_full,one_hot,0,lin_sequence_all_units_r3_l4,3,4,6,all_units,6,0.6351851851851852,0.011264375056107811,0.0,0.0,nan,0.0
shortcut_tree_100,hierarchical_with_lateral_edges,shortcut_tree_navigation,gaussian_sensory,temporal_full,one_hot,0,lin_sequence_front_bands_r1_l2,1,2,2,front_bands,6,0.6185185185185186,0.016891487779246494,0.0,0.0,nan,0.0
shortcut_tree_100,hierarchical_with_lateral_edges,shortcut_tree_navigation,gaussian_sensory,temporal_full,one_hot,0,lin_sequence_front_bands_r1_l4,1,4,4,front_bands,6,0.6444444444444445,0.014344382763731183,0.008333333333333333,0.008333333333333335,nan,0.0
shortcut_tree_100,hierarchical_with_lateral_edges,shortcut_tree_navigation,gaussian_sensory,temporal_full,one_hot,0,lin_sequence_front_bands_r1_l8,1,8,8,front_bands,6,0.6666666666666666,0.0075903339007108205,0.008333333333333333,0.008333333333333335,nan,0.0
shortcut_tree_100,hierarchical_with_lateral_edges,shortcut_tree_navigation,gaussian_sensory,temporal_full,one_hot,0,lin_sequence_front_bands_r3_l2,3,2,4,front_bands,6,0.6222222222222222,0.01622881651867159,0.0,0.0,nan,0.0
shortcut_tree_100,hierarchical_with_lateral_edges,shortcut_tree_navigation,gaussian_sensory,temporal_full,one_hot,0,lin_sequence_front_bands_r3_l4,3,4,6,front_bands,6,0.6518518518518518,0.013956624949197603,0.016666666666666666,0.010540925533894598,nan,0.0
shortcut_tree_100,hierarchical_with_lateral_edges,shortcut_tree_navigation,gaussian_sensory,temporal_full,one_hot,0,lin_sequence_front_bands_r3_l8,3,8,10,front_bands,6,0.6611111111111111,0.005555555555555558,0.008333333333333333,0.008333333333333335,nan,0.0
shortcut_tree_100,hierarchical_with_lateral_edges,shortcut_tree_navigation,gaussian_sensory,temporal_full,one_hot,0,lin_sequence_front_bands_r5_l2,5,2,6,front_bands,6,0.6425925925925926,0.011623966538129794,0.0,0.0,nan,0.0
shortcut_tree_100,hierarchical_with_lateral_edges,shortcut_tree_navigation,gaussian_sensory,temporal_full,one_hot,0,lin_sequence_front_bands_r5_l4,5,4,8,front_bands,6,0.638888888888889,0.011018129467143355,0.03333333333333333,0.01666666666666667,nan,0.0
shortcut_tree_100,hierarchical_with_lateral_edges,shortcut_tree_navigation,gaussian_sensory,temporal_full,one_hot,0,lin_sequence_front_bands_r5_l8,5,8,12,front_bands,6,0.6555555555555556,0.00759033390071082,0.0,0.0,nan,0.0
shortcut_tree_100,hierarchical_with_lateral_edges,shortcut_tree_navigation,gaussian_sensory,temporal_full,one_hot,0,memoryless_linear,,,,,2,0.6555555555555556,0.02222222222222225,0.0,0.0,nan,0.0
shortcut_tree_100,hierarchical_with_lateral_edges,shortcut_tree_navigation,gaussian_sensory,temporal_full,one_hot,0,memoryless_mlp,,,,,2,0.6555555555555556,0.02222222222222225,0.0,0.0,nan,0.0
shortcut_tree_100,hierarchical_with_lateral_edges,shortcut_tree_navigation,gaussian_sensory,temporal_full,one_hot,0,numpy_rnn,,,,,2,0.6444444444444444,0.044444444444444446,0.0,0.0,nan,0.0
shortcut_tree_100,hierarchical_with_lateral_edges,shortcut_tree_navigation,gaussian_sensory,temporal_full,one_hot,0,reservoir_block_hybrid,,,,,6,0.6481481481481481,0.006829292190587332,0.0,0.0,nan,0.0
shortcut_tree_100,hierarchical_with_lateral_edges,shortcut_tree_navigation,gaussian_sensory,temporal_full,one_hot,0,reservoir_diagonal,,,,,6,0.6388888888888888,0.009406240814222444,0.0,0.0,nan,0.0
shortcut_tree_100,hierarchical_with_lateral_edges,shortcut_tree_navigation,gaussian_sensory,temporal_full,one_hot,0,reservoir_low_rank,,,,,6,0.637037037037037,0.012722640027642725,0.0,0.0,nan,0.0
shortcut_tree_100,hierarchical_with_lateral_edges,shortcut_tree_navigation,gaussian_sensory,temporal_full,one_hot,0,reservoir_nilpotent,,,,,6,0.6407407407407407,0.009369711585684077,0.0,0.0,nan,0.0
shortcut_tree_100,hierarchical_with_lateral_edges,shortcut_tree_navigation,gaussian_sensory,temporal_full,one_hot,0,reservoir_orthogonal,,,,,6,0.6370370370370371,0.010605793380204691,0.0,0.0,nan,0.0
shortcut_tree_100,hierarchical_with_lateral_edges,shortcut_tree_navigation,gaussian_sensory,temporal_full,one_hot,0,reservoir_oscillatory,,,,,6,0.6351851851851852,0.012311681584144194,0.0,0.0,nan,0.0
shortcut_tree_100,hierarchical_with_lateral_edges,shortcut_tree_navigation,gaussian_sensory,temporal_full,one_hot,0,reservoir_random,,,,,6,0.6425925925925926,0.009259259259259262,0.0,0.0,nan,0.0
shortcut_tree_100,hierarchical_with_lateral_edges,shortcut_tree_navigation,gaussian_sensory,temporal_full,one_hot,0,reservoir_sparse,,,,,6,0.6425925925925926,0.009693520243186966,0.0,0.0,nan,0.0
shortcut_tree_100,hierarchical_with_lateral_edges,shortcut_tree_navigation,gaussian_sensory,temporal_full,one_hot,0,reservoir_symmetric,,,,,6,0.6333333333333334,0.012830005981991691,0.0,0.0,nan,0.0
torus_lattice,locally_metric_periodic,metric_landmark,gaussian_sensory,temporal_cue_then_blank,embedding,8,lin_block_r1_l2,1,2,2,independent_blocks,2,0.22727272727272727,0.045454545454545435,nan,0.0,nan,0.0
torus_lattice,locally_metric_periodic,metric_landmark,gaussian_sensory,temporal_cue_then_blank,embedding,8,lin_block_r1_l4,1,4,4,independent_blocks,2,0.20454545454545453,0.022727272727272717,nan,0.0,nan,0.0
torus_lattice,locally_metric_periodic,metric_landmark,gaussian_sensory,temporal_cue_then_blank,embedding,8,lin_block_r1_l8,1,8,8,independent_blocks,2,0.22727272727272727,0.0,nan,0.0,nan,0.0
torus_lattice,locally_metric_periodic,metric_landmark,gaussian_sensory,temporal_cue_then_blank,embedding,8,lin_block_r3_l2,3,2,4,independent_blocks,2,0.25,0.06818181818181818,nan,0.0,nan,0.0
torus_lattice,locally_metric_periodic,metric_landmark,gaussian_sensory,temporal_cue_then_blank,embedding,8,lin_block_r3_l4,3,4,6,independent_blocks,2,0.20454545454545453,0.022727272727272717,nan,0.0,nan,0.0
torus_lattice,locally_metric_periodic,metric_landmark,gaussian_sensory,temporal_cue_then_blank,embedding,8,lin_block_r3_l8,3,8,10,independent_blocks,2,0.20454545454545453,0.022727272727272717,nan,0.0,nan,0.0
torus_lattice,locally_metric_periodic,metric_landmark,gaussian_sensory,temporal_cue_then_blank,embedding,8,lin_block_r5_l2,5,2,6,independent_blocks,2,0.20454545454545453,0.022727272727272717,nan,0.0,nan,0.0
torus_lattice,locally_metric_periodic,metric_landmark,gaussian_sensory,temporal_cue_then_blank,embedding,8,lin_block_r5_l4,5,4,8,independent_blocks,2,0.18181818181818182,0.0,nan,0.0,nan,0.0
torus_lattice,locally_metric_periodic,metric_landmark,gaussian_sensory,temporal_cue_then_blank,embedding,8,lin_block_r5_l8,5,8,12,independent_blocks,2,0.18181818181818182,0.045454545454545456,nan,0.0,nan,0.0
torus_lattice,locally_metric_periodic,metric_landmark,gaussian_sensory,temporal_cue_then_blank,embedding,8,lin_sequence_all_units_r3_l4,3,4,6,all_units,6,0.25,0.053461450801143486,0.325,0.03818813079129867,nan,0.0
torus_lattice,locally_metric_periodic,metric_landmark,gaussian_sensory,temporal_cue_then_blank,embedding,8,lin_sequence_front_bands_r1_l2,1,2,2,front_bands,6,0.32575757575757575,0.027314782389878712,0.28333333333333327,0.047726070210921186,nan,0.0
torus_lattice,locally_metric_periodic,metric_landmark,gaussian_sensory,temporal_cue_then_blank,embedding,8,lin_sequence_front_bands_r1_l4,1,4,4,front_bands,6,0.27272727272727276,0.026243194054073903,0.3416666666666666,0.05833333333333335,nan,0.0
torus_lattice,locally_metric_periodic,metric_landmark,gaussian_sensory,temporal_cue_then_blank,embedding,8,lin_sequence_front_bands_r1_l8,1,8,8,front_bands,6,0.3181818181818182,0.03319530651546462,0.3333333333333333,0.04216370213557839,nan,0.0
torus_lattice,locally_metric_periodic,metric_landmark,gaussian_sensory,temporal_cue_then_blank,embedding,8,lin_sequence_front_bands_r3_l2,3,2,4,front_bands,6,0.3409090909090909,0.032672513110375494,0.30833333333333335,0.049018137232842485,nan,0.0
torus_lattice,locally_metric_periodic,metric_landmark,gaussian_sensory,temporal_cue_then_blank,embedding,8,lin_sequence_front_bands_r3_l4,3,4,6,front_bands,6,0.2651515151515152,0.03965531008576485,0.31666666666666665,0.04409585518440985,nan,0.0
torus_lattice,locally_metric_periodic,metric_landmark,gaussian_sensory,temporal_cue_then_blank,embedding,8,lin_sequence_front_bands_r3_l8,3,8,10,front_bands,6,0.30303030303030304,0.036489680541794835,0.3,0.0483045891539648,nan,0.0
torus_lattice,locally_metric_periodic,metric_landmark,gaussian_sensory,temporal_cue_then_blank,embedding,8,lin_sequence_front_bands_r5_l2,5,2,6,front_bands,6,0.25,0.022727272727272728,0.35000000000000003,0.03415650255319867,nan,0.0
torus_lattice,locally_metric_periodic,metric_landmark,gaussian_sensory,temporal_cue_then_blank,embedding,8,lin_sequence_front_bands_r5_l4,5,4,8,front_bands,6,0.26515151515151514,0.051715297472351554,0.3666666666666667,0.08027729719194865,nan,0.0
torus_lattice,locally_metric_periodic,metric_landmark,gaussian_sensory,temporal_cue_then_blank,embedding,8,lin_sequence_front_bands_r5_l8,5,8,12,front_bands,6,0.29545454545454547,0.032672513110375494,0.2833333333333334,0.05426273532033236,nan,0.0
torus_lattice,locally_metric_periodic,metric_landmark,gaussian_sensory,temporal_cue_then_blank,embedding,8,memoryless_linear,,,,,2,0.34090909090909094,0.02272727272727273,0.225,0.024999999999999994,nan,0.0
torus_lattice,locally_metric_periodic,metric_landmark,gaussian_sensory,temporal_cue_then_blank,embedding,8,memoryless_mlp,,,,,2,0.34090909090909094,0.02272727272727273,0.225,0.024999999999999994,nan,0.0
torus_lattice,locally_metric_periodic,metric_landmark,gaussian_sensory,temporal_cue_then_blank,embedding,8,numpy_rnn,,,,,2,0.40909090909090906,0.045454545454545435,0.225,0.024999999999999994,nan,0.0
torus_lattice,locally_metric_periodic,metric_landmark,gaussian_sensory,temporal_cue_then_blank,embedding,8,reservoir_block_hybrid,,,,,6,0.32575757575757575,0.03601474037577187,0.3666666666666667,0.03333333333333334,nan,0.0
torus_lattice,locally_metric_periodic,metric_landmark,gaussian_sensory,temporal_cue_then_blank,embedding,8,reservoir_diagonal,,,,,6,0.4696969696969697,0.027938013506948148,0.4083333333333334,0.015365907428821485,nan,0.0
torus_lattice,locally_metric_periodic,metric_landmark,gaussian_sensory,temporal_cue_then_blank,embedding,8,reservoir_low_rank,,,,,6,0.37878787878787884,0.027938013506948155,0.30833333333333335,0.023863035105460593,nan,0.0
torus_lattice,locally_metric_periodic,metric_landmark,gaussian_sensory,temporal_cue_then_blank,embedding,8,reservoir_nilpotent,,,,,6,0.25,0.060700683709121614,0.3333333333333333,0.055777335102271716,nan,0.0
torus_lattice,locally_metric_periodic,metric_landmark,gaussian_sensory,temporal_cue_then_blank,embedding,8,reservoir_orthogonal,,,,,6,0.2727272727272727,0.031051365957453326,0.2916666666666667,0.023863035105460586,nan,0.0
torus_lattice,locally_metric_periodic,metric_landmark,gaussian_sensory,temporal_cue_then_blank,embedding,8,reservoir_oscillatory,,,,,6,0.2803030303030303,0.02731478238987871,0.325,0.02813657169355689,nan,0.0
torus_lattice,locally_metric_periodic,metric_landmark,gaussian_sensory,temporal_cue_then_blank,embedding,8,reservoir_random,,,,,6,0.2878787878787879,0.055876027013896296,0.3166666666666667,0.055777335102271716,nan,0.0
torus_lattice,locally_metric_periodic,metric_landmark,gaussian_sensory,temporal_cue_then_blank,embedding,8,reservoir_sparse,,,,,6,0.2878787878787879,0.03648968054179484,0.35000000000000003,0.05627314338711378,nan,0.0
torus_lattice,locally_metric_periodic,metric_landmark,gaussian_sensory,temporal_cue_then_blank,embedding,8,reservoir_symmetric,,,,,6,0.356060606060606,0.03601474037577187,0.29166666666666663,0.05068968775248517,nan,0.0
torus_lattice,locally_metric_periodic,metric_landmark,gaussian_sensory,temporal_cue_then_blank,none,0,lin_block_r1_l2,1,2,2,independent_blocks,2,0.25,0.022727272727272717,nan,0.0,nan,0.0
torus_lattice,locally_metric_periodic,metric_landmark,gaussian_sensory,temporal_cue_then_blank,none,0,lin_block_r1_l4,1,4,4,independent_blocks,2,0.1590909090909091,0.15909090909090906,nan,0.0,nan,0.0
torus_lattice,locally_metric_periodic,metric_landmark,gaussian_sensory,temporal_cue_then_blank,none,0,lin_block_r1_l8,1,8,8,independent_blocks,2,0.13636363636363635,0.09090909090909091,nan,0.0,nan,0.0
torus_lattice,locally_metric_periodic,metric_landmark,gaussian_sensory,temporal_cue_then_blank,none,0,lin_block_r3_l2,3,2,4,independent_blocks,2,0.2272727272727273,0.13636363636363635,nan,0.0,nan,0.0
torus_lattice,locally_metric_periodic,metric_landmark,gaussian_sensory,temporal_cue_then_blank,none,0,lin_block_r3_l4,3,4,6,independent_blocks,2,0.20454545454545453,0.06818181818181818,nan,0.0,nan,0.0
torus_lattice,locally_metric_periodic,metric_landmark,gaussian_sensory,temporal_cue_then_blank,none,0,lin_block_r3_l8,3,8,10,independent_blocks,2,0.20454545454545453,0.06818181818181818,nan,0.0,nan,0.0
torus_lattice,locally_metric_periodic,metric_landmark,gaussian_sensory,temporal_cue_then_blank,none,0,lin_block_r5_l2,5,2,6,independent_blocks,2,0.20454545454545453,0.06818181818181818,nan,0.0,nan,0.0
torus_lattice,locally_metric_periodic,metric_landmark,gaussian_sensory,temporal_cue_then_blank,none,0,lin_block_r5_l4,5,4,8,independent_blocks,2,0.20454545454545453,0.06818181818181818,nan,0.0,nan,0.0
torus_lattice,locally_metric_periodic,metric_landmark,gaussian_sensory,temporal_cue_then_blank,none,0,lin_block_r5_l8,5,8,12,independent_blocks,2,0.20454545454545453,0.06818181818181818,nan,0.0,nan,0.0
torus_lattice,locally_metric_periodic,metric_landmark,gaussian_sensory,temporal_cue_then_blank,none,0,lin_sequence_all_units_r3_l4,3,4,6,all_units,6,0.20454545454545459,0.019462473604038074,0.40833333333333327,0.05688682721958672,nan,0.0
torus_lattice,locally_metric_periodic,metric_landmark,gaussian_sensory,temporal_cue_then_blank,none,0,lin_sequence_front_bands_r1_l2,1,2,2,front_bands,6,0.2727272727272727,0.016597653257732308,0.2916666666666667,0.02386303510546059,nan,0.0
torus_lattice,locally_metric_periodic,metric_landmark,gaussian_sensory,temporal_cue_then_blank,none,0,lin_sequence_front_bands_r1_l4,1,4,4,front_bands,6,0.18939393939393936,0.03601474037577186,0.3,0.06055300708194985,nan,0.0
torus_lattice,locally_metric_periodic,metric_landmark,gaussian_sensory,temporal_cue_then_blank,none,0,lin_sequence_front_bands_r1_l8,1,8,8,front_bands,6,0.21969696969696964,0.04298866957306397,0.3083333333333334,0.058333333333333334,nan,0.0
torus_lattice,locally_metric_periodic,metric_landmark,gaussian_sensory,temporal_cue_then_blank,none,0,lin_sequence_front_bands_r3_l2,3,2,4,front_bands,6,0.19696969696969693,0.03648968054179484,0.375,0.035939764421413056,nan,0.0
torus_lattice,locally_metric_periodic,metric_landmark,gaussian_sensory,temporal_cue_then_blank,none,0,lin_sequence_front_bands_r3_l4,3,4,6,front_bands,6,0.2045454545454545,0.05215731660017729,0.375,0.0655108133567785,nan,0.0
torus_lattice,locally_metric_periodic,metric_landmark,gaussian_sensory,temporal_cue_then_blank,none,0,lin_sequence_front_bands_r3_l8,3,8,10,front_bands,6,0.18939393939393936,0.03404879553673369,0.3,0.03651483716701108,nan,0.0
torus_lattice,locally_metric_periodic,metric_landmark,gaussian_sensory,temporal_cue_then_blank,none,0,lin_sequence_front_bands_r5_l2,5,2,6,front_bands,6,0.18939393939393936,0.03601474037577186,0.325,0.07274384280931732,nan,0.0
torus_lattice,locally_metric_periodic,metric_landmark,gaussian_sensory,temporal_cue_then_blank,none,0,lin_sequence_front_bands_r5_l4,5,4,8,front_bands,6,0.16666666666666666,0.03833063830507127,0.45,0.05322906474223773,nan,0.0
torus_lattice,locally_metric_periodic,metric_landmark,gaussian_sensory,temporal_cue_then_blank,none,0,lin_sequence_front_bands_r5_l8,5,8,12,front_bands,6,0.2045454545454545,0.03471648253754425,0.3166666666666667,0.06790516262487788,nan,0.0
torus_lattice,locally_metric_periodic,metric_landmark,gaussian_sensory,temporal_cue_then_blank,none,0,memoryless_linear,,,,,2,0.3181818181818182,0.04545454545454546,0.175,0.025,nan,0.0
torus_lattice,locally_metric_periodic,metric_landmark,gaussian_sensory,temporal_cue_then_blank,none,0,memoryless_mlp,,,,,2,0.3181818181818182,0.04545454545454546,0.175,0.025,nan,0.0
torus_lattice,locally_metric_periodic,metric_landmark,gaussian_sensory,temporal_cue_then_blank,none,0,numpy_rnn,,,,,2,0.4090909090909091,0.0,0.225,0.024999999999999994,nan,0.0
torus_lattice,locally_metric_periodic,metric_landmark,gaussian_sensory,temporal_cue_then_blank,none,0,reservoir_block_hybrid,,,,,6,0.17424242424242423,0.046081534320441056,0.38333333333333336,0.030731814857642967,nan,0.0
torus_lattice,locally_metric_periodic,metric_landmark,gaussian_sensory,temporal_cue_then_blank,none,0,reservoir_diagonal,,,,,6,0.37121212121212127,0.06145242360810075,0.4166666666666667,0.035746017649212036,nan,0.0
torus_lattice,locally_metric_periodic,metric_landmark,gaussian_sensory,temporal_cue_then_blank,none,0,reservoir_low_rank,,,,,6,0.18939393939393936,0.0319621562268621,0.32499999999999996,0.04609772228646444,nan,0.0
torus_lattice,locally_metric_periodic,metric_landmark,gaussian_sensory,temporal_cue_then_blank,none,0,reservoir_nilpotent,,,,,6,0.2348484848484849,0.03601474037577187,0.39166666666666666,0.07462871059079372,nan,0.0
torus_lattice,locally_metric_periodic,metric_landmark,gaussian_sensory,temporal_cue_then_blank,none,0,reservoir_orthogonal,,,,,6,0.21212121212121207,0.06173196602261625,0.3333333333333333,0.04772607021092118,nan,0.0
torus_lattice,locally_metric_periodic,metric_landmark,gaussian_sensory,temporal_cue_then_blank,none,0,reservoir_oscillatory,,,,,6,0.1818181818181818,0.04231587892051194,0.36666666666666664,0.06912147117775906,nan,0.0
torus_lattice,locally_metric_periodic,metric_landmark,gaussian_sensory,temporal_cue_then_blank,none,0,reservoir_random,,,,,6,0.2045454545454545,0.05081972676135886,0.3333333333333333,0.04772607021092118,nan,0.0
torus_lattice,locally_metric_periodic,metric_landmark,gaussian_sensory,temporal_cue_then_blank,none,0,reservoir_sparse,,,,,6,0.16666666666666666,0.04338733655538289,0.36666666666666664,0.04944132324730442,nan,0.0
torus_lattice,locally_metric_periodic,metric_landmark,gaussian_sensory,temporal_cue_then_blank,none,0,reservoir_symmetric,,,,,6,0.2045454545454545,0.04803293177014352,0.3833333333333333,0.03333333333333334,nan,0.0
torus_lattice,locally_metric_periodic,metric_landmark,gaussian_sensory,temporal_cue_then_blank,one_hot,0,lin_block_r1_l2,1,2,2,independent_blocks,2,0.22727272727272727,0.045454545454545435,nan,0.0,nan,0.0
torus_lattice,locally_metric_periodic,metric_landmark,gaussian_sensory,temporal_cue_then_blank,one_hot,0,lin_block_r1_l4,1,4,4,independent_blocks,2,0.20454545454545453,0.022727272727272717,nan,0.0,nan,0.0
torus_lattice,locally_metric_periodic,metric_landmark,gaussian_sensory,temporal_cue_then_blank,one_hot,0,lin_block_r1_l8,1,8,8,independent_blocks,2,0.22727272727272727,0.0,nan,0.0,nan,0.0
torus_lattice,locally_metric_periodic,metric_landmark,gaussian_sensory,temporal_cue_then_blank,one_hot,0,lin_block_r3_l2,3,2,4,independent_blocks,2,0.25,0.022727272727272717,nan,0.0,nan,0.0
torus_lattice,locally_metric_periodic,metric_landmark,gaussian_sensory,temporal_cue_then_blank,one_hot,0,lin_block_r3_l4,3,4,6,independent_blocks,2,0.25,0.022727272727272717,nan,0.0,nan,0.0
torus_lattice,locally_metric_periodic,metric_landmark,gaussian_sensory,temporal_cue_then_blank,one_hot,0,lin_block_r3_l8,3,8,10,independent_blocks,2,0.2727272727272727,0.0,nan,0.0,nan,0.0
torus_lattice,locally_metric_periodic,metric_landmark,gaussian_sensory,temporal_cue_then_blank,one_hot,0,lin_block_r5_l2,5,2,6,independent_blocks,2,0.25,0.022727272727272717,nan,0.0,nan,0.0
torus_lattice,locally_metric_periodic,metric_landmark,gaussian_sensory,temporal_cue_then_blank,one_hot,0,lin_block_r5_l4,5,4,8,independent_blocks,2,0.25,0.022727272727272717,nan,0.0,nan,0.0
torus_lattice,locally_metric_periodic,metric_landmark,gaussian_sensory,temporal_cue_then_blank,one_hot,0,lin_block_r5_l8,5,8,12,independent_blocks,2,0.25,0.022727272727272717,nan,0.0,nan,0.0
torus_lattice,locally_metric_periodic,metric_landmark,gaussian_sensory,temporal_cue_then_blank,one_hot,0,lin_sequence_all_units_r3_l4,3,4,6,all_units,6,0.24242424242424243,0.03455077045754964,0.3583333333333334,0.06247221604663771,nan,0.0
torus_lattice,locally_metric_periodic,metric_landmark,gaussian_sensory,temporal_cue_then_blank,one_hot,0,lin_sequence_front_bands_r1_l2,1,2,2,front_bands,6,0.29545454545454547,0.02557870153959718,0.34166666666666673,0.03004626062886659,nan,0.0
torus_lattice,locally_metric_periodic,metric_landmark,gaussian_sensory,temporal_cue_then_blank,one_hot,0,lin_sequence_front_bands_r1_l4,1,4,4,front_bands,6,0.2727272727272727,0.016597653257732308,0.36666666666666664,0.07149203529842406,nan,0.0
torus_lattice,locally_metric_periodic,metric_landmark,gaussian_sensory,temporal_cue_then_blank,one_hot,0,lin_sequence_front_bands_r1_l8,1,8,8,front_bands,6,0.21969696969696964,0.03787878787878788,0.2416666666666667,0.049018137232842485,nan,0.0
torus_lattice,locally_metric_periodic,metric_landmark,gaussian_sensory,temporal_cue_then_blank,one_hot,0,lin_sequence_front_bands_r3_l2,3,2,4,front_bands,6,0.25,0.02557870153959717,0.425,0.098952850725316,nan,0.0
torus_lattice,locally_metric_periodic,metric_landmark,gaussian_sensory,temporal_cue_then_blank,one_hot,0,lin_sequence_front_bands_r3_l4,3,4,6,front_bands,6,0.23484848484848483,0.01824484027089741,0.3333333333333333,0.06411794687223782,nan,0.0
torus_lattice,locally_metric_periodic,metric_landmark,gaussian_sensory,temporal_cue_then_blank,one_hot,0,lin_sequence_front_bands_r3_l8,3,8,10,front_bands,6,0.3333333333333333,0.025353334137396242,0.27499999999999997,0.0655108133567785,nan,0.0
torus_lattice,locally_metric_periodic,metric_landmark,gaussian_sensory,temporal_cue_then_blank,one_hot,0,lin_sequence_front_bands_r5_l2,5,2,6,front_bands,6,0.25,0.028142690334858653,0.35000000000000003,0.04082482904638631,nan,0.0
torus_lattice,locally_metric_periodic,metric_landmark,gaussian_sensory,temporal_cue_then_blank,one_hot,0,lin_sequence_front_bands_r5_l4,5,4,8,front_bands,6,0.2727272727272727,0.026243194054073903,0.36666666666666664,0.06009252125773315,nan,0.0
torus_lattice,locally_metric_periodic,metric_landmark,gaussian_sensory,temporal_cue_then_blank,one_hot,0,lin_sequence_front_bands_r5_l8,5,8,12,front_bands,6,0.303030303030303,0.038330638305071274,0.3333333333333333,0.052704627669473,nan,0.0
torus_lattice,locally_metric_periodic,metric_landmark,gaussian_sensory,temporal_cue_then_blank,one_hot,0,memoryless_linear,,,,,2,0.3181818181818182,0.04545454545454546,0.225,0.024999999999999994,nan,0.0
torus_lattice,locally_metric_periodic,metric_landmark,gaussian_sensory,temporal_cue_then_blank,one_hot,0,memoryless_mlp,,,,,2,0.3181818181818182,0.04545454545454546,0.225,0.024999999999999994,nan,0.0
torus_lattice,locally_metric_periodic,metric_landmark,gaussian_sensory,temporal_cue_then_blank,one_hot,0,numpy_rnn,,,,,2,0.36363636363636365,0.04545454545454546,0.225,0.024999999999999994,nan,0.0
torus_lattice,locally_metric_periodic,metric_landmark,gaussian_sensory,temporal_cue_then_blank,one_hot,0,reservoir_block_hybrid,,,,,6,0.24242424242424243,0.027938013506948148,0.2833333333333334,0.06540472290116195,nan,0.0
torus_lattice,locally_metric_periodic,metric_landmark,gaussian_sensory,temporal_cue_then_blank,one_hot,0,reservoir_diagonal,,,,,6,0.5378787878787878,0.02731478238987871,0.35833333333333334,0.035158371849548314,nan,0.0
torus_lattice,locally_metric_periodic,metric_landmark,gaussian_sensory,temporal_cue_then_blank,one_hot,0,reservoir_low_rank,,,,,6,0.4090909090909091,0.04839005885657974,0.35000000000000003,0.05163977794943224,nan,0.0
torus_lattice,locally_metric_periodic,metric_landmark,gaussian_sensory,temporal_cue_then_blank,one_hot,0,reservoir_nilpotent,,,,,6,0.26515151515151514,0.04456194293894771,0.39999999999999997,0.03651483716701108,nan,0.0
torus_lattice,locally_metric_periodic,metric_landmark,gaussian_sensory,temporal_cue_then_blank,one_hot,0,reservoir_orthogonal,,,,,6,0.28030303030303033,0.05679292367876156,0.325,0.04232808366400099,nan,0.0
torus_lattice,locally_metric_periodic,metric_landmark,gaussian_sensory,temporal_cue_then_blank,one_hot,0,reservoir_oscillatory,,,,,6,0.32575757575757575,0.02731478238987871,0.26666666666666666,0.03333333333333333,nan,0.0
torus_lattice,locally_metric_periodic,metric_landmark,gaussian_sensory,temporal_cue_then_blank,one_hot,0,reservoir_random,,,,,6,0.30303030303030304,0.019165319152535637,0.25000000000000006,0.03651483716701108,nan,0.0
torus_lattice,locally_metric_periodic,metric_landmark,gaussian_sensory,temporal_cue_then_blank,one_hot,0,reservoir_sparse,,,,,6,0.340909090909091,0.032672513110375494,0.26666666666666666,0.05426273532033236,nan,0.0
torus_lattice,locally_metric_periodic,metric_landmark,gaussian_sensory,temporal_cue_then_blank,one_hot,0,reservoir_symmetric,,,,,6,0.393939393939394,0.02535333413739623,0.4416666666666667,0.10199400853862829,nan,0.0
torus_lattice,locally_metric_periodic,metric_landmark,gaussian_sensory,temporal_dropout,embedding,8,lin_block_r1_l2,1,2,2,independent_blocks,2,0.18181818181818182,0.0,nan,0.0,nan,0.0
torus_lattice,locally_metric_periodic,metric_landmark,gaussian_sensory,temporal_dropout,embedding,8,lin_block_r1_l4,1,4,4,independent_blocks,2,0.2954545454545454,0.15909090909090906,nan,0.0,nan,0.0
torus_lattice,locally_metric_periodic,metric_landmark,gaussian_sensory,temporal_dropout,embedding,8,lin_block_r1_l8,1,8,8,independent_blocks,2,0.20454545454545456,0.1590909090909091,nan,0.0,nan,0.0
torus_lattice,locally_metric_periodic,metric_landmark,gaussian_sensory,temporal_dropout,embedding,8,lin_block_r3_l2,3,2,4,independent_blocks,2,0.2727272727272727,0.0,nan,0.0,nan,0.0
torus_lattice,locally_metric_periodic,metric_landmark,gaussian_sensory,temporal_dropout,embedding,8,lin_block_r3_l4,3,4,6,independent_blocks,2,0.2727272727272727,0.045454545454545456,nan,0.0,nan,0.0
torus_lattice,locally_metric_periodic,metric_landmark,gaussian_sensory,temporal_dropout,embedding,8,lin_block_r3_l8,3,8,10,independent_blocks,2,0.2954545454545454,0.02272727272727273,nan,0.0,nan,0.0
torus_lattice,locally_metric_periodic,metric_landmark,gaussian_sensory,temporal_dropout,embedding,8,lin_block_r5_l2,5,2,6,independent_blocks,2,0.2954545454545454,0.02272727272727273,nan,0.0,nan,0.0
torus_lattice,locally_metric_periodic,metric_landmark,gaussian_sensory,temporal_dropout,embedding,8,lin_block_r5_l4,5,4,8,independent_blocks,2,0.34090909090909094,0.02272727272727273,nan,0.0,nan,0.0
torus_lattice,locally_metric_periodic,metric_landmark,gaussian_sensory,temporal_dropout,embedding,8,lin_block_r5_l8,5,8,12,independent_blocks,2,0.40909090909090906,0.045454545454545435,nan,0.0,nan,0.0
torus_lattice,locally_metric_periodic,metric_landmark,gaussian_sensory,temporal_dropout,embedding,8,lin_sequence_all_units_r3_l4,3,4,6,all_units,6,0.3181818181818182,0.028747978728803452,0.325,0.05880759588125785,nan,0.0
torus_lattice,locally_metric_periodic,metric_landmark,gaussian_sensory,temporal_dropout,embedding,8,lin_sequence_front_bands_r1_l2,1,2,2,front_bands,6,0.2878787878787879,0.02535333413739624,0.27499999999999997,0.06291528696058958,nan,0.0
torus_lattice,locally_metric_periodic,metric_landmark,gaussian_sensory,temporal_dropout,embedding,8,lin_sequence_front_bands_r1_l4,1,4,4,front_bands,6,0.30303030303030304,0.04176984470330371,0.31666666666666665,0.08530989261379819,nan,0.0
torus_lattice,locally_metric_periodic,metric_landmark,gaussian_sensory,temporal_dropout,embedding,8,lin_sequence_front_bands_r1_l8,1,8,8,front_bands,6,0.3333333333333333,0.030303030303030314,0.41666666666666674,0.024720661623652218,nan,0.0
torus_lattice,locally_metric_periodic,metric_landmark,gaussian_sensory,temporal_dropout,embedding,8,lin_sequence_front_bands_r3_l2,3,2,4,front_bands,6,0.3181818181818181,0.038924947208076155,0.3333333333333334,0.03073181485764296,nan,0.0
torus_lattice,locally_metric_periodic,metric_landmark,gaussian_sensory,temporal_dropout,embedding,8,lin_sequence_front_bands_r3_l4,3,4,6,front_bands,6,0.34848484848484856,0.01916531915253564,0.35833333333333334,0.05068968775248517,nan,0.0
torus_lattice,locally_metric_periodic,metric_landmark,gaussian_sensory,temporal_dropout,embedding,8,lin_sequence_front_bands_r3_l8,3,8,10,front_bands,6,0.30303030303030304,0.027938013506948148,0.4083333333333334,0.04549114687985394,nan,0.0
torus_lattice,locally_metric_periodic,metric_landmark,gaussian_sensory,temporal_dropout,embedding,8,lin_sequence_front_bands_r5_l2,5,2,6,front_bands,6,0.28030303030303033,0.03404879553673369,0.26666666666666666,0.03800584750330461,nan,0.0
torus_lattice,locally_metric_periodic,metric_landmark,gaussian_sensory,temporal_dropout,embedding,8,lin_sequence_front_bands_r5_l4,5,4,8,front_bands,6,0.2878787878787879,0.04008714107673623,0.3333333333333333,0.044095855184409845,nan,0.0
torus_lattice,locally_metric_periodic,metric_landmark,gaussian_sensory,temporal_dropout,embedding,8,lin_sequence_front_bands_r5_l8,5,8,12,front_bands,6,0.3106060606060606,0.03601474037577187,0.3333333333333333,0.027888667551135858,nan,0.0
torus_lattice,locally_metric_periodic,metric_landmark,gaussian_sensory,temporal_dropout,embedding,8,memoryless_linear,,,,,2,0.36363636363636365,0.04545454545454546,0.25,0.09999999999999999,nan,0.0
torus_lattice,locally_metric_periodic,metric_landmark,gaussian_sensory,temporal_dropout,embedding,8,memoryless_mlp,,,,,2,0.36363636363636365,0.04545454545454546,0.25,0.09999999999999999,nan,0.0
torus_lattice,locally_metric_periodic,metric_landmark,gaussian_sensory,temporal_dropout,embedding,8,numpy_rnn,,,,,2,0.4090909090909091,0.0,0.225,0.024999999999999994,nan,0.0
torus_lattice,locally_metric_periodic,metric_landmark,gaussian_sensory,temporal_dropout,embedding,8,reservoir_block_hybrid,,,,,6,0.23484848484848483,0.0319621562268621,0.31666666666666665,0.04013864859597433,nan,0.0
torus_lattice,locally_metric_periodic,metric_landmark,gaussian_sensory,temporal_dropout,embedding,8,reservoir_diagonal,,,,,6,0.4318181818181818,0.028142690334858646,0.3,0.046547466812563144,nan,0.0
torus_lattice,locally_metric_periodic,metric_landmark,gaussian_sensory,temporal_dropout,embedding,8,reservoir_low_rank,,,,,6,0.3409090909090909,0.04190702026042222,0.35000000000000003,0.03651483716701107,nan,0.0
torus_lattice,locally_metric_periodic,metric_landmark,gaussian_sensory,temporal_dropout,embedding,8,reservoir_nilpotent,,,,,6,0.28787878787878785,0.015151515151515157,0.3,0.05477225575051662,nan,0.0
torus_lattice,locally_metric_periodic,metric_landmark,gaussian_sensory,temporal_dropout,embedding,8,reservoir_orthogonal,,,,,6,0.37121212121212127,0.024664879691060165,0.35000000000000003,0.02581988897471612,nan,0.0
torus_lattice,locally_metric_periodic,metric_landmark,gaussian_sensory,temporal_dropout,embedding,8,reservoir_oscillatory,,,,,6,0.2803030303030303,0.03601474037577187,0.3083333333333333,0.035158371849548314,nan,0.0
torus_lattice,locally_metric_periodic,metric_landmark,gaussian_sensory,temporal_dropout,embedding,8,reservoir_random,,,,,6,0.28787878787878785,0.015151515151515154,0.3166666666666667,0.06411794687223782,nan,0.0
torus_lattice,locally_metric_periodic,metric_landmark,gaussian_sensory,temporal_dropout,embedding,8,reservoir_sparse,,,,,6,0.30303030303030304,0.03455077045754964,0.36666666666666664,0.05426273532033236,nan,0.0
torus_lattice,locally_metric_periodic,metric_landmark,gaussian_sensory,temporal_dropout,embedding,8,reservoir_symmetric,,,,,6,0.2954545454545454,0.015525682978726672,0.17500000000000002,0.03354101966249684,nan,0.0
torus_lattice,locally_metric_periodic,metric_landmark,gaussian_sensory,temporal_dropout,none,0,lin_block_r1_l2,1,2,2,independent_blocks,2,0.3181818181818182,0.04545454545454546,nan,0.0,nan,0.0
torus_lattice,locally_metric_periodic,metric_landmark,gaussian_sensory,temporal_dropout,none,0,lin_block_r1_l4,1,4,4,independent_blocks,2,0.36363636363636365,0.0,nan,0.0,nan,0.0
torus_lattice,locally_metric_periodic,metric_landmark,gaussian_sensory,temporal_dropout,none,0,lin_block_r1_l8,1,8,8,independent_blocks,2,0.38636363636363635,0.02272727272727273,nan,0.0,nan,0.0
torus_lattice,locally_metric_periodic,metric_landmark,gaussian_sensory,temporal_dropout,none,0,lin_block_r3_l2,3,2,4,independent_blocks,2,0.38636363636363635,0.02272727272727273,nan,0.0,nan,0.0
torus_lattice,locally_metric_periodic,metric_landmark,gaussian_sensory,temporal_dropout,none,0,lin_block_r3_l4,3,4,6,independent_blocks,2,0.36363636363636365,0.04545454545454546,nan,0.0,nan,0.0
torus_lattice,locally_metric_periodic,metric_landmark,gaussian_sensory,temporal_dropout,none,0,lin_block_r3_l8,3,8,10,independent_blocks,2,0.34090909090909094,0.0681818181818182,nan,0.0,nan,0.0
torus_lattice,locally_metric_periodic,metric_landmark,gaussian_sensory,temporal_dropout,none,0,lin_block_r5_l2,5,2,6,independent_blocks,2,0.29545454545454547,0.06818181818181818,nan,0.0,nan,0.0
torus_lattice,locally_metric_periodic,metric_landmark,gaussian_sensory,temporal_dropout,none,0,lin_block_r5_l4,5,4,8,independent_blocks,2,0.3181818181818182,0.04545454545454546,nan,0.0,nan,0.0
torus_lattice,locally_metric_periodic,metric_landmark,gaussian_sensory,temporal_dropout,none,0,lin_block_r5_l8,5,8,12,independent_blocks,2,0.3181818181818182,0.04545454545454546,nan,0.0,nan,0.0
torus_lattice,locally_metric_periodic,metric_landmark,gaussian_sensory,temporal_dropout,none,0,lin_sequence_all_units_r3_l4,3,4,6,all_units,6,0.34848484848484845,0.027938013506948155,0.39166666666666666,0.03515837184954832,nan,0.0
torus_lattice,locally_metric_periodic,metric_landmark,gaussian_sensory,temporal_dropout,none,0,lin_sequence_front_bands_r1_l2,1,2,2,front_bands,6,0.34848484848484845,0.04008714107673623,0.27499999999999997,0.03095695936834452,nan,0.0
torus_lattice,locally_metric_periodic,metric_landmark,gaussian_sensory,temporal_dropout,none,0,lin_sequence_front_bands_r1_l4,1,4,4,front_bands,6,0.28030303030303033,0.05171529747235157,0.45,0.05477225575051662,nan,0.0
torus_lattice,locally_metric_periodic,metric_landmark,gaussian_sensory,temporal_dropout,none,0,lin_sequence_front_bands_r1_l8,1,8,8,front_bands,6,0.23484848484848483,0.02731478238987871,0.3333333333333333,0.06411794687223783,nan,0.0
torus_lattice,locally_metric_periodic,metric_landmark,gaussian_sensory,temporal_dropout,none,0,lin_sequence_front_bands_r3_l2,3,2,4,front_bands,6,0.3106060606060606,0.059168558150808,0.375,0.054390562906935745,nan,0.0
torus_lattice,locally_metric_periodic,metric_landmark,gaussian_sensory,temporal_dropout,none,0,lin_sequence_front_bands_r3_l4,3,4,6,front_bands,6,0.30303030303030304,0.015151515151515159,0.43333333333333335,0.016666666666666663,nan,0.0
torus_lattice,locally_metric_periodic,metric_landmark,gaussian_sensory,temporal_dropout,none,0,lin_sequence_front_bands_r3_l8,3,8,10,front_bands,6,0.2272727272727273,0.023472626340651007,0.35833333333333334,0.03270236145058098,nan,0.0
torus_lattice,locally_metric_periodic,metric_landmark,gaussian_sensory,temporal_dropout,none,0,lin_sequence_front_bands_r5_l2,5,2,6,front_bands,6,0.3106060606060606,0.024664879691060168,0.4083333333333334,0.049018137232842485,nan,0.0
torus_lattice,locally_metric_periodic,metric_landmark,gaussian_sensory,temporal_dropout,none,0,lin_sequence_front_bands_r5_l4,5,4,8,front_bands,6,0.28030303030303033,0.031962156226862104,0.35000000000000003,0.040824829046386304,nan,0.0
torus_lattice,locally_metric_periodic,metric_landmark,gaussian_sensory,temporal_dropout,none,0,lin_sequence_front_bands_r5_l8,5,8,12,front_bands,6,0.28030303030303033,0.03965531008576485,0.2916666666666667,0.05387743291748206,nan,0.0
torus_lattice,locally_metric_periodic,metric_landmark,gaussian_sensory,temporal_dropout,none,0,memoryless_linear,,,,,2,0.38636363636363635,0.02272727272727273,0.5,0.09999999999999998,nan,0.0
torus_lattice,locally_metric_periodic,metric_landmark,gaussian_sensory,temporal_dropout,none,0,memoryless_mlp,,,,,2,0.38636363636363635,0.02272727272727273,0.5,0.09999999999999998,nan,0.0
torus_lattice,locally_metric_periodic,metric_landmark,gaussian_sensory,temporal_dropout,none,0,numpy_rnn,,,,,2,0.4090909090909091,0.0,0.225,0.024999999999999994,nan,0.0
torus_lattice,locally_metric_periodic,metric_landmark,gaussian_sensory,temporal_dropout,none,0,reservoir_block_hybrid,,,,,6,0.2196969696969697,0.031962156226862104,0.4166666666666667,0.05109903238918631,nan,0.0
torus_lattice,locally_metric_periodic,metric_landmark,gaussian_sensory,temporal_dropout,none,0,reservoir_diagonal,,,,,6,0.3636363636363636,0.0642824346533225,0.38333333333333336,0.03574601764921203,nan,0.0
torus_lattice,locally_metric_periodic,metric_landmark,gaussian_sensory,temporal_dropout,none,0,reservoir_low_rank,,,,,6,0.28787878787878785,0.038330638305071274,0.31666666666666665,0.05426273532033237,nan,0.0
torus_lattice,locally_metric_periodic,metric_landmark,gaussian_sensory,temporal_dropout,none,0,reservoir_nilpotent,,,,,6,0.26515151515151514,0.06256309946079569,0.38333333333333336,0.05109903238918631,nan,0.0
torus_lattice,locally_metric_periodic,metric_landmark,gaussian_sensory,temporal_dropout,none,0,reservoir_orthogonal,,,,,6,0.29545454545454547,0.040230054688944715,0.43333333333333335,0.027888667551135858,nan,0.0
torus_lattice,locally_metric_periodic,metric_landmark,gaussian_sensory,temporal_dropout,none,0,reservoir_oscillatory,,,,,6,0.3333333333333333,0.03648968054179484,0.39166666666666666,0.04166666666666667,nan,0.0
torus_lattice,locally_metric_periodic,metric_landmark,gaussian_sensory,temporal_dropout,none,0,reservoir_random,,,,,6,0.26515151515151514,0.03965531008576486,0.48333333333333334,0.06666666666666668,nan,0.0
torus_lattice,locally_metric_periodic,metric_landmark,gaussian_sensory,temporal_dropout,none,0,reservoir_sparse,,,,,6,0.3106060606060606,0.029729419500528164,0.3333333333333333,0.04216370213557839,nan,0.0
torus_lattice,locally_metric_periodic,metric_landmark,gaussian_sensory,temporal_dropout,none,0,reservoir_symmetric,,,,,6,0.2878787878787879,0.0417698447033037,0.42500000000000004,0.0761030003788725,nan,0.0
torus_lattice,locally_metric_periodic,metric_landmark,gaussian_sensory,temporal_dropout,one_hot,0,lin_block_r1_l2,1,2,2,independent_blocks,2,0.18181818181818182,0.0,nan,0.0,nan,0.0
torus_lattice,locally_metric_periodic,metric_landmark,gaussian_sensory,temporal_dropout,one_hot,0,lin_block_r1_l4,1,4,4,independent_blocks,2,0.2954545454545454,0.15909090909090906,nan,0.0,nan,0.0
torus_lattice,locally_metric_periodic,metric_landmark,gaussian_sensory,temporal_dropout,one_hot,0,lin_block_r1_l8,1,8,8,independent_blocks,2,0.2272727272727273,0.18181818181818182,nan,0.0,nan,0.0
torus_lattice,locally_metric_periodic,metric_landmark,gaussian_sensory,temporal_dropout,one_hot,0,lin_block_r3_l2,3,2,4,independent_blocks,2,0.29545454545454547,0.06818181818181818,nan,0.0,nan,0.0
torus_lattice,locally_metric_periodic,metric_landmark,gaussian_sensory,temporal_dropout,one_hot,0,lin_block_r3_l4,3,4,6,independent_blocks,2,0.3181818181818182,0.09090909090909093,nan,0.0,nan,0.0
torus_lattice,locally_metric_periodic,metric_landmark,gaussian_sensory,temporal_dropout,one_hot,0,lin_block_r3_l8,3,8,10,independent_blocks,2,0.3181818181818182,0.09090909090909093,nan,0.0,nan,0.0
torus_lattice,locally_metric_periodic,metric_landmark,gaussian_sensory,temporal_dropout,one_hot,0,lin_block_r5_l2,5,2,6,independent_blocks,2,0.2954545454545454,0.02272727272727273,nan,0.0,nan,0.0
torus_lattice,locally_metric_periodic,metric_landmark,gaussian_sensory,temporal_dropout,one_hot,0,lin_block_r5_l4,5,4,8,independent_blocks,2,0.29545454545454547,0.06818181818181818,nan,0.0,nan,0.0
torus_lattice,locally_metric_periodic,metric_landmark,gaussian_sensory,temporal_dropout,one_hot,0,lin_block_r5_l8,5,8,12,independent_blocks,2,0.3181818181818182,0.04545454545454546,nan,0.0,nan,0.0
torus_lattice,locally_metric_periodic,metric_landmark,gaussian_sensory,temporal_dropout,one_hot,0,lin_sequence_all_units_r3_l4,3,4,6,all_units,6,0.2196969696969697,0.0319621562268621,0.27499999999999997,0.04232808366400098,nan,0.0
torus_lattice,locally_metric_periodic,metric_landmark,gaussian_sensory,temporal_dropout,one_hot,0,lin_sequence_front_bands_r1_l2,1,2,2,front_bands,6,0.21212121212121213,0.02535333413739623,0.2333333333333333,0.055777335102271716,nan,0.0
torus_lattice,locally_metric_periodic,metric_landmark,gaussian_sensory,temporal_dropout,one_hot,0,lin_sequence_front_bands_r1_l4,1,4,4,front_bands,6,0.25757575757575757,0.02793801350694814,0.325,0.04958158260214507,nan,0.0
torus_lattice,locally_metric_periodic,metric_landmark,gaussian_sensory,temporal_dropout,one_hot,0,lin_sequence_front_bands_r1_l8,1,8,8,front_bands,6,0.2878787878787879,0.038330638305071274,0.35000000000000003,0.02581988897471612,nan,0.0
torus_lattice,locally_metric_periodic,metric_landmark,gaussian_sensory,temporal_dropout,one_hot,0,lin_sequence_front_bands_r3_l2,3,2,4,front_bands,6,0.34848484848484845,0.02535333413739623,0.35000000000000003,0.03651483716701108,nan,0.0
torus_lattice,locally_metric_periodic,metric_landmark,gaussian_sensory,temporal_dropout,one_hot,0,lin_sequence_front_bands_r3_l4,3,4,6,front_bands,6,0.25757575757575757,0.0464536658083512,0.38333333333333336,0.04013864859597433,nan,0.0
torus_lattice,locally_metric_periodic,metric_landmark,gaussian_sensory,temporal_dropout,one_hot,0,lin_sequence_front_bands_r3_l8,3,8,10,front_bands,6,0.2424242424242424,0.047913297881339086,0.2916666666666667,0.04166666666666667,nan,0.0
torus_lattice,locally_metric_periodic,metric_landmark,gaussian_sensory,temporal_dropout,one_hot,0,lin_sequence_front_bands_r5_l2,5,2,6,front_bands,6,0.3106060606060606,0.03196215622686211,0.25833333333333336,0.06112373606964083,nan,0.0
torus_lattice,locally_metric_periodic,metric_landmark,gaussian_sensory,temporal_dropout,one_hot,0,lin_sequence_front_bands_r5_l4,5,4,8,front_bands,6,0.409090909090909,0.04694525268130203,0.3416666666666666,0.039616214413349046,nan,0.0
torus_lattice,locally_metric_periodic,metric_landmark,gaussian_sensory,temporal_dropout,one_hot,0,lin_sequence_front_bands_r5_l8,5,8,12,front_bands,6,0.28030303030303033,0.03601474037577187,0.35000000000000003,0.03415650255319867,nan,0.0
torus_lattice,locally_metric_periodic,metric_landmark,gaussian_sensory,temporal_dropout,one_hot,0,memoryless_linear,,,,,2,0.36363636363636365,0.04545454545454546,0.25,0.09999999999999999,nan,0.0
torus_lattice,locally_metric_periodic,metric_landmark,gaussian_sensory,temporal_dropout,one_hot,0,memoryless_mlp,,,,,2,0.36363636363636365,0.04545454545454546,0.25,0.09999999999999999,nan,0.0
torus_lattice,locally_metric_periodic,metric_landmark,gaussian_sensory,temporal_dropout,one_hot,0,numpy_rnn,,,,,2,0.4090909090909091,0.0,0.275,0.024999999999999994,nan,0.0
torus_lattice,locally_metric_periodic,metric_landmark,gaussian_sensory,temporal_dropout,one_hot,0,reservoir_block_hybrid,,,,,6,0.21212121212121215,0.03455077045754964,0.3833333333333333,0.07264831572567791,nan,0.0
torus_lattice,locally_metric_periodic,metric_landmark,gaussian_sensory,temporal_dropout,one_hot,0,reservoir_diagonal,,,,,6,0.48484848484848486,0.02793801350694814,0.3499999999999999,0.05627314338711378,nan,0.0
torus_lattice,locally_metric_periodic,metric_landmark,gaussian_sensory,temporal_dropout,one_hot,0,reservoir_low_rank,,,,,6,0.3181818181818182,0.02624319405407391,0.35833333333333334,0.049018137232842485,nan,0.0
torus_lattice,locally_metric_periodic,metric_landmark,gaussian_sensory,temporal_dropout,one_hot,0,reservoir_nilpotent,,,,,6,0.340909090909091,0.02272727272727274,0.22499999999999998,0.05737304826019502,nan,0.0
torus_lattice,locally_metric_periodic,metric_landmark,gaussian_sensory,temporal_dropout,one_hot,0,reservoir_orthogonal,,,,,6,0.30303030303030304,0.04791329788133909,0.3333333333333333,0.035746017649212036,nan,0.0
torus_lattice,locally_metric_periodic,metric_landmark,gaussian_sensory,temporal_dropout,one_hot,0,reservoir_oscillatory,,,,,6,0.3106060606060606,0.04456194293894771,0.2833333333333334,0.044095855184409845,nan,0.0
torus_lattice,locally_metric_periodic,metric_landmark,gaussian_sensory,temporal_dropout,one_hot,0,reservoir_random,,,,,6,0.30303030303030304,0.027938013506948155,0.3416666666666666,0.027131367660166186,nan,0.0
torus_lattice,locally_metric_periodic,metric_landmark,gaussian_sensory,temporal_dropout,one_hot,0,reservoir_sparse,,,,,6,0.29545454545454547,0.06716412199788334,0.4083333333333334,0.058333333333333334,nan,0.0
torus_lattice,locally_metric_periodic,metric_landmark,gaussian_sensory,temporal_dropout,one_hot,0,reservoir_symmetric,,,,,6,0.2954545454545454,0.055978646066397485,0.25833333333333336,0.030046260628866575,nan,0.0
torus_lattice,locally_metric_periodic,metric_landmark,gaussian_sensory,temporal_full,embedding,8,lin_block_r1_l2,1,2,2,independent_blocks,2,0.20454545454545453,0.022727272727272717,nan,0.0,nan,0.0
torus_lattice,locally_metric_periodic,metric_landmark,gaussian_sensory,temporal_full,embedding,8,lin_block_r1_l4,1,4,4,independent_blocks,2,0.2272727272727273,0.13636363636363635,nan,0.0,nan,0.0
torus_lattice,locally_metric_periodic,metric_landmark,gaussian_sensory,temporal_full,embedding,8,lin_block_r1_l8,1,8,8,independent_blocks,2,0.20454545454545453,0.06818181818181818,nan,0.0,nan,0.0
torus_lattice,locally_metric_periodic,metric_landmark,gaussian_sensory,temporal_full,embedding,8,lin_block_r3_l2,3,2,4,independent_blocks,2,0.2272727272727273,0.13636363636363635,nan,0.0,nan,0.0
torus_lattice,locally_metric_periodic,metric_landmark,gaussian_sensory,temporal_full,embedding,8,lin_block_r3_l4,3,4,6,independent_blocks,2,0.20454545454545453,0.11363636363636362,nan,0.0,nan,0.0
torus_lattice,locally_metric_periodic,metric_landmark,gaussian_sensory,temporal_full,embedding,8,lin_block_r3_l8,3,8,10,independent_blocks,2,0.22727272727272727,0.09090909090909091,nan,0.0,nan,0.0
torus_lattice,locally_metric_periodic,metric_landmark,gaussian_sensory,temporal_full,embedding,8,lin_block_r5_l2,5,2,6,independent_blocks,2,0.18181818181818182,0.09090909090909088,nan,0.0,nan,0.0
torus_lattice,locally_metric_periodic,metric_landmark,gaussian_sensory,temporal_full,embedding,8,lin_block_r5_l4,5,4,8,independent_blocks,2,0.18181818181818182,0.09090909090909088,nan,0.0,nan,0.0
torus_lattice,locally_metric_periodic,metric_landmark,gaussian_sensory,temporal_full,embedding,8,lin_block_r5_l8,5,8,12,independent_blocks,2,0.18181818181818182,0.09090909090909088,nan,0.0,nan,0.0
torus_lattice,locally_metric_periodic,metric_landmark,gaussian_sensory,temporal_full,embedding,8,lin_sequence_all_units_r3_l4,3,4,6,all_units,6,0.1818181818181818,0.02347262634065101,0.35833333333333334,0.039616214413349046,nan,0.0
torus_lattice,locally_metric_periodic,metric_landmark,gaussian_sensory,temporal_full,embedding,8,lin_sequence_front_bands_r1_l2,1,2,2,front_bands,6,0.25,0.034716482537544245,0.4749999999999999,0.08139410298049853,nan,0.0
torus_lattice,locally_metric_periodic,metric_landmark,gaussian_sensory,temporal_full,embedding,8,lin_sequence_front_bands_r1_l4,1,4,4,front_bands,6,0.28030303030303033,0.029729419500528157,0.325,0.04031128874149275,nan,0.0
torus_lattice,locally_metric_periodic,metric_landmark,gaussian_sensory,temporal_full,embedding,8,lin_sequence_front_bands_r1_l8,1,8,8,front_bands,6,0.2045454545454545,0.028142690334858656,0.3833333333333333,0.030731814857642967,nan,0.0
torus_lattice,locally_metric_periodic,metric_landmark,gaussian_sensory,temporal_full,embedding,8,lin_sequence_front_bands_r3_l2,3,2,4,front_bands,6,0.25,0.028142690334858656,0.4083333333333334,0.05974482776311641,nan,0.0
torus_lattice,locally_metric_periodic,metric_landmark,gaussian_sensory,temporal_full,embedding,8,lin_sequence_front_bands_r3_l4,3,4,6,front_bands,6,0.21969696969696964,0.0319621562268621,0.3333333333333333,0.035746017649212036,nan,0.0
torus_lattice,locally_metric_periodic,metric_landmark,gaussian_sensory,temporal_full,embedding,8,lin_sequence_front_bands_r3_l8,3,8,10,front_bands,6,0.22727272727272727,0.05868156585162752,0.3833333333333333,0.052704627669473,nan,0.0
torus_lattice,locally_metric_periodic,metric_landmark,gaussian_sensory,temporal_full,embedding,8,lin_sequence_front_bands_r5_l2,5,2,6,front_bands,6,0.26515151515151514,0.031962156226862104,0.39166666666666666,0.02006932429798717,nan,0.0
torus_lattice,locally_metric_periodic,metric_landmark,gaussian_sensory,temporal_full,embedding,8,lin_sequence_front_bands_r5_l4,5,4,8,front_bands,6,0.2196969696969697,0.031962156226862104,0.31666666666666665,0.05109903238918631,nan,0.0
torus_lattice,locally_metric_periodic,metric_landmark,gaussian_sensory,temporal_full,embedding,8,lin_sequence_front_bands_r5_l8,5,8,12,front_bands,6,0.3636363636363636,0.04391326286724073,0.43333333333333335,0.03333333333333335,nan,0.0
torus_lattice,locally_metric_periodic,metric_landmark,gaussian_sensory,temporal_full,embedding,8,memoryless_linear,,,,,2,0.25,0.022727272727272717,0.45,0.04999999999999999,nan,0.0
torus_lattice,locally_metric_periodic,metric_landmark,gaussian_sensory,temporal_full,embedding,8,memoryless_mlp,,,,,2,0.25,0.022727272727272717,0.45,0.04999999999999999,nan,0.0
torus_lattice,locally_metric_periodic,metric_landmark,gaussian_sensory,temporal_full,embedding,8,numpy_rnn,,,,,2,0.38636363636363635,0.02272727272727273,0.225,0.024999999999999994,nan,0.0
torus_lattice,locally_metric_periodic,metric_landmark,gaussian_sensory,temporal_full,embedding,8,reservoir_block_hybrid,,,,,6,0.2045454545454545,0.03471648253754425,0.4000000000000001,0.02581988897471612,nan,0.0
torus_lattice,locally_metric_periodic,metric_landmark,gaussian_sensory,temporal_full,embedding,8,reservoir_diagonal,,,,,6,0.3636363636363636,0.040655781409087086,0.43333333333333335,0.08333333333333334,nan,0.0
torus_lattice,locally_metric_periodic,metric_landmark,gaussian_sensory,temporal_full,embedding,8,reservoir_low_rank,,,,,6,0.30303030303030304,0.030303030303030314,0.4166666666666667,0.027888667551135858,nan,0.0
torus_lattice,locally_metric_periodic,metric_landmark,gaussian_sensory,temporal_full,embedding,8,reservoir_nilpotent,,,,,6,0.2803030303030303,0.03601474037577187,0.3416666666666666,0.03515837184954832,nan,0.0
torus_lattice,locally_metric_periodic,metric_landmark,gaussian_sensory,temporal_full,embedding,8,reservoir_orthogonal,,,,,6,0.22727272727272727,0.026243194054073903,0.39999999999999997,0.042817441928883766,nan,0.0
torus_lattice,locally_metric_periodic,metric_landmark,gaussian_sensory,temporal_full,embedding,8,reservoir_oscillatory,,,,,6,0.28030303030303033,0.04897948447043823,0.4083333333333334,0.04166666666666667,nan,0.0
torus_lattice,locally_metric_periodic,metric_landmark,gaussian_sensory,temporal_full,embedding,8,reservoir_random,,,,,6,0.2954545454545454,0.04507416600195006,0.44166666666666665,0.07350359023733316,nan,0.0
torus_lattice,locally_metric_periodic,metric_landmark,gaussian_sensory,temporal_full,embedding,8,reservoir_sparse,,,,,6,0.2651515151515152,0.051715297472351554,0.4166666666666667,0.024720661623652215,nan,0.0
torus_lattice,locally_metric_periodic,metric_landmark,gaussian_sensory,temporal_full,embedding,8,reservoir_symmetric,,,,,6,0.3409090909090909,0.040230054688944715,0.4083333333333334,0.047287536530370364,nan,0.0
torus_lattice,locally_metric_periodic,metric_landmark,gaussian_sensory,temporal_full,none,0,lin_block_r1_l2,1,2,2,independent_blocks,2,0.18181818181818182,0.0,nan,0.0,nan,0.0
torus_lattice,locally_metric_periodic,metric_landmark,gaussian_sensory,temporal_full,none,0,lin_block_r1_l4,1,4,4,independent_blocks,2,0.22727272727272727,0.09090909090909091,nan,0.0,nan,0.0
torus_lattice,locally_metric_periodic,metric_landmark,gaussian_sensory,temporal_full,none,0,lin_block_r1_l8,1,8,8,independent_blocks,2,0.25,0.06818181818181818,nan,0.0,nan,0.0
torus_lattice,locally_metric_periodic,metric_landmark,gaussian_sensory,temporal_full,none,0,lin_block_r3_l2,3,2,4,independent_blocks,2,0.22727272727272727,0.09090909090909091,nan,0.0,nan,0.0
torus_lattice,locally_metric_periodic,metric_landmark,gaussian_sensory,temporal_full,none,0,lin_block_r3_l4,3,4,6,independent_blocks,2,0.20454545454545453,0.06818181818181818,nan,0.0,nan,0.0
torus_lattice,locally_metric_periodic,metric_landmark,gaussian_sensory,temporal_full,none,0,lin_block_r3_l8,3,8,10,independent_blocks,2,0.20454545454545453,0.022727272727272717,nan,0.0,nan,0.0
torus_lattice,locally_metric_periodic,metric_landmark,gaussian_sensory,temporal_full,none,0,lin_block_r5_l2,5,2,6,independent_blocks,2,0.18181818181818182,0.045454545454545456,nan,0.0,nan,0.0
torus_lattice,locally_metric_periodic,metric_landmark,gaussian_sensory,temporal_full,none,0,lin_block_r5_l4,5,4,8,independent_blocks,2,0.18181818181818182,0.045454545454545456,nan,0.0,nan,0.0
torus_lattice,locally_metric_periodic,metric_landmark,gaussian_sensory,temporal_full,none,0,lin_block_r5_l8,5,8,12,independent_blocks,2,0.20454545454545453,0.022727272727272717,nan,0.0,nan,0.0
torus_lattice,locally_metric_periodic,metric_landmark,gaussian_sensory,temporal_full,none,0,lin_sequence_all_units_r3_l4,3,4,6,all_units,6,0.25,0.032672513110375494,0.4333333333333333,0.03333333333333335,nan,0.0
torus_lattice,locally_metric_periodic,metric_landmark,gaussian_sensory,temporal_full,none,0,lin_sequence_front_bands_r1_l2,1,2,2,front_bands,6,0.18939393939393936,0.02731478238987871,0.6083333333333334,0.06247221604663771,nan,0.0
torus_lattice,locally_metric_periodic,metric_landmark,gaussian_sensory,temporal_full,none,0,lin_sequence_front_bands_r1_l4,1,4,4,front_bands,6,0.29545454545454547,0.04507416600195006,0.43333333333333335,0.06666666666666667,nan,0.0
torus_lattice,locally_metric_periodic,metric_landmark,gaussian_sensory,temporal_full,none,0,lin_sequence_front_bands_r1_l8,1,8,8,front_bands,6,0.2272727272727272,0.04839005885657974,0.3666666666666667,0.0666666666666667,nan,0.0
torus_lattice,locally_metric_periodic,metric_landmark,gaussian_sensory,temporal_full,none,0,lin_sequence_front_bands_r3_l2,3,2,4,front_bands,6,0.196969696969697,0.038330638305071274,0.43333333333333335,0.035746017649212036,nan,0.0
torus_lattice,locally_metric_periodic,metric_landmark,gaussian_sensory,temporal_full,none,0,lin_sequence_front_bands_r3_l4,3,4,6,front_bands,6,0.23484848484848483,0.03404879553673369,0.39166666666666666,0.0650854139658888,nan,0.0
torus_lattice,locally_metric_periodic,metric_landmark,gaussian_sensory,temporal_full,none,0,lin_sequence_front_bands_r3_l8,3,8,10,front_bands,6,0.28030303030303033,0.042988669573063965,0.4000000000000001,0.051639777949432225,nan,0.0
torus_lattice,locally_metric_periodic,metric_landmark,gaussian_sensory,temporal_full,none,0,lin_sequence_front_bands_r5_l2,5,2,6,front_bands,6,0.24242424242424243,0.036489680541794835,0.4083333333333334,0.07573711845001177,nan,0.0
torus_lattice,locally_metric_periodic,metric_landmark,gaussian_sensory,temporal_full,none,0,lin_sequence_front_bands_r5_l4,5,4,8,front_bands,6,0.2878787878787879,0.038330638305071274,0.44166666666666665,0.07682953714410741,nan,0.0
torus_lattice,locally_metric_periodic,metric_landmark,gaussian_sensory,temporal_full,none,0,lin_sequence_front_bands_r5_l8,5,8,12,front_bands,6,0.3106060606060606,0.05036597011695352,0.425,0.05283622494715788,nan,0.0
torus_lattice,locally_metric_periodic,metric_landmark,gaussian_sensory,temporal_full,none,0,memoryless_linear,,,,,2,0.2954545454545454,0.02272727272727273,0.6,0.0,nan,0.0
torus_lattice,locally_metric_periodic,metric_landmark,gaussian_sensory,temporal_full,none,0,memoryless_mlp,,,,,2,0.2954545454545454,0.02272727272727273,0.6,0.0,nan,0.0
torus_lattice,locally_metric_periodic,metric_landmark,gaussian_sensory,temporal_full,none,0,numpy_rnn,,,,,2,0.34090909090909094,0.0681818181818182,0.45,0.2,nan,0.0
torus_lattice,locally_metric_periodic,metric_landmark,gaussian_sensory,temporal_full,none,0,reservoir_block_hybrid,,,,,6,0.2727272727272727,0.04065578140908709,0.5000000000000001,0.06582805886043834,nan,0.0
torus_lattice,locally_metric_periodic,metric_landmark,gaussian_sensory,temporal_full,none,0,reservoir_diagonal,,,,,6,0.28030303030303033,0.04608153432044106,0.6,0.05627314338711378,nan,0.0
torus_lattice,locally_metric_periodic,metric_landmark,gaussian_sensory,temporal_full,none,0,reservoir_low_rank,,,,,6,0.25,0.030491836056815318,0.5666666666666665,0.04772607021092118,nan,0.0
torus_lattice,locally_metric_periodic,metric_landmark,gaussian_sensory,temporal_full,none,0,reservoir_nilpotent,,,,,6,0.19696969696969693,0.01515151515151515,0.39999999999999997,0.08563488385776753,nan,0.0
torus_lattice,locally_metric_periodic,metric_landmark,gaussian_sensory,temporal_full,none,0,reservoir_orthogonal,,,,,6,0.24242424242424243,0.03648968054179484,0.4666666666666666,0.06540472290116194,nan,0.0
torus_lattice,locally_metric_periodic,metric_landmark,gaussian_sensory,temporal_full,none,0,reservoir_oscillatory,,,,,6,0.24242424242424243,0.02535333413739623,0.5666666666666667,0.07149203529842406,nan,0.0
torus_lattice,locally_metric_periodic,metric_landmark,gaussian_sensory,temporal_full,none,0,reservoir_random,,,,,6,0.2196969696969697,0.03965531008576486,0.4333333333333333,0.07378647873726218,nan,0.0
torus_lattice,locally_metric_periodic,metric_landmark,gaussian_sensory,temporal_full,none,0,reservoir_sparse,,,,,6,0.19696969696969693,0.025353334137396225,0.3999999999999999,0.05,nan,0.0
torus_lattice,locally_metric_periodic,metric_landmark,gaussian_sensory,temporal_full,none,0,reservoir_symmetric,,,,,6,0.25,0.03848007605818272,0.5000000000000001,0.03651483716701108,nan,0.0
torus_lattice,locally_metric_periodic,metric_landmark,gaussian_sensory,temporal_full,one_hot,0,lin_block_r1_l2,1,2,2,independent_blocks,2,0.1590909090909091,0.02272727272727273,nan,0.0,nan,0.0
torus_lattice,locally_metric_periodic,metric_landmark,gaussian_sensory,temporal_full,one_hot,0,lin_block_r1_l4,1,4,4,independent_blocks,2,0.22727272727272727,0.09090909090909091,nan,0.0,nan,0.0
torus_lattice,locally_metric_periodic,metric_landmark,gaussian_sensory,temporal_full,one_hot,0,lin_block_r1_l8,1,8,8,independent_blocks,2,0.20454545454545453,0.022727272727272717,nan,0.0,nan,0.0
torus_lattice,locally_metric_periodic,metric_landmark,gaussian_sensory,temporal_full,one_hot,0,lin_block_r3_l2,3,2,4,independent_blocks,2,0.25,0.11363636363636363,nan,0.0,nan,0.0
torus_lattice,locally_metric_periodic,metric_landmark,gaussian_sensory,temporal_full,one_hot,0,lin_block_r3_l4,3,4,6,independent_blocks,2,0.20454545454545453,0.06818181818181818,nan,0.0,nan,0.0
torus_lattice,locally_metric_periodic,metric_landmark,gaussian_sensory,temporal_full,one_hot,0,lin_block_r3_l8,3,8,10,independent_blocks,2,0.22727272727272727,0.045454545454545435,nan,0.0,nan,0.0
torus_lattice,locally_metric_periodic,metric_landmark,gaussian_sensory,temporal_full,one_hot,0,lin_block_r5_l2,5,2,6,independent_blocks,2,0.20454545454545453,0.06818181818181818,nan,0.0,nan,0.0
torus_lattice,locally_metric_periodic,metric_landmark,gaussian_sensory,temporal_full,one_hot,0,lin_block_r5_l4,5,4,8,independent_blocks,2,0.20454545454545453,0.06818181818181818,nan,0.0,nan,0.0
torus_lattice,locally_metric_periodic,metric_landmark,gaussian_sensory,temporal_full,one_hot,0,lin_block_r5_l8,5,8,12,independent_blocks,2,0.20454545454545453,0.06818181818181818,nan,0.0,nan,0.0
torus_lattice,locally_metric_periodic,metric_landmark,gaussian_sensory,temporal_full,one_hot,0,lin_sequence_all_units_r3_l4,3,4,6,all_units,6,0.25757575757575757,0.02535333413739623,0.3666666666666667,0.0557773351022717,nan,0.0
torus_lattice,locally_metric_periodic,metric_landmark,gaussian_sensory,temporal_full,one_hot,0,lin_sequence_front_bands_r1_l2,1,2,2,front_bands,6,0.24242424242424243,0.0303030303030303,0.30833333333333335,0.0978235372721946,nan,0.0
torus_lattice,locally_metric_periodic,metric_landmark,gaussian_sensory,temporal_full,one_hot,0,lin_sequence_front_bands_r1_l4,1,4,4,front_bands,6,0.27272727272727276,0.04065578140908709,0.3833333333333333,0.05725188012439224,nan,0.0
torus_lattice,locally_metric_periodic,metric_landmark,gaussian_sensory,temporal_full,one_hot,0,lin_sequence_front_bands_r1_l8,1,8,8,front_bands,6,0.3106060606060606,0.07821763332812308,0.3666666666666667,0.044095855184409845,nan,0.0
torus_lattice,locally_metric_periodic,metric_landmark,gaussian_sensory,temporal_full,one_hot,0,lin_sequence_front_bands_r3_l2,3,2,4,front_bands,6,0.2424242424242424,0.0303030303030303,0.35000000000000003,0.046547466812563144,nan,0.0
torus_lattice,locally_metric_periodic,metric_landmark,gaussian_sensory,temporal_full,one_hot,0,lin_sequence_front_bands_r3_l4,3,4,6,front_bands,6,0.26515151515151514,0.02169366827769145,0.3333333333333333,0.07923242882669809,nan,0.0
torus_lattice,locally_metric_periodic,metric_landmark,gaussian_sensory,temporal_full,one_hot,0,lin_sequence_front_bands_r3_l8,3,8,10,front_bands,6,0.32575757575757575,0.031962156226862104,0.39999999999999997,0.0483045891539648,nan,0.0
torus_lattice,locally_metric_periodic,metric_landmark,gaussian_sensory,temporal_full,one_hot,0,lin_sequence_front_bands_r5_l2,5,2,6,front_bands,6,0.22727272727272727,0.023472626340651007,0.3666666666666667,0.040138648595974324,nan,0.0
torus_lattice,locally_metric_periodic,metric_landmark,gaussian_sensory,temporal_full,one_hot,0,lin_sequence_front_bands_r5_l4,5,4,8,front_bands,6,0.2727272727272727,0.04231587892051194,0.44166666666666665,0.0650854139658888,nan,0.0
torus_lattice,locally_metric_periodic,metric_landmark,gaussian_sensory,temporal_full,one_hot,0,lin_sequence_front_bands_r5_l8,5,8,12,front_bands,6,0.29545454545454547,0.041907020260422215,0.4083333333333334,0.05833333333333335,nan,0.0
torus_lattice,locally_metric_periodic,metric_landmark,gaussian_sensory,temporal_full,one_hot,0,memoryless_linear,,,,,2,0.25,0.022727272727272717,0.45,0.04999999999999999,nan,0.0
torus_lattice,locally_metric_periodic,metric_landmark,gaussian_sensory,temporal_full,one_hot,0,memoryless_mlp,,,,,2,0.25,0.022727272727272717,0.45,0.04999999999999999,nan,0.0
torus_lattice,locally_metric_periodic,metric_landmark,gaussian_sensory,temporal_full,one_hot,0,numpy_rnn,,,,,2,0.3181818181818182,0.09090909090909093,0.375,0.125,nan,0.0
torus_lattice,locally_metric_periodic,metric_landmark,gaussian_sensory,temporal_full,one_hot,0,reservoir_block_hybrid,,,,,6,0.21212121212121207,0.03455077045754964,0.3833333333333333,0.04409585518440986,nan,0.0
torus_lattice,locally_metric_periodic,metric_landmark,gaussian_sensory,temporal_full,one_hot,0,reservoir_diagonal,,,,,6,0.30303030303030304,0.022473328748774744,0.3416666666666666,0.05230784942158406,nan,0.0
torus_lattice,locally_metric_periodic,metric_landmark,gaussian_sensory,temporal_full,one_hot,0,reservoir_low_rank,,,,,6,0.22727272727272727,0.0165976532577323,0.375,0.051234753829797995,nan,0.0
torus_lattice,locally_metric_periodic,metric_landmark,gaussian_sensory,temporal_full,one_hot,0,reservoir_nilpotent,,,,,6,0.2803030303030303,0.0625630994607957,0.4083333333333334,0.05387743291748206,nan,0.0
torus_lattice,locally_metric_periodic,metric_landmark,gaussian_sensory,temporal_full,one_hot,0,reservoir_orthogonal,,,,,6,0.18939393939393936,0.051715297472351554,0.4166666666666667,0.027888667551135858,nan,0.0
torus_lattice,locally_metric_periodic,metric_landmark,gaussian_sensory,temporal_full,one_hot,0,reservoir_oscillatory,,,,,6,0.21212121212121213,0.03833063830507127,0.3833333333333333,0.07817359599705717,nan,0.0
torus_lattice,locally_metric_periodic,metric_landmark,gaussian_sensory,temporal_full,one_hot,0,reservoir_random,,,,,6,0.24242424242424243,0.044946657497549475,0.43333333333333335,0.04216370213557839,nan,0.0
torus_lattice,locally_metric_periodic,metric_landmark,gaussian_sensory,temporal_full,one_hot,0,reservoir_sparse,,,,,6,0.2196969696969697,0.07179004691201295,0.3833333333333333,0.05109903238918631,nan,0.0
torus_lattice,locally_metric_periodic,metric_landmark,gaussian_sensory,temporal_full,one_hot,0,reservoir_symmetric,,,,,6,0.2803030303030303,0.031962156226862104,0.5,0.09309493362512629,nan,0.0
tree,hierarchical_branching,tree,gaussian_sensory,temporal_cue_then_blank,embedding,8,lin_block_r1_l2,1,2,2,independent_blocks,2,0.9666666666666667,0.011111111111111072,nan,0.0,nan,0.0
tree,hierarchical_branching,tree,gaussian_sensory,temporal_cue_then_blank,embedding,8,lin_block_r1_l4,1,4,4,independent_blocks,2,0.9666666666666667,0.011111111111111072,nan,0.0,nan,0.0
tree,hierarchical_branching,tree,gaussian_sensory,temporal_cue_then_blank,embedding,8,lin_block_r1_l8,1,8,8,independent_blocks,2,0.9666666666666667,0.011111111111111072,nan,0.0,nan,0.0
tree,hierarchical_branching,tree,gaussian_sensory,temporal_cue_then_blank,embedding,8,lin_block_r3_l2,3,2,4,independent_blocks,2,0.9666666666666667,0.011111111111111072,nan,0.0,nan,0.0
tree,hierarchical_branching,tree,gaussian_sensory,temporal_cue_then_blank,embedding,8,lin_block_r3_l4,3,4,6,independent_blocks,2,0.9666666666666667,0.011111111111111072,nan,0.0,nan,0.0
tree,hierarchical_branching,tree,gaussian_sensory,temporal_cue_then_blank,embedding,8,lin_block_r3_l8,3,8,10,independent_blocks,2,0.9666666666666667,0.011111111111111072,nan,0.0,nan,0.0
tree,hierarchical_branching,tree,gaussian_sensory,temporal_cue_then_blank,embedding,8,lin_block_r5_l2,5,2,6,independent_blocks,2,0.9666666666666667,0.011111111111111072,nan,0.0,nan,0.0
tree,hierarchical_branching,tree,gaussian_sensory,temporal_cue_then_blank,embedding,8,lin_block_r5_l4,5,4,8,independent_blocks,2,0.9666666666666667,0.011111111111111072,nan,0.0,nan,0.0
tree,hierarchical_branching,tree,gaussian_sensory,temporal_cue_then_blank,embedding,8,lin_block_r5_l8,5,8,12,independent_blocks,2,0.9666666666666667,0.011111111111111072,nan,0.0,nan,0.0
tree,hierarchical_branching,tree,gaussian_sensory,temporal_cue_then_blank,embedding,8,lin_sequence_all_units_r3_l4,3,4,6,all_units,6,0.9648148148148148,0.006029192813370254,0.03333333333333333,0.03333333333333334,nan,0.0
tree,hierarchical_branching,tree,gaussian_sensory,temporal_cue_then_blank,embedding,8,lin_sequence_front_bands_r1_l2,1,2,2,front_bands,6,0.9518518518518518,0.013353893612829588,0.0,0.0,nan,0.0
tree,hierarchical_branching,tree,gaussian_sensory,temporal_cue_then_blank,embedding,8,lin_sequence_front_bands_r1_l4,1,4,4,front_bands,6,0.9629629629629629,0.007407407407407398,0.0,0.0,nan,0.0
tree,hierarchical_branching,tree,gaussian_sensory,temporal_cue_then_blank,embedding,8,lin_sequence_front_bands_r1_l8,1,8,8,front_bands,6,0.9666666666666667,0.0049690399499995146,0.0,0.0,nan,0.0
tree,hierarchical_branching,tree,gaussian_sensory,temporal_cue_then_blank,embedding,8,lin_sequence_front_bands_r3_l2,3,2,4,front_bands,6,0.9666666666666667,0.0049690399499995146,0.0,0.0,nan,0.0
tree,hierarchical_branching,tree,gaussian_sensory,temporal_cue_then_blank,embedding,8,lin_sequence_front_bands_r3_l4,3,4,6,front_bands,6,0.9666666666666667,0.0049690399499995146,0.008333333333333333,0.008333333333333335,nan,0.0
tree,hierarchical_branching,tree,gaussian_sensory,temporal_cue_then_blank,embedding,8,lin_sequence_front_bands_r3_l8,3,8,10,front_bands,6,0.9666666666666667,0.0049690399499995146,0.008333333333333333,0.008333333333333335,nan,0.0
tree,hierarchical_branching,tree,gaussian_sensory,temporal_cue_then_blank,embedding,8,lin_sequence_front_bands_r5_l2,5,2,6,front_bands,6,0.9666666666666667,0.0049690399499995146,0.0,0.0,nan,0.0
tree,hierarchical_branching,tree,gaussian_sensory,temporal_cue_then_blank,embedding,8,lin_sequence_front_bands_r5_l4,5,4,8,front_bands,6,0.9592592592592593,0.008919699687994284,0.0,0.0,nan,0.0
tree,hierarchical_branching,tree,gaussian_sensory,temporal_cue_then_blank,embedding,8,lin_sequence_front_bands_r5_l8,5,8,12,front_bands,6,0.9722222222222222,0.0024845199749997573,0.0,0.0,nan,0.0
tree,hierarchical_branching,tree,gaussian_sensory,temporal_cue_then_blank,embedding,8,memoryless_linear,,,,,2,0.9666666666666667,0.011111111111111072,0.0,0.0,nan,0.0
tree,hierarchical_branching,tree,gaussian_sensory,temporal_cue_then_blank,embedding,8,memoryless_mlp,,,,,2,0.9666666666666667,0.011111111111111072,0.0,0.0,nan,0.0
tree,hierarchical_branching,tree,gaussian_sensory,temporal_cue_then_blank,embedding,8,numpy_rnn,,,,,2,0.9722222222222222,0.005555555555555536,0.0,0.0,nan,0.0
tree,hierarchical_branching,tree,gaussian_sensory,temporal_cue_then_blank,embedding,8,reservoir_block_hybrid,,,,,6,0.9648148148148148,0.006029192813370254,0.0,0.0,nan,0.0
tree,hierarchical_branching,tree,gaussian_sensory,temporal_cue_then_blank,embedding,8,reservoir_diagonal,,,,,6,0.9666666666666667,0.0049690399499995146,0.0,0.0,nan,0.0
tree,hierarchical_branching,tree,gaussian_sensory,temporal_cue_then_blank,embedding,8,reservoir_low_rank,,,,,6,0.9666666666666667,0.004057204129667883,0.0,0.0,nan,0.0
tree,hierarchical_branching,tree,gaussian_sensory,temporal_cue_then_blank,embedding,8,reservoir_nilpotent,,,,,6,0.9666666666666667,0.0049690399499995146,0.008333333333333333,0.008333333333333335,nan,0.0
tree,hierarchical_branching,tree,gaussian_sensory,temporal_cue_then_blank,embedding,8,reservoir_orthogonal,,,,,6,0.9666666666666667,0.0049690399499995146,0.0,0.0,nan,0.0
tree,hierarchical_branching,tree,gaussian_sensory,temporal_cue_then_blank,embedding,8,reservoir_oscillatory,,,,,6,0.9666666666666667,0.0049690399499995146,0.0,0.0,nan,0.0
tree,hierarchical_branching,tree,gaussian_sensory,temporal_cue_then_blank,embedding,8,reservoir_random,,,,,6,0.9666666666666667,0.0049690399499995146,0.0,0.0,nan,0.0
tree,hierarchical_branching,tree,gaussian_sensory,temporal_cue_then_blank,embedding,8,reservoir_sparse,,,,,6,0.9666666666666667,0.0049690399499995146,0.0,0.0,nan,0.0
tree,hierarchical_branching,tree,gaussian_sensory,temporal_cue_then_blank,embedding,8,reservoir_symmetric,,,,,6,0.9666666666666667,0.0049690399499995146,0.0,0.0,nan,0.0
tree,hierarchical_branching,tree,gaussian_sensory,temporal_cue_then_blank,none,0,lin_block_r1_l2,1,2,2,independent_blocks,2,0.9666666666666667,0.011111111111111072,nan,0.0,nan,0.0
tree,hierarchical_branching,tree,gaussian_sensory,temporal_cue_then_blank,none,0,lin_block_r1_l4,1,4,4,independent_blocks,2,0.9666666666666667,0.011111111111111072,nan,0.0,nan,0.0
tree,hierarchical_branching,tree,gaussian_sensory,temporal_cue_then_blank,none,0,lin_block_r1_l8,1,8,8,independent_blocks,2,0.9666666666666667,0.011111111111111072,nan,0.0,nan,0.0
tree,hierarchical_branching,tree,gaussian_sensory,temporal_cue_then_blank,none,0,lin_block_r3_l2,3,2,4,independent_blocks,2,0.9666666666666667,0.011111111111111072,nan,0.0,nan,0.0
tree,hierarchical_branching,tree,gaussian_sensory,temporal_cue_then_blank,none,0,lin_block_r3_l4,3,4,6,independent_blocks,2,0.9666666666666667,0.011111111111111072,nan,0.0,nan,0.0
tree,hierarchical_branching,tree,gaussian_sensory,temporal_cue_then_blank,none,0,lin_block_r3_l8,3,8,10,independent_blocks,2,0.9666666666666667,0.011111111111111072,nan,0.0,nan,0.0
tree,hierarchical_branching,tree,gaussian_sensory,temporal_cue_then_blank,none,0,lin_block_r5_l2,5,2,6,independent_blocks,2,0.9666666666666667,0.011111111111111072,nan,0.0,nan,0.0
tree,hierarchical_branching,tree,gaussian_sensory,temporal_cue_then_blank,none,0,lin_block_r5_l4,5,4,8,independent_blocks,2,0.9666666666666667,0.011111111111111072,nan,0.0,nan,0.0
tree,hierarchical_branching,tree,gaussian_sensory,temporal_cue_then_blank,none,0,lin_block_r5_l8,5,8,12,independent_blocks,2,0.9666666666666667,0.011111111111111072,nan,0.0,nan,0.0
tree,hierarchical_branching,tree,gaussian_sensory,temporal_cue_then_blank,none,0,lin_sequence_all_units_r3_l4,3,4,6,all_units,6,0.9444444444444445,0.014907119849998596,0.0,0.0,nan,0.0
tree,hierarchical_branching,tree,gaussian_sensory,temporal_cue_then_blank,none,0,lin_sequence_front_bands_r1_l2,1,2,2,front_bands,6,0.9462962962962963,0.014176043858521949,0.0,0.0,nan,0.0
tree,hierarchical_branching,tree,gaussian_sensory,temporal_cue_then_blank,none,0,lin_sequence_front_bands_r1_l4,1,4,4,front_bands,6,0.9462962962962963,0.014176043858521949,0.0,0.0,nan,0.0
tree,hierarchical_branching,tree,gaussian_sensory,temporal_cue_then_blank,none,0,lin_sequence_front_bands_r1_l8,1,8,8,front_bands,6,0.9685185185185184,0.004459849843997131,0.0,0.0,nan,0.0
tree,hierarchical_branching,tree,gaussian_sensory,temporal_cue_then_blank,none,0,lin_sequence_front_bands_r3_l2,3,2,4,front_bands,6,0.938888888888889,0.012749566280043333,0.0,0.0,nan,0.0
tree,hierarchical_branching,tree,gaussian_sensory,temporal_cue_then_blank,none,0,lin_sequence_front_bands_r3_l4,3,4,6,front_bands,6,0.9425925925925926,0.012311681584144191,0.0,0.0,nan,0.0
tree,hierarchical_branching,tree,gaussian_sensory,temporal_cue_then_blank,none,0,lin_sequence_front_bands_r3_l8,3,8,10,front_bands,6,0.9592592592592593,0.008919699687994284,0.0,0.0,nan,0.0
tree,hierarchical_branching,tree,gaussian_sensory,temporal_cue_then_blank,none,0,lin_sequence_front_bands_r5_l2,5,2,6,front_bands,6,0.9555555555555556,0.011475506210984934,0.0,0.0,nan,0.0
tree,hierarchical_branching,tree,gaussian_sensory,temporal_cue_then_blank,none,0,lin_sequence_front_bands_r5_l4,5,4,8,front_bands,6,0.9444444444444445,0.014907119849998596,0.05000000000000001,0.01825741858350554,nan,0.0
tree,hierarchical_branching,tree,gaussian_sensory,temporal_cue_then_blank,none,0,lin_sequence_front_bands_r5_l8,5,8,12,front_bands,6,0.9648148148148148,0.007267191433462429,0.008333333333333333,0.008333333333333335,nan,0.0
tree,hierarchical_branching,tree,gaussian_sensory,temporal_cue_then_blank,none,0,memoryless_linear,,,,,2,0.9666666666666667,0.011111111111111072,0.0,0.0,nan,0.0
tree,hierarchical_branching,tree,gaussian_sensory,temporal_cue_then_blank,none,0,memoryless_mlp,,,,,2,0.9666666666666667,0.011111111111111072,0.0,0.0,nan,0.0
tree,hierarchical_branching,tree,gaussian_sensory,temporal_cue_then_blank,none,0,numpy_rnn,,,,,2,0.9722222222222222,0.005555555555555536,0.0,0.0,nan,0.0
tree,hierarchical_branching,tree,gaussian_sensory,temporal_cue_then_blank,none,0,reservoir_block_hybrid,,,,,6,0.9444444444444445,0.013456223795988848,0.0,0.0,nan,0.0
tree,hierarchical_branching,tree,gaussian_sensory,temporal_cue_then_blank,none,0,reservoir_diagonal,,,,,6,0.9666666666666667,0.005737753105492464,0.0,0.0,nan,0.0
tree,hierarchical_branching,tree,gaussian_sensory,temporal_cue_then_blank,none,0,reservoir_low_rank,,,,,6,0.9481481481481482,0.013658584381174645,0.0,0.0,nan,0.0
tree,hierarchical_branching,tree,gaussian_sensory,temporal_cue_then_blank,none,0,reservoir_nilpotent,,,,,6,0.9462962962962963,0.012641517159908147,0.008333333333333333,0.008333333333333335,nan,0.0
tree,hierarchical_branching,tree,gaussian_sensory,temporal_cue_then_blank,none,0,reservoir_orthogonal,,,,,6,0.9481481481481482,0.013658584381174645,0.016666666666666666,0.01666666666666667,nan,0.0
tree,hierarchical_branching,tree,gaussian_sensory,temporal_cue_then_blank,none,0,reservoir_oscillatory,,,,,6,0.9444444444444445,0.014907119849998596,0.0,0.0,nan,0.0
tree,hierarchical_branching,tree,gaussian_sensory,temporal_cue_then_blank,none,0,reservoir_random,,,,,6,0.9296296296296297,0.010605793380204707,0.0,0.0,nan,0.0
tree,hierarchical_branching,tree,gaussian_sensory,temporal_cue_then_blank,none,0,reservoir_sparse,,,,,6,0.9425925925925926,0.014176043858521954,0.0,0.0,nan,0.0
tree,hierarchical_branching,tree,gaussian_sensory,temporal_cue_then_blank,none,0,reservoir_symmetric,,,,,6,0.9481481481481482,0.013658584381174645,0.0,0.0,nan,0.0
tree,hierarchical_branching,tree,gaussian_sensory,temporal_cue_then_blank,one_hot,0,lin_block_r1_l2,1,2,2,independent_blocks,2,0.9666666666666667,0.011111111111111072,nan,0.0,nan,0.0
tree,hierarchical_branching,tree,gaussian_sensory,temporal_cue_then_blank,one_hot,0,lin_block_r1_l4,1,4,4,independent_blocks,2,0.9666666666666667,0.011111111111111072,nan,0.0,nan,0.0
tree,hierarchical_branching,tree,gaussian_sensory,temporal_cue_then_blank,one_hot,0,lin_block_r1_l8,1,8,8,independent_blocks,2,0.9666666666666667,0.011111111111111072,nan,0.0,nan,0.0
tree,hierarchical_branching,tree,gaussian_sensory,temporal_cue_then_blank,one_hot,0,lin_block_r3_l2,3,2,4,independent_blocks,2,0.9666666666666667,0.011111111111111072,nan,0.0,nan,0.0
tree,hierarchical_branching,tree,gaussian_sensory,temporal_cue_then_blank,one_hot,0,lin_block_r3_l4,3,4,6,independent_blocks,2,0.9666666666666667,0.011111111111111072,nan,0.0,nan,0.0
tree,hierarchical_branching,tree,gaussian_sensory,temporal_cue_then_blank,one_hot,0,lin_block_r3_l8,3,8,10,independent_blocks,2,0.9666666666666667,0.011111111111111072,nan,0.0,nan,0.0
tree,hierarchical_branching,tree,gaussian_sensory,temporal_cue_then_blank,one_hot,0,lin_block_r5_l2,5,2,6,independent_blocks,2,0.9666666666666667,0.011111111111111072,nan,0.0,nan,0.0
tree,hierarchical_branching,tree,gaussian_sensory,temporal_cue_then_blank,one_hot,0,lin_block_r5_l4,5,4,8,independent_blocks,2,0.9666666666666667,0.011111111111111072,nan,0.0,nan,0.0
tree,hierarchical_branching,tree,gaussian_sensory,temporal_cue_then_blank,one_hot,0,lin_block_r5_l8,5,8,12,independent_blocks,2,0.9666666666666667,0.011111111111111072,nan,0.0,nan,0.0
tree,hierarchical_branching,tree,gaussian_sensory,temporal_cue_then_blank,one_hot,0,lin_sequence_all_units_r3_l4,3,4,6,all_units,6,0.9666666666666667,0.0049690399499995146,0.0,0.0,nan,0.0
tree,hierarchical_branching,tree,gaussian_sensory,temporal_cue_then_blank,one_hot,0,lin_sequence_front_bands_r1_l2,1,2,2,front_bands,6,0.9500000000000001,0.011385500851066217,0.008333333333333333,0.008333333333333335,nan,0.0
tree,hierarchical_branching,tree,gaussian_sensory,temporal_cue_then_blank,one_hot,0,lin_sequence_front_bands_r1_l4,1,4,4,front_bands,6,0.9666666666666667,0.0049690399499995146,0.0,0.0,nan,0.0
tree,hierarchical_branching,tree,gaussian_sensory,temporal_cue_then_blank,one_hot,0,lin_sequence_front_bands_r1_l8,1,8,8,front_bands,6,0.9703703703703703,0.0037037037037036913,0.025000000000000005,0.01118033988749895,nan,0.0
tree,hierarchical_branching,tree,gaussian_sensory,temporal_cue_then_blank,one_hot,0,lin_sequence_front_bands_r3_l2,3,2,4,front_bands,6,0.9648148148148148,0.006029192813370254,0.0,0.0,nan,0.0
tree,hierarchical_branching,tree,gaussian_sensory,temporal_cue_then_blank,one_hot,0,lin_sequence_front_bands_r3_l4,3,4,6,front_bands,6,0.9666666666666667,0.0049690399499995146,0.049999999999999996,0.05,nan,0.0
tree,hierarchical_branching,tree,gaussian_sensory,temporal_cue_then_blank,one_hot,0,lin_sequence_front_bands_r3_l8,3,8,10,front_bands,6,0.9666666666666667,0.0049690399499995146,0.0,0.0,nan,0.0
tree,hierarchical_branching,tree,gaussian_sensory,temporal_cue_then_blank,one_hot,0,lin_sequence_front_bands_r5_l2,5,2,6,front_bands,6,0.9666666666666667,0.0049690399499995146,0.0,0.0,nan,0.0
tree,hierarchical_branching,tree,gaussian_sensory,temporal_cue_then_blank,one_hot,0,lin_sequence_front_bands_r5_l4,5,4,8,front_bands,6,0.9666666666666667,0.0049690399499995146,0.0,0.0,nan,0.0
tree,hierarchical_branching,tree,gaussian_sensory,temporal_cue_then_blank,one_hot,0,lin_sequence_front_bands_r5_l8,5,8,12,front_bands,6,0.9703703703703703,0.0037037037037036913,0.0,0.0,nan,0.0
tree,hierarchical_branching,tree,gaussian_sensory,temporal_cue_then_blank,one_hot,0,memoryless_linear,,,,,2,0.9666666666666667,0.011111111111111072,0.0,0.0,nan,0.0
tree,hierarchical_branching,tree,gaussian_sensory,temporal_cue_then_blank,one_hot,0,memoryless_mlp,,,,,2,0.9666666666666667,0.011111111111111072,0.0,0.0,nan,0.0
tree,hierarchical_branching,tree,gaussian_sensory,temporal_cue_then_blank,one_hot,0,numpy_rnn,,,,,2,0.9722222222222222,0.005555555555555536,0.0,0.0,nan,0.0
tree,hierarchical_branching,tree,gaussian_sensory,temporal_cue_then_blank,one_hot,0,reservoir_block_hybrid,,,,,6,0.9685185185185184,0.004459849843997131,0.0,0.0,nan,0.0
tree,hierarchical_branching,tree,gaussian_sensory,temporal_cue_then_blank,one_hot,0,reservoir_diagonal,,,,,6,0.9685185185185184,0.004459849843997131,0.0,0.0,nan,0.0
tree,hierarchical_branching,tree,gaussian_sensory,temporal_cue_then_blank,one_hot,0,reservoir_low_rank,,,,,6,0.9666666666666667,0.0049690399499995146,0.0,0.0,nan,0.0
tree,hierarchical_branching,tree,gaussian_sensory,temporal_cue_then_blank,one_hot,0,reservoir_nilpotent,,,,,6,0.9666666666666667,0.0049690399499995146,0.0,0.0,nan,0.0
tree,hierarchical_branching,tree,gaussian_sensory,temporal_cue_then_blank,one_hot,0,reservoir_orthogonal,,,,,6,0.9666666666666667,0.0049690399499995146,0.0,0.0,nan,0.0
tree,hierarchical_branching,tree,gaussian_sensory,temporal_cue_then_blank,one_hot,0,reservoir_oscillatory,,,,,6,0.9666666666666667,0.0049690399499995146,0.0,0.0,nan,0.0
tree,hierarchical_branching,tree,gaussian_sensory,temporal_cue_then_blank,one_hot,0,reservoir_random,,,,,6,0.9666666666666667,0.0049690399499995146,0.0,0.0,nan,0.0
tree,hierarchical_branching,tree,gaussian_sensory,temporal_cue_then_blank,one_hot,0,reservoir_sparse,,,,,6,0.9666666666666667,0.0049690399499995146,0.0,0.0,nan,0.0
tree,hierarchical_branching,tree,gaussian_sensory,temporal_cue_then_blank,one_hot,0,reservoir_symmetric,,,,,6,0.9666666666666667,0.0049690399499995146,0.0,0.0,nan,0.0
tree,hierarchical_branching,tree,gaussian_sensory,temporal_dropout,embedding,8,lin_block_r1_l2,1,2,2,independent_blocks,2,0.9722222222222222,0.005555555555555536,nan,0.0,nan,0.0
tree,hierarchical_branching,tree,gaussian_sensory,temporal_dropout,embedding,8,lin_block_r1_l4,1,4,4,independent_blocks,2,0.9611111111111111,0.005555555555555536,nan,0.0,nan,0.0
tree,hierarchical_branching,tree,gaussian_sensory,temporal_dropout,embedding,8,lin_block_r1_l8,1,8,8,independent_blocks,2,0.9611111111111111,0.005555555555555536,nan,0.0,nan,0.0
tree,hierarchical_branching,tree,gaussian_sensory,temporal_dropout,embedding,8,lin_block_r3_l2,3,2,4,independent_blocks,2,0.9611111111111111,0.005555555555555536,nan,0.0,nan,0.0
tree,hierarchical_branching,tree,gaussian_sensory,temporal_dropout,embedding,8,lin_block_r3_l4,3,4,6,independent_blocks,2,0.9611111111111111,0.005555555555555536,nan,0.0,nan,0.0
tree,hierarchical_branching,tree,gaussian_sensory,temporal_dropout,embedding,8,lin_block_r3_l8,3,8,10,independent_blocks,2,0.9611111111111111,0.005555555555555536,nan,0.0,nan,0.0
tree,hierarchical_branching,tree,gaussian_sensory,temporal_dropout,embedding,8,lin_block_r5_l2,5,2,6,independent_blocks,2,0.9611111111111111,0.005555555555555536,nan,0.0,nan,0.0
tree,hierarchical_branching,tree,gaussian_sensory,temporal_dropout,embedding,8,lin_block_r5_l4,5,4,8,independent_blocks,2,0.9611111111111111,0.005555555555555536,nan,0.0,nan,0.0
tree,hierarchical_branching,tree,gaussian_sensory,temporal_dropout,embedding,8,lin_block_r5_l8,5,8,12,independent_blocks,2,0.9611111111111111,0.005555555555555536,nan,0.0,nan,0.0
tree,hierarchical_branching,tree,gaussian_sensory,temporal_dropout,embedding,8,lin_sequence_all_units_r3_l4,3,4,6,all_units,6,0.9722222222222222,0.0024845199749997573,0.0,0.0,nan,0.0
tree,hierarchical_branching,tree,gaussian_sensory,temporal_dropout,embedding,8,lin_sequence_front_bands_r1_l2,1,2,2,front_bands,6,0.9722222222222222,0.0024845199749997573,0.0,0.0,nan,0.0
tree,hierarchical_branching,tree,gaussian_sensory,temporal_dropout,embedding,8,lin_sequence_front_bands_r1_l4,1,4,4,front_bands,6,0.9685185185185184,0.0018518518518518456,0.008333333333333333,0.008333333333333335,nan,0.0
tree,hierarchical_branching,tree,gaussian_sensory,temporal_dropout,embedding,8,lin_sequence_front_bands_r1_l8,1,8,8,front_bands,6,0.9722222222222222,0.0024845199749997573,0.0,0.0,nan,0.0
tree,hierarchical_branching,tree,gaussian_sensory,temporal_dropout,embedding,8,lin_sequence_front_bands_r3_l2,3,2,4,front_bands,6,0.9703703703703703,0.0037037037037036913,0.0,0.0,nan,0.0
tree,hierarchical_branching,tree,gaussian_sensory,temporal_dropout,embedding,8,lin_sequence_front_bands_r3_l4,3,4,6,front_bands,6,0.9722222222222222,0.0024845199749997573,0.0,0.0,nan,0.0
tree,hierarchical_branching,tree,gaussian_sensory,temporal_dropout,embedding,8,lin_sequence_front_bands_r3_l8,3,8,10,front_bands,6,0.9722222222222222,0.0024845199749997573,0.0,0.0,nan,0.0
tree,hierarchical_branching,tree,gaussian_sensory,temporal_dropout,embedding,8,lin_sequence_front_bands_r5_l2,5,2,6,front_bands,6,0.9722222222222222,0.0024845199749997573,0.0,0.0,nan,0.0
tree,hierarchical_branching,tree,gaussian_sensory,temporal_dropout,embedding,8,lin_sequence_front_bands_r5_l4,5,4,8,front_bands,6,0.9722222222222222,0.0024845199749997573,0.0,0.0,nan,0.0
tree,hierarchical_branching,tree,gaussian_sensory,temporal_dropout,embedding,8,lin_sequence_front_bands_r5_l8,5,8,12,front_bands,6,0.9722222222222222,0.0024845199749997573,0.0,0.0,nan,0.0
tree,hierarchical_branching,tree,gaussian_sensory,temporal_dropout,embedding,8,memoryless_linear,,,,,2,0.9722222222222222,0.005555555555555536,0.0,0.0,nan,0.0
tree,hierarchical_branching,tree,gaussian_sensory,temporal_dropout,embedding,8,memoryless_mlp,,,,,2,0.9722222222222222,0.005555555555555536,0.0,0.0,nan,0.0
tree,hierarchical_branching,tree,gaussian_sensory,temporal_dropout,embedding,8,numpy_rnn,,,,,2,0.9722222222222222,0.005555555555555536,0.0,0.0,nan,0.0
tree,hierarchical_branching,tree,gaussian_sensory,temporal_dropout,embedding,8,reservoir_block_hybrid,,,,,6,0.9722222222222222,0.0024845199749997573,0.0,0.0,nan,0.0
tree,hierarchical_branching,tree,gaussian_sensory,temporal_dropout,embedding,8,reservoir_diagonal,,,,,6,0.9722222222222222,0.0024845199749997573,0.0,0.0,nan,0.0
tree,hierarchical_branching,tree,gaussian_sensory,temporal_dropout,embedding,8,reservoir_low_rank,,,,,6,0.9722222222222222,0.0024845199749997573,0.0,0.0,nan,0.0
tree,hierarchical_branching,tree,gaussian_sensory,temporal_dropout,embedding,8,reservoir_nilpotent,,,,,6,0.9722222222222222,0.0024845199749997573,0.0,0.0,nan,0.0
tree,hierarchical_branching,tree,gaussian_sensory,temporal_dropout,embedding,8,reservoir_orthogonal,,,,,6,0.9685185185185184,0.0018518518518518456,0.0,0.0,nan,0.0
tree,hierarchical_branching,tree,gaussian_sensory,temporal_dropout,embedding,8,reservoir_oscillatory,,,,,6,0.9722222222222222,0.0024845199749997573,0.0,0.0,nan,0.0
tree,hierarchical_branching,tree,gaussian_sensory,temporal_dropout,embedding,8,reservoir_random,,,,,6,0.9722222222222222,0.0024845199749997573,0.0,0.0,nan,0.0
tree,hierarchical_branching,tree,gaussian_sensory,temporal_dropout,embedding,8,reservoir_sparse,,,,,6,0.9722222222222222,0.0024845199749997573,0.0,0.0,nan,0.0
tree,hierarchical_branching,tree,gaussian_sensory,temporal_dropout,embedding,8,reservoir_symmetric,,,,,6,0.9722222222222222,0.0024845199749997573,0.0,0.0,nan,0.0
tree,hierarchical_branching,tree,gaussian_sensory,temporal_dropout,none,0,lin_block_r1_l2,1,2,2,independent_blocks,2,0.9722222222222222,0.005555555555555536,nan,0.0,nan,0.0
tree,hierarchical_branching,tree,gaussian_sensory,temporal_dropout,none,0,lin_block_r1_l4,1,4,4,independent_blocks,2,0.9611111111111111,0.005555555555555536,nan,0.0,nan,0.0
tree,hierarchical_branching,tree,gaussian_sensory,temporal_dropout,none,0,lin_block_r1_l8,1,8,8,independent_blocks,2,0.9611111111111111,0.005555555555555536,nan,0.0,nan,0.0
tree,hierarchical_branching,tree,gaussian_sensory,temporal_dropout,none,0,lin_block_r3_l2,3,2,4,independent_blocks,2,0.9611111111111111,0.005555555555555536,nan,0.0,nan,0.0
tree,hierarchical_branching,tree,gaussian_sensory,temporal_dropout,none,0,lin_block_r3_l4,3,4,6,independent_blocks,2,0.9611111111111111,0.005555555555555536,nan,0.0,nan,0.0
tree,hierarchical_branching,tree,gaussian_sensory,temporal_dropout,none,0,lin_block_r3_l8,3,8,10,independent_blocks,2,0.9611111111111111,0.005555555555555536,nan,0.0,nan,0.0
tree,hierarchical_branching,tree,gaussian_sensory,temporal_dropout,none,0,lin_block_r5_l2,5,2,6,independent_blocks,2,0.9611111111111111,0.005555555555555536,nan,0.0,nan,0.0
tree,hierarchical_branching,tree,gaussian_sensory,temporal_dropout,none,0,lin_block_r5_l4,5,4,8,independent_blocks,2,0.9611111111111111,0.005555555555555536,nan,0.0,nan,0.0
tree,hierarchical_branching,tree,gaussian_sensory,temporal_dropout,none,0,lin_block_r5_l8,5,8,12,independent_blocks,2,0.9611111111111111,0.005555555555555536,nan,0.0,nan,0.0
tree,hierarchical_branching,tree,gaussian_sensory,temporal_dropout,none,0,lin_sequence_all_units_r3_l4,3,4,6,all_units,6,0.9703703703703703,0.0023424278964210136,0.0,0.0,nan,0.0
tree,hierarchical_branching,tree,gaussian_sensory,temporal_dropout,none,0,lin_sequence_front_bands_r1_l2,1,2,2,front_bands,6,0.9722222222222222,0.0024845199749997573,0.0,0.0,nan,0.0
tree,hierarchical_branching,tree,gaussian_sensory,temporal_dropout,none,0,lin_sequence_front_bands_r1_l4,1,4,4,front_bands,6,0.9722222222222222,0.0024845199749997573,0.0,0.0,nan,0.0
tree,hierarchical_branching,tree,gaussian_sensory,temporal_dropout,none,0,lin_sequence_front_bands_r1_l8,1,8,8,front_bands,6,0.9722222222222222,0.0024845199749997573,0.0,0.0,nan,0.0
tree,hierarchical_branching,tree,gaussian_sensory,temporal_dropout,none,0,lin_sequence_front_bands_r3_l2,3,2,4,front_bands,6,0.9722222222222222,0.0024845199749997573,0.0,0.0,nan,0.0
tree,hierarchical_branching,tree,gaussian_sensory,temporal_dropout,none,0,lin_sequence_front_bands_r3_l4,3,4,6,front_bands,6,0.9722222222222222,0.0024845199749997573,0.0,0.0,nan,0.0
tree,hierarchical_branching,tree,gaussian_sensory,temporal_dropout,none,0,lin_sequence_front_bands_r3_l8,3,8,10,front_bands,6,0.9722222222222222,0.0024845199749997573,0.0,0.0,nan,0.0
tree,hierarchical_branching,tree,gaussian_sensory,temporal_dropout,none,0,lin_sequence_front_bands_r5_l2,5,2,6,front_bands,6,0.9722222222222222,0.0024845199749997573,0.0,0.0,nan,0.0
tree,hierarchical_branching,tree,gaussian_sensory,temporal_dropout,none,0,lin_sequence_front_bands_r5_l4,5,4,8,front_bands,6,0.9722222222222222,0.0024845199749997573,0.0,0.0,nan,0.0
tree,hierarchical_branching,tree,gaussian_sensory,temporal_dropout,none,0,lin_sequence_front_bands_r5_l8,5,8,12,front_bands,6,0.9722222222222222,0.0024845199749997573,0.0,0.0,nan,0.0
tree,hierarchical_branching,tree,gaussian_sensory,temporal_dropout,none,0,memoryless_linear,,,,,2,0.9722222222222222,0.005555555555555536,0.0,0.0,nan,0.0
tree,hierarchical_branching,tree,gaussian_sensory,temporal_dropout,none,0,memoryless_mlp,,,,,2,0.9722222222222222,0.005555555555555536,0.0,0.0,nan,0.0
tree,hierarchical_branching,tree,gaussian_sensory,temporal_dropout,none,0,numpy_rnn,,,,,2,0.9722222222222222,0.005555555555555536,0.0,0.0,nan,0.0
tree,hierarchical_branching,tree,gaussian_sensory,temporal_dropout,none,0,reservoir_block_hybrid,,,,,6,0.9722222222222222,0.0024845199749997573,0.0,0.0,nan,0.0
tree,hierarchical_branching,tree,gaussian_sensory,temporal_dropout,none,0,reservoir_diagonal,,,,,6,0.9722222222222222,0.0024845199749997573,0.0,0.0,nan,0.0
tree,hierarchical_branching,tree,gaussian_sensory,temporal_dropout,none,0,reservoir_low_rank,,,,,6,0.9703703703703703,0.0023424278964210136,0.0,0.0,nan,0.0
tree,hierarchical_branching,tree,gaussian_sensory,temporal_dropout,none,0,reservoir_nilpotent,,,,,6,0.9722222222222222,0.0024845199749997573,0.0,0.0,nan,0.0
tree,hierarchical_branching,tree,gaussian_sensory,temporal_dropout,none,0,reservoir_orthogonal,,,,,6,0.9722222222222222,0.0024845199749997573,0.0,0.0,nan,0.0
tree,hierarchical_branching,tree,gaussian_sensory,temporal_dropout,none,0,reservoir_oscillatory,,,,,6,0.9722222222222222,0.0024845199749997573,0.0,0.0,nan,0.0
tree,hierarchical_branching,tree,gaussian_sensory,temporal_dropout,none,0,reservoir_random,,,,,6,0.9722222222222222,0.0024845199749997573,0.0,0.0,nan,0.0
tree,hierarchical_branching,tree,gaussian_sensory,temporal_dropout,none,0,reservoir_sparse,,,,,6,0.9722222222222222,0.0024845199749997573,0.0,0.0,nan,0.0
tree,hierarchical_branching,tree,gaussian_sensory,temporal_dropout,none,0,reservoir_symmetric,,,,,6,0.9722222222222222,0.0024845199749997573,0.0,0.0,nan,0.0
tree,hierarchical_branching,tree,gaussian_sensory,temporal_dropout,one_hot,0,lin_block_r1_l2,1,2,2,independent_blocks,2,0.9722222222222222,0.005555555555555536,nan,0.0,nan,0.0
tree,hierarchical_branching,tree,gaussian_sensory,temporal_dropout,one_hot,0,lin_block_r1_l4,1,4,4,independent_blocks,2,0.9611111111111111,0.005555555555555536,nan,0.0,nan,0.0
tree,hierarchical_branching,tree,gaussian_sensory,temporal_dropout,one_hot,0,lin_block_r1_l8,1,8,8,independent_blocks,2,0.9611111111111111,0.005555555555555536,nan,0.0,nan,0.0
tree,hierarchical_branching,tree,gaussian_sensory,temporal_dropout,one_hot,0,lin_block_r3_l2,3,2,4,independent_blocks,2,0.9611111111111111,0.005555555555555536,nan,0.0,nan,0.0
tree,hierarchical_branching,tree,gaussian_sensory,temporal_dropout,one_hot,0,lin_block_r3_l4,3,4,6,independent_blocks,2,0.9611111111111111,0.005555555555555536,nan,0.0,nan,0.0
tree,hierarchical_branching,tree,gaussian_sensory,temporal_dropout,one_hot,0,lin_block_r3_l8,3,8,10,independent_blocks,2,0.9611111111111111,0.005555555555555536,nan,0.0,nan,0.0
tree,hierarchical_branching,tree,gaussian_sensory,temporal_dropout,one_hot,0,lin_block_r5_l2,5,2,6,independent_blocks,2,0.9611111111111111,0.005555555555555536,nan,0.0,nan,0.0
tree,hierarchical_branching,tree,gaussian_sensory,temporal_dropout,one_hot,0,lin_block_r5_l4,5,4,8,independent_blocks,2,0.9611111111111111,0.005555555555555536,nan,0.0,nan,0.0
tree,hierarchical_branching,tree,gaussian_sensory,temporal_dropout,one_hot,0,lin_block_r5_l8,5,8,12,independent_blocks,2,0.9611111111111111,0.005555555555555536,nan,0.0,nan,0.0
tree,hierarchical_branching,tree,gaussian_sensory,temporal_dropout,one_hot,0,lin_sequence_all_units_r3_l4,3,4,6,all_units,6,0.9722222222222222,0.0024845199749997573,0.0,0.0,nan,0.0
tree,hierarchical_branching,tree,gaussian_sensory,temporal_dropout,one_hot,0,lin_sequence_front_bands_r1_l2,1,2,2,front_bands,6,0.9685185185185184,0.004459849843997131,0.0,0.0,nan,0.0
tree,hierarchical_branching,tree,gaussian_sensory,temporal_dropout,one_hot,0,lin_sequence_front_bands_r1_l4,1,4,4,front_bands,6,0.9722222222222222,0.0024845199749997573,0.0,0.0,nan,0.0
tree,hierarchical_branching,tree,gaussian_sensory,temporal_dropout,one_hot,0,lin_sequence_front_bands_r1_l8,1,8,8,front_bands,6,0.9722222222222222,0.0024845199749997573,0.0,0.0,nan,0.0
tree,hierarchical_branching,tree,gaussian_sensory,temporal_dropout,one_hot,0,lin_sequence_front_bands_r3_l2,3,2,4,front_bands,6,0.9722222222222222,0.0024845199749997573,0.0,0.0,nan,0.0
tree,hierarchical_branching,tree,gaussian_sensory,temporal_dropout,one_hot,0,lin_sequence_front_bands_r3_l4,3,4,6,front_bands,6,0.9722222222222222,0.0024845199749997573,0.0,0.0,nan,0.0
tree,hierarchical_branching,tree,gaussian_sensory,temporal_dropout,one_hot,0,lin_sequence_front_bands_r3_l8,3,8,10,front_bands,6,0.9722222222222222,0.0024845199749997573,0.0,0.0,nan,0.0
tree,hierarchical_branching,tree,gaussian_sensory,temporal_dropout,one_hot,0,lin_sequence_front_bands_r5_l2,5,2,6,front_bands,6,0.9722222222222222,0.0024845199749997573,0.0,0.0,nan,0.0
tree,hierarchical_branching,tree,gaussian_sensory,temporal_dropout,one_hot,0,lin_sequence_front_bands_r5_l4,5,4,8,front_bands,6,0.9722222222222222,0.0024845199749997573,0.0,0.0,nan,0.0
tree,hierarchical_branching,tree,gaussian_sensory,temporal_dropout,one_hot,0,lin_sequence_front_bands_r5_l8,5,8,12,front_bands,6,0.9722222222222222,0.0024845199749997573,0.03333333333333333,0.03333333333333334,nan,0.0
tree,hierarchical_branching,tree,gaussian_sensory,temporal_dropout,one_hot,0,memoryless_linear,,,,,2,0.9722222222222222,0.005555555555555536,0.0,0.0,nan,0.0
tree,hierarchical_branching,tree,gaussian_sensory,temporal_dropout,one_hot,0,memoryless_mlp,,,,,2,0.9722222222222222,0.005555555555555536,0.0,0.0,nan,0.0
tree,hierarchical_branching,tree,gaussian_sensory,temporal_dropout,one_hot,0,numpy_rnn,,,,,2,0.9722222222222222,0.005555555555555536,0.0,0.0,nan,0.0
tree,hierarchical_branching,tree,gaussian_sensory,temporal_dropout,one_hot,0,reservoir_block_hybrid,,,,,6,0.9722222222222222,0.0024845199749997573,0.0,0.0,nan,0.0
tree,hierarchical_branching,tree,gaussian_sensory,temporal_dropout,one_hot,0,reservoir_diagonal,,,,,6,0.9722222222222222,0.0024845199749997573,0.0,0.0,nan,0.0
tree,hierarchical_branching,tree,gaussian_sensory,temporal_dropout,one_hot,0,reservoir_low_rank,,,,,6,0.9722222222222222,0.0024845199749997573,0.0,0.0,nan,0.0
tree,hierarchical_branching,tree,gaussian_sensory,temporal_dropout,one_hot,0,reservoir_nilpotent,,,,,6,0.9685185185185184,0.0018518518518518452,0.0,0.0,nan,0.0
tree,hierarchical_branching,tree,gaussian_sensory,temporal_dropout,one_hot,0,reservoir_orthogonal,,,,,6,0.9722222222222222,0.0024845199749997573,0.0,0.0,nan,0.0
tree,hierarchical_branching,tree,gaussian_sensory,temporal_dropout,one_hot,0,reservoir_oscillatory,,,,,6,0.9722222222222222,0.0024845199749997573,0.0,0.0,nan,0.0
tree,hierarchical_branching,tree,gaussian_sensory,temporal_dropout,one_hot,0,reservoir_random,,,,,6,0.9722222222222222,0.0024845199749997573,0.0,0.0,nan,0.0
tree,hierarchical_branching,tree,gaussian_sensory,temporal_dropout,one_hot,0,reservoir_sparse,,,,,6,0.9722222222222222,0.0024845199749997573,0.0,0.0,nan,0.0
tree,hierarchical_branching,tree,gaussian_sensory,temporal_dropout,one_hot,0,reservoir_symmetric,,,,,6,0.9722222222222222,0.0024845199749997573,0.0,0.0,nan,0.0
tree,hierarchical_branching,tree,gaussian_sensory,temporal_full,embedding,8,lin_block_r1_l2,1,2,2,independent_blocks,2,0.9722222222222222,0.005555555555555536,nan,0.0,nan,0.0
tree,hierarchical_branching,tree,gaussian_sensory,temporal_full,embedding,8,lin_block_r1_l4,1,4,4,independent_blocks,2,0.9611111111111111,0.005555555555555536,nan,0.0,nan,0.0
tree,hierarchical_branching,tree,gaussian_sensory,temporal_full,embedding,8,lin_block_r1_l8,1,8,8,independent_blocks,2,0.9611111111111111,0.005555555555555536,nan,0.0,nan,0.0
tree,hierarchical_branching,tree,gaussian_sensory,temporal_full,embedding,8,lin_block_r3_l2,3,2,4,independent_blocks,2,0.9666666666666667,0.011111111111111072,nan,0.0,nan,0.0
tree,hierarchical_branching,tree,gaussian_sensory,temporal_full,embedding,8,lin_block_r3_l4,3,4,6,independent_blocks,2,0.961111111111111,0.016666666666666663,nan,0.0,nan,0.0
tree,hierarchical_branching,tree,gaussian_sensory,temporal_full,embedding,8,lin_block_r3_l8,3,8,10,independent_blocks,2,0.961111111111111,0.016666666666666663,nan,0.0,nan,0.0
tree,hierarchical_branching,tree,gaussian_sensory,temporal_full,embedding,8,lin_block_r5_l2,5,2,6,independent_blocks,2,0.9666666666666667,0.011111111111111072,nan,0.0,nan,0.0
tree,hierarchical_branching,tree,gaussian_sensory,temporal_full,embedding,8,lin_block_r5_l4,5,4,8,independent_blocks,2,0.9666666666666667,0.011111111111111072,nan,0.0,nan,0.0
tree,hierarchical_branching,tree,gaussian_sensory,temporal_full,embedding,8,lin_block_r5_l8,5,8,12,independent_blocks,2,0.9666666666666667,0.011111111111111072,nan,0.0,nan,0.0
tree,hierarchical_branching,tree,gaussian_sensory,temporal_full,embedding,8,lin_sequence_all_units_r3_l4,3,4,6,all_units,6,0.9722222222222222,0.0024845199749997573,0.0,0.0,nan,0.0
tree,hierarchical_branching,tree,gaussian_sensory,temporal_full,embedding,8,lin_sequence_front_bands_r1_l2,1,2,2,front_bands,6,0.9722222222222222,0.0024845199749997573,0.0,0.0,nan,0.0
tree,hierarchical_branching,tree,gaussian_sensory,temporal_full,embedding,8,lin_sequence_front_bands_r1_l4,1,4,4,front_bands,6,0.9722222222222222,0.0024845199749997573,0.0,0.0,nan,0.0
tree,hierarchical_branching,tree,gaussian_sensory,temporal_full,embedding,8,lin_sequence_front_bands_r1_l8,1,8,8,front_bands,6,0.9722222222222222,0.0024845199749997573,0.024999999999999998,0.025,nan,0.0
tree,hierarchical_branching,tree,gaussian_sensory,temporal_full,embedding,8,lin_sequence_front_bands_r3_l2,3,2,4,front_bands,6,0.9722222222222222,0.0024845199749997573,0.0,0.0,nan,0.0
tree,hierarchical_branching,tree,gaussian_sensory,temporal_full,embedding,8,lin_sequence_front_bands_r3_l4,3,4,6,front_bands,6,0.9722222222222222,0.0024845199749997573,0.016666666666666666,0.0105409255338946,nan,0.0
tree,hierarchical_branching,tree,gaussian_sensory,temporal_full,embedding,8,lin_sequence_front_bands_r3_l8,3,8,10,front_bands,6,0.9722222222222222,0.0024845199749997573,0.008333333333333333,0.008333333333333335,nan,0.0
tree,hierarchical_branching,tree,gaussian_sensory,temporal_full,embedding,8,lin_sequence_front_bands_r5_l2,5,2,6,front_bands,6,0.9722222222222222,0.0024845199749997573,0.0,0.0,nan,0.0
tree,hierarchical_branching,tree,gaussian_sensory,temporal_full,embedding,8,lin_sequence_front_bands_r5_l4,5,4,8,front_bands,6,0.9722222222222222,0.0024845199749997573,0.0,0.0,nan,0.0
tree,hierarchical_branching,tree,gaussian_sensory,temporal_full,embedding,8,lin_sequence_front_bands_r5_l8,5,8,12,front_bands,6,0.9722222222222222,0.0024845199749997573,0.0,0.0,nan,0.0
tree,hierarchical_branching,tree,gaussian_sensory,temporal_full,embedding,8,memoryless_linear,,,,,2,0.9722222222222222,0.005555555555555536,0.0,0.0,nan,0.0
tree,hierarchical_branching,tree,gaussian_sensory,temporal_full,embedding,8,memoryless_mlp,,,,,2,0.9722222222222222,0.005555555555555536,0.0,0.0,nan,0.0
tree,hierarchical_branching,tree,gaussian_sensory,temporal_full,embedding,8,numpy_rnn,,,,,2,0.9722222222222222,0.005555555555555536,0.0,0.0,nan,0.0
tree,hierarchical_branching,tree,gaussian_sensory,temporal_full,embedding,8,reservoir_block_hybrid,,,,,6,0.9722222222222222,0.0024845199749997573,0.0,0.0,nan,0.0
tree,hierarchical_branching,tree,gaussian_sensory,temporal_full,embedding,8,reservoir_diagonal,,,,,6,0.9722222222222222,0.0024845199749997573,0.0,0.0,nan,0.0
tree,hierarchical_branching,tree,gaussian_sensory,temporal_full,embedding,8,reservoir_low_rank,,,,,6,0.9722222222222222,0.0024845199749997573,0.0,0.0,nan,0.0
tree,hierarchical_branching,tree,gaussian_sensory,temporal_full,embedding,8,reservoir_nilpotent,,,,,6,0.9722222222222222,0.0024845199749997573,0.0,0.0,nan,0.0
tree,hierarchical_branching,tree,gaussian_sensory,temporal_full,embedding,8,reservoir_orthogonal,,,,,6,0.9722222222222222,0.0024845199749997573,0.0,0.0,nan,0.0
tree,hierarchical_branching,tree,gaussian_sensory,temporal_full,embedding,8,reservoir_oscillatory,,,,,6,0.9722222222222222,0.0024845199749997573,0.0,0.0,nan,0.0
tree,hierarchical_branching,tree,gaussian_sensory,temporal_full,embedding,8,reservoir_random,,,,,6,0.9722222222222222,0.0024845199749997573,0.0,0.0,nan,0.0
tree,hierarchical_branching,tree,gaussian_sensory,temporal_full,embedding,8,reservoir_sparse,,,,,6,0.9722222222222222,0.0024845199749997573,0.0,0.0,nan,0.0
tree,hierarchical_branching,tree,gaussian_sensory,temporal_full,embedding,8,reservoir_symmetric,,,,,6,0.9722222222222222,0.0024845199749997573,0.0,0.0,nan,0.0
tree,hierarchical_branching,tree,gaussian_sensory,temporal_full,none,0,lin_block_r1_l2,1,2,2,independent_blocks,2,0.9722222222222222,0.005555555555555536,nan,0.0,nan,0.0
tree,hierarchical_branching,tree,gaussian_sensory,temporal_full,none,0,lin_block_r1_l4,1,4,4,independent_blocks,2,0.9611111111111111,0.005555555555555536,nan,0.0,nan,0.0
tree,hierarchical_branching,tree,gaussian_sensory,temporal_full,none,0,lin_block_r1_l8,1,8,8,independent_blocks,2,0.9611111111111111,0.005555555555555536,nan,0.0,nan,0.0
tree,hierarchical_branching,tree,gaussian_sensory,temporal_full,none,0,lin_block_r3_l2,3,2,4,independent_blocks,2,0.9666666666666667,0.011111111111111072,nan,0.0,nan,0.0
tree,hierarchical_branching,tree,gaussian_sensory,temporal_full,none,0,lin_block_r3_l4,3,4,6,independent_blocks,2,0.9666666666666667,0.011111111111111072,nan,0.0,nan,0.0
tree,hierarchical_branching,tree,gaussian_sensory,temporal_full,none,0,lin_block_r3_l8,3,8,10,independent_blocks,2,0.9666666666666667,0.011111111111111072,nan,0.0,nan,0.0
tree,hierarchical_branching,tree,gaussian_sensory,temporal_full,none,0,lin_block_r5_l2,5,2,6,independent_blocks,2,0.9611111111111111,0.005555555555555536,nan,0.0,nan,0.0
tree,hierarchical_branching,tree,gaussian_sensory,temporal_full,none,0,lin_block_r5_l4,5,4,8,independent_blocks,2,0.9611111111111111,0.005555555555555536,nan,0.0,nan,0.0
tree,hierarchical_branching,tree,gaussian_sensory,temporal_full,none,0,lin_block_r5_l8,5,8,12,independent_blocks,2,0.9611111111111111,0.005555555555555536,nan,0.0,nan,0.0
tree,hierarchical_branching,tree,gaussian_sensory,temporal_full,none,0,lin_sequence_all_units_r3_l4,3,4,6,all_units,6,0.9722222222222222,0.0024845199749997573,0.0,0.0,nan,0.0
tree,hierarchical_branching,tree,gaussian_sensory,temporal_full,none,0,lin_sequence_front_bands_r1_l2,1,2,2,front_bands,6,0.9722222222222222,0.0024845199749997573,0.0,0.0,nan,0.0
tree,hierarchical_branching,tree,gaussian_sensory,temporal_full,none,0,lin_sequence_front_bands_r1_l4,1,4,4,front_bands,6,0.9722222222222222,0.0024845199749997573,0.0,0.0,nan,0.0
tree,hierarchical_branching,tree,gaussian_sensory,temporal_full,none,0,lin_sequence_front_bands_r1_l8,1,8,8,front_bands,6,0.9722222222222222,0.0024845199749997573,0.008333333333333333,0.008333333333333335,nan,0.0
tree,hierarchical_branching,tree,gaussian_sensory,temporal_full,none,0,lin_sequence_front_bands_r3_l2,3,2,4,front_bands,6,0.9722222222222222,0.0024845199749997573,0.0,0.0,nan,0.0
tree,hierarchical_branching,tree,gaussian_sensory,temporal_full,none,0,lin_sequence_front_bands_r3_l4,3,4,6,front_bands,6,0.9722222222222222,0.0024845199749997573,0.0,0.0,nan,0.0
tree,hierarchical_branching,tree,gaussian_sensory,temporal_full,none,0,lin_sequence_front_bands_r3_l8,3,8,10,front_bands,6,0.9722222222222222,0.0024845199749997573,0.0,0.0,nan,0.0
tree,hierarchical_branching,tree,gaussian_sensory,temporal_full,none,0,lin_sequence_front_bands_r5_l2,5,2,6,front_bands,6,0.9722222222222222,0.0024845199749997573,0.0,0.0,nan,0.0
tree,hierarchical_branching,tree,gaussian_sensory,temporal_full,none,0,lin_sequence_front_bands_r5_l4,5,4,8,front_bands,6,0.9722222222222222,0.0024845199749997573,0.0,0.0,nan,0.0
tree,hierarchical_branching,tree,gaussian_sensory,temporal_full,none,0,lin_sequence_front_bands_r5_l8,5,8,12,front_bands,6,0.9722222222222222,0.0024845199749997573,0.008333333333333333,0.008333333333333335,nan,0.0
tree,hierarchical_branching,tree,gaussian_sensory,temporal_full,none,0,memoryless_linear,,,,,2,0.9722222222222222,0.005555555555555536,0.0,0.0,nan,0.0
tree,hierarchical_branching,tree,gaussian_sensory,temporal_full,none,0,memoryless_mlp,,,,,2,0.9722222222222222,0.005555555555555536,0.0,0.0,nan,0.0
tree,hierarchical_branching,tree,gaussian_sensory,temporal_full,none,0,numpy_rnn,,,,,2,0.9722222222222222,0.005555555555555536,0.0,0.0,nan,0.0
tree,hierarchical_branching,tree,gaussian_sensory,temporal_full,none,0,reservoir_block_hybrid,,,,,6,0.9722222222222222,0.0024845199749997573,0.0,0.0,nan,0.0
tree,hierarchical_branching,tree,gaussian_sensory,temporal_full,none,0,reservoir_diagonal,,,,,6,0.9722222222222222,0.0024845199749997573,0.0,0.0,nan,0.0
tree,hierarchical_branching,tree,gaussian_sensory,temporal_full,none,0,reservoir_low_rank,,,,,6,0.9722222222222222,0.0024845199749997573,0.0,0.0,nan,0.0
tree,hierarchical_branching,tree,gaussian_sensory,temporal_full,none,0,reservoir_nilpotent,,,,,6,0.9722222222222222,0.0024845199749997573,0.0,0.0,nan,0.0
tree,hierarchical_branching,tree,gaussian_sensory,temporal_full,none,0,reservoir_orthogonal,,,,,6,0.9722222222222222,0.0024845199749997573,0.0,0.0,nan,0.0
tree,hierarchical_branching,tree,gaussian_sensory,temporal_full,none,0,reservoir_oscillatory,,,,,6,0.9722222222222222,0.0024845199749997573,0.0,0.0,nan,0.0
tree,hierarchical_branching,tree,gaussian_sensory,temporal_full,none,0,reservoir_random,,,,,6,0.9722222222222222,0.0024845199749997573,0.0,0.0,nan,0.0
tree,hierarchical_branching,tree,gaussian_sensory,temporal_full,none,0,reservoir_sparse,,,,,6,0.9722222222222222,0.0024845199749997573,0.0,0.0,nan,0.0
tree,hierarchical_branching,tree,gaussian_sensory,temporal_full,none,0,reservoir_symmetric,,,,,6,0.9722222222222222,0.0024845199749997573,0.0,0.0,nan,0.0
tree,hierarchical_branching,tree,gaussian_sensory,temporal_full,one_hot,0,lin_block_r1_l2,1,2,2,independent_blocks,2,0.9722222222222222,0.005555555555555536,nan,0.0,nan,0.0
tree,hierarchical_branching,tree,gaussian_sensory,temporal_full,one_hot,0,lin_block_r1_l4,1,4,4,independent_blocks,2,0.9611111111111111,0.005555555555555536,nan,0.0,nan,0.0
tree,hierarchical_branching,tree,gaussian_sensory,temporal_full,one_hot,0,lin_block_r1_l8,1,8,8,independent_blocks,2,0.9611111111111111,0.005555555555555536,nan,0.0,nan,0.0
tree,hierarchical_branching,tree,gaussian_sensory,temporal_full,one_hot,0,lin_block_r3_l2,3,2,4,independent_blocks,2,0.9666666666666667,0.011111111111111072,nan,0.0,nan,0.0
tree,hierarchical_branching,tree,gaussian_sensory,temporal_full,one_hot,0,lin_block_r3_l4,3,4,6,independent_blocks,2,0.9666666666666667,0.011111111111111072,nan,0.0,nan,0.0
tree,hierarchical_branching,tree,gaussian_sensory,temporal_full,one_hot,0,lin_block_r3_l8,3,8,10,independent_blocks,2,0.9666666666666667,0.011111111111111072,nan,0.0,nan,0.0
tree,hierarchical_branching,tree,gaussian_sensory,temporal_full,one_hot,0,lin_block_r5_l2,5,2,6,independent_blocks,2,0.9611111111111111,0.005555555555555536,nan,0.0,nan,0.0
tree,hierarchical_branching,tree,gaussian_sensory,temporal_full,one_hot,0,lin_block_r5_l4,5,4,8,independent_blocks,2,0.9666666666666667,0.011111111111111072,nan,0.0,nan,0.0
tree,hierarchical_branching,tree,gaussian_sensory,temporal_full,one_hot,0,lin_block_r5_l8,5,8,12,independent_blocks,2,0.9666666666666667,0.011111111111111072,nan,0.0,nan,0.0
tree,hierarchical_branching,tree,gaussian_sensory,temporal_full,one_hot,0,lin_sequence_all_units_r3_l4,3,4,6,all_units,6,0.9722222222222222,0.0024845199749997573,0.0,0.0,nan,0.0
tree,hierarchical_branching,tree,gaussian_sensory,temporal_full,one_hot,0,lin_sequence_front_bands_r1_l2,1,2,2,front_bands,6,0.9703703703703703,0.0037037037037036913,0.0,0.0,nan,0.0
tree,hierarchical_branching,tree,gaussian_sensory,temporal_full,one_hot,0,lin_sequence_front_bands_r1_l4,1,4,4,front_bands,6,0.9722222222222222,0.0024845199749997573,0.0,0.0,nan,0.0
tree,hierarchical_branching,tree,gaussian_sensory,temporal_full,one_hot,0,lin_sequence_front_bands_r1_l8,1,8,8,front_bands,6,0.9722222222222222,0.0024845199749997573,0.0,0.0,nan,0.0
tree,hierarchical_branching,tree,gaussian_sensory,temporal_full,one_hot,0,lin_sequence_front_bands_r3_l2,3,2,4,front_bands,6,0.9722222222222222,0.0024845199749997573,0.0,0.0,nan,0.0
tree,hierarchical_branching,tree,gaussian_sensory,temporal_full,one_hot,0,lin_sequence_front_bands_r3_l4,3,4,6,front_bands,6,0.9722222222222222,0.0024845199749997573,0.0,0.0,nan,0.0
tree,hierarchical_branching,tree,gaussian_sensory,temporal_full,one_hot,0,lin_sequence_front_bands_r3_l8,3,8,10,front_bands,6,0.9722222222222222,0.0024845199749997573,0.008333333333333333,0.008333333333333335,nan,0.0
tree,hierarchical_branching,tree,gaussian_sensory,temporal_full,one_hot,0,lin_sequence_front_bands_r5_l2,5,2,6,front_bands,6,0.9722222222222222,0.0024845199749997573,0.0,0.0,nan,0.0
tree,hierarchical_branching,tree,gaussian_sensory,temporal_full,one_hot,0,lin_sequence_front_bands_r5_l4,5,4,8,front_bands,6,0.9703703703703703,0.0023424278964210136,0.0,0.0,nan,0.0
tree,hierarchical_branching,tree,gaussian_sensory,temporal_full,one_hot,0,lin_sequence_front_bands_r5_l8,5,8,12,front_bands,6,0.9722222222222222,0.0024845199749997573,0.0,0.0,nan,0.0
tree,hierarchical_branching,tree,gaussian_sensory,temporal_full,one_hot,0,memoryless_linear,,,,,2,0.9722222222222222,0.005555555555555536,0.0,0.0,nan,0.0
tree,hierarchical_branching,tree,gaussian_sensory,temporal_full,one_hot,0,memoryless_mlp,,,,,2,0.9722222222222222,0.005555555555555536,0.0,0.0,nan,0.0
tree,hierarchical_branching,tree,gaussian_sensory,temporal_full,one_hot,0,numpy_rnn,,,,,2,0.9722222222222222,0.005555555555555536,0.0,0.0,nan,0.0
tree,hierarchical_branching,tree,gaussian_sensory,temporal_full,one_hot,0,reservoir_block_hybrid,,,,,6,0.9722222222222222,0.0024845199749997573,0.0,0.0,nan,0.0
tree,hierarchical_branching,tree,gaussian_sensory,temporal_full,one_hot,0,reservoir_diagonal,,,,,6,0.9722222222222222,0.0024845199749997573,0.008333333333333333,0.008333333333333335,nan,0.0
tree,hierarchical_branching,tree,gaussian_sensory,temporal_full,one_hot,0,reservoir_low_rank,,,,,6,0.9722222222222222,0.0024845199749997573,0.0,0.0,nan,0.0
tree,hierarchical_branching,tree,gaussian_sensory,temporal_full,one_hot,0,reservoir_nilpotent,,,,,6,0.9722222222222222,0.0024845199749997573,0.0,0.0,nan,0.0
tree,hierarchical_branching,tree,gaussian_sensory,temporal_full,one_hot,0,reservoir_orthogonal,,,,,6,0.9722222222222222,0.0024845199749997573,0.0,0.0,nan,0.0
tree,hierarchical_branching,tree,gaussian_sensory,temporal_full,one_hot,0,reservoir_oscillatory,,,,,6,0.9722222222222222,0.0024845199749997573,0.0,0.0,nan,0.0
tree,hierarchical_branching,tree,gaussian_sensory,temporal_full,one_hot,0,reservoir_random,,,,,6,0.9722222222222222,0.0024845199749997573,0.0,0.0,nan,0.0
tree,hierarchical_branching,tree,gaussian_sensory,temporal_full,one_hot,0,reservoir_sparse,,,,,6,0.9722222222222222,0.0024845199749997573,0.0,0.0,nan,0.0
tree,hierarchical_branching,tree,gaussian_sensory,temporal_full,one_hot,0,reservoir_symmetric,,,,,6,0.9722222222222222,0.0024845199749997573,0.0,0.0,nan,0.0
