task,geometry,behavior_family,obs_mode,temporal_mode,model,sequence_r,sequence_l,sequence_ell,input_injection,n_runs,action_accuracy_mean,action_accuracy_sem,greedy_success_mean,greedy_success_sem,context_accuracy_mean,context_accuracy_sem
aliased_loop_rooms,looped_aliased_navigation,repeated_room_loop,egocentric_landmark,temporal_cue_then_blank,lin_sequence_all_units_r3_l4,3,4,6,all_units,6,0.36666666666666664,0.021081851067789207,0.2333333333333333,0.04216370213557839,0.13333333333333333,0.021081851067789197
aliased_loop_rooms,looped_aliased_navigation,repeated_room_loop,egocentric_landmark,temporal_cue_then_blank,lin_sequence_front_bands_r1_l2,1,2,2,front_bands,6,0.3666666666666667,0.021081851067789207,0.48333333333333334,0.06540472290116194,0.21666666666666667,0.03073181485764296
aliased_loop_rooms,looped_aliased_navigation,repeated_room_loop,egocentric_landmark,temporal_cue_then_blank,lin_sequence_front_bands_r1_l4,1,4,4,front_bands,6,0.4166666666666667,0.03073181485764296,0.3666666666666667,0.0557773351022717,0.16666666666666666,0.03333333333333333
aliased_loop_rooms,looped_aliased_navigation,repeated_room_loop,egocentric_landmark,temporal_cue_then_blank,lin_sequence_front_bands_r1_l8,1,8,8,front_bands,6,0.4166666666666667,0.016666666666666663,0.38333333333333336,0.030731814857642967,0.18333333333333335,0.03073181485764296
aliased_loop_rooms,looped_aliased_navigation,repeated_room_loop,egocentric_landmark,temporal_cue_then_blank,lin_sequence_front_bands_r3_l2,3,2,4,front_bands,6,0.4166666666666666,0.03073181485764296,0.35000000000000003,0.05,0.16666666666666666,0.03333333333333333
aliased_loop_rooms,looped_aliased_navigation,repeated_room_loop,egocentric_landmark,temporal_cue_then_blank,lin_sequence_front_bands_r3_l4,3,4,6,front_bands,6,0.4166666666666667,0.03073181485764296,0.26666666666666666,0.04944132324730442,0.15000000000000002,0.0223606797749979
aliased_loop_rooms,looped_aliased_navigation,repeated_room_loop,egocentric_landmark,temporal_cue_then_blank,lin_sequence_front_bands_r3_l8,3,8,10,front_bands,6,0.39999999999999997,0.02581988897471612,0.21666666666666667,0.016666666666666663,0.18333333333333332,0.03073181485764296
aliased_loop_rooms,looped_aliased_navigation,repeated_room_loop,egocentric_landmark,temporal_cue_then_blank,lin_sequence_front_bands_r5_l2,5,2,6,front_bands,6,0.38333333333333336,0.016666666666666673,0.3,0.0447213595499958,0.20000000000000004,0.03651483716701107
aliased_loop_rooms,looped_aliased_navigation,repeated_room_loop,egocentric_landmark,temporal_cue_then_blank,lin_sequence_front_bands_r5_l4,5,4,8,front_bands,6,0.4333333333333333,0.021081851067789193,0.24999999999999997,0.03415650255319867,0.18333333333333332,0.03073181485764296
aliased_loop_rooms,looped_aliased_navigation,repeated_room_loop,egocentric_landmark,temporal_cue_then_blank,lin_sequence_front_bands_r5_l8,5,8,12,front_bands,6,0.3833333333333333,0.030731814857642967,0.25000000000000006,0.034156502553198666,0.19999999999999998,0.025819888974716113
aliased_loop_rooms,looped_aliased_navigation,repeated_room_loop,egocentric_landmark,temporal_cue_then_blank,memoryless_linear,,,,,2,0.25,0.04999999999999999,0.05,0.05,nan,0.0
aliased_loop_rooms,looped_aliased_navigation,repeated_room_loop,egocentric_landmark,temporal_cue_then_blank,memoryless_mlp,,,,,2,0.25,0.04999999999999999,0.05,0.05,nan,0.0
aliased_loop_rooms,looped_aliased_navigation,repeated_room_loop,egocentric_landmark,temporal_cue_then_blank,numpy_rnn,,,,,2,0.35,0.05,0.25,0.04999999999999999,nan,0.0
aliased_loop_rooms,looped_aliased_navigation,repeated_room_loop,egocentric_landmark,temporal_cue_then_blank,reservoir_block_hybrid,,,,,6,0.4333333333333333,0.021081851067789193,0.3,0.051639777949432225,nan,0.0
aliased_loop_rooms,looped_aliased_navigation,repeated_room_loop,egocentric_landmark,temporal_cue_then_blank,reservoir_diagonal,,,,,6,0.4166666666666667,0.03073181485764296,0.43333333333333335,0.0557773351022717,nan,0.0
aliased_loop_rooms,looped_aliased_navigation,repeated_room_loop,egocentric_landmark,temporal_cue_then_blank,reservoir_low_rank,,,,,6,0.3499999999999999,0.03415650255319867,0.3166666666666667,0.06540472290116195,nan,0.0
aliased_loop_rooms,looped_aliased_navigation,repeated_room_loop,egocentric_landmark,temporal_cue_then_blank,reservoir_nilpotent,,,,,6,0.4166666666666667,0.03073181485764296,0.3,0.02581988897471612,nan,0.0
aliased_loop_rooms,looped_aliased_navigation,repeated_room_loop,egocentric_landmark,temporal_cue_then_blank,reservoir_orthogonal,,,,,6,0.39999999999999997,0.03651483716701108,0.26666666666666666,0.021081851067789193,nan,0.0
aliased_loop_rooms,looped_aliased_navigation,repeated_room_loop,egocentric_landmark,temporal_cue_then_blank,reservoir_oscillatory,,,,,6,0.3333333333333333,0.03333333333333334,0.26666666666666666,0.06146362971528592,nan,0.0
aliased_loop_rooms,looped_aliased_navigation,repeated_room_loop,egocentric_landmark,temporal_cue_then_blank,reservoir_random,,,,,6,0.39999999999999997,0.03651483716701108,0.2666666666666667,0.04944132324730442,nan,0.0
aliased_loop_rooms,looped_aliased_navigation,repeated_room_loop,egocentric_landmark,temporal_cue_then_blank,reservoir_sparse,,,,,6,0.35000000000000003,0.042817441928883766,0.3333333333333333,0.06666666666666667,nan,0.0
aliased_loop_rooms,looped_aliased_navigation,repeated_room_loop,egocentric_landmark,temporal_cue_then_blank,reservoir_symmetric,,,,,6,0.3333333333333333,0.03333333333333334,0.4166666666666667,0.06540472290116195,nan,0.0
aliased_loop_rooms,looped_aliased_navigation,repeated_room_loop,egocentric_landmark,temporal_dropout,lin_sequence_all_units_r3_l4,3,4,6,all_units,6,0.3666666666666667,0.06666666666666667,0.26666666666666666,0.0557773351022717,0.3,0.0
aliased_loop_rooms,looped_aliased_navigation,repeated_room_loop,egocentric_landmark,temporal_dropout,lin_sequence_front_bands_r1_l2,1,2,2,front_bands,6,0.2666666666666667,0.0760116950066092,0.3,0.0632455532033676,0.21666666666666667,0.03073181485764296
aliased_loop_rooms,looped_aliased_navigation,repeated_room_loop,egocentric_landmark,temporal_dropout,lin_sequence_front_bands_r1_l4,1,4,4,front_bands,6,0.31666666666666665,0.04772607021092118,0.2833333333333334,0.07031674369909663,0.3,0.03651483716701108
aliased_loop_rooms,looped_aliased_navigation,repeated_room_loop,egocentric_landmark,temporal_dropout,lin_sequence_front_bands_r1_l8,1,8,8,front_bands,6,0.3333333333333333,0.055777335102271716,0.26666666666666666,0.0557773351022717,0.25,0.022360679774997894
aliased_loop_rooms,looped_aliased_navigation,repeated_room_loop,egocentric_landmark,temporal_dropout,lin_sequence_front_bands_r3_l2,3,2,4,front_bands,6,0.3,0.02581988897471612,0.3,0.05773502691896258,0.26666666666666666,0.055777335102271716
aliased_loop_rooms,looped_aliased_navigation,repeated_room_loop,egocentric_landmark,temporal_dropout,lin_sequence_front_bands_r3_l4,3,4,6,front_bands,6,0.24999999999999997,0.03415650255319867,0.13333333333333333,0.021081851067789197,0.2833333333333334,0.03073181485764296
aliased_loop_rooms,looped_aliased_navigation,repeated_room_loop,egocentric_landmark,temporal_dropout,lin_sequence_front_bands_r3_l8,3,8,10,front_bands,6,0.25,0.05627314338711378,0.13333333333333333,0.04216370213557839,0.2833333333333334,0.040138648595974324
aliased_loop_rooms,looped_aliased_navigation,repeated_room_loop,egocentric_landmark,temporal_dropout,lin_sequence_front_bands_r5_l2,5,2,6,front_bands,6,0.35000000000000003,0.042817441928883766,0.21666666666666667,0.05426273532033237,0.24999999999999997,0.05627314338711378
aliased_loop_rooms,looped_aliased_navigation,repeated_room_loop,egocentric_landmark,temporal_dropout,lin_sequence_front_bands_r5_l4,5,4,8,front_bands,6,0.3,0.0447213595499958,0.15,0.05627314338711378,0.25,0.022360679774997894
aliased_loop_rooms,looped_aliased_navigation,repeated_room_loop,egocentric_landmark,temporal_dropout,lin_sequence_front_bands_r5_l8,5,8,12,front_bands,6,0.30000000000000004,0.0632455532033676,0.21666666666666667,0.05426273532033237,0.3333333333333333,0.04216370213557839
aliased_loop_rooms,looped_aliased_navigation,repeated_room_loop,egocentric_landmark,temporal_dropout,memoryless_linear,,,,,2,0.35,0.15,0.25,0.15,nan,0.0
aliased_loop_rooms,looped_aliased_navigation,repeated_room_loop,egocentric_landmark,temporal_dropout,memoryless_mlp,,,,,2,0.35,0.15,0.25,0.15,nan,0.0
aliased_loop_rooms,looped_aliased_navigation,repeated_room_loop,egocentric_landmark,temporal_dropout,numpy_rnn,,,,,2,0.45,0.04999999999999999,0.30000000000000004,0.1,nan,0.0
aliased_loop_rooms,looped_aliased_navigation,repeated_room_loop,egocentric_landmark,temporal_dropout,reservoir_block_hybrid,,,,,6,0.31666666666666665,0.040138648595974324,0.25,0.03415650255319867,nan,0.0
aliased_loop_rooms,looped_aliased_navigation,repeated_room_loop,egocentric_landmark,temporal_dropout,reservoir_diagonal,,,,,6,0.2666666666666667,0.06146362971528593,0.2666666666666667,0.06146362971528592,nan,0.0
aliased_loop_rooms,looped_aliased_navigation,repeated_room_loop,egocentric_landmark,temporal_dropout,reservoir_low_rank,,,,,6,0.3333333333333333,0.06146362971528592,0.25000000000000006,0.05627314338711378,nan,0.0
aliased_loop_rooms,looped_aliased_navigation,repeated_room_loop,egocentric_landmark,temporal_dropout,reservoir_nilpotent,,,,,6,0.2833333333333333,0.040138648595974324,0.15,0.05627314338711378,nan,0.0
aliased_loop_rooms,looped_aliased_navigation,repeated_room_loop,egocentric_landmark,temporal_dropout,reservoir_orthogonal,,,,,6,0.31666666666666665,0.04772607021092118,0.18333333333333335,0.04772607021092118,nan,0.0
aliased_loop_rooms,looped_aliased_navigation,repeated_room_loop,egocentric_landmark,temporal_dropout,reservoir_oscillatory,,,,,6,0.2833333333333333,0.03073181485764296,0.19999999999999998,0.0632455532033676,nan,0.0
aliased_loop_rooms,looped_aliased_navigation,repeated_room_loop,egocentric_landmark,temporal_dropout,reservoir_random,,,,,6,0.2833333333333333,0.03073181485764296,0.26666666666666666,0.10852547064066471,nan,0.0
aliased_loop_rooms,looped_aliased_navigation,repeated_room_loop,egocentric_landmark,temporal_dropout,reservoir_sparse,,,,,6,0.26666666666666666,0.04216370213557839,0.19999999999999998,0.044721359549995794,nan,0.0
aliased_loop_rooms,looped_aliased_navigation,repeated_room_loop,egocentric_landmark,temporal_dropout,reservoir_symmetric,,,,,6,0.2833333333333334,0.07923242882669808,0.25000000000000006,0.0718795288428261,nan,0.0
aliased_loop_rooms,looped_aliased_navigation,repeated_room_loop,egocentric_landmark,temporal_full,lin_sequence_all_units_r3_l4,3,4,6,all_units,6,0.4333333333333333,0.03333333333333333,0.4333333333333333,0.08819171036881968,0.19999999999999998,0.03651483716701107
aliased_loop_rooms,looped_aliased_navigation,repeated_room_loop,egocentric_landmark,temporal_full,lin_sequence_front_bands_r1_l2,1,2,2,front_bands,6,0.4166666666666667,0.04772607021092118,0.75,0.0670820393249937,0.18333333333333335,0.03073181485764296
aliased_loop_rooms,looped_aliased_navigation,repeated_room_loop,egocentric_landmark,temporal_full,lin_sequence_front_bands_r1_l4,1,4,4,front_bands,6,0.36666666666666664,0.03333333333333333,0.38333333333333336,0.06540472290116195,0.21666666666666667,0.03073181485764296
aliased_loop_rooms,looped_aliased_navigation,repeated_room_loop,egocentric_landmark,temporal_full,lin_sequence_front_bands_r1_l8,1,8,8,front_bands,6,0.4166666666666667,0.03073181485764296,0.3,0.051639777949432225,0.15,0.0223606797749979
aliased_loop_rooms,looped_aliased_navigation,repeated_room_loop,egocentric_landmark,temporal_full,lin_sequence_front_bands_r3_l2,3,2,4,front_bands,6,0.44999999999999996,0.022360679774997894,0.5333333333333333,0.04944132324730441,0.20000000000000004,0.03651483716701107
aliased_loop_rooms,looped_aliased_navigation,repeated_room_loop,egocentric_landmark,temporal_full,lin_sequence_front_bands_r3_l4,3,4,6,front_bands,6,0.39999999999999997,2.482534153247273e-17,0.4166666666666667,0.05426273532033236,0.1666666666666667,0.03333333333333333
aliased_loop_rooms,looped_aliased_navigation,repeated_room_loop,egocentric_landmark,temporal_full,lin_sequence_front_bands_r3_l8,3,8,10,front_bands,6,0.3999999999999999,0.03651483716701108,0.36666666666666664,0.06146362971528592,0.18333333333333335,0.01666666666666667
aliased_loop_rooms,looped_aliased_navigation,repeated_room_loop,egocentric_landmark,temporal_full,lin_sequence_front_bands_r5_l2,5,2,6,front_bands,6,0.39999999999999997,0.02581988897471612,0.35000000000000003,0.06191391873668904,0.13333333333333333,0.03333333333333334
aliased_loop_rooms,looped_aliased_navigation,repeated_room_loop,egocentric_landmark,temporal_full,lin_sequence_front_bands_r5_l4,5,4,8,front_bands,6,0.39999999999999997,0.02581988897471612,0.3833333333333333,0.07923242882669808,0.18333333333333335,0.03073181485764296
aliased_loop_rooms,looped_aliased_navigation,repeated_room_loop,egocentric_landmark,temporal_full,lin_sequence_front_bands_r5_l8,5,8,12,front_bands,6,0.3666666666666667,0.04216370213557839,0.26666666666666666,0.0557773351022717,0.19999999999999998,0.025819888974716113
aliased_loop_rooms,looped_aliased_navigation,repeated_room_loop,egocentric_landmark,temporal_full,memoryless_linear,,,,,2,0.30000000000000004,0.1,0.65,0.35,nan,0.0
aliased_loop_rooms,looped_aliased_navigation,repeated_room_loop,egocentric_landmark,temporal_full,memoryless_mlp,,,,,2,0.30000000000000004,0.1,0.65,0.35,nan,0.0
aliased_loop_rooms,looped_aliased_navigation,repeated_room_loop,egocentric_landmark,temporal_full,numpy_rnn,,,,,2,0.45,0.04999999999999999,0.30000000000000004,0.1,nan,0.0
aliased_loop_rooms,looped_aliased_navigation,repeated_room_loop,egocentric_landmark,temporal_full,reservoir_block_hybrid,,,,,6,0.4166666666666667,0.03073181485764296,0.48333333333333334,0.04013864859597431,nan,0.0
aliased_loop_rooms,looped_aliased_navigation,repeated_room_loop,egocentric_landmark,temporal_full,reservoir_diagonal,,,,,6,0.43333333333333335,0.03333333333333333,0.6666666666666666,0.0760116950066092,nan,0.0
aliased_loop_rooms,looped_aliased_navigation,repeated_room_loop,egocentric_landmark,temporal_full,reservoir_low_rank,,,,,6,0.39999999999999997,0.03651483716701108,0.7000000000000001,0.08563488385776753,nan,0.0
aliased_loop_rooms,looped_aliased_navigation,repeated_room_loop,egocentric_landmark,temporal_full,reservoir_nilpotent,,,,,6,0.39999999999999997,0.03651483716701108,0.3,0.051639777949432225,nan,0.0
aliased_loop_rooms,looped_aliased_navigation,repeated_room_loop,egocentric_landmark,temporal_full,reservoir_orthogonal,,,,,6,0.4166666666666666,0.03073181485764296,0.4333333333333334,0.07601169500660919,nan,0.0
aliased_loop_rooms,looped_aliased_navigation,repeated_room_loop,egocentric_landmark,temporal_full,reservoir_oscillatory,,,,,6,0.44999999999999996,0.022360679774997894,0.6166666666666667,0.05426273532033236,nan,0.0
aliased_loop_rooms,looped_aliased_navigation,repeated_room_loop,egocentric_landmark,temporal_full,reservoir_random,,,,,6,0.4166666666666666,0.03073181485764296,0.3833333333333333,0.07490735018081411,nan,0.0
aliased_loop_rooms,looped_aliased_navigation,repeated_room_loop,egocentric_landmark,temporal_full,reservoir_sparse,,,,,6,0.4166666666666667,0.03073181485764296,0.5333333333333333,0.0557773351022717,nan,0.0
aliased_loop_rooms,looped_aliased_navigation,repeated_room_loop,egocentric_landmark,temporal_full,reservoir_symmetric,,,,,6,0.44999999999999996,0.022360679774997894,0.65,0.03415650255319866,nan,0.0
aliased_loop_rooms,looped_aliased_navigation,repeated_room_loop,hybrid,temporal_cue_then_blank,lin_sequence_all_units_r3_l4,3,4,6,all_units,6,0.2833333333333333,0.03073181485764296,0.26666666666666666,0.03333333333333333,0.5499999999999999,0.0806225774829855
aliased_loop_rooms,looped_aliased_navigation,repeated_room_loop,hybrid,temporal_cue_then_blank,lin_sequence_front_bands_r1_l2,1,2,2,front_bands,6,0.25000000000000006,0.05627314338711378,0.19999999999999998,0.044721359549995794,0.7166666666666668,0.01666666666666668
aliased_loop_rooms,looped_aliased_navigation,repeated_room_loop,hybrid,temporal_cue_then_blank,lin_sequence_front_bands_r1_l4,1,4,4,front_bands,6,0.31666666666666665,0.030731814857642967,0.3333333333333333,0.0760116950066092,0.5833333333333334,0.10775486583496409
aliased_loop_rooms,looped_aliased_navigation,repeated_room_loop,hybrid,temporal_cue_then_blank,lin_sequence_front_bands_r1_l8,1,8,8,front_bands,6,0.3166666666666667,0.040138648595974324,0.3,0.07302967433402215,0.5333333333333333,0.0760116950066092
aliased_loop_rooms,looped_aliased_navigation,repeated_room_loop,hybrid,temporal_cue_then_blank,lin_sequence_front_bands_r3_l2,3,2,4,front_bands,6,0.3666666666666667,0.021081851067789207,0.35000000000000003,0.05,0.5833333333333333,0.06540472290116194
aliased_loop_rooms,looped_aliased_navigation,repeated_room_loop,hybrid,temporal_cue_then_blank,lin_sequence_front_bands_r3_l4,3,4,6,front_bands,6,0.2833333333333334,0.040138648595974324,0.2333333333333333,0.04216370213557839,0.5499999999999999,0.09916316520429011
aliased_loop_rooms,looped_aliased_navigation,repeated_room_loop,hybrid,temporal_cue_then_blank,lin_sequence_front_bands_r3_l8,3,8,10,front_bands,6,0.3,0.0447213595499958,0.38333333333333336,0.06540472290116195,0.5166666666666666,0.07490735018081411
aliased_loop_rooms,looped_aliased_navigation,repeated_room_loop,hybrid,temporal_cue_then_blank,lin_sequence_front_bands_r5_l2,5,2,6,front_bands,6,0.3166666666666667,0.040138648595974324,0.3333333333333333,0.06146362971528592,0.5333333333333333,0.06666666666666667
aliased_loop_rooms,looped_aliased_navigation,repeated_room_loop,hybrid,temporal_cue_then_blank,lin_sequence_front_bands_r5_l4,5,4,8,front_bands,6,0.3,0.03651483716701108,0.31666666666666665,0.08724168218868268,0.5499999999999999,0.07637626158259732
aliased_loop_rooms,looped_aliased_navigation,repeated_room_loop,hybrid,temporal_cue_then_blank,lin_sequence_front_bands_r5_l8,5,8,12,front_bands,6,0.2833333333333333,0.040138648595974324,0.21666666666666667,0.08724168218868268,0.5166666666666667,0.08333333333333334
aliased_loop_rooms,looped_aliased_navigation,repeated_room_loop,hybrid,temporal_cue_then_blank,memoryless_linear,,,,,2,0.35,0.05,0.1,0.0,nan,0.0
aliased_loop_rooms,looped_aliased_navigation,repeated_room_loop,hybrid,temporal_cue_then_blank,memoryless_mlp,,,,,2,0.35,0.05,0.1,0.0,nan,0.0
aliased_loop_rooms,looped_aliased_navigation,repeated_room_loop,hybrid,temporal_cue_then_blank,numpy_rnn,,,,,2,0.4,0.0,0.25,0.04999999999999999,nan,0.0
aliased_loop_rooms,looped_aliased_navigation,repeated_room_loop,hybrid,temporal_cue_then_blank,reservoir_block_hybrid,,,,,6,0.3,0.051639777949432225,0.23333333333333336,0.04944132324730442,nan,0.0
aliased_loop_rooms,looped_aliased_navigation,repeated_room_loop,hybrid,temporal_cue_then_blank,reservoir_diagonal,,,,,6,0.5,0.02581988897471611,0.3166666666666667,0.030731814857642967,nan,0.0
aliased_loop_rooms,looped_aliased_navigation,repeated_room_loop,hybrid,temporal_cue_then_blank,reservoir_low_rank,,,,,6,0.38333333333333336,0.047726070210921186,0.43333333333333335,0.08432740427115679,nan,0.0
aliased_loop_rooms,looped_aliased_navigation,repeated_room_loop,hybrid,temporal_cue_then_blank,reservoir_nilpotent,,,,,6,0.3333333333333333,0.04944132324730442,0.3166666666666667,0.07490735018081411,nan,0.0
aliased_loop_rooms,looped_aliased_navigation,repeated_room_loop,hybrid,temporal_cue_then_blank,reservoir_orthogonal,,,,,6,0.25,0.05000000000000001,0.26666666666666666,0.04944132324730442,nan,0.0
aliased_loop_rooms,looped_aliased_navigation,repeated_room_loop,hybrid,temporal_cue_then_blank,reservoir_oscillatory,,,,,6,0.2833333333333333,0.03073181485764296,0.3333333333333333,0.08432740427115677,nan,0.0
aliased_loop_rooms,looped_aliased_navigation,repeated_room_loop,hybrid,temporal_cue_then_blank,reservoir_random,,,,,6,0.35000000000000003,0.042817441928883766,0.31666666666666665,0.07923242882669808,nan,0.0
aliased_loop_rooms,looped_aliased_navigation,repeated_room_loop,hybrid,temporal_cue_then_blank,reservoir_sparse,,,,,6,0.2833333333333333,0.03073181485764296,0.38333333333333336,0.08724168218868267,nan,0.0
aliased_loop_rooms,looped_aliased_navigation,repeated_room_loop,hybrid,temporal_cue_then_blank,reservoir_symmetric,,,,,6,0.3333333333333333,0.04216370213557839,0.3166666666666667,0.030731814857642967,nan,0.0
aliased_loop_rooms,looped_aliased_navigation,repeated_room_loop,hybrid,temporal_dropout,lin_sequence_all_units_r3_l4,3,4,6,all_units,6,0.3666666666666667,0.06666666666666667,0.2833333333333333,0.060092521257733164,0.3,0.08164965809277261
aliased_loop_rooms,looped_aliased_navigation,repeated_room_loop,hybrid,temporal_dropout,lin_sequence_front_bands_r1_l2,1,2,2,front_bands,6,0.23333333333333336,0.04216370213557839,0.16666666666666666,0.04944132324730443,0.5,0.0447213595499958
aliased_loop_rooms,looped_aliased_navigation,repeated_room_loop,hybrid,temporal_dropout,lin_sequence_front_bands_r1_l4,1,4,4,front_bands,6,0.3,0.05773502691896258,0.19999999999999998,0.07745966692414835,0.25,0.022360679774997894
aliased_loop_rooms,looped_aliased_navigation,repeated_room_loop,hybrid,temporal_dropout,lin_sequence_front_bands_r1_l8,1,8,8,front_bands,6,0.25,0.042817441928883766,0.25,0.05,0.18333333333333335,0.047726070210921186
aliased_loop_rooms,looped_aliased_navigation,repeated_room_loop,hybrid,temporal_dropout,lin_sequence_front_bands_r3_l2,3,2,4,front_bands,6,0.38333333333333336,0.07923242882669808,0.26666666666666666,0.04944132324730442,0.3333333333333333,0.04944132324730442
aliased_loop_rooms,looped_aliased_navigation,repeated_room_loop,hybrid,temporal_dropout,lin_sequence_front_bands_r3_l4,3,4,6,front_bands,6,0.2833333333333333,0.03073181485764296,0.21666666666666667,0.10775486583496409,0.35000000000000003,0.042817441928883766
aliased_loop_rooms,looped_aliased_navigation,repeated_room_loop,hybrid,temporal_dropout,lin_sequence_front_bands_r3_l8,3,8,10,front_bands,6,0.2833333333333334,0.03073181485764296,0.16666666666666666,0.04944132324730443,0.30000000000000004,0.05773502691896258
aliased_loop_rooms,looped_aliased_navigation,repeated_room_loop,hybrid,temporal_dropout,lin_sequence_front_bands_r5_l2,5,2,6,front_bands,6,0.3166666666666667,0.060092521257733164,0.3166666666666667,0.05426273532033237,0.3166666666666667,0.07923242882669809
aliased_loop_rooms,looped_aliased_navigation,repeated_room_loop,hybrid,temporal_dropout,lin_sequence_front_bands_r5_l4,5,4,8,front_bands,6,0.2833333333333334,0.07031674369909663,0.23333333333333336,0.042163702135578386,0.2833333333333334,0.060092521257733164
aliased_loop_rooms,looped_aliased_navigation,repeated_room_loop,hybrid,temporal_dropout,lin_sequence_front_bands_r5_l8,5,8,12,front_bands,6,0.3166666666666667,0.030731814857642967,0.23333333333333336,0.04944132324730443,0.26666666666666666,0.04944132324730442
aliased_loop_rooms,looped_aliased_navigation,repeated_room_loop,hybrid,temporal_dropout,memoryless_linear,,,,,2,0.2,0.09999999999999999,0.25,0.15,nan,0.0
aliased_loop_rooms,looped_aliased_navigation,repeated_room_loop,hybrid,temporal_dropout,memoryless_mlp,,,,,2,0.2,0.09999999999999999,0.25,0.15,nan,0.0
aliased_loop_rooms,looped_aliased_navigation,repeated_room_loop,hybrid,temporal_dropout,numpy_rnn,,,,,2,0.4,0.0,0.25,0.04999999999999999,nan,0.0
aliased_loop_rooms,looped_aliased_navigation,repeated_room_loop,hybrid,temporal_dropout,reservoir_block_hybrid,,,,,6,0.39999999999999997,0.0447213595499958,0.25,0.03415650255319866,nan,0.0
aliased_loop_rooms,looped_aliased_navigation,repeated_room_loop,hybrid,temporal_dropout,reservoir_diagonal,,,,,6,0.48333333333333334,0.030731814857642953,0.46666666666666673,0.10540925533894598,nan,0.0
aliased_loop_rooms,looped_aliased_navigation,repeated_room_loop,hybrid,temporal_dropout,reservoir_low_rank,,,,,6,0.26666666666666666,0.0557773351022717,0.21666666666666667,0.04013864859597432,nan,0.0
aliased_loop_rooms,looped_aliased_navigation,repeated_room_loop,hybrid,temporal_dropout,reservoir_nilpotent,,,,,6,0.3166666666666667,0.060092521257733164,0.26666666666666666,0.055777335102271716,nan,0.0
aliased_loop_rooms,looped_aliased_navigation,repeated_room_loop,hybrid,temporal_dropout,reservoir_orthogonal,,,,,6,0.3666666666666667,0.06666666666666667,0.2833333333333333,0.047726070210921186,nan,0.0
aliased_loop_rooms,looped_aliased_navigation,repeated_room_loop,hybrid,temporal_dropout,reservoir_oscillatory,,,,,6,0.4333333333333333,0.07601169500660919,0.2333333333333333,0.0421637021355784,nan,0.0
aliased_loop_rooms,looped_aliased_navigation,repeated_room_loop,hybrid,temporal_dropout,reservoir_random,,,,,6,0.4166666666666666,0.04013864859597432,0.26666666666666666,0.06666666666666667,nan,0.0
aliased_loop_rooms,looped_aliased_navigation,repeated_room_loop,hybrid,temporal_dropout,reservoir_sparse,,,,,6,0.35000000000000003,0.07187952884282608,0.3,0.051639777949432225,nan,0.0
aliased_loop_rooms,looped_aliased_navigation,repeated_room_loop,hybrid,temporal_dropout,reservoir_symmetric,,,,,6,0.3666666666666667,0.04216370213557839,0.2833333333333334,0.07923242882669808,nan,0.0
aliased_loop_rooms,looped_aliased_navigation,repeated_room_loop,hybrid,temporal_full,lin_sequence_all_units_r3_l4,3,4,6,all_units,6,0.36666666666666664,0.06666666666666667,0.3166666666666667,0.05426273532033237,0.9833333333333334,0.016666666666666666
aliased_loop_rooms,looped_aliased_navigation,repeated_room_loop,hybrid,temporal_full,lin_sequence_front_bands_r1_l2,1,2,2,front_bands,6,0.4666666666666666,0.0557773351022717,0.7000000000000001,0.0894427190999916,1.0,0.0
aliased_loop_rooms,looped_aliased_navigation,repeated_room_loop,hybrid,temporal_full,lin_sequence_front_bands_r1_l4,1,4,4,front_bands,6,0.39999999999999997,0.05773502691896258,0.26666666666666666,0.04216370213557839,1.0,0.0
aliased_loop_rooms,looped_aliased_navigation,repeated_room_loop,hybrid,temporal_full,lin_sequence_front_bands_r1_l8,1,8,8,front_bands,6,0.38333333333333336,0.060092521257733164,0.3333333333333333,0.09189365834726816,0.85,0.05
aliased_loop_rooms,looped_aliased_navigation,repeated_room_loop,hybrid,temporal_full,lin_sequence_front_bands_r3_l2,3,2,4,front_bands,6,0.4666666666666666,0.049441323247304415,0.5166666666666667,0.030731814857642953,0.9833333333333334,0.016666666666666663
aliased_loop_rooms,looped_aliased_navigation,repeated_room_loop,hybrid,temporal_full,lin_sequence_front_bands_r3_l4,3,4,6,front_bands,6,0.3333333333333333,0.06146362971528592,0.3333333333333333,0.07149203529842406,0.9666666666666667,0.021081851067789193
aliased_loop_rooms,looped_aliased_navigation,repeated_room_loop,hybrid,temporal_full,lin_sequence_front_bands_r3_l8,3,8,10,front_bands,6,0.4166666666666667,0.10137937550497034,0.43333333333333335,0.105409255338946,0.8166666666666665,0.040138648595974324
aliased_loop_rooms,looped_aliased_navigation,repeated_room_loop,hybrid,temporal_full,lin_sequence_front_bands_r5_l2,5,2,6,front_bands,6,0.38333333333333336,0.060092521257733164,0.3166666666666667,0.060092521257733164,0.9166666666666666,0.05426273532033237
aliased_loop_rooms,looped_aliased_navigation,repeated_room_loop,hybrid,temporal_full,lin_sequence_front_bands_r5_l4,5,4,8,front_bands,6,0.3333333333333333,0.04944132324730442,0.2833333333333333,0.060092521257733164,0.9666666666666667,0.021081851067789193
aliased_loop_rooms,looped_aliased_navigation,repeated_room_loop,hybrid,temporal_full,lin_sequence_front_bands_r5_l8,5,8,12,front_bands,6,0.3666666666666667,0.03333333333333334,0.3833333333333333,0.05426273532033236,0.8833333333333333,0.08333333333333334
aliased_loop_rooms,looped_aliased_navigation,repeated_room_loop,hybrid,temporal_full,memoryless_linear,,,,,2,0.4,0.1,0.8,0.2,nan,0.0
aliased_loop_rooms,looped_aliased_navigation,repeated_room_loop,hybrid,temporal_full,memoryless_mlp,,,,,2,0.4,0.1,0.8,0.2,nan,0.0
aliased_loop_rooms,looped_aliased_navigation,repeated_room_loop,hybrid,temporal_full,numpy_rnn,,,,,2,0.4,0.0,0.25,0.04999999999999999,nan,0.0
aliased_loop_rooms,looped_aliased_navigation,repeated_room_loop,hybrid,temporal_full,reservoir_block_hybrid,,,,,6,0.4166666666666667,0.06540472290116195,0.36666666666666664,0.08027729719194864,nan,0.0
aliased_loop_rooms,looped_aliased_navigation,repeated_room_loop,hybrid,temporal_full,reservoir_diagonal,,,,,6,0.5,0.02581988897471611,0.38333333333333336,0.07490735018081411,nan,0.0
aliased_loop_rooms,looped_aliased_navigation,repeated_room_loop,hybrid,temporal_full,reservoir_low_rank,,,,,6,0.4166666666666667,0.04772607021092118,0.6,0.07745966692414834,nan,0.0
aliased_loop_rooms,looped_aliased_navigation,repeated_room_loop,hybrid,temporal_full,reservoir_nilpotent,,,,,6,0.4833333333333332,0.06009252125773315,0.3666666666666667,0.06666666666666667,nan,0.0
aliased_loop_rooms,looped_aliased_navigation,repeated_room_loop,hybrid,temporal_full,reservoir_orthogonal,,,,,6,0.39999999999999997,0.07302967433402215,0.4166666666666666,0.040138648595974324,nan,0.0
aliased_loop_rooms,looped_aliased_navigation,repeated_room_loop,hybrid,temporal_full,reservoir_oscillatory,,,,,6,0.3333333333333333,0.04216370213557839,0.5166666666666666,0.04772607021092117,nan,0.0
aliased_loop_rooms,looped_aliased_navigation,repeated_room_loop,hybrid,temporal_full,reservoir_random,,,,,6,0.39999999999999997,0.0447213595499958,0.45,0.07187952884282608,nan,0.0
aliased_loop_rooms,looped_aliased_navigation,repeated_room_loop,hybrid,temporal_full,reservoir_sparse,,,,,6,0.43333333333333335,0.03333333333333333,0.4833333333333332,0.08333333333333334,nan,0.0
aliased_loop_rooms,looped_aliased_navigation,repeated_room_loop,hybrid,temporal_full,reservoir_symmetric,,,,,6,0.35000000000000003,0.07187952884282608,0.38333333333333336,0.0749073501808141,nan,0.0
aliased_loop_rooms,looped_aliased_navigation,repeated_room_loop,sparse_aliased,temporal_cue_then_blank,lin_sequence_all_units_r3_l4,3,4,6,all_units,6,0.3833333333333333,0.040138648595974324,0.21666666666666667,0.03073181485764296,0.1666666666666667,0.021081851067789197
aliased_loop_rooms,looped_aliased_navigation,repeated_room_loop,sparse_aliased,temporal_cue_then_blank,lin_sequence_front_bands_r1_l2,1,2,2,front_bands,6,0.2833333333333334,0.03073181485764296,0.4333333333333334,0.10852547064066471,0.19999999999999998,0.025819888974716113
aliased_loop_rooms,looped_aliased_navigation,repeated_room_loop,sparse_aliased,temporal_cue_then_blank,lin_sequence_front_bands_r1_l4,1,4,4,front_bands,6,0.3833333333333333,0.030731814857642967,0.3,0.0447213595499958,0.19999999999999998,0.025819888974716113
aliased_loop_rooms,looped_aliased_navigation,repeated_room_loop,sparse_aliased,temporal_cue_then_blank,lin_sequence_front_bands_r1_l8,1,8,8,front_bands,6,0.38333333333333336,0.016666666666666673,0.26666666666666666,0.04216370213557839,0.19999999999999998,0.025819888974716113
aliased_loop_rooms,looped_aliased_navigation,repeated_room_loop,sparse_aliased,temporal_cue_then_blank,lin_sequence_front_bands_r3_l2,3,2,4,front_bands,6,0.35000000000000003,0.042817441928883766,0.3,0.051639777949432225,0.19999999999999998,0.025819888974716113
aliased_loop_rooms,looped_aliased_navigation,repeated_room_loop,sparse_aliased,temporal_cue_then_blank,lin_sequence_front_bands_r3_l4,3,4,6,front_bands,6,0.3166666666666667,0.030731814857642967,0.25,0.05000000000000001,0.19999999999999998,0.025819888974716113
aliased_loop_rooms,looped_aliased_navigation,repeated_room_loop,sparse_aliased,temporal_cue_then_blank,lin_sequence_front_bands_r3_l8,3,8,10,front_bands,6,0.3666666666666667,0.021081851067789207,0.26666666666666666,0.04944132324730442,0.18333333333333332,0.03073181485764296
aliased_loop_rooms,looped_aliased_navigation,repeated_room_loop,sparse_aliased,temporal_cue_then_blank,lin_sequence_front_bands_r5_l2,5,2,6,front_bands,6,0.39999999999999997,0.02581988897471612,0.2833333333333334,0.06009252125773315,0.19999999999999998,0.03651483716701107
aliased_loop_rooms,looped_aliased_navigation,repeated_room_loop,sparse_aliased,temporal_cue_then_blank,lin_sequence_front_bands_r5_l4,5,4,8,front_bands,6,0.3333333333333333,0.03333333333333334,0.25,0.03415650255319867,0.18333333333333332,0.03073181485764296
aliased_loop_rooms,looped_aliased_navigation,repeated_room_loop,sparse_aliased,temporal_cue_then_blank,lin_sequence_front_bands_r5_l8,5,8,12,front_bands,6,0.3666666666666667,0.021081851067789207,0.25,0.042817441928883766,0.18333333333333335,0.03073181485764296
aliased_loop_rooms,looped_aliased_navigation,repeated_room_loop,sparse_aliased,temporal_cue_then_blank,memoryless_linear,,,,,2,0.25,0.04999999999999999,0.05,0.05,nan,0.0
aliased_loop_rooms,looped_aliased_navigation,repeated_room_loop,sparse_aliased,temporal_cue_then_blank,memoryless_mlp,,,,,2,0.25,0.04999999999999999,0.05,0.05,nan,0.0
aliased_loop_rooms,looped_aliased_navigation,repeated_room_loop,sparse_aliased,temporal_cue_then_blank,numpy_rnn,,,,,2,0.4,0.0,0.25,0.04999999999999999,nan,0.0
aliased_loop_rooms,looped_aliased_navigation,repeated_room_loop,sparse_aliased,temporal_cue_then_blank,reservoir_block_hybrid,,,,,6,0.3666666666666667,0.021081851067789207,0.26666666666666666,0.04944132324730442,nan,0.0
aliased_loop_rooms,looped_aliased_navigation,repeated_room_loop,sparse_aliased,temporal_cue_then_blank,reservoir_diagonal,,,,,6,0.45,0.03415650255319867,0.5166666666666666,0.04772607021092117,nan,0.0
aliased_loop_rooms,looped_aliased_navigation,repeated_room_loop,sparse_aliased,temporal_cue_then_blank,reservoir_low_rank,,,,,6,0.3,0.02581988897471612,0.31666666666666665,0.07490735018081411,nan,0.0
aliased_loop_rooms,looped_aliased_navigation,repeated_room_loop,sparse_aliased,temporal_cue_then_blank,reservoir_nilpotent,,,,,6,0.3666666666666667,0.021081851067789207,0.23333333333333336,0.042163702135578386,nan,0.0
aliased_loop_rooms,looped_aliased_navigation,repeated_room_loop,sparse_aliased,temporal_cue_then_blank,reservoir_orthogonal,,,,,6,0.39999999999999997,0.03651483716701108,0.2833333333333333,0.05426273532033237,nan,0.0
aliased_loop_rooms,looped_aliased_navigation,repeated_room_loop,sparse_aliased,temporal_cue_then_blank,reservoir_oscillatory,,,,,6,0.38333333333333336,0.016666666666666673,0.3,0.03651483716701108,nan,0.0
aliased_loop_rooms,looped_aliased_navigation,repeated_room_loop,sparse_aliased,temporal_cue_then_blank,reservoir_random,,,,,6,0.39999999999999997,0.02581988897471612,0.3333333333333333,0.04944132324730442,nan,0.0
aliased_loop_rooms,looped_aliased_navigation,repeated_room_loop,sparse_aliased,temporal_cue_then_blank,reservoir_sparse,,,,,6,0.35000000000000003,0.022360679774997904,0.23333333333333336,0.055777335102271716,nan,0.0
aliased_loop_rooms,looped_aliased_navigation,repeated_room_loop,sparse_aliased,temporal_cue_then_blank,reservoir_symmetric,,,,,6,0.3,0.03651483716701108,0.43333333333333335,0.042163702135578386,nan,0.0
aliased_loop_rooms,looped_aliased_navigation,repeated_room_loop,sparse_aliased,temporal_dropout,lin_sequence_all_units_r3_l4,3,4,6,all_units,6,0.35000000000000003,0.03415650255319867,0.2333333333333334,0.04944132324730442,0.3333333333333333,0.0760116950066092
aliased_loop_rooms,looped_aliased_navigation,repeated_room_loop,sparse_aliased,temporal_dropout,lin_sequence_front_bands_r1_l2,1,2,2,front_bands,6,0.3,0.0632455532033676,0.39999999999999997,0.051639777949432225,0.25,0.05627314338711378
aliased_loop_rooms,looped_aliased_navigation,repeated_room_loop,sparse_aliased,temporal_dropout,lin_sequence_front_bands_r1_l4,1,4,4,front_bands,6,0.43333333333333335,0.042163702135578386,0.30000000000000004,0.05163977794943224,0.3166666666666667,0.09803627446568497
aliased_loop_rooms,looped_aliased_navigation,repeated_room_loop,sparse_aliased,temporal_dropout,lin_sequence_front_bands_r1_l8,1,8,8,front_bands,6,0.39999999999999997,0.05773502691896258,0.2833333333333334,0.06540472290116196,0.3166666666666667,0.060092521257733164
aliased_loop_rooms,looped_aliased_navigation,repeated_room_loop,sparse_aliased,temporal_dropout,lin_sequence_front_bands_r3_l2,3,2,4,front_bands,6,0.3833333333333333,0.030731814857642967,0.25,0.042817441928883766,0.3166666666666667,0.060092521257733164
aliased_loop_rooms,looped_aliased_navigation,repeated_room_loop,sparse_aliased,temporal_dropout,lin_sequence_front_bands_r3_l4,3,4,6,front_bands,6,0.3166666666666667,0.030731814857642967,0.18333333333333335,0.04772607021092118,0.3333333333333334,0.09545214042184236
aliased_loop_rooms,looped_aliased_navigation,repeated_room_loop,sparse_aliased,temporal_dropout,lin_sequence_front_bands_r3_l8,3,8,10,front_bands,6,0.2833333333333334,0.03073181485764296,0.21666666666666667,0.060092521257733164,0.30000000000000004,0.06831300510639733
aliased_loop_rooms,looped_aliased_navigation,repeated_room_loop,sparse_aliased,temporal_dropout,lin_sequence_front_bands_r5_l2,5,2,6,front_bands,6,0.30000000000000004,0.02581988897471612,0.26666666666666666,0.03333333333333333,0.2833333333333333,0.040138648595974324
aliased_loop_rooms,looped_aliased_navigation,repeated_room_loop,sparse_aliased,temporal_dropout,lin_sequence_front_bands_r5_l4,5,4,8,front_bands,6,0.31666666666666665,0.030731814857642967,0.18333333333333335,0.05426273532033237,0.3166666666666667,0.11666666666666667
aliased_loop_rooms,looped_aliased_navigation,repeated_room_loop,sparse_aliased,temporal_dropout,lin_sequence_front_bands_r5_l8,5,8,12,front_bands,6,0.26666666666666666,0.021081851067789193,0.18333333333333332,0.04772607021092118,0.26666666666666666,0.04944132324730443
aliased_loop_rooms,looped_aliased_navigation,repeated_room_loop,sparse_aliased,temporal_dropout,memoryless_linear,,,,,2,0.35,0.15,0.2,0.09999999999999999,nan,0.0
aliased_loop_rooms,looped_aliased_navigation,repeated_room_loop,sparse_aliased,temporal_dropout,memoryless_mlp,,,,,2,0.35,0.15,0.2,0.09999999999999999,nan,0.0
aliased_loop_rooms,looped_aliased_navigation,repeated_room_loop,sparse_aliased,temporal_dropout,numpy_rnn,,,,,2,0.4,0.0,0.25,0.04999999999999999,nan,0.0
aliased_loop_rooms,looped_aliased_navigation,repeated_room_loop,sparse_aliased,temporal_dropout,reservoir_block_hybrid,,,,,6,0.3666666666666667,0.021081851067789207,0.23333333333333336,0.06146362971528592,nan,0.0
aliased_loop_rooms,looped_aliased_navigation,repeated_room_loop,sparse_aliased,temporal_dropout,reservoir_diagonal,,,,,6,0.3,0.02581988897471612,0.2833333333333333,0.09457507306074071,nan,0.0
aliased_loop_rooms,looped_aliased_navigation,repeated_room_loop,sparse_aliased,temporal_dropout,reservoir_low_rank,,,,,6,0.3333333333333333,0.04216370213557839,0.21666666666666667,0.04013864859597433,nan,0.0
aliased_loop_rooms,looped_aliased_navigation,repeated_room_loop,sparse_aliased,temporal_dropout,reservoir_nilpotent,,,,,6,0.35000000000000003,0.042817441928883766,0.3,0.051639777949432225,nan,0.0
aliased_loop_rooms,looped_aliased_navigation,repeated_room_loop,sparse_aliased,temporal_dropout,reservoir_orthogonal,,,,,6,0.3,0.03651483716701108,0.26666666666666666,0.021081851067789193,nan,0.0
aliased_loop_rooms,looped_aliased_navigation,repeated_room_loop,sparse_aliased,temporal_dropout,reservoir_oscillatory,,,,,6,0.4166666666666667,0.040138648595974324,0.3833333333333333,0.040138648595974324,nan,0.0
aliased_loop_rooms,looped_aliased_navigation,repeated_room_loop,sparse_aliased,temporal_dropout,reservoir_random,,,,,6,0.3,0.02581988897471612,0.18333333333333332,0.060092521257733164,nan,0.0
aliased_loop_rooms,looped_aliased_navigation,repeated_room_loop,sparse_aliased,temporal_dropout,reservoir_sparse,,,,,6,0.3166666666666667,0.04772607021092118,0.16666666666666666,0.04944132324730442,nan,0.0
aliased_loop_rooms,looped_aliased_navigation,repeated_room_loop,sparse_aliased,temporal_dropout,reservoir_symmetric,,,,,6,0.3,0.0,0.2333333333333333,0.04216370213557839,nan,0.0
aliased_loop_rooms,looped_aliased_navigation,repeated_room_loop,sparse_aliased,temporal_full,lin_sequence_all_units_r3_l4,3,4,6,all_units,6,0.39999999999999997,0.02581988897471612,0.2833333333333333,0.040138648595974324,0.18333333333333335,0.01666666666666667
aliased_loop_rooms,looped_aliased_navigation,repeated_room_loop,sparse_aliased,temporal_full,lin_sequence_front_bands_r1_l2,1,2,2,front_bands,6,0.4333333333333333,0.04944132324730442,0.6666666666666666,0.06146362971528593,0.15,0.0223606797749979
aliased_loop_rooms,looped_aliased_navigation,repeated_room_loop,sparse_aliased,temporal_full,lin_sequence_front_bands_r1_l4,1,4,4,front_bands,6,0.4166666666666667,0.016666666666666663,0.48333333333333334,0.08333333333333334,0.18333333333333335,0.040138648595974324
aliased_loop_rooms,looped_aliased_navigation,repeated_room_loop,sparse_aliased,temporal_full,lin_sequence_front_bands_r1_l8,1,8,8,front_bands,6,0.30000000000000004,0.03651483716701108,0.2833333333333333,0.04772607021092118,0.24999999999999997,0.022360679774997894
aliased_loop_rooms,looped_aliased_navigation,repeated_room_loop,sparse_aliased,temporal_full,lin_sequence_front_bands_r3_l2,3,2,4,front_bands,6,0.39999999999999997,0.03651483716701108,0.4333333333333333,0.04944132324730442,0.18333333333333332,0.016666666666666666
aliased_loop_rooms,looped_aliased_navigation,repeated_room_loop,sparse_aliased,temporal_full,lin_sequence_front_bands_r3_l4,3,4,6,front_bands,6,0.38333333333333336,0.030731814857642967,0.35000000000000003,0.05,0.19999999999999998,0.025819888974716113
aliased_loop_rooms,looped_aliased_navigation,repeated_room_loop,sparse_aliased,temporal_full,lin_sequence_front_bands_r3_l8,3,8,10,front_bands,6,0.3333333333333333,0.03333333333333334,0.31666666666666665,0.07031674369909663,0.21666666666666667,0.03073181485764296
aliased_loop_rooms,looped_aliased_navigation,repeated_room_loop,sparse_aliased,temporal_full,lin_sequence_front_bands_r5_l2,5,2,6,front_bands,6,0.4333333333333333,0.021081851067789193,0.4000000000000001,0.08563488385776753,0.18333333333333335,0.03073181485764296
aliased_loop_rooms,looped_aliased_navigation,repeated_room_loop,sparse_aliased,temporal_full,lin_sequence_front_bands_r5_l4,5,4,8,front_bands,6,0.3833333333333333,0.040138648595974324,0.28333333333333327,0.06540472290116194,0.18333333333333335,0.03073181485764296
aliased_loop_rooms,looped_aliased_navigation,repeated_room_loop,sparse_aliased,temporal_full,lin_sequence_front_bands_r5_l8,5,8,12,front_bands,6,0.39999999999999997,0.02581988897471612,0.2833333333333334,0.03073181485764296,0.15,0.0223606797749979
aliased_loop_rooms,looped_aliased_navigation,repeated_room_loop,sparse_aliased,temporal_full,memoryless_linear,,,,,2,0.30000000000000004,0.1,0.65,0.35,nan,0.0
aliased_loop_rooms,looped_aliased_navigation,repeated_room_loop,sparse_aliased,temporal_full,memoryless_mlp,,,,,2,0.30000000000000004,0.1,0.65,0.35,nan,0.0
aliased_loop_rooms,looped_aliased_navigation,repeated_room_loop,sparse_aliased,temporal_full,numpy_rnn,,,,,2,0.4,0.0,0.25,0.04999999999999999,nan,0.0
aliased_loop_rooms,looped_aliased_navigation,repeated_room_loop,sparse_aliased,temporal_full,reservoir_block_hybrid,,,,,6,0.39999999999999997,0.03651483716701108,0.36666666666666664,0.06146362971528592,nan,0.0
aliased_loop_rooms,looped_aliased_navigation,repeated_room_loop,sparse_aliased,temporal_full,reservoir_diagonal,,,,,6,0.44999999999999996,0.022360679774997894,0.6333333333333333,0.06146362971528593,nan,0.0
aliased_loop_rooms,looped_aliased_navigation,repeated_room_loop,sparse_aliased,temporal_full,reservoir_low_rank,,,,,6,0.38333333333333336,0.040138648595974324,0.6666666666666666,0.06666666666666668,nan,0.0
aliased_loop_rooms,looped_aliased_navigation,repeated_room_loop,sparse_aliased,temporal_full,reservoir_nilpotent,,,,,6,0.39999999999999997,0.02581988897471612,0.2166666666666667,0.03073181485764296,nan,0.0
aliased_loop_rooms,looped_aliased_navigation,repeated_room_loop,sparse_aliased,temporal_full,reservoir_orthogonal,,,,,6,0.36666666666666664,0.04944132324730443,0.31666666666666665,0.07031674369909663,nan,0.0
aliased_loop_rooms,looped_aliased_navigation,repeated_room_loop,sparse_aliased,temporal_full,reservoir_oscillatory,,,,,6,0.39999999999999997,0.02581988897471612,0.4333333333333333,0.0557773351022717,nan,0.0
aliased_loop_rooms,looped_aliased_navigation,repeated_room_loop,sparse_aliased,temporal_full,reservoir_random,,,,,6,0.3666666666666667,0.04216370213557839,0.45,0.07637626158259732,nan,0.0
aliased_loop_rooms,looped_aliased_navigation,repeated_room_loop,sparse_aliased,temporal_full,reservoir_sparse,,,,,6,0.4166666666666667,0.016666666666666663,0.3833333333333333,0.07031674369909663,nan,0.0
aliased_loop_rooms,looped_aliased_navigation,repeated_room_loop,sparse_aliased,temporal_full,reservoir_symmetric,,,,,6,0.38333333333333336,0.030731814857642967,0.5666666666666665,0.061463629715285906,nan,0.0
aliased_loop_rooms,looped_aliased_navigation,repeated_room_loop,vector,temporal_cue_then_blank,lin_sequence_all_units_r3_l4,3,4,6,all_units,6,0.3,0.03651483716701108,0.2833333333333334,0.060092521257733164,0.5833333333333333,0.08724168218868268
aliased_loop_rooms,looped_aliased_navigation,repeated_room_loop,vector,temporal_cue_then_blank,lin_sequence_front_bands_r1_l2,1,2,2,front_bands,6,0.2833333333333333,0.040138648595974324,0.18333333333333335,0.03073181485764296,0.6833333333333332,0.03073181485764297
aliased_loop_rooms,looped_aliased_navigation,repeated_room_loop,vector,temporal_cue_then_blank,lin_sequence_front_bands_r1_l4,1,4,4,front_bands,6,0.31666666666666665,0.05426273532033236,0.18333333333333332,0.016666666666666666,0.5333333333333333,0.06666666666666667
aliased_loop_rooms,looped_aliased_navigation,repeated_room_loop,vector,temporal_cue_then_blank,lin_sequence_front_bands_r1_l8,1,8,8,front_bands,6,0.28333333333333327,0.03073181485764296,0.35000000000000003,0.03415650255319867,0.5833333333333334,0.07031674369909663
aliased_loop_rooms,looped_aliased_navigation,repeated_room_loop,vector,temporal_cue_then_blank,lin_sequence_front_bands_r3_l2,3,2,4,front_bands,6,0.31666666666666665,0.030731814857642967,0.26666666666666666,0.08432740427115679,0.65,0.03415650255319867
aliased_loop_rooms,looped_aliased_navigation,repeated_room_loop,vector,temporal_cue_then_blank,lin_sequence_front_bands_r3_l4,3,4,6,front_bands,6,0.31666666666666665,0.030731814857642967,0.30000000000000004,0.07302967433402215,0.5333333333333333,0.0881917103688197
aliased_loop_rooms,looped_aliased_navigation,repeated_room_loop,vector,temporal_cue_then_blank,lin_sequence_front_bands_r3_l8,3,8,10,front_bands,6,0.3166666666666667,0.04772607021092118,0.18333333333333335,0.07490735018081411,0.5,0.07302967433402215
aliased_loop_rooms,looped_aliased_navigation,repeated_room_loop,vector,temporal_cue_then_blank,lin_sequence_front_bands_r5_l2,5,2,6,front_bands,6,0.3,0.03651483716701108,0.3499999999999999,0.09219544457292889,0.5,0.0894427190999916
aliased_loop_rooms,looped_aliased_navigation,repeated_room_loop,vector,temporal_cue_then_blank,lin_sequence_front_bands_r5_l4,5,4,8,front_bands,6,0.35000000000000003,0.05627314338711377,0.3,0.05773502691896258,0.48333333333333334,0.07490735018081411
aliased_loop_rooms,looped_aliased_navigation,repeated_room_loop,vector,temporal_cue_then_blank,lin_sequence_front_bands_r5_l8,5,8,12,front_bands,6,0.3166666666666667,0.05426273532033237,0.19999999999999998,0.0447213595499958,0.5499999999999999,0.07187952884282608
aliased_loop_rooms,looped_aliased_navigation,repeated_room_loop,vector,temporal_cue_then_blank,memoryless_linear,,,,,2,0.4,0.1,0.1,0.0,nan,0.0
aliased_loop_rooms,looped_aliased_navigation,repeated_room_loop,vector,temporal_cue_then_blank,memoryless_mlp,,,,,2,0.4,0.1,0.1,0.0,nan,0.0
aliased_loop_rooms,looped_aliased_navigation,repeated_room_loop,vector,temporal_cue_then_blank,numpy_rnn,,,,,2,0.4,0.0,0.25,0.04999999999999999,nan,0.0
aliased_loop_rooms,looped_aliased_navigation,repeated_room_loop,vector,temporal_cue_then_blank,reservoir_block_hybrid,,,,,6,0.35000000000000003,0.022360679774997904,0.25,0.022360679774997894,nan,0.0
aliased_loop_rooms,looped_aliased_navigation,repeated_room_loop,vector,temporal_cue_then_blank,reservoir_diagonal,,,,,6,0.45,0.022360679774997894,0.2833333333333334,0.040138648595974324,nan,0.0
aliased_loop_rooms,looped_aliased_navigation,repeated_room_loop,vector,temporal_cue_then_blank,reservoir_low_rank,,,,,6,0.26666666666666666,0.04216370213557839,0.25,0.07637626158259735,nan,0.0
aliased_loop_rooms,looped_aliased_navigation,repeated_room_loop,vector,temporal_cue_then_blank,reservoir_nilpotent,,,,,6,0.3,0.03651483716701108,0.35000000000000003,0.07187952884282608,nan,0.0
aliased_loop_rooms,looped_aliased_navigation,repeated_room_loop,vector,temporal_cue_then_blank,reservoir_orthogonal,,,,,6,0.28333333333333327,0.03073181485764296,0.3,0.05773502691896258,nan,0.0
aliased_loop_rooms,looped_aliased_navigation,repeated_room_loop,vector,temporal_cue_then_blank,reservoir_oscillatory,,,,,6,0.2333333333333333,0.021081851067789193,0.26666666666666666,0.09189365834726815,nan,0.0
aliased_loop_rooms,looped_aliased_navigation,repeated_room_loop,vector,temporal_cue_then_blank,reservoir_random,,,,,6,0.3333333333333333,0.021081851067789207,0.39999999999999997,0.08944271909999159,nan,0.0
aliased_loop_rooms,looped_aliased_navigation,repeated_room_loop,vector,temporal_cue_then_blank,reservoir_sparse,,,,,6,0.31666666666666665,0.030731814857642967,0.4166666666666667,0.060092521257733164,nan,0.0
aliased_loop_rooms,looped_aliased_navigation,repeated_room_loop,vector,temporal_cue_then_blank,reservoir_symmetric,,,,,6,0.3833333333333333,0.040138648595974324,0.3833333333333333,0.05426273532033236,nan,0.0
aliased_loop_rooms,looped_aliased_navigation,repeated_room_loop,vector,temporal_dropout,lin_sequence_all_units_r3_l4,3,4,6,all_units,6,0.3,0.06831300510639733,0.18333333333333335,0.03073181485764296,0.4166666666666667,0.07923242882669808
aliased_loop_rooms,looped_aliased_navigation,repeated_room_loop,vector,temporal_dropout,lin_sequence_front_bands_r1_l2,1,2,2,front_bands,6,0.3333333333333333,0.07149203529842406,0.18333333333333335,0.03073181485764296,0.38333333333333336,0.040138648595974324
aliased_loop_rooms,looped_aliased_navigation,repeated_room_loop,vector,temporal_dropout,lin_sequence_front_bands_r1_l4,1,4,4,front_bands,6,0.2333333333333333,0.04944132324730442,0.16666666666666666,0.03333333333333333,0.4000000000000001,0.07745966692414834
aliased_loop_rooms,looped_aliased_navigation,repeated_room_loop,vector,temporal_dropout,lin_sequence_front_bands_r1_l8,1,8,8,front_bands,6,0.2833333333333334,0.06009252125773315,0.16666666666666666,0.03333333333333333,0.5333333333333333,0.06146362971528592
aliased_loop_rooms,looped_aliased_navigation,repeated_room_loop,vector,temporal_dropout,lin_sequence_front_bands_r3_l2,3,2,4,front_bands,6,0.30000000000000004,0.03651483716701108,0.16666666666666666,0.021081851067789197,0.3833333333333333,0.040138648595974324
aliased_loop_rooms,looped_aliased_navigation,repeated_room_loop,vector,temporal_dropout,lin_sequence_front_bands_r3_l4,3,4,6,front_bands,6,0.2833333333333333,0.04772607021092118,0.16666666666666666,0.03333333333333333,0.3666666666666667,0.06146362971528592
aliased_loop_rooms,looped_aliased_navigation,repeated_room_loop,vector,temporal_dropout,lin_sequence_front_bands_r3_l8,3,8,10,front_bands,6,0.2833333333333334,0.04772607021092118,0.16666666666666666,0.04216370213557839,0.5333333333333333,0.0557773351022717
aliased_loop_rooms,looped_aliased_navigation,repeated_room_loop,vector,temporal_dropout,lin_sequence_front_bands_r5_l2,5,2,6,front_bands,6,0.25000000000000006,0.03415650255319867,0.15,0.05,0.39999999999999997,0.06831300510639735
aliased_loop_rooms,looped_aliased_navigation,repeated_room_loop,vector,temporal_dropout,lin_sequence_front_bands_r5_l4,5,4,8,front_bands,6,0.30000000000000004,0.05773502691896258,0.25,0.022360679774997894,0.39999999999999997,0.06831300510639733
aliased_loop_rooms,looped_aliased_navigation,repeated_room_loop,vector,temporal_dropout,lin_sequence_front_bands_r5_l8,5,8,12,front_bands,6,0.25000000000000006,0.034156502553198666,0.18333333333333335,0.03073181485764296,0.43333333333333335,0.09189365834726815
aliased_loop_rooms,looped_aliased_navigation,repeated_room_loop,vector,temporal_dropout,memoryless_linear,,,,,2,0.35,0.05,0.1,0.1,nan,0.0
aliased_loop_rooms,looped_aliased_navigation,repeated_room_loop,vector,temporal_dropout,memoryless_mlp,,,,,2,0.35,0.05,0.1,0.1,nan,0.0
aliased_loop_rooms,looped_aliased_navigation,repeated_room_loop,vector,temporal_dropout,numpy_rnn,,,,,2,0.4,0.0,0.25,0.04999999999999999,nan,0.0
aliased_loop_rooms,looped_aliased_navigation,repeated_room_loop,vector,temporal_dropout,reservoir_block_hybrid,,,,,6,0.25,0.0670820393249937,0.16666666666666666,0.04944132324730443,nan,0.0
aliased_loop_rooms,looped_aliased_navigation,repeated_room_loop,vector,temporal_dropout,reservoir_diagonal,,,,,6,0.46666666666666673,0.06666666666666667,0.23333333333333336,0.042163702135578386,nan,0.0
aliased_loop_rooms,looped_aliased_navigation,repeated_room_loop,vector,temporal_dropout,reservoir_low_rank,,,,,6,0.3666666666666667,0.0557773351022717,0.24999999999999997,0.022360679774997894,nan,0.0
aliased_loop_rooms,looped_aliased_navigation,repeated_room_loop,vector,temporal_dropout,reservoir_nilpotent,,,,,6,0.30000000000000004,0.07302967433402215,0.25,0.07637626158259733,nan,0.0
aliased_loop_rooms,looped_aliased_navigation,repeated_room_loop,vector,temporal_dropout,reservoir_orthogonal,,,,,6,0.21666666666666667,0.05426273532033237,0.16666666666666666,0.04216370213557839,nan,0.0
aliased_loop_rooms,looped_aliased_navigation,repeated_room_loop,vector,temporal_dropout,reservoir_oscillatory,,,,,6,0.2833333333333334,0.06009252125773315,0.18333333333333332,0.016666666666666666,nan,0.0
aliased_loop_rooms,looped_aliased_navigation,repeated_room_loop,vector,temporal_dropout,reservoir_random,,,,,6,0.31666666666666665,0.06540472290116194,0.28333333333333327,0.060092521257733164,nan,0.0
aliased_loop_rooms,looped_aliased_navigation,repeated_room_loop,vector,temporal_dropout,reservoir_sparse,,,,,6,0.26666666666666666,0.03333333333333333,0.23333333333333336,0.04216370213557839,nan,0.0
aliased_loop_rooms,looped_aliased_navigation,repeated_room_loop,vector,temporal_dropout,reservoir_symmetric,,,,,6,0.3333333333333333,0.08432740427115677,0.2166666666666667,0.04772607021092118,nan,0.0
aliased_loop_rooms,looped_aliased_navigation,repeated_room_loop,vector,temporal_full,lin_sequence_all_units_r3_l4,3,4,6,all_units,6,0.35000000000000003,0.07187952884282608,0.25,0.03415650255319866,0.9333333333333332,0.033333333333333326
aliased_loop_rooms,looped_aliased_navigation,repeated_room_loop,vector,temporal_full,lin_sequence_front_bands_r1_l2,1,2,2,front_bands,6,0.5333333333333333,0.033333333333333326,0.39999999999999997,0.0447213595499958,0.85,0.03415650255319867
aliased_loop_rooms,looped_aliased_navigation,repeated_room_loop,vector,temporal_full,lin_sequence_front_bands_r1_l4,1,4,4,front_bands,6,0.39999999999999997,0.02581988897471612,0.3333333333333333,0.06146362971528592,1.0,0.0
aliased_loop_rooms,looped_aliased_navigation,repeated_room_loop,vector,temporal_full,lin_sequence_front_bands_r1_l8,1,8,8,front_bands,6,0.3166666666666667,0.06009252125773315,0.3666666666666667,0.06146362971528592,0.7999999999999999,0.06324555320336761
aliased_loop_rooms,looped_aliased_navigation,repeated_room_loop,vector,temporal_full,lin_sequence_front_bands_r3_l2,3,2,4,front_bands,6,0.43333333333333335,0.03333333333333334,0.4833333333333334,0.07923242882669809,0.9833333333333334,0.016666666666666663
aliased_loop_rooms,looped_aliased_navigation,repeated_room_loop,vector,temporal_full,lin_sequence_front_bands_r3_l4,3,4,6,front_bands,6,0.3,0.08164965809277261,0.2833333333333334,0.047726070210921186,0.9333333333333332,0.042163702135578386
aliased_loop_rooms,looped_aliased_navigation,repeated_room_loop,vector,temporal_full,lin_sequence_front_bands_r3_l8,3,8,10,front_bands,6,0.3166666666666667,0.07490735018081411,0.3,0.09660917830792959,0.8666666666666667,0.06146362971528592
aliased_loop_rooms,looped_aliased_navigation,repeated_room_loop,vector,temporal_full,lin_sequence_front_bands_r5_l2,5,2,6,front_bands,6,0.39999999999999997,0.05773502691896258,0.5,0.0894427190999916,0.9333333333333332,0.033333333333333326
aliased_loop_rooms,looped_aliased_navigation,repeated_room_loop,vector,temporal_full,lin_sequence_front_bands_r5_l4,5,4,8,front_bands,6,0.4333333333333333,0.07149203529842406,0.3833333333333333,0.10461569884316813,0.9833333333333334,0.016666666666666663
aliased_loop_rooms,looped_aliased_navigation,repeated_room_loop,vector,temporal_full,lin_sequence_front_bands_r5_l8,5,8,12,front_bands,6,0.4666666666666666,0.055777335102271716,0.45,0.11180339887498948,0.9333333333333332,0.033333333333333326
aliased_loop_rooms,looped_aliased_navigation,repeated_room_loop,vector,temporal_full,memoryless_linear,,,,,2,0.35,0.15,0.35,0.15,nan,0.0
aliased_loop_rooms,looped_aliased_navigation,repeated_room_loop,vector,temporal_full,memoryless_mlp,,,,,2,0.35,0.15,0.35,0.15,nan,0.0
aliased_loop_rooms,looped_aliased_navigation,repeated_room_loop,vector,temporal_full,numpy_rnn,,,,,2,0.4,0.0,0.25,0.04999999999999999,nan,0.0
aliased_loop_rooms,looped_aliased_navigation,repeated_room_loop,vector,temporal_full,reservoir_block_hybrid,,,,,6,0.3666666666666667,0.04216370213557839,0.4166666666666667,0.03073181485764296,nan,0.0
aliased_loop_rooms,looped_aliased_navigation,repeated_room_loop,vector,temporal_full,reservoir_diagonal,,,,,6,0.44999999999999996,0.03415650255319866,0.3333333333333333,0.04216370213557839,nan,0.0
aliased_loop_rooms,looped_aliased_navigation,repeated_room_loop,vector,temporal_full,reservoir_low_rank,,,,,6,0.3666666666666667,0.03333333333333334,0.3,0.08563488385776753,nan,0.0
aliased_loop_rooms,looped_aliased_navigation,repeated_room_loop,vector,temporal_full,reservoir_nilpotent,,,,,6,0.4666666666666666,0.04216370213557839,0.4166666666666667,0.11666666666666667,nan,0.0
aliased_loop_rooms,looped_aliased_navigation,repeated_room_loop,vector,temporal_full,reservoir_orthogonal,,,,,6,0.4166666666666667,0.04772607021092118,0.26666666666666666,0.04944132324730442,nan,0.0
aliased_loop_rooms,looped_aliased_navigation,repeated_room_loop,vector,temporal_full,reservoir_oscillatory,,,,,6,0.4333333333333333,0.0557773351022717,0.3833333333333333,0.04772607021092118,nan,0.0
aliased_loop_rooms,looped_aliased_navigation,repeated_room_loop,vector,temporal_full,reservoir_random,,,,,6,0.39999999999999997,0.02581988897471612,0.4000000000000001,0.08164965809277261,nan,0.0
aliased_loop_rooms,looped_aliased_navigation,repeated_room_loop,vector,temporal_full,reservoir_sparse,,,,,6,0.35000000000000003,0.06191391873668904,0.25000000000000006,0.0670820393249937,nan,0.0
aliased_loop_rooms,looped_aliased_navigation,repeated_room_loop,vector,temporal_full,reservoir_symmetric,,,,,6,0.45,0.06708203932499368,0.3833333333333333,0.05426273532033236,nan,0.0
aliased_rooms,aliased_navigation,repeated_room,egocentric_landmark,temporal_cue_then_blank,lin_sequence_all_units_r3_l4,3,4,6,all_units,6,0.6222222222222221,0.02810913475705226,0.25555555555555554,0.01111111111111111,0.7666666666666667,0.03333333333333335
aliased_rooms,aliased_navigation,repeated_room,egocentric_landmark,temporal_cue_then_blank,lin_sequence_front_bands_r1_l2,1,2,2,front_bands,6,0.7555555555555555,0.014054567378526152,0.06666666666666667,0.0,0.8666666666666668,0.02981423969999719
aliased_rooms,aliased_navigation,repeated_room,egocentric_landmark,temporal_cue_then_blank,lin_sequence_front_bands_r1_l4,1,4,4,front_bands,6,0.6666666666666666,0.024343224778007377,0.2111111111111111,0.011111111111111108,0.8111111111111112,0.03181738014061413
aliased_rooms,aliased_navigation,repeated_room,egocentric_landmark,temporal_cue_then_blank,lin_sequence_front_bands_r1_l8,1,8,8,front_bands,6,0.6666666666666666,0.024343224778007377,0.3111111111111111,0.04766135686561604,0.8555555555555555,0.01111111111111111
aliased_rooms,aliased_navigation,repeated_room,egocentric_landmark,temporal_cue_then_blank,lin_sequence_front_bands_r3_l2,3,2,4,front_bands,6,0.7111111111111111,0.01405456737852613,0.2111111111111111,0.01111111111111111,0.8333333333333334,0.022771001702132455
aliased_rooms,aliased_navigation,repeated_room,egocentric_landmark,temporal_cue_then_blank,lin_sequence_front_bands_r3_l4,3,4,6,front_bands,6,0.6555555555555556,0.01111111111111111,0.28888888888888886,0.01405456737852613,0.8444444444444444,0.01405456737852613
aliased_rooms,aliased_navigation,repeated_room,egocentric_landmark,temporal_cue_then_blank,lin_sequence_front_bands_r3_l8,3,8,10,front_bands,6,0.7111111111111111,0.01405456737852613,0.3,0.022771001702132438,0.8222222222222223,0.03296088216486963
aliased_rooms,aliased_navigation,repeated_room,egocentric_landmark,temporal_cue_then_blank,lin_sequence_front_bands_r5_l2,5,2,6,front_bands,6,0.5555555555555556,0.03296088216486961,0.2333333333333333,0.022771001702132438,0.8333333333333334,0.014907119849998596
aliased_rooms,aliased_navigation,repeated_room,egocentric_landmark,temporal_cue_then_blank,lin_sequence_front_bands_r5_l4,5,4,8,front_bands,6,0.6333333333333332,0.028544961285922505,0.25555555555555554,0.01111111111111111,0.8333333333333334,0.022771001702132455
aliased_rooms,aliased_navigation,repeated_room,egocentric_landmark,temporal_cue_then_blank,lin_sequence_front_bands_r5_l8,5,8,12,front_bands,6,0.6444444444444444,0.01405456737852613,0.28888888888888886,0.032960882164869615,0.8444444444444444,0.01405456737852613
aliased_rooms,aliased_navigation,repeated_room,egocentric_landmark,temporal_cue_then_blank,memoryless_linear,,,,,2,0.5666666666666667,0.09999999999999998,0.06666666666666667,0.0,nan,0.0
aliased_rooms,aliased_navigation,repeated_room,egocentric_landmark,temporal_cue_then_blank,memoryless_mlp,,,,,2,0.5666666666666667,0.09999999999999998,0.06666666666666667,0.0,nan,0.0
aliased_rooms,aliased_navigation,repeated_room,egocentric_landmark,temporal_cue_then_blank,numpy_rnn,,,,,2,0.6666666666666666,0.06666666666666665,0.16666666666666669,0.03333333333333333,nan,0.0
aliased_rooms,aliased_navigation,repeated_room,egocentric_landmark,temporal_cue_then_blank,reservoir_block_hybrid,,,,,6,0.5777777777777777,0.053518198127965745,0.2333333333333333,0.028544961285922512,nan,0.0
aliased_rooms,aliased_navigation,repeated_room,egocentric_landmark,temporal_cue_then_blank,reservoir_diagonal,,,,,6,0.7333333333333333,0.0,0.3111111111111111,0.07027283689263066,nan,0.0
aliased_rooms,aliased_navigation,repeated_room,egocentric_landmark,temporal_cue_then_blank,reservoir_low_rank,,,,,6,0.688888888888889,0.03296088216486962,0.25555555555555554,0.04687782913273109,nan,0.0
aliased_rooms,aliased_navigation,repeated_room,egocentric_landmark,temporal_cue_then_blank,reservoir_nilpotent,,,,,6,0.6333333333333333,0.014907119849998596,0.31111111111111106,0.022222222222222223,nan,0.0
aliased_rooms,aliased_navigation,repeated_room,egocentric_landmark,temporal_cue_then_blank,reservoir_orthogonal,,,,,6,0.6333333333333333,0.022771001702132438,0.3,0.028544961285922515,nan,0.0
aliased_rooms,aliased_navigation,repeated_room,egocentric_landmark,temporal_cue_then_blank,reservoir_oscillatory,,,,,6,0.5888888888888889,0.04687782913273107,0.2111111111111111,0.03617515688022157,nan,0.0
aliased_rooms,aliased_navigation,repeated_room,egocentric_landmark,temporal_cue_then_blank,reservoir_random,,,,,6,0.6,0.042163702135578386,0.2888888888888889,0.056218269514104524,nan,0.0
aliased_rooms,aliased_navigation,repeated_room,egocentric_landmark,temporal_cue_then_blank,reservoir_sparse,,,,,6,0.5222222222222221,0.04687782913273108,0.2222222222222222,0.028109134757052262,nan,0.0
aliased_rooms,aliased_navigation,repeated_room,egocentric_landmark,temporal_cue_then_blank,reservoir_symmetric,,,,,6,0.7222222222222223,0.0468778291327311,0.24444444444444444,0.028109134757052262,nan,0.0
aliased_rooms,aliased_navigation,repeated_room,egocentric_landmark,temporal_dropout,lin_sequence_all_units_r3_l4,3,4,6,all_units,6,0.5444444444444444,0.04006168083848877,0.18888888888888888,0.03181738014061412,0.6444444444444444,0.06126243889817878
aliased_rooms,aliased_navigation,repeated_room,egocentric_landmark,temporal_dropout,lin_sequence_front_bands_r1_l2,1,2,2,front_bands,6,0.5555555555555556,0.02810913475705226,0.17777777777777778,0.053518198127965766,0.4777777777777778,0.04687782913273107
aliased_rooms,aliased_navigation,repeated_room,egocentric_landmark,temporal_dropout,lin_sequence_front_bands_r1_l4,1,4,4,front_bands,6,0.5888888888888889,0.043603148600774626,0.14444444444444446,0.020487876571761977,0.7333333333333334,0.062063289083417524
aliased_rooms,aliased_navigation,repeated_room,egocentric_landmark,temporal_dropout,lin_sequence_front_bands_r1_l8,1,8,8,front_bands,6,0.4777777777777777,0.04360314860077463,0.26666666666666666,0.03849001794597506,0.8555555555555555,0.01111111111111111
aliased_rooms,aliased_navigation,repeated_room,egocentric_landmark,temporal_dropout,lin_sequence_front_bands_r3_l2,3,2,4,front_bands,6,0.46666666666666673,0.057089922571845024,0.16666666666666666,0.0447213595499958,0.6,0.03442651863295481
aliased_rooms,aliased_navigation,repeated_room,egocentric_landmark,temporal_dropout,lin_sequence_front_bands_r3_l4,3,4,6,front_bands,6,0.5777777777777778,0.07027283689263064,0.14444444444444446,0.04360314860077463,0.688888888888889,0.04444444444444445
aliased_rooms,aliased_navigation,repeated_room,egocentric_landmark,temporal_dropout,lin_sequence_front_bands_r3_l8,3,8,10,front_bands,6,0.5444444444444444,0.03617515688022156,0.28888888888888886,0.028109134757052262,0.8111111111111112,0.02048787657176198
aliased_rooms,aliased_navigation,repeated_room,egocentric_landmark,temporal_dropout,lin_sequence_front_bands_r5_l2,5,2,6,front_bands,6,0.5222222222222223,0.06065486250647192,0.17777777777777778,0.03718489006818114,0.6777777777777777,0.036175156880221576
aliased_rooms,aliased_navigation,repeated_room,egocentric_landmark,temporal_dropout,lin_sequence_front_bands_r5_l4,5,4,8,front_bands,6,0.37777777777777777,0.05067446333773947,0.13333333333333333,0.024343224778007388,0.7555555555555555,0.04766135686561605
aliased_rooms,aliased_navigation,repeated_room,egocentric_landmark,temporal_dropout,lin_sequence_front_bands_r5_l8,5,8,12,front_bands,6,0.5555555555555555,0.037184890068181126,0.2111111111111111,0.04360314860077463,0.8444444444444446,0.028109134757052276
aliased_rooms,aliased_navigation,repeated_room,egocentric_landmark,temporal_dropout,memoryless_linear,,,,,2,0.7,0.033333333333333326,0.23333333333333334,0.09999999999999999,nan,0.0
aliased_rooms,aliased_navigation,repeated_room,egocentric_landmark,temporal_dropout,memoryless_mlp,,,,,2,0.7,0.033333333333333326,0.23333333333333334,0.09999999999999999,nan,0.0
aliased_rooms,aliased_navigation,repeated_room,egocentric_landmark,temporal_dropout,numpy_rnn,,,,,2,0.6666666666666666,0.06666666666666665,0.16666666666666669,0.03333333333333333,nan,0.0
aliased_rooms,aliased_navigation,repeated_room,egocentric_landmark,temporal_dropout,reservoir_block_hybrid,,,,,6,0.5555555555555555,0.04444444444444444,0.15555555555555553,0.06592176432973923,nan,0.0
aliased_rooms,aliased_navigation,repeated_room,egocentric_landmark,temporal_dropout,reservoir_diagonal,,,,,6,0.6111111111111112,0.07387008950486516,0.18888888888888888,0.04687782913273109,nan,0.0
aliased_rooms,aliased_navigation,repeated_room,egocentric_landmark,temporal_dropout,reservoir_low_rank,,,,,6,0.48888888888888893,0.01405456737852613,0.2333333333333333,0.041275945824459356,nan,0.0
aliased_rooms,aliased_navigation,repeated_room,egocentric_landmark,temporal_dropout,reservoir_nilpotent,,,,,6,0.4222222222222223,0.04097575314352394,0.18888888888888888,0.04993823345387608,nan,0.0
aliased_rooms,aliased_navigation,repeated_room,egocentric_landmark,temporal_dropout,reservoir_orthogonal,,,,,6,0.4777777777777778,0.052821619217798724,0.14444444444444443,0.05555555555555556,nan,0.0
aliased_rooms,aliased_navigation,repeated_room,egocentric_landmark,temporal_dropout,reservoir_oscillatory,,,,,6,0.5,0.05900408021045224,0.2111111111111111,0.04360314860077463,nan,0.0
aliased_rooms,aliased_navigation,repeated_room,egocentric_landmark,temporal_dropout,reservoir_random,,,,,6,0.4777777777777778,0.052821619217798724,0.17777777777777778,0.040975753143523946,nan,0.0
aliased_rooms,aliased_navigation,repeated_room,egocentric_landmark,temporal_dropout,reservoir_sparse,,,,,6,0.6,0.059628479399994404,0.19999999999999998,0.03849001794597505,nan,0.0
aliased_rooms,aliased_navigation,repeated_room,egocentric_landmark,temporal_dropout,reservoir_symmetric,,,,,6,0.5000000000000001,0.04791968589521739,0.15555555555555556,0.028109134757052262,nan,0.0
aliased_rooms,aliased_navigation,repeated_room,egocentric_landmark,temporal_full,lin_sequence_all_units_r3_l4,3,4,6,all_units,6,0.6333333333333334,0.08210201423071631,0.43333333333333335,0.10715167512214396,0.8111111111111112,0.04006168083848879
aliased_rooms,aliased_navigation,repeated_room,egocentric_landmark,temporal_full,lin_sequence_front_bands_r1_l2,1,2,2,front_bands,6,0.5666666666666668,0.04791968589521738,0.3666666666666667,0.09850737893022891,0.7222222222222223,0.020487876571761984
aliased_rooms,aliased_navigation,repeated_room,egocentric_landmark,temporal_full,lin_sequence_front_bands_r1_l4,1,4,4,front_bands,6,0.7111111111111111,0.05067446333773948,0.4777777777777777,0.04993823345387606,0.9555555555555557,0.02810913475705226
aliased_rooms,aliased_navigation,repeated_room,egocentric_landmark,temporal_full,lin_sequence_front_bands_r1_l8,1,8,8,front_bands,6,0.7222222222222222,0.04006168083848879,0.3444444444444445,0.040061680838488774,0.8444444444444444,0.01405456737852613
aliased_rooms,aliased_navigation,repeated_room,egocentric_landmark,temporal_full,lin_sequence_front_bands_r3_l2,3,2,4,front_bands,6,0.5222222222222223,0.05282161921779872,0.39999999999999997,0.057089922571845024,0.8666666666666667,0.05163977794943224
aliased_rooms,aliased_navigation,repeated_room,egocentric_landmark,temporal_full,lin_sequence_front_bands_r3_l4,3,4,6,front_bands,6,0.5222222222222223,0.05816112145912178,0.35555555555555557,0.07436978013636228,0.8333333333333334,0.04472135954999581
aliased_rooms,aliased_navigation,repeated_room,egocentric_landmark,temporal_full,lin_sequence_front_bands_r3_l8,3,8,10,front_bands,6,0.611111111111111,0.07183657722330941,0.3111111111111111,0.06126243889817877,0.8555555555555555,0.01111111111111111
aliased_rooms,aliased_navigation,repeated_room,egocentric_landmark,temporal_full,lin_sequence_front_bands_r5_l2,5,2,6,front_bands,6,0.5777777777777778,0.06126243889817877,0.3444444444444445,0.04360314860077463,0.9222222222222222,0.03181738014061412
aliased_rooms,aliased_navigation,repeated_room,egocentric_landmark,temporal_full,lin_sequence_front_bands_r5_l4,5,4,8,front_bands,6,0.5333333333333333,0.04868644955601477,0.3222222222222222,0.0718365772233094,0.9111111111111111,0.02222222222222222
aliased_rooms,aliased_navigation,repeated_room,egocentric_landmark,temporal_full,lin_sequence_front_bands_r5_l8,5,8,12,front_bands,6,0.5888888888888889,0.08505626315113174,0.41111111111111115,0.0995049474543916,0.8666666666666668,0.017213259316477405
aliased_rooms,aliased_navigation,repeated_room,egocentric_landmark,temporal_full,memoryless_linear,,,,,2,0.7666666666666666,0.03333333333333338,0.7,0.16666666666666669,nan,0.0
aliased_rooms,aliased_navigation,repeated_room,egocentric_landmark,temporal_full,memoryless_mlp,,,,,2,0.7666666666666666,0.03333333333333338,0.7,0.16666666666666669,nan,0.0
aliased_rooms,aliased_navigation,repeated_room,egocentric_landmark,temporal_full,numpy_rnn,,,,,2,0.7,0.1,0.26666666666666666,0.06666666666666665,nan,0.0
aliased_rooms,aliased_navigation,repeated_room,egocentric_landmark,temporal_full,reservoir_block_hybrid,,,,,6,0.6666666666666666,0.02981423969999721,0.4444444444444445,0.037184890068181146,nan,0.0
aliased_rooms,aliased_navigation,repeated_room,egocentric_landmark,temporal_full,reservoir_diagonal,,,,,6,0.811111111111111,0.02048787657176198,0.6777777777777777,0.040061680838488774,nan,0.0
aliased_rooms,aliased_navigation,repeated_room,egocentric_landmark,temporal_full,reservoir_low_rank,,,,,6,0.6,0.02981423969999719,0.4777777777777778,0.06535751631045662,nan,0.0
aliased_rooms,aliased_navigation,repeated_room,egocentric_landmark,temporal_full,reservoir_nilpotent,,,,,6,0.5333333333333333,0.06206328908341752,0.3666666666666667,0.03333333333333334,nan,0.0
aliased_rooms,aliased_navigation,repeated_room,egocentric_landmark,temporal_full,reservoir_orthogonal,,,,,6,0.5444444444444444,0.04687782913273107,0.3,0.07649739768026004,nan,0.0
aliased_rooms,aliased_navigation,repeated_room,egocentric_landmark,temporal_full,reservoir_oscillatory,,,,,6,0.611111111111111,0.04006168083848876,0.5555555555555556,0.053518198127965766,nan,0.0
aliased_rooms,aliased_navigation,repeated_room,egocentric_landmark,temporal_full,reservoir_random,,,,,6,0.4555555555555555,0.07183657722330938,0.39999999999999997,0.06440611887195306,nan,0.0
aliased_rooms,aliased_navigation,repeated_room,egocentric_landmark,temporal_full,reservoir_sparse,,,,,6,0.5222222222222223,0.046877829132731086,0.3444444444444445,0.06758625033664688,nan,0.0
aliased_rooms,aliased_navigation,repeated_room,egocentric_landmark,temporal_full,reservoir_symmetric,,,,,6,0.6777777777777777,0.0718365772233094,0.5888888888888889,0.07183657722330941,nan,0.0
aliased_rooms,aliased_navigation,repeated_room,hybrid,temporal_cue_then_blank,lin_sequence_all_units_r3_l4,3,4,6,all_units,6,0.5888888888888888,0.03617515688022157,0.25555555555555554,0.03181738014061412,0.8444444444444444,0.01405456737852613
aliased_rooms,aliased_navigation,repeated_room,hybrid,temporal_cue_then_blank,lin_sequence_front_bands_r1_l2,1,2,2,front_bands,6,0.7444444444444445,0.02048787657176199,0.06666666666666667,0.0,0.8666666666666668,0.02981423969999719
aliased_rooms,aliased_navigation,repeated_room,hybrid,temporal_cue_then_blank,lin_sequence_front_bands_r1_l4,1,4,4,front_bands,6,0.7444444444444445,0.011111111111111129,0.2111111111111111,0.011111111111111108,0.8555555555555555,0.01111111111111111
aliased_rooms,aliased_navigation,repeated_room,hybrid,temporal_cue_then_blank,lin_sequence_front_bands_r1_l8,1,8,8,front_bands,6,0.6666666666666666,0.017213259316477405,0.3333333333333333,0.02434322477800739,0.8555555555555555,0.01111111111111111
aliased_rooms,aliased_navigation,repeated_room,hybrid,temporal_cue_then_blank,lin_sequence_front_bands_r3_l2,3,2,4,front_bands,6,0.6555555555555556,0.03181738014061412,0.19999999999999998,0.017213259316477412,0.7999999999999999,0.04216370213557841
aliased_rooms,aliased_navigation,repeated_room,hybrid,temporal_cue_then_blank,lin_sequence_front_bands_r3_l4,3,4,6,front_bands,6,0.6444444444444444,0.01405456737852613,0.3,0.02277100170213245,0.8444444444444444,0.01405456737852613
aliased_rooms,aliased_navigation,repeated_room,hybrid,temporal_cue_then_blank,lin_sequence_front_bands_r3_l8,3,8,10,front_bands,6,0.6888888888888888,0.02222222222222222,0.3333333333333333,0.07698003589195011,0.8555555555555555,0.01111111111111111
aliased_rooms,aliased_navigation,repeated_room,hybrid,temporal_cue_then_blank,lin_sequence_front_bands_r5_l2,5,2,6,front_bands,6,0.5888888888888889,0.04006168083848876,0.26666666666666666,0.017213259316477405,0.8444444444444444,0.01405456737852613
aliased_rooms,aliased_navigation,repeated_room,hybrid,temporal_cue_then_blank,lin_sequence_front_bands_r5_l4,5,4,8,front_bands,6,0.6222222222222222,0.01405456737852613,0.3,0.06382847385042255,0.8333333333333331,0.014907119849998596
aliased_rooms,aliased_navigation,repeated_room,hybrid,temporal_cue_then_blank,lin_sequence_front_bands_r5_l8,5,8,12,front_bands,6,0.611111111111111,0.03617515688022157,0.23333333333333336,0.05091750772173157,0.7777777777777777,0.03296088216486963
aliased_rooms,aliased_navigation,repeated_room,hybrid,temporal_cue_then_blank,memoryless_linear,,,,,2,0.5666666666666667,0.09999999999999998,0.06666666666666667,0.0,nan,0.0
aliased_rooms,aliased_navigation,repeated_room,hybrid,temporal_cue_then_blank,memoryless_mlp,,,,,2,0.5666666666666667,0.09999999999999998,0.06666666666666667,0.0,nan,0.0
aliased_rooms,aliased_navigation,repeated_room,hybrid,temporal_cue_then_blank,numpy_rnn,,,,,2,0.6666666666666666,0.06666666666666665,0.16666666666666669,0.03333333333333333,nan,0.0
aliased_rooms,aliased_navigation,repeated_room,hybrid,temporal_cue_then_blank,reservoir_block_hybrid,,,,,6,0.5666666666666667,0.028544961285922505,0.3444444444444445,0.08329628806218362,nan,0.0
aliased_rooms,aliased_navigation,repeated_room,hybrid,temporal_cue_then_blank,reservoir_diagonal,,,,,6,0.7222222222222222,0.01111111111111111,0.30000000000000004,0.074535599249993,nan,0.0
aliased_rooms,aliased_navigation,repeated_room,hybrid,temporal_cue_then_blank,reservoir_low_rank,,,,,6,0.6333333333333334,0.06382847385042255,0.19999999999999998,0.051639777949432225,nan,0.0
aliased_rooms,aliased_navigation,repeated_room,hybrid,temporal_cue_then_blank,reservoir_nilpotent,,,,,6,0.6555555555555556,0.02048787657176197,0.2888888888888889,0.037184890068181146,nan,0.0
aliased_rooms,aliased_navigation,repeated_room,hybrid,temporal_cue_then_blank,reservoir_orthogonal,,,,,6,0.6444444444444444,0.01405456737852613,0.2888888888888889,0.08720629720154927,nan,0.0
aliased_rooms,aliased_navigation,repeated_room,hybrid,temporal_cue_then_blank,reservoir_oscillatory,,,,,6,0.6,0.05163977794943224,0.19999999999999998,0.017213259316477412,nan,0.0
aliased_rooms,aliased_navigation,repeated_room,hybrid,temporal_cue_then_blank,reservoir_random,,,,,6,0.6222222222222221,0.04097575314352394,0.3,0.08027729719194864,nan,0.0
aliased_rooms,aliased_navigation,repeated_room,hybrid,temporal_cue_then_blank,reservoir_sparse,,,,,6,0.6,0.024343224778007377,0.2888888888888889,0.044444444444444446,nan,0.0
aliased_rooms,aliased_navigation,repeated_room,hybrid,temporal_cue_then_blank,reservoir_symmetric,,,,,6,0.7333333333333334,0.042163702135578414,0.3333333333333333,0.04554200340426489,nan,0.0
aliased_rooms,aliased_navigation,repeated_room,hybrid,temporal_dropout,lin_sequence_all_units_r3_l4,3,4,6,all_units,6,0.3888888888888889,0.031817380140614124,0.11111111111111112,0.032960882164869615,0.8222222222222223,0.04766135686561604
aliased_rooms,aliased_navigation,repeated_room,hybrid,temporal_dropout,lin_sequence_front_bands_r1_l2,1,2,2,front_bands,6,0.5444444444444444,0.043603148600774626,0.31111111111111106,0.01405456737852613,0.8444444444444446,0.02810913475705226
aliased_rooms,aliased_navigation,repeated_room,hybrid,temporal_dropout,lin_sequence_front_bands_r1_l4,1,4,4,front_bands,6,0.5,0.06831300510639735,0.24444444444444444,0.056218269514104524,0.7000000000000001,0.03333333333333334
aliased_rooms,aliased_navigation,repeated_room,hybrid,temporal_dropout,lin_sequence_front_bands_r1_l8,1,8,8,front_bands,6,0.4888888888888889,0.05067446333773947,0.19999999999999998,0.034426518632954824,0.8555555555555557,0.03617515688022158
aliased_rooms,aliased_navigation,repeated_room,hybrid,temporal_dropout,lin_sequence_front_bands_r3_l2,3,2,4,front_bands,6,0.5111111111111111,0.04097575314352394,0.24444444444444446,0.06126243889817877,0.7111111111111111,0.05067446333773948
aliased_rooms,aliased_navigation,repeated_room,hybrid,temporal_dropout,lin_sequence_front_bands_r3_l4,3,4,6,front_bands,6,0.43333333333333335,0.03751542892474252,0.2333333333333333,0.05643744488533465,0.8333333333333334,0.04127594582445936
aliased_rooms,aliased_navigation,repeated_room,hybrid,temporal_dropout,lin_sequence_front_bands_r3_l8,3,8,10,front_bands,6,0.5444444444444445,0.06535751631045664,0.39999999999999997,0.05443310539518174,0.8333333333333334,0.028544961285922515
aliased_rooms,aliased_navigation,repeated_room,hybrid,temporal_dropout,lin_sequence_front_bands_r5_l2,5,2,6,front_bands,6,0.5333333333333333,0.04868644955601477,0.2222222222222222,0.03718489006818113,0.8444444444444444,0.056218269514104524
aliased_rooms,aliased_navigation,repeated_room,hybrid,temporal_dropout,lin_sequence_front_bands_r5_l4,5,4,8,front_bands,6,0.45555555555555555,0.06305004870716047,0.2555555555555556,0.07584910295944895,0.811111111111111,0.03181738014061413
aliased_rooms,aliased_navigation,repeated_room,hybrid,temporal_dropout,lin_sequence_front_bands_r5_l8,5,8,12,front_bands,6,0.5666666666666667,0.028544961285922505,0.36666666666666664,0.0447213595499958,0.7999999999999999,0.04868644955601478
aliased_rooms,aliased_navigation,repeated_room,hybrid,temporal_dropout,memoryless_linear,,,,,2,0.5666666666666667,0.033333333333333326,0.5333333333333333,0.06666666666666665,nan,0.0
aliased_rooms,aliased_navigation,repeated_room,hybrid,temporal_dropout,memoryless_mlp,,,,,2,0.5666666666666667,0.033333333333333326,0.5333333333333333,0.06666666666666665,nan,0.0
aliased_rooms,aliased_navigation,repeated_room,hybrid,temporal_dropout,numpy_rnn,,,,,2,0.6666666666666666,0.06666666666666665,0.16666666666666669,0.03333333333333333,nan,0.0
aliased_rooms,aliased_navigation,repeated_room,hybrid,temporal_dropout,reservoir_block_hybrid,,,,,6,0.5666666666666668,0.05643744488533465,0.26666666666666666,0.06885303726590965,nan,0.0
aliased_rooms,aliased_navigation,repeated_room,hybrid,temporal_dropout,reservoir_diagonal,,,,,6,0.5777777777777777,0.03296088216486961,0.3333333333333333,0.02434322477800739,nan,0.0
aliased_rooms,aliased_navigation,repeated_room,hybrid,temporal_dropout,reservoir_low_rank,,,,,6,0.4666666666666666,0.07698003589195011,0.19999999999999998,0.05443310539518174,nan,0.0
aliased_rooms,aliased_navigation,repeated_room,hybrid,temporal_dropout,reservoir_nilpotent,,,,,6,0.45555555555555555,0.052821619217798724,0.14444444444444446,0.07387008950486516,nan,0.0
aliased_rooms,aliased_navigation,repeated_room,hybrid,temporal_dropout,reservoir_orthogonal,,,,,6,0.4222222222222222,0.04766135686561604,0.17777777777777778,0.044444444444444446,nan,0.0
aliased_rooms,aliased_navigation,repeated_room,hybrid,temporal_dropout,reservoir_oscillatory,,,,,6,0.48888888888888893,0.02810913475705226,0.35555555555555557,0.05067446333773947,nan,0.0
aliased_rooms,aliased_navigation,repeated_room,hybrid,temporal_dropout,reservoir_random,,,,,6,0.43333333333333335,0.05900408021045224,0.26666666666666666,0.05708992257184503,nan,0.0
aliased_rooms,aliased_navigation,repeated_room,hybrid,temporal_dropout,reservoir_sparse,,,,,6,0.4777777777777778,0.06974379922877874,0.23333333333333336,0.06610877680286009,nan,0.0
aliased_rooms,aliased_navigation,repeated_room,hybrid,temporal_dropout,reservoir_symmetric,,,,,6,0.5777777777777777,0.04766135686561603,0.3444444444444445,0.058161121459121785,nan,0.0
aliased_rooms,aliased_navigation,repeated_room,hybrid,temporal_full,lin_sequence_all_units_r3_l4,3,4,6,all_units,6,0.5333333333333333,0.042163702135578386,0.37777777777777777,0.02810913475705227,0.9444444444444443,0.02048787657176197
aliased_rooms,aliased_navigation,repeated_room,hybrid,temporal_full,lin_sequence_front_bands_r1_l2,1,2,2,front_bands,6,0.7111111111111111,0.03296088216486963,0.39999999999999997,0.057089922571845024,0.9888888888888889,0.01111111111111111
aliased_rooms,aliased_navigation,repeated_room,hybrid,temporal_full,lin_sequence_front_bands_r1_l4,1,4,4,front_bands,6,0.7777777777777778,0.02810913475705228,0.38888888888888884,0.052821619217798724,1.0,0.0
aliased_rooms,aliased_navigation,repeated_room,hybrid,temporal_full,lin_sequence_front_bands_r1_l8,1,8,8,front_bands,6,0.6777777777777777,0.02048787657176197,0.4333333333333333,0.05643744488533464,0.888888888888889,0.02222222222222222
aliased_rooms,aliased_navigation,repeated_room,hybrid,temporal_full,lin_sequence_front_bands_r3_l2,3,2,4,front_bands,6,0.5444444444444445,0.03181738014061412,0.41111111111111115,0.1038755190446244,0.9777777777777779,0.01405456737852613
aliased_rooms,aliased_navigation,repeated_room,hybrid,temporal_full,lin_sequence_front_bands_r3_l4,3,4,6,front_bands,6,0.5333333333333333,0.017213259316477405,0.3111111111111111,0.028109134757052262,0.9,0.022771001702132438
aliased_rooms,aliased_navigation,repeated_room,hybrid,temporal_full,lin_sequence_front_bands_r3_l8,3,8,10,front_bands,6,0.6444444444444445,0.07235031376044315,0.2888888888888889,0.044444444444444446,0.9111111111111111,0.02222222222222222
aliased_rooms,aliased_navigation,repeated_room,hybrid,temporal_full,lin_sequence_front_bands_r5_l2,5,2,6,front_bands,6,0.611111111111111,0.08329628806218363,0.3666666666666667,0.02277100170213245,0.9666666666666668,0.022771001702132438
aliased_rooms,aliased_navigation,repeated_room,hybrid,temporal_full,lin_sequence_front_bands_r5_l4,5,4,8,front_bands,6,0.6333333333333334,0.0447213595499958,0.3,0.03333333333333333,0.9444444444444446,0.02675909906398288
aliased_rooms,aliased_navigation,repeated_room,hybrid,temporal_full,lin_sequence_front_bands_r5_l8,5,8,12,front_bands,6,0.611111111111111,0.04687782913273107,0.3111111111111111,0.04766135686561604,0.888888888888889,0.02222222222222222
aliased_rooms,aliased_navigation,repeated_room,hybrid,temporal_full,memoryless_linear,,,,,2,0.7333333333333334,0.06666666666666671,0.5666666666666667,0.23333333333333336,nan,0.0
aliased_rooms,aliased_navigation,repeated_room,hybrid,temporal_full,memoryless_mlp,,,,,2,0.7333333333333334,0.06666666666666671,0.5666666666666667,0.23333333333333336,nan,0.0
aliased_rooms,aliased_navigation,repeated_room,hybrid,temporal_full,numpy_rnn,,,,,2,0.6666666666666666,0.06666666666666665,0.2,0.0,nan,0.0
aliased_rooms,aliased_navigation,repeated_room,hybrid,temporal_full,reservoir_block_hybrid,,,,,6,0.5777777777777778,0.07235031376044315,0.3,0.053748384988657,nan,0.0
aliased_rooms,aliased_navigation,repeated_room,hybrid,temporal_full,reservoir_diagonal,,,,,6,0.7444444444444445,0.03181738014061414,0.5444444444444444,0.06758625033664688,nan,0.0
aliased_rooms,aliased_navigation,repeated_room,hybrid,temporal_full,reservoir_low_rank,,,,,6,0.6222222222222221,0.06363476028122823,0.45555555555555555,0.10529206880428563,nan,0.0
aliased_rooms,aliased_navigation,repeated_room,hybrid,temporal_full,reservoir_nilpotent,,,,,6,0.5222222222222223,0.06974379922877873,0.35555555555555557,0.05067446333773947,nan,0.0
aliased_rooms,aliased_navigation,repeated_room,hybrid,temporal_full,reservoir_orthogonal,,,,,6,0.5555555555555555,0.05067446333773946,0.3,0.050917507721731564,nan,0.0
aliased_rooms,aliased_navigation,repeated_room,hybrid,temporal_full,reservoir_oscillatory,,,,,6,0.5666666666666667,0.05643744488533464,0.45555555555555555,0.05816112145912178,nan,0.0
aliased_rooms,aliased_navigation,repeated_room,hybrid,temporal_full,reservoir_random,,,,,6,0.6222222222222221,0.04097575314352394,0.41111111111111115,0.08329628806218362,nan,0.0
aliased_rooms,aliased_navigation,repeated_room,hybrid,temporal_full,reservoir_sparse,,,,,6,0.611111111111111,0.0630500487071605,0.4444444444444444,0.08012336167697755,nan,0.0
aliased_rooms,aliased_navigation,repeated_room,hybrid,temporal_full,reservoir_symmetric,,,,,6,0.5888888888888889,0.058161121459121765,0.36666666666666664,0.07252075054258099,nan,0.0
aliased_rooms,aliased_navigation,repeated_room,sparse_aliased,temporal_cue_then_blank,lin_sequence_all_units_r3_l4,3,4,6,all_units,6,0.6555555555555556,0.02048787657176197,0.2333333333333333,0.04127594582445936,0.8777777777777779,0.01111111111111111
aliased_rooms,aliased_navigation,repeated_room,sparse_aliased,temporal_cue_then_blank,lin_sequence_front_bands_r1_l2,1,2,2,front_bands,6,0.7999999999999999,0.02981423969999722,0.06666666666666667,0.0,0.8666666666666668,0.02981423969999719
aliased_rooms,aliased_navigation,repeated_room,sparse_aliased,temporal_cue_then_blank,lin_sequence_front_bands_r1_l4,1,4,4,front_bands,6,0.7333333333333333,0.0,0.25555555555555554,0.03617515688022157,0.8777777777777779,0.01111111111111111
aliased_rooms,aliased_navigation,repeated_room,sparse_aliased,temporal_cue_then_blank,lin_sequence_front_bands_r1_l8,1,8,8,front_bands,6,0.6999999999999998,0.014907119849998596,0.24444444444444444,0.01405456737852613,0.8777777777777779,0.01111111111111111
aliased_rooms,aliased_navigation,repeated_room,sparse_aliased,temporal_cue_then_blank,lin_sequence_front_bands_r3_l2,3,2,4,front_bands,6,0.7333333333333333,0.0,0.24444444444444444,0.04097575314352394,0.9,0.014907119849998596
aliased_rooms,aliased_navigation,repeated_room,sparse_aliased,temporal_cue_then_blank,lin_sequence_front_bands_r3_l4,3,4,6,front_bands,6,0.6444444444444445,0.02222222222222222,0.25555555555555554,0.03617515688022157,0.888888888888889,0.01405456737852613
aliased_rooms,aliased_navigation,repeated_room,sparse_aliased,temporal_cue_then_blank,lin_sequence_front_bands_r3_l8,3,8,10,front_bands,6,0.6555555555555554,0.040061680838488774,0.2222222222222222,0.022222222222222223,0.8777777777777779,0.01111111111111111
aliased_rooms,aliased_navigation,repeated_room,sparse_aliased,temporal_cue_then_blank,lin_sequence_front_bands_r5_l2,5,2,6,front_bands,6,0.6333333333333332,0.03751542892474251,0.2333333333333333,0.03333333333333333,0.8777777777777779,0.01111111111111111
aliased_rooms,aliased_navigation,repeated_room,sparse_aliased,temporal_cue_then_blank,lin_sequence_front_bands_r5_l4,5,4,8,front_bands,6,0.6777777777777777,0.01111111111111111,0.25555555555555554,0.020487876571761966,0.888888888888889,0.01405456737852613
aliased_rooms,aliased_navigation,repeated_room,sparse_aliased,temporal_cue_then_blank,lin_sequence_front_bands_r5_l8,5,8,12,front_bands,6,0.6444444444444444,0.01405456737852613,0.2888888888888889,0.037184890068181146,0.8777777777777779,0.02048787657176197
aliased_rooms,aliased_navigation,repeated_room,sparse_aliased,temporal_cue_then_blank,memoryless_linear,,,,,2,0.5666666666666667,0.09999999999999998,0.06666666666666667,0.0,nan,0.0
aliased_rooms,aliased_navigation,repeated_room,sparse_aliased,temporal_cue_then_blank,memoryless_mlp,,,,,2,0.5666666666666667,0.09999999999999998,0.06666666666666667,0.0,nan,0.0
aliased_rooms,aliased_navigation,repeated_room,sparse_aliased,temporal_cue_then_blank,numpy_rnn,,,,,2,0.6666666666666666,0.06666666666666665,0.16666666666666669,0.03333333333333333,nan,0.0
aliased_rooms,aliased_navigation,repeated_room,sparse_aliased,temporal_cue_then_blank,reservoir_block_hybrid,,,,,6,0.6777777777777777,0.01111111111111111,0.2111111111111111,0.03617515688022157,nan,0.0
aliased_rooms,aliased_navigation,repeated_room,sparse_aliased,temporal_cue_then_blank,reservoir_diagonal,,,,,6,0.7000000000000001,0.014907119849998596,0.13333333333333333,0.0,nan,0.0
aliased_rooms,aliased_navigation,repeated_room,sparse_aliased,temporal_cue_then_blank,reservoir_low_rank,,,,,6,0.6222222222222221,0.03296088216486961,0.16666666666666666,0.03751542892474252,nan,0.0
aliased_rooms,aliased_navigation,repeated_room,sparse_aliased,temporal_cue_then_blank,reservoir_nilpotent,,,,,6,0.6999999999999998,0.014907119849998596,0.24444444444444444,0.01405456737852613,nan,0.0
aliased_rooms,aliased_navigation,repeated_room,sparse_aliased,temporal_cue_then_blank,reservoir_orthogonal,,,,,6,0.6666666666666666,0.017213259316477405,0.2333333333333333,0.014907119849998596,nan,0.0
aliased_rooms,aliased_navigation,repeated_room,sparse_aliased,temporal_cue_then_blank,reservoir_oscillatory,,,,,6,0.6777777777777777,0.01111111111111111,0.2333333333333333,0.028544961285922512,nan,0.0
aliased_rooms,aliased_navigation,repeated_room,sparse_aliased,temporal_cue_then_blank,reservoir_random,,,,,6,0.6666666666666666,0.017213259316477405,0.27777777777777773,0.03617515688022157,nan,0.0
aliased_rooms,aliased_navigation,repeated_room,sparse_aliased,temporal_cue_then_blank,reservoir_sparse,,,,,6,0.6555555555555554,0.02048787657176197,0.25555555555555554,0.020487876571761966,nan,0.0
aliased_rooms,aliased_navigation,repeated_room,sparse_aliased,temporal_cue_then_blank,reservoir_symmetric,,,,,6,0.6888888888888888,0.01405456737852613,0.2111111111111111,0.026759099063982883,nan,0.0
aliased_rooms,aliased_navigation,repeated_room,sparse_aliased,temporal_dropout,lin_sequence_all_units_r3_l4,3,4,6,all_units,6,0.4222222222222222,0.044444444444444446,0.15555555555555556,0.044444444444444446,0.7555555555555555,0.03718489006818115
aliased_rooms,aliased_navigation,repeated_room,sparse_aliased,temporal_dropout,lin_sequence_front_bands_r1_l2,1,2,2,front_bands,6,0.5,0.028544961285922505,0.06666666666666667,0.0,0.3666666666666667,0.03333333333333334
aliased_rooms,aliased_navigation,repeated_room,sparse_aliased,temporal_dropout,lin_sequence_front_bands_r1_l4,1,4,4,front_bands,6,0.5222222222222223,0.04687782913273107,0.2222222222222222,0.022222222222222223,0.7333333333333334,0.04868644955601478
aliased_rooms,aliased_navigation,repeated_room,sparse_aliased,temporal_dropout,lin_sequence_front_bands_r1_l8,1,8,8,front_bands,6,0.6111111111111112,0.08329628806218362,0.2333333333333333,0.06382847385042255,0.9,0.03751542892474251
aliased_rooms,aliased_navigation,repeated_room,sparse_aliased,temporal_dropout,lin_sequence_front_bands_r3_l2,3,2,4,front_bands,6,0.5333333333333333,0.02981423969999719,0.19999999999999998,0.03849001794597505,0.6888888888888888,0.040975753143523946
aliased_rooms,aliased_navigation,repeated_room,sparse_aliased,temporal_dropout,lin_sequence_front_bands_r3_l4,3,4,6,front_bands,6,0.48888888888888893,0.032960882164869615,0.2333333333333333,0.05643744488533465,0.7888888888888889,0.03181738014061414
aliased_rooms,aliased_navigation,repeated_room,sparse_aliased,temporal_dropout,lin_sequence_front_bands_r3_l8,3,8,10,front_bands,6,0.5444444444444444,0.05282161921779872,0.15555555555555556,0.032960882164869615,0.8777777777777779,0.026759099063982873
aliased_rooms,aliased_navigation,repeated_room,sparse_aliased,temporal_dropout,lin_sequence_front_bands_r5_l2,5,2,6,front_bands,6,0.5333333333333333,0.048686449556014755,0.2222222222222222,0.07235031376044315,0.7000000000000001,0.05091750772173157
aliased_rooms,aliased_navigation,repeated_room,sparse_aliased,temporal_dropout,lin_sequence_front_bands_r5_l4,5,4,8,front_bands,6,0.5111111111111111,0.04444444444444444,0.15555555555555556,0.028109134757052262,0.7000000000000001,0.06610877680286009
aliased_rooms,aliased_navigation,repeated_room,sparse_aliased,temporal_dropout,lin_sequence_front_bands_r5_l8,5,8,12,front_bands,6,0.6,0.07698003589195011,0.2222222222222222,0.06592176432973923,0.7999999999999999,0.024343224778007398
aliased_rooms,aliased_navigation,repeated_room,sparse_aliased,temporal_dropout,memoryless_linear,,,,,2,0.5333333333333333,0.06666666666666665,0.19999999999999998,0.1333333333333333,nan,0.0
aliased_rooms,aliased_navigation,repeated_room,sparse_aliased,temporal_dropout,memoryless_mlp,,,,,2,0.5333333333333333,0.06666666666666665,0.19999999999999998,0.1333333333333333,nan,0.0
aliased_rooms,aliased_navigation,repeated_room,sparse_aliased,temporal_dropout,numpy_rnn,,,,,2,0.6666666666666666,0.06666666666666665,0.16666666666666669,0.03333333333333333,nan,0.0
aliased_rooms,aliased_navigation,repeated_room,sparse_aliased,temporal_dropout,reservoir_block_hybrid,,,,,6,0.4777777777777778,0.04687782913273108,0.18888888888888888,0.04360314860077463,nan,0.0
aliased_rooms,aliased_navigation,repeated_room,sparse_aliased,temporal_dropout,reservoir_diagonal,,,,,6,0.6555555555555556,0.04993823345387609,0.26666666666666666,0.017213259316477405,nan,0.0
aliased_rooms,aliased_navigation,repeated_room,sparse_aliased,temporal_dropout,reservoir_low_rank,,,,,6,0.5222222222222223,0.020487876571761966,0.11111111111111112,0.022222222222222223,nan,0.0
aliased_rooms,aliased_navigation,repeated_room,sparse_aliased,temporal_dropout,reservoir_nilpotent,,,,,6,0.4444444444444444,0.053518198127965766,0.13333333333333333,0.024343224778007388,nan,0.0
aliased_rooms,aliased_navigation,repeated_room,sparse_aliased,temporal_dropout,reservoir_orthogonal,,,,,6,0.5555555555555556,0.05621826951410452,0.19999999999999998,0.059628479399994404,nan,0.0
aliased_rooms,aliased_navigation,repeated_room,sparse_aliased,temporal_dropout,reservoir_oscillatory,,,,,6,0.5111111111111112,0.03296088216486961,0.16666666666666666,0.041275945824459356,nan,0.0
aliased_rooms,aliased_navigation,repeated_room,sparse_aliased,temporal_dropout,reservoir_random,,,,,6,0.5888888888888889,0.058161121459121765,0.19999999999999998,0.06440611887195308,nan,0.0
aliased_rooms,aliased_navigation,repeated_room,sparse_aliased,temporal_dropout,reservoir_sparse,,,,,6,0.5222222222222223,0.020487876571761966,0.17777777777777778,0.022222222222222223,nan,0.0
aliased_rooms,aliased_navigation,repeated_room,sparse_aliased,temporal_dropout,reservoir_symmetric,,,,,6,0.5444444444444444,0.04006168083848877,0.14444444444444446,0.026759099063982883,nan,0.0
aliased_rooms,aliased_navigation,repeated_room,sparse_aliased,temporal_full,lin_sequence_all_units_r3_l4,3,4,6,all_units,6,0.6333333333333333,0.050917507721731564,0.25555555555555554,0.08149831475952111,0.8666666666666667,0.04216370213557839
aliased_rooms,aliased_navigation,repeated_room,sparse_aliased,temporal_full,lin_sequence_front_bands_r1_l2,1,2,2,front_bands,6,0.5333333333333333,0.024343224778007377,0.06666666666666667,0.0,0.3444444444444444,0.02675909906398289
aliased_rooms,aliased_navigation,repeated_room,sparse_aliased,temporal_full,lin_sequence_front_bands_r1_l4,1,4,4,front_bands,6,0.7222222222222223,0.03617515688022158,0.19999999999999998,0.0298142396999972,0.8444444444444444,0.02222222222222222
aliased_rooms,aliased_navigation,repeated_room,sparse_aliased,temporal_full,lin_sequence_front_bands_r1_l8,1,8,8,front_bands,6,0.7333333333333334,0.04868644955601478,0.22222222222222224,0.04097575314352395,0.9333333333333332,0.02981423969999719
aliased_rooms,aliased_navigation,repeated_room,sparse_aliased,temporal_full,lin_sequence_front_bands_r3_l2,3,2,4,front_bands,6,0.7111111111111111,0.03718489006818115,0.2111111111111111,0.052821619217798724,0.7888888888888889,0.03181738014061413
aliased_rooms,aliased_navigation,repeated_room,sparse_aliased,temporal_full,lin_sequence_front_bands_r3_l4,3,4,6,front_bands,6,0.6666666666666666,0.034426518632954824,0.17777777777777778,0.04766135686561604,0.9,0.028544961285922505
aliased_rooms,aliased_navigation,repeated_room,sparse_aliased,temporal_full,lin_sequence_front_bands_r3_l8,3,8,10,front_bands,6,0.688888888888889,0.03296088216486962,0.14444444444444446,0.03181738014061412,0.9111111111111111,0.02222222222222222
aliased_rooms,aliased_navigation,repeated_room,sparse_aliased,temporal_full,lin_sequence_front_bands_r5_l2,5,2,6,front_bands,6,0.7000000000000001,0.06146362971528593,0.16666666666666666,0.05643744488533464,0.8777777777777778,0.03181738014061412
aliased_rooms,aliased_navigation,repeated_room,sparse_aliased,temporal_full,lin_sequence_front_bands_r5_l4,5,4,8,front_bands,6,0.6555555555555556,0.040061680838488774,0.26666666666666666,0.04868644955601477,0.9333333333333332,0.024343224778007377
aliased_rooms,aliased_navigation,repeated_room,sparse_aliased,temporal_full,lin_sequence_front_bands_r5_l8,5,8,12,front_bands,6,0.6666666666666666,0.03849001794597506,0.2555555555555556,0.03181738014061412,0.9111111111111111,0.02810913475705226
aliased_rooms,aliased_navigation,repeated_room,sparse_aliased,temporal_full,memoryless_linear,,,,,2,0.5,0.033333333333333326,0.3333333333333333,0.26666666666666666,nan,0.0
aliased_rooms,aliased_navigation,repeated_room,sparse_aliased,temporal_full,memoryless_mlp,,,,,2,0.5,0.033333333333333326,0.3333333333333333,0.26666666666666666,nan,0.0
aliased_rooms,aliased_navigation,repeated_room,sparse_aliased,temporal_full,numpy_rnn,,,,,2,0.7,0.1,0.23333333333333334,0.09999999999999999,nan,0.0
aliased_rooms,aliased_navigation,repeated_room,sparse_aliased,temporal_full,reservoir_block_hybrid,,,,,6,0.6444444444444444,0.053518198127965745,0.18888888888888888,0.05282161921779874,nan,0.0
aliased_rooms,aliased_navigation,repeated_room,sparse_aliased,temporal_full,reservoir_diagonal,,,,,6,0.7666666666666666,0.04472135954999581,0.35555555555555557,0.07825251938515114,nan,0.0
aliased_rooms,aliased_navigation,repeated_room,sparse_aliased,temporal_full,reservoir_low_rank,,,,,6,0.6,0.06666666666666667,0.36666666666666664,0.0938872452190116,nan,0.0
aliased_rooms,aliased_navigation,repeated_room,sparse_aliased,temporal_full,reservoir_nilpotent,,,,,6,0.688888888888889,0.056218269514104524,0.2111111111111111,0.04360314860077463,nan,0.0
aliased_rooms,aliased_navigation,repeated_room,sparse_aliased,temporal_full,reservoir_orthogonal,,,,,6,0.6444444444444445,0.07027283689263067,0.25555555555555554,0.06065486250647192,nan,0.0
aliased_rooms,aliased_navigation,repeated_room,sparse_aliased,temporal_full,reservoir_oscillatory,,,,,6,0.6777777777777777,0.03181738014061413,0.26666666666666666,0.06885303726590965,nan,0.0
aliased_rooms,aliased_navigation,repeated_room,sparse_aliased,temporal_full,reservoir_random,,,,,6,0.6777777777777777,0.020487876571761966,0.19999999999999998,0.062063289083417524,nan,0.0
aliased_rooms,aliased_navigation,repeated_room,sparse_aliased,temporal_full,reservoir_sparse,,,,,6,0.6222222222222222,0.06363476028122823,0.18888888888888888,0.03181738014061412,nan,0.0
aliased_rooms,aliased_navigation,repeated_room,sparse_aliased,temporal_full,reservoir_symmetric,,,,,6,0.6777777777777777,0.04993823345387608,0.3333333333333333,0.08432740427115679,nan,0.0
aliased_rooms,aliased_navigation,repeated_room,vector,temporal_cue_then_blank,lin_sequence_all_units_r3_l4,3,4,6,all_units,6,0.5444444444444444,0.04993823345387607,0.18888888888888888,0.03181738014061412,0.7111111111111111,0.04444444444444446
aliased_rooms,aliased_navigation,repeated_room,vector,temporal_cue_then_blank,lin_sequence_front_bands_r1_l2,1,2,2,front_bands,6,0.7444444444444444,0.026759099063982893,0.06666666666666667,0.0,0.8666666666666668,0.02981423969999719
aliased_rooms,aliased_navigation,repeated_room,vector,temporal_cue_then_blank,lin_sequence_front_bands_r1_l4,1,4,4,front_bands,6,0.7111111111111111,0.01405456737852613,0.2111111111111111,0.01111111111111111,0.8444444444444444,0.01405456737852613
aliased_rooms,aliased_navigation,repeated_room,vector,temporal_cue_then_blank,lin_sequence_front_bands_r1_l8,1,8,8,front_bands,6,0.6444444444444444,0.02810913475705226,0.36666666666666664,0.09229582069908973,0.8666666666666668,4.965068306494546e-17
aliased_rooms,aliased_navigation,repeated_room,vector,temporal_cue_then_blank,lin_sequence_front_bands_r3_l2,3,2,4,front_bands,6,0.6333333333333333,0.03751542892474251,0.19999999999999998,0.0298142396999972,0.8222222222222223,0.03296088216486963
aliased_rooms,aliased_navigation,repeated_room,vector,temporal_cue_then_blank,lin_sequence_front_bands_r3_l4,3,4,6,front_bands,6,0.5111111111111112,0.022222222222222216,0.17777777777777778,0.032960882164869615,0.8000000000000002,0.02981423969999721
aliased_rooms,aliased_navigation,repeated_room,vector,temporal_cue_then_blank,lin_sequence_front_bands_r3_l8,3,8,10,front_bands,6,0.6666666666666666,0.024343224778007377,0.28888888888888886,0.01405456737852613,0.8666666666666668,4.965068306494546e-17
aliased_rooms,aliased_navigation,repeated_room,vector,temporal_cue_then_blank,lin_sequence_front_bands_r5_l2,5,2,6,front_bands,6,0.6222222222222221,0.03296088216486961,0.24444444444444444,0.022222222222222223,0.811111111111111,0.020487876571761984
aliased_rooms,aliased_navigation,repeated_room,vector,temporal_cue_then_blank,lin_sequence_front_bands_r5_l4,5,4,8,front_bands,6,0.6,0.03442651863295481,0.24444444444444444,0.04097575314352394,0.8555555555555555,0.01111111111111111
aliased_rooms,aliased_navigation,repeated_room,vector,temporal_cue_then_blank,lin_sequence_front_bands_r5_l8,5,8,12,front_bands,6,0.6333333333333332,0.022771001702132438,0.26666666666666666,0.029814239699997202,0.8666666666666668,4.965068306494546e-17
aliased_rooms,aliased_navigation,repeated_room,vector,temporal_cue_then_blank,memoryless_linear,,,,,2,0.5666666666666667,0.1666666666666666,0.13333333333333333,0.06666666666666667,nan,0.0
aliased_rooms,aliased_navigation,repeated_room,vector,temporal_cue_then_blank,memoryless_mlp,,,,,2,0.5666666666666667,0.1666666666666666,0.13333333333333333,0.06666666666666667,nan,0.0
aliased_rooms,aliased_navigation,repeated_room,vector,temporal_cue_then_blank,numpy_rnn,,,,,2,0.6666666666666666,0.06666666666666665,0.16666666666666669,0.03333333333333333,nan,0.0
aliased_rooms,aliased_navigation,repeated_room,vector,temporal_cue_then_blank,reservoir_block_hybrid,,,,,6,0.5444444444444444,0.05555555555555555,0.24444444444444444,0.028109134757052262,nan,0.0
aliased_rooms,aliased_navigation,repeated_room,vector,temporal_cue_then_blank,reservoir_diagonal,,,,,6,0.7555555555555555,0.014054567378526152,0.27777777777777773,0.06535751631045664,nan,0.0
aliased_rooms,aliased_navigation,repeated_room,vector,temporal_cue_then_blank,reservoir_low_rank,,,,,6,0.5555555555555556,0.053518198127965745,0.2111111111111111,0.06758625033664688,nan,0.0
aliased_rooms,aliased_navigation,repeated_room,vector,temporal_cue_then_blank,reservoir_nilpotent,,,,,6,0.6555555555555554,0.026759099063982873,0.41111111111111104,0.06535751631045662,nan,0.0
aliased_rooms,aliased_navigation,repeated_room,vector,temporal_cue_then_blank,reservoir_orthogonal,,,,,6,0.5888888888888889,0.02675909906398288,0.3,0.06146362971528592,nan,0.0
aliased_rooms,aliased_navigation,repeated_room,vector,temporal_cue_then_blank,reservoir_oscillatory,,,,,6,0.5333333333333333,0.017213259316477405,0.17777777777777778,0.03718489006818114,nan,0.0
aliased_rooms,aliased_navigation,repeated_room,vector,temporal_cue_then_blank,reservoir_random,,,,,6,0.6555555555555554,0.026759099063982873,0.32222222222222224,0.05816112145912178,nan,0.0
aliased_rooms,aliased_navigation,repeated_room,vector,temporal_cue_then_blank,reservoir_sparse,,,,,6,0.5444444444444444,0.043603148600774626,0.26666666666666666,0.017213259316477405,nan,0.0
aliased_rooms,aliased_navigation,repeated_room,vector,temporal_cue_then_blank,reservoir_symmetric,,,,,6,0.7111111111111111,0.05351819812796578,0.36666666666666664,0.06831300510639735,nan,0.0
aliased_rooms,aliased_navigation,repeated_room,vector,temporal_dropout,lin_sequence_all_units_r3_l4,3,4,6,all_units,6,0.49999999999999994,0.041275945824459356,0.16666666666666666,0.028544961285922515,0.8555555555555555,0.03617515688022157
aliased_rooms,aliased_navigation,repeated_room,vector,temporal_dropout,lin_sequence_front_bands_r1_l2,1,2,2,front_bands,6,0.5555555555555556,0.03296088216486961,0.16666666666666666,0.022771001702132445,0.6555555555555556,0.03181738014061412
aliased_rooms,aliased_navigation,repeated_room,vector,temporal_dropout,lin_sequence_front_bands_r1_l4,1,4,4,front_bands,6,0.5222222222222223,0.02048787657176197,0.18888888888888888,0.052821619217798724,0.8222222222222223,0.022222222222222233
aliased_rooms,aliased_navigation,repeated_room,vector,temporal_dropout,lin_sequence_front_bands_r1_l8,1,8,8,front_bands,6,0.4666666666666666,0.029814239699997202,0.28888888888888886,0.05879447357921313,0.8444444444444444,0.01405456737852613
aliased_rooms,aliased_navigation,repeated_room,vector,temporal_dropout,lin_sequence_front_bands_r3_l2,3,2,4,front_bands,6,0.4777777777777777,0.052821619217798724,0.11111111111111112,0.040975753143523946,0.7444444444444445,0.04006168083848879
aliased_rooms,aliased_navigation,repeated_room,vector,temporal_dropout,lin_sequence_front_bands_r3_l4,3,4,6,front_bands,6,0.5111111111111112,0.01405456737852613,0.2111111111111111,0.06535751631045662,0.8222222222222221,0.028109134757052262
aliased_rooms,aliased_navigation,repeated_room,vector,temporal_dropout,lin_sequence_front_bands_r3_l8,3,8,10,front_bands,6,0.4777777777777778,0.052821619217798724,0.18888888888888888,0.03181738014061412,0.811111111111111,0.020487876571761984
aliased_rooms,aliased_navigation,repeated_room,vector,temporal_dropout,lin_sequence_front_bands_r5_l2,5,2,6,front_bands,6,0.4777777777777778,0.04687782913273108,0.13333333333333333,0.024343224778007388,0.8111111111111112,0.03181738014061413
aliased_rooms,aliased_navigation,repeated_room,vector,temporal_dropout,lin_sequence_front_bands_r5_l4,5,4,8,front_bands,6,0.37777777777777777,0.06363476028122823,0.14444444444444443,0.052821619217798724,0.7333333333333333,0.04868644955601478
aliased_rooms,aliased_navigation,repeated_room,vector,temporal_dropout,lin_sequence_front_bands_r5_l8,5,8,12,front_bands,6,0.5444444444444444,0.04006168083848876,0.3,0.09229582069908973,0.888888888888889,0.01405456737852613
aliased_rooms,aliased_navigation,repeated_room,vector,temporal_dropout,memoryless_linear,,,,,2,0.6,0.0,0.2,0.06666666666666667,nan,0.0
aliased_rooms,aliased_navigation,repeated_room,vector,temporal_dropout,memoryless_mlp,,,,,2,0.6,0.0,0.2,0.06666666666666667,nan,0.0
aliased_rooms,aliased_navigation,repeated_room,vector,temporal_dropout,numpy_rnn,,,,,2,0.6666666666666666,0.06666666666666665,0.16666666666666669,0.03333333333333333,nan,0.0
aliased_rooms,aliased_navigation,repeated_room,vector,temporal_dropout,reservoir_block_hybrid,,,,,6,0.4333333333333333,0.0479196858952174,0.27777777777777773,0.058161121459121785,nan,0.0
aliased_rooms,aliased_navigation,repeated_room,vector,temporal_dropout,reservoir_diagonal,,,,,6,0.5777777777777778,0.037184890068181126,0.12222222222222223,0.03617515688022157,nan,0.0
aliased_rooms,aliased_navigation,repeated_room,vector,temporal_dropout,reservoir_low_rank,,,,,6,0.5666666666666667,0.014907119849998596,0.18888888888888888,0.03181738014061412,nan,0.0
aliased_rooms,aliased_navigation,repeated_room,vector,temporal_dropout,reservoir_nilpotent,,,,,6,0.4444444444444445,0.03718489006818114,0.13333333333333333,0.059628479399994404,nan,0.0
aliased_rooms,aliased_navigation,repeated_room,vector,temporal_dropout,reservoir_orthogonal,,,,,6,0.39999999999999997,0.017213259316477412,0.13333333333333333,0.05443310539518174,nan,0.0
aliased_rooms,aliased_navigation,repeated_room,vector,temporal_dropout,reservoir_oscillatory,,,,,6,0.5666666666666667,0.028544961285922505,0.19999999999999998,0.048686449556014776,nan,0.0
aliased_rooms,aliased_navigation,repeated_room,vector,temporal_dropout,reservoir_random,,,,,6,0.4777777777777778,0.07584910295944895,0.18888888888888888,0.06305004870716048,nan,0.0
aliased_rooms,aliased_navigation,repeated_room,vector,temporal_dropout,reservoir_sparse,,,,,6,0.5,0.022771001702132438,0.16666666666666666,0.037515428924742515,nan,0.0
aliased_rooms,aliased_navigation,repeated_room,vector,temporal_dropout,reservoir_symmetric,,,,,6,0.4888888888888889,0.04097575314352394,0.24444444444444446,0.05067446333773947,nan,0.0
aliased_rooms,aliased_navigation,repeated_room,vector,temporal_full,lin_sequence_all_units_r3_l4,3,4,6,all_units,6,0.5444444444444444,0.03181738014061412,0.3666666666666667,0.053748384988657,0.9555555555555556,0.01405456737852613
aliased_rooms,aliased_navigation,repeated_room,vector,temporal_full,lin_sequence_front_bands_r1_l2,1,2,2,front_bands,6,0.5111111111111112,0.05879447357921312,0.39999999999999997,0.02434322477800739,1.0,0.0
aliased_rooms,aliased_navigation,repeated_room,vector,temporal_full,lin_sequence_front_bands_r1_l4,1,4,4,front_bands,6,0.5888888888888889,0.07387008950486516,0.3444444444444445,0.06535751631045662,0.9555555555555557,0.02810913475705226
aliased_rooms,aliased_navigation,repeated_room,vector,temporal_full,lin_sequence_front_bands_r1_l8,1,8,8,front_bands,6,0.688888888888889,0.050674463337739485,0.4000000000000001,0.05443310539518174,0.888888888888889,0.02222222222222222
aliased_rooms,aliased_navigation,repeated_room,vector,temporal_full,lin_sequence_front_bands_r3_l2,3,2,4,front_bands,6,0.5666666666666667,0.033333333333333326,0.37777777777777777,0.056218269514104524,0.9222222222222222,0.04360314860077464
aliased_rooms,aliased_navigation,repeated_room,vector,temporal_full,lin_sequence_front_bands_r3_l4,3,4,6,front_bands,6,0.6333333333333333,0.028544961285922505,0.3888888888888889,0.02048787657176198,0.9222222222222222,0.03617515688022157
aliased_rooms,aliased_navigation,repeated_room,vector,temporal_full,lin_sequence_front_bands_r3_l8,3,8,10,front_bands,6,0.611111111111111,0.05282161921779872,0.27777777777777773,0.03181738014061412,0.888888888888889,0.01405456737852613
aliased_rooms,aliased_navigation,repeated_room,vector,temporal_full,lin_sequence_front_bands_r5_l2,5,2,6,front_bands,6,0.4666666666666666,0.04868644955601476,0.4222222222222223,0.09987646690775216,0.9666666666666668,0.022771001702132438
aliased_rooms,aliased_navigation,repeated_room,vector,temporal_full,lin_sequence_front_bands_r5_l4,5,4,8,front_bands,6,0.5555555555555556,0.037184890068181126,0.39999999999999997,0.034426518632954824,0.8888888888888888,0.044444444444444446
aliased_rooms,aliased_navigation,repeated_room,vector,temporal_full,lin_sequence_front_bands_r5_l8,5,8,12,front_bands,6,0.5777777777777778,0.04097575314352394,0.27777777777777773,0.040061680838488774,0.8444444444444444,0.02222222222222224
aliased_rooms,aliased_navigation,repeated_room,vector,temporal_full,memoryless_linear,,,,,2,0.6333333333333333,0.033333333333333326,0.3,0.033333333333333326,nan,0.0
aliased_rooms,aliased_navigation,repeated_room,vector,temporal_full,memoryless_mlp,,,,,2,0.6333333333333333,0.033333333333333326,0.3,0.033333333333333326,nan,0.0
aliased_rooms,aliased_navigation,repeated_room,vector,temporal_full,numpy_rnn,,,,,2,0.6666666666666666,0.06666666666666665,0.16666666666666669,0.03333333333333333,nan,0.0
aliased_rooms,aliased_navigation,repeated_room,vector,temporal_full,reservoir_block_hybrid,,,,,6,0.611111111111111,0.05816112145912178,0.3444444444444444,0.02675909906398289,nan,0.0
aliased_rooms,aliased_navigation,repeated_room,vector,temporal_full,reservoir_diagonal,,,,,6,0.7111111111111111,0.037184890068181146,0.5,0.053748384988656986,nan,0.0
aliased_rooms,aliased_navigation,repeated_room,vector,temporal_full,reservoir_low_rank,,,,,6,0.5666666666666668,0.07649739768026004,0.3888888888888889,0.08505626315113173,nan,0.0
aliased_rooms,aliased_navigation,repeated_room,vector,temporal_full,reservoir_nilpotent,,,,,6,0.4888888888888889,0.06363476028122823,0.3444444444444445,0.052821619217798724,nan,0.0
aliased_rooms,aliased_navigation,repeated_room,vector,temporal_full,reservoir_orthogonal,,,,,6,0.43333333333333335,0.059004080210452246,0.3222222222222222,0.040061680838488774,nan,0.0
aliased_rooms,aliased_navigation,repeated_room,vector,temporal_full,reservoir_oscillatory,,,,,6,0.5777777777777778,0.06813204318558175,0.35555555555555557,0.053518198127965766,nan,0.0
aliased_rooms,aliased_navigation,repeated_room,vector,temporal_full,reservoir_random,,,,,6,0.5111111111111111,0.056218269514104524,0.3444444444444444,0.040061680838488774,nan,0.0
aliased_rooms,aliased_navigation,repeated_room,vector,temporal_full,reservoir_sparse,,,,,6,0.5666666666666668,0.08210201423071631,0.3444444444444444,0.07965977035082188,nan,0.0
aliased_rooms,aliased_navigation,repeated_room,vector,temporal_full,reservoir_symmetric,,,,,6,0.5777777777777778,0.04766135686561603,0.5333333333333333,0.059628479399994404,nan,0.0
aliased_t_maze,cue_dependent_aliased_navigation,delayed_landmark_choice,egocentric_landmark,temporal_cue_then_blank,lin_sequence_all_units_r3_l4,3,4,6,all_units,6,0.5277777777777778,0.0668977476599572,0.16666666666666666,0.0,0.3611111111111111,0.02777777777777778
aliased_t_maze,cue_dependent_aliased_navigation,delayed_landmark_choice,egocentric_landmark,temporal_cue_then_blank,lin_sequence_front_bands_r1_l2,1,2,2,front_bands,6,0.6666666666666666,0.0,0.0,0.0,0.4166666666666667,0.0372677996249965
aliased_t_maze,cue_dependent_aliased_navigation,delayed_landmark_choice,egocentric_landmark,temporal_cue_then_blank,lin_sequence_front_bands_r1_l4,1,4,4,front_bands,6,0.6666666666666666,0.0,0.0,0.0,0.3333333333333333,0.0
aliased_t_maze,cue_dependent_aliased_navigation,delayed_landmark_choice,egocentric_landmark,temporal_cue_then_blank,lin_sequence_front_bands_r1_l8,1,8,8,front_bands,6,0.9444444444444443,0.05555555555555556,0.9166666666666666,0.08333333333333334,0.4166666666666667,0.0372677996249965
aliased_t_maze,cue_dependent_aliased_navigation,delayed_landmark_choice,egocentric_landmark,temporal_cue_then_blank,lin_sequence_front_bands_r3_l2,3,2,4,front_bands,6,0.6388888888888888,0.027777777777777776,0.0,0.0,0.3611111111111111,0.02777777777777778
aliased_t_maze,cue_dependent_aliased_navigation,delayed_landmark_choice,egocentric_landmark,temporal_cue_then_blank,lin_sequence_front_bands_r3_l4,3,4,6,front_bands,6,0.49999999999999994,0.08606629658238704,0.16666666666666666,0.0,0.3611111111111111,0.02777777777777778
aliased_t_maze,cue_dependent_aliased_navigation,delayed_landmark_choice,egocentric_landmark,temporal_cue_then_blank,lin_sequence_front_bands_r3_l8,3,8,10,front_bands,6,0.9166666666666666,0.056927504255331114,0.888888888888889,0.08240220541217406,0.38888888888888884,0.035136418446315335
aliased_t_maze,cue_dependent_aliased_navigation,delayed_landmark_choice,egocentric_landmark,temporal_cue_then_blank,lin_sequence_front_bands_r5_l2,5,2,6,front_bands,6,0.5555555555555555,0.03513641844631532,0.16666666666666666,0.0,0.27777777777777773,0.05555555555555556
aliased_t_maze,cue_dependent_aliased_navigation,delayed_landmark_choice,egocentric_landmark,temporal_cue_then_blank,lin_sequence_front_bands_r5_l4,5,4,8,front_bands,6,0.6666666666666666,0.08606629658238704,0.5277777777777778,0.10015420209622194,0.6666666666666666,0.060858061945018464
aliased_t_maze,cue_dependent_aliased_navigation,delayed_landmark_choice,egocentric_landmark,temporal_cue_then_blank,lin_sequence_front_bands_r5_l8,5,8,12,front_bands,6,0.9722222222222223,0.02777777777777777,0.9722222222222223,0.02777777777777777,0.6666666666666666,0.11385500851066223
aliased_t_maze,cue_dependent_aliased_navigation,delayed_landmark_choice,egocentric_landmark,temporal_cue_then_blank,memoryless_linear,,,,,2,0.6666666666666666,0.0,0.0,0.0,nan,0.0
aliased_t_maze,cue_dependent_aliased_navigation,delayed_landmark_choice,egocentric_landmark,temporal_cue_then_blank,memoryless_mlp,,,,,2,0.6666666666666666,0.0,0.0,0.0,nan,0.0
aliased_t_maze,cue_dependent_aliased_navigation,delayed_landmark_choice,egocentric_landmark,temporal_cue_then_blank,numpy_rnn,,,,,2,0.6666666666666666,0.0,0.0,0.0,nan,0.0
aliased_t_maze,cue_dependent_aliased_navigation,delayed_landmark_choice,egocentric_landmark,temporal_cue_then_blank,reservoir_block_hybrid,,,,,6,0.75,0.08333333333333334,0.6666666666666666,0.105409255338946,nan,0.0
aliased_t_maze,cue_dependent_aliased_navigation,delayed_landmark_choice,egocentric_landmark,temporal_cue_then_blank,reservoir_diagonal,,,,,6,0.7777777777777778,0.05555555555555557,0.47222222222222227,0.0668977476599572,nan,0.0
aliased_t_maze,cue_dependent_aliased_navigation,delayed_landmark_choice,egocentric_landmark,temporal_cue_then_blank,reservoir_low_rank,,,,,6,0.5555555555555556,0.08240220541217405,0.2777777777777778,0.08240220541217405,nan,0.0
aliased_t_maze,cue_dependent_aliased_navigation,delayed_landmark_choice,egocentric_landmark,temporal_cue_then_blank,reservoir_nilpotent,,,,,6,0.9444444444444443,0.05555555555555556,0.9166666666666666,0.08333333333333334,nan,0.0
aliased_t_maze,cue_dependent_aliased_navigation,delayed_landmark_choice,egocentric_landmark,temporal_cue_then_blank,reservoir_orthogonal,,,,,6,0.861111111111111,0.051219691429404926,0.8055555555555557,0.0795434503515353,nan,0.0
aliased_t_maze,cue_dependent_aliased_navigation,delayed_landmark_choice,egocentric_landmark,temporal_cue_then_blank,reservoir_oscillatory,,,,,6,0.638888888888889,0.0795434503515353,0.5277777777777778,0.10015420209622194,nan,0.0
aliased_t_maze,cue_dependent_aliased_navigation,delayed_landmark_choice,egocentric_landmark,temporal_cue_then_blank,reservoir_random,,,,,6,0.6944444444444445,0.0795434503515353,0.6111111111111112,0.08240220541217405,nan,0.0
aliased_t_maze,cue_dependent_aliased_navigation,delayed_landmark_choice,egocentric_landmark,temporal_cue_then_blank,reservoir_sparse,,,,,6,0.611111111111111,0.05555555555555556,0.47222222222222215,0.0795434503515353,nan,0.0
aliased_t_maze,cue_dependent_aliased_navigation,delayed_landmark_choice,egocentric_landmark,temporal_cue_then_blank,reservoir_symmetric,,,,,6,0.8055555555555555,0.05121969142940494,0.6944444444444443,0.0795434503515353,nan,0.0
aliased_t_maze,cue_dependent_aliased_navigation,delayed_landmark_choice,egocentric_landmark,temporal_dropout,lin_sequence_all_units_r3_l4,3,4,6,all_units,6,0.638888888888889,0.07954345035153532,0.2222222222222222,0.05555555555555556,0.6666666666666666,0.04303314829119353
aliased_t_maze,cue_dependent_aliased_navigation,delayed_landmark_choice,egocentric_landmark,temporal_dropout,lin_sequence_front_bands_r1_l2,1,2,2,front_bands,6,0.6666666666666666,0.0,0.3333333333333333,0.149071198499986,0.38888888888888884,0.035136418446315335
aliased_t_maze,cue_dependent_aliased_navigation,delayed_landmark_choice,egocentric_landmark,temporal_dropout,lin_sequence_front_bands_r1_l4,1,4,4,front_bands,6,0.5833333333333333,0.03726779962499648,0.0,0.0,0.4444444444444445,0.07027283689263064
aliased_t_maze,cue_dependent_aliased_navigation,delayed_landmark_choice,egocentric_landmark,temporal_dropout,lin_sequence_front_bands_r1_l8,1,8,8,front_bands,6,0.888888888888889,0.05555555555555556,0.49999999999999994,0.07453559924999299,0.47222222222222215,0.051219691429404926
aliased_t_maze,cue_dependent_aliased_navigation,delayed_landmark_choice,egocentric_landmark,temporal_dropout,lin_sequence_front_bands_r3_l2,3,2,4,front_bands,6,0.5,0.04303314829119352,0.1111111111111111,0.05555555555555556,0.5,0.04303314829119352
aliased_t_maze,cue_dependent_aliased_navigation,delayed_landmark_choice,egocentric_landmark,temporal_dropout,lin_sequence_front_bands_r3_l4,3,4,6,front_bands,6,0.5833333333333334,0.07136240321480629,0.25,0.08333333333333334,0.638888888888889,0.06689774765995721
aliased_t_maze,cue_dependent_aliased_navigation,delayed_landmark_choice,egocentric_landmark,temporal_dropout,lin_sequence_front_bands_r3_l8,3,8,10,front_bands,6,0.75,0.03726779962499651,0.4166666666666666,0.07136240321480629,0.5277777777777778,0.0795434503515353
aliased_t_maze,cue_dependent_aliased_navigation,delayed_landmark_choice,egocentric_landmark,temporal_dropout,lin_sequence_front_bands_r5_l2,5,2,6,front_bands,6,0.47222222222222215,0.13205404804449683,0.16666666666666666,0.06085806194501845,0.4444444444444444,0.08240220541217405
aliased_t_maze,cue_dependent_aliased_navigation,delayed_landmark_choice,egocentric_landmark,temporal_dropout,lin_sequence_front_bands_r5_l4,5,4,8,front_bands,6,0.5833333333333334,0.09378857231185629,0.16666666666666666,0.04303314829119352,0.3611111111111111,0.0795434503515353
aliased_t_maze,cue_dependent_aliased_navigation,delayed_landmark_choice,egocentric_landmark,temporal_dropout,lin_sequence_front_bands_r5_l8,5,8,12,front_bands,6,0.8055555555555557,0.10015420209622194,0.5277777777777778,0.1388888888888889,0.5277777777777778,0.0668977476599572
aliased_t_maze,cue_dependent_aliased_navigation,delayed_landmark_choice,egocentric_landmark,temporal_dropout,memoryless_linear,,,,,2,0.75,0.08333333333333337,0.3333333333333333,0.0,nan,0.0
aliased_t_maze,cue_dependent_aliased_navigation,delayed_landmark_choice,egocentric_landmark,temporal_dropout,memoryless_mlp,,,,,2,0.75,0.08333333333333337,0.3333333333333333,0.0,nan,0.0
aliased_t_maze,cue_dependent_aliased_navigation,delayed_landmark_choice,egocentric_landmark,temporal_dropout,numpy_rnn,,,,,2,0.6666666666666666,0.0,0.0,0.0,nan,0.0
aliased_t_maze,cue_dependent_aliased_navigation,delayed_landmark_choice,egocentric_landmark,temporal_dropout,reservoir_block_hybrid,,,,,6,0.6666666666666666,0.11385500851066223,0.2777777777777778,0.05555555555555556,nan,0.0
aliased_t_maze,cue_dependent_aliased_navigation,delayed_landmark_choice,egocentric_landmark,temporal_dropout,reservoir_diagonal,,,,,6,0.5277777777777778,0.05121969142940494,0.2222222222222222,0.03513641844631533,nan,0.0
aliased_t_maze,cue_dependent_aliased_navigation,delayed_landmark_choice,egocentric_landmark,temporal_dropout,reservoir_low_rank,,,,,6,0.6666666666666666,0.04303314829119353,0.16666666666666666,0.04303314829119352,nan,0.0
aliased_t_maze,cue_dependent_aliased_navigation,delayed_landmark_choice,egocentric_landmark,temporal_dropout,reservoir_nilpotent,,,,,6,0.638888888888889,0.10015420209622194,0.2777777777777778,0.05555555555555556,nan,0.0
aliased_t_maze,cue_dependent_aliased_navigation,delayed_landmark_choice,egocentric_landmark,temporal_dropout,reservoir_orthogonal,,,,,6,0.7222222222222222,0.08240220541217405,0.3611111111111111,0.0668977476599572,nan,0.0
aliased_t_maze,cue_dependent_aliased_navigation,delayed_landmark_choice,egocentric_landmark,temporal_dropout,reservoir_oscillatory,,,,,6,0.5555555555555555,0.07027283689263066,0.24999999999999997,0.07136240321480627,nan,0.0
aliased_t_maze,cue_dependent_aliased_navigation,delayed_landmark_choice,egocentric_landmark,temporal_dropout,reservoir_random,,,,,6,0.75,0.03726779962499651,0.3611111111111111,0.027777777777777787,nan,0.0
aliased_t_maze,cue_dependent_aliased_navigation,delayed_landmark_choice,egocentric_landmark,temporal_dropout,reservoir_sparse,,,,,6,0.6666666666666666,0.060858061945018464,0.3611111111111111,0.05121969142940494,nan,0.0
aliased_t_maze,cue_dependent_aliased_navigation,delayed_landmark_choice,egocentric_landmark,temporal_dropout,reservoir_symmetric,,,,,6,0.5277777777777778,0.0668977476599572,0.16666666666666666,0.04303314829119352,nan,0.0
aliased_t_maze,cue_dependent_aliased_navigation,delayed_landmark_choice,egocentric_landmark,temporal_full,lin_sequence_all_units_r3_l4,3,4,6,all_units,6,0.8333333333333334,0.0,0.5277777777777778,0.051219691429404926,0.3888888888888889,0.05555555555555556
aliased_t_maze,cue_dependent_aliased_navigation,delayed_landmark_choice,egocentric_landmark,temporal_full,lin_sequence_front_bands_r1_l2,1,2,2,front_bands,6,0.8333333333333334,0.0,0.47222222222222215,0.051219691429404926,0.4166666666666667,0.0372677996249965
aliased_t_maze,cue_dependent_aliased_navigation,delayed_landmark_choice,egocentric_landmark,temporal_full,lin_sequence_front_bands_r1_l4,1,4,4,front_bands,6,0.8333333333333334,0.0,0.47222222222222227,0.051219691429404926,0.3333333333333333,0.0
aliased_t_maze,cue_dependent_aliased_navigation,delayed_landmark_choice,egocentric_landmark,temporal_full,lin_sequence_front_bands_r1_l8,1,8,8,front_bands,6,1.0,0.0,1.0,0.0,0.38888888888888884,0.035136418446315335
aliased_t_maze,cue_dependent_aliased_navigation,delayed_landmark_choice,egocentric_landmark,temporal_full,lin_sequence_front_bands_r3_l2,3,2,4,front_bands,6,0.8333333333333334,0.0,0.47222222222222215,0.051219691429404926,0.3611111111111111,0.027777777777777787
aliased_t_maze,cue_dependent_aliased_navigation,delayed_landmark_choice,egocentric_landmark,temporal_full,lin_sequence_front_bands_r3_l4,3,4,6,front_bands,6,0.8333333333333334,0.0,0.5277777777777778,0.051219691429404926,0.3055555555555555,0.05121969142940494
aliased_t_maze,cue_dependent_aliased_navigation,delayed_landmark_choice,egocentric_landmark,temporal_full,lin_sequence_front_bands_r3_l8,3,8,10,front_bands,6,1.0,0.0,1.0,0.0,0.5555555555555556,0.07027283689263066
aliased_t_maze,cue_dependent_aliased_navigation,delayed_landmark_choice,egocentric_landmark,temporal_full,lin_sequence_front_bands_r5_l2,5,2,6,front_bands,6,0.8333333333333334,0.0,0.5277777777777778,0.051219691429404926,0.25,0.056927504255331114
aliased_t_maze,cue_dependent_aliased_navigation,delayed_landmark_choice,egocentric_landmark,temporal_full,lin_sequence_front_bands_r5_l4,5,4,8,front_bands,6,0.7777777777777778,0.05555555555555557,0.638888888888889,0.10015420209622194,0.638888888888889,0.10015420209622194
aliased_t_maze,cue_dependent_aliased_navigation,delayed_landmark_choice,egocentric_landmark,temporal_full,lin_sequence_front_bands_r5_l8,5,8,12,front_bands,6,0.9444444444444445,0.03513641844631532,0.8888888888888888,0.07027283689263066,0.38888888888888884,0.035136418446315335
aliased_t_maze,cue_dependent_aliased_navigation,delayed_landmark_choice,egocentric_landmark,temporal_full,memoryless_linear,,,,,2,0.8333333333333334,0.0,0.5833333333333333,0.0833333333333333,nan,0.0
aliased_t_maze,cue_dependent_aliased_navigation,delayed_landmark_choice,egocentric_landmark,temporal_full,memoryless_mlp,,,,,2,0.8333333333333334,0.0,0.5833333333333333,0.0833333333333333,nan,0.0
aliased_t_maze,cue_dependent_aliased_navigation,delayed_landmark_choice,egocentric_landmark,temporal_full,numpy_rnn,,,,,2,0.6666666666666666,0.0,0.0,0.0,nan,0.0
aliased_t_maze,cue_dependent_aliased_navigation,delayed_landmark_choice,egocentric_landmark,temporal_full,reservoir_block_hybrid,,,,,6,0.9166666666666666,0.03726779962499649,0.8888888888888888,0.05555555555555556,nan,0.0
aliased_t_maze,cue_dependent_aliased_navigation,delayed_landmark_choice,egocentric_landmark,temporal_full,reservoir_diagonal,,,,,6,0.9444444444444445,0.03513641844631532,0.9444444444444445,0.03513641844631532,nan,0.0
aliased_t_maze,cue_dependent_aliased_navigation,delayed_landmark_choice,egocentric_landmark,temporal_full,reservoir_low_rank,,,,,6,0.9444444444444443,0.03513641844631532,0.9444444444444443,0.03513641844631532,nan,0.0
aliased_t_maze,cue_dependent_aliased_navigation,delayed_landmark_choice,egocentric_landmark,temporal_full,reservoir_nilpotent,,,,,6,0.888888888888889,0.05555555555555556,0.8333333333333334,0.08606629658238704,nan,0.0
aliased_t_maze,cue_dependent_aliased_navigation,delayed_landmark_choice,egocentric_landmark,temporal_full,reservoir_orthogonal,,,,,6,0.8055555555555555,0.05121969142940494,0.7222222222222223,0.08240220541217405,nan,0.0
aliased_t_maze,cue_dependent_aliased_navigation,delayed_landmark_choice,egocentric_landmark,temporal_full,reservoir_oscillatory,,,,,6,0.9722222222222222,0.027777777777777776,0.9444444444444445,0.05555555555555556,nan,0.0
aliased_t_maze,cue_dependent_aliased_navigation,delayed_landmark_choice,egocentric_landmark,temporal_full,reservoir_random,,,,,6,0.6666666666666666,0.06085806194501848,0.5833333333333333,0.07136240321480629,nan,0.0
aliased_t_maze,cue_dependent_aliased_navigation,delayed_landmark_choice,egocentric_landmark,temporal_full,reservoir_sparse,,,,,6,0.6944444444444445,0.05121969142940494,0.6666666666666666,0.060858061945018464,nan,0.0
aliased_t_maze,cue_dependent_aliased_navigation,delayed_landmark_choice,egocentric_landmark,temporal_full,reservoir_symmetric,,,,,6,0.9444444444444445,0.03513641844631532,0.9444444444444445,0.03513641844631532,nan,0.0
aliased_t_maze,cue_dependent_aliased_navigation,delayed_landmark_choice,hybrid,temporal_cue_then_blank,lin_sequence_all_units_r3_l4,3,4,6,all_units,6,0.6388888888888888,0.05121969142940494,0.3333333333333333,0.0,0.9166666666666666,0.037267799624996496
aliased_t_maze,cue_dependent_aliased_navigation,delayed_landmark_choice,hybrid,temporal_cue_then_blank,lin_sequence_front_bands_r1_l2,1,2,2,front_bands,6,0.5833333333333334,0.0569275042553311,0.0,0.0,0.9722222222222222,0.027777777777777776
aliased_t_maze,cue_dependent_aliased_navigation,delayed_landmark_choice,hybrid,temporal_cue_then_blank,lin_sequence_front_bands_r1_l4,1,4,4,front_bands,6,0.5,0.06085806194501845,0.3333333333333333,0.0,0.888888888888889,0.05555555555555556
aliased_t_maze,cue_dependent_aliased_navigation,delayed_landmark_choice,hybrid,temporal_cue_then_blank,lin_sequence_front_bands_r1_l8,1,8,8,front_bands,6,0.8333333333333334,0.060858061945018464,0.7777777777777777,0.08240220541217405,0.611111111111111,0.09296222517045284
aliased_t_maze,cue_dependent_aliased_navigation,delayed_landmark_choice,hybrid,temporal_cue_then_blank,lin_sequence_front_bands_r3_l2,3,2,4,front_bands,6,0.4166666666666667,0.0372677996249965,0.3333333333333333,0.0,0.8888888888888888,0.07027283689263067
aliased_t_maze,cue_dependent_aliased_navigation,delayed_landmark_choice,hybrid,temporal_cue_then_blank,lin_sequence_front_bands_r3_l4,3,4,6,front_bands,6,0.611111111111111,0.07027283689263067,0.3333333333333333,0.0,0.8888888888888888,0.05555555555555556
aliased_t_maze,cue_dependent_aliased_navigation,delayed_landmark_choice,hybrid,temporal_cue_then_blank,lin_sequence_front_bands_r3_l8,3,8,10,front_bands,6,0.9444444444444445,0.03513641844631532,0.8888888888888888,0.07027283689263066,0.5833333333333334,0.0937885723118563
aliased_t_maze,cue_dependent_aliased_navigation,delayed_landmark_choice,hybrid,temporal_cue_then_blank,lin_sequence_front_bands_r5_l2,5,2,6,front_bands,6,0.611111111111111,0.05555555555555556,0.3333333333333333,0.0,0.9444444444444445,0.03513641844631532
aliased_t_maze,cue_dependent_aliased_navigation,delayed_landmark_choice,hybrid,temporal_cue_then_blank,lin_sequence_front_bands_r5_l4,5,4,8,front_bands,6,0.5833333333333334,0.09378857231185632,0.5277777777777778,0.10015420209622194,0.7777777777777778,0.07027283689263067
aliased_t_maze,cue_dependent_aliased_navigation,delayed_landmark_choice,hybrid,temporal_cue_then_blank,lin_sequence_front_bands_r5_l8,5,8,12,front_bands,6,0.9444444444444443,0.05555555555555556,0.9444444444444443,0.05555555555555556,0.75,0.10318986456114843
aliased_t_maze,cue_dependent_aliased_navigation,delayed_landmark_choice,hybrid,temporal_cue_then_blank,memoryless_linear,,,,,2,0.6666666666666666,0.0,0.0,0.0,nan,0.0
aliased_t_maze,cue_dependent_aliased_navigation,delayed_landmark_choice,hybrid,temporal_cue_then_blank,memoryless_mlp,,,,,2,0.6666666666666666,0.0,0.0,0.0,nan,0.0
aliased_t_maze,cue_dependent_aliased_navigation,delayed_landmark_choice,hybrid,temporal_cue_then_blank,numpy_rnn,,,,,2,0.6666666666666666,0.0,0.0,0.0,nan,0.0
aliased_t_maze,cue_dependent_aliased_navigation,delayed_landmark_choice,hybrid,temporal_cue_then_blank,reservoir_block_hybrid,,,,,6,0.6944444444444445,0.06689774765995721,0.6388888888888888,0.0795434503515353,nan,0.0
aliased_t_maze,cue_dependent_aliased_navigation,delayed_landmark_choice,hybrid,temporal_cue_then_blank,reservoir_diagonal,,,,,6,0.7222222222222222,0.05555555555555557,0.3333333333333333,0.0,nan,0.0
aliased_t_maze,cue_dependent_aliased_navigation,delayed_landmark_choice,hybrid,temporal_cue_then_blank,reservoir_low_rank,,,,,6,0.5277777777777778,0.09043789220055393,0.4166666666666667,0.0569275042553311,nan,0.0
aliased_t_maze,cue_dependent_aliased_navigation,delayed_landmark_choice,hybrid,temporal_cue_then_blank,reservoir_nilpotent,,,,,6,0.9444444444444445,0.03513641844631532,0.9444444444444445,0.03513641844631532,nan,0.0
aliased_t_maze,cue_dependent_aliased_navigation,delayed_landmark_choice,hybrid,temporal_cue_then_blank,reservoir_orthogonal,,,,,6,0.9444444444444445,0.05555555555555557,0.9444444444444445,0.05555555555555557,nan,0.0
aliased_t_maze,cue_dependent_aliased_navigation,delayed_landmark_choice,hybrid,temporal_cue_then_blank,reservoir_oscillatory,,,,,6,0.611111111111111,0.03513641844631532,0.5277777777777778,0.027777777777777776,nan,0.0
aliased_t_maze,cue_dependent_aliased_navigation,delayed_landmark_choice,hybrid,temporal_cue_then_blank,reservoir_random,,,,,6,0.6388888888888888,0.027777777777777776,0.5,0.04303314829119352,nan,0.0
aliased_t_maze,cue_dependent_aliased_navigation,delayed_landmark_choice,hybrid,temporal_cue_then_blank,reservoir_sparse,,,,,6,0.75,0.03726779962499651,0.638888888888889,0.0795434503515353,nan,0.0
aliased_t_maze,cue_dependent_aliased_navigation,delayed_landmark_choice,hybrid,temporal_cue_then_blank,reservoir_symmetric,,,,,6,0.7222222222222222,0.05555555555555557,0.5,0.06085806194501845,nan,0.0
aliased_t_maze,cue_dependent_aliased_navigation,delayed_landmark_choice,hybrid,temporal_dropout,lin_sequence_all_units_r3_l4,3,4,6,all_units,6,0.47222222222222215,0.0795434503515353,0.3055555555555555,0.05121969142940494,0.7222222222222222,0.11111111111111112
aliased_t_maze,cue_dependent_aliased_navigation,delayed_landmark_choice,hybrid,temporal_dropout,lin_sequence_front_bands_r1_l2,1,2,2,front_bands,6,0.5,0.0,0.4166666666666667,0.0372677996249965,1.0,0.0
aliased_t_maze,cue_dependent_aliased_navigation,delayed_landmark_choice,hybrid,temporal_dropout,lin_sequence_front_bands_r1_l4,1,4,4,front_bands,6,0.5,0.0,0.4166666666666667,0.0372677996249965,0.9166666666666666,0.056927504255331114
aliased_t_maze,cue_dependent_aliased_navigation,delayed_landmark_choice,hybrid,temporal_dropout,lin_sequence_front_bands_r1_l8,1,8,8,front_bands,6,0.5833333333333333,0.037267799624996496,0.08333333333333333,0.0372677996249965,0.5833333333333334,0.12729376930432892
aliased_t_maze,cue_dependent_aliased_navigation,delayed_landmark_choice,hybrid,temporal_dropout,lin_sequence_front_bands_r3_l2,3,2,4,front_bands,6,0.6388888888888888,0.05121969142940494,0.4166666666666667,0.0372677996249965,0.9722222222222222,0.027777777777777776
aliased_t_maze,cue_dependent_aliased_navigation,delayed_landmark_choice,hybrid,temporal_dropout,lin_sequence_front_bands_r3_l4,3,4,6,front_bands,6,0.3611111111111111,0.10015420209622194,0.24999999999999997,0.07136240321480627,0.6944444444444443,0.0795434503515353
aliased_t_maze,cue_dependent_aliased_navigation,delayed_landmark_choice,hybrid,temporal_dropout,lin_sequence_front_bands_r3_l8,3,8,10,front_bands,6,0.8333333333333334,0.04303314829119353,0.38888888888888884,0.11111111111111112,0.6666666666666666,0.13608276348795437
aliased_t_maze,cue_dependent_aliased_navigation,delayed_landmark_choice,hybrid,temporal_dropout,lin_sequence_front_bands_r5_l2,5,2,6,front_bands,6,0.3333333333333333,0.060858061945018464,0.2222222222222222,0.05555555555555556,0.8333333333333334,0.07453559924999299
aliased_t_maze,cue_dependent_aliased_navigation,delayed_landmark_choice,hybrid,temporal_dropout,lin_sequence_front_bands_r5_l4,5,4,8,front_bands,6,0.5277777777777778,0.11719457283182773,0.25,0.07136240321480627,0.47222222222222227,0.10015420209622194
aliased_t_maze,cue_dependent_aliased_navigation,delayed_landmark_choice,hybrid,temporal_dropout,lin_sequence_front_bands_r5_l8,5,8,12,front_bands,6,0.8055555555555557,0.02777777777777779,0.38888888888888884,0.05555555555555556,0.4166666666666667,0.08333333333333334
aliased_t_maze,cue_dependent_aliased_navigation,delayed_landmark_choice,hybrid,temporal_dropout,memoryless_linear,,,,,2,0.75,0.08333333333333337,0.16666666666666666,0.0,nan,0.0
aliased_t_maze,cue_dependent_aliased_navigation,delayed_landmark_choice,hybrid,temporal_dropout,memoryless_mlp,,,,,2,0.75,0.08333333333333337,0.16666666666666666,0.0,nan,0.0
aliased_t_maze,cue_dependent_aliased_navigation,delayed_landmark_choice,hybrid,temporal_dropout,numpy_rnn,,,,,2,0.6666666666666666,0.0,0.0,0.0,nan,0.0
aliased_t_maze,cue_dependent_aliased_navigation,delayed_landmark_choice,hybrid,temporal_dropout,reservoir_block_hybrid,,,,,6,0.5833333333333333,0.09378857231185632,0.3611111111111111,0.09043789220055393,nan,0.0
aliased_t_maze,cue_dependent_aliased_navigation,delayed_landmark_choice,hybrid,temporal_dropout,reservoir_diagonal,,,,,6,0.7222222222222222,0.03513641844631535,0.3611111111111111,0.027777777777777787,nan,0.0
aliased_t_maze,cue_dependent_aliased_navigation,delayed_landmark_choice,hybrid,temporal_dropout,reservoir_low_rank,,,,,6,0.5,0.04303314829119352,0.3055555555555555,0.0668977476599572,nan,0.0
aliased_t_maze,cue_dependent_aliased_navigation,delayed_landmark_choice,hybrid,temporal_dropout,reservoir_nilpotent,,,,,6,0.6111111111111112,0.08240220541217405,0.3611111111111111,0.0795434503515353,nan,0.0
aliased_t_maze,cue_dependent_aliased_navigation,delayed_landmark_choice,hybrid,temporal_dropout,reservoir_orthogonal,,,,,6,0.638888888888889,0.07954345035153532,0.16666666666666666,0.06085806194501845,nan,0.0
aliased_t_maze,cue_dependent_aliased_navigation,delayed_landmark_choice,hybrid,temporal_dropout,reservoir_oscillatory,,,,,6,0.6388888888888888,0.06689774765995721,0.3333333333333333,0.060858061945018464,nan,0.0
aliased_t_maze,cue_dependent_aliased_navigation,delayed_landmark_choice,hybrid,temporal_dropout,reservoir_random,,,,,6,0.4444444444444444,0.08240220541217405,0.24999999999999997,0.09378857231185629,nan,0.0
aliased_t_maze,cue_dependent_aliased_navigation,delayed_landmark_choice,hybrid,temporal_dropout,reservoir_sparse,,,,,6,0.5555555555555556,0.07027283689263066,0.3333333333333333,0.060858061945018464,nan,0.0
aliased_t_maze,cue_dependent_aliased_navigation,delayed_landmark_choice,hybrid,temporal_dropout,reservoir_symmetric,,,,,6,0.6388888888888888,0.06689774765995721,0.3888888888888889,0.05555555555555556,nan,0.0
aliased_t_maze,cue_dependent_aliased_navigation,delayed_landmark_choice,hybrid,temporal_full,lin_sequence_all_units_r3_l4,3,4,6,all_units,6,0.611111111111111,0.05555555555555556,0.3611111111111111,0.02777777777777778,0.9444444444444445,0.03513641844631532
aliased_t_maze,cue_dependent_aliased_navigation,delayed_landmark_choice,hybrid,temporal_full,lin_sequence_front_bands_r1_l2,1,2,2,front_bands,6,0.5277777777777778,0.0668977476599572,0.25000000000000006,0.037267799624996496,0.9444444444444443,0.05555555555555556
aliased_t_maze,cue_dependent_aliased_navigation,delayed_landmark_choice,hybrid,temporal_full,lin_sequence_front_bands_r1_l4,1,4,4,front_bands,6,0.5277777777777778,0.027777777777777776,0.3333333333333333,0.0,1.0,0.0
aliased_t_maze,cue_dependent_aliased_navigation,delayed_landmark_choice,hybrid,temporal_full,lin_sequence_front_bands_r1_l8,1,8,8,front_bands,6,0.9722222222222223,0.02777777777777777,0.9444444444444443,0.05555555555555556,0.6944444444444443,0.027777777777777787
aliased_t_maze,cue_dependent_aliased_navigation,delayed_landmark_choice,hybrid,temporal_full,lin_sequence_front_bands_r3_l2,3,2,4,front_bands,6,0.5,0.06085806194501845,0.3333333333333333,0.0,0.9444444444444445,0.05555555555555557
aliased_t_maze,cue_dependent_aliased_navigation,delayed_landmark_choice,hybrid,temporal_full,lin_sequence_front_bands_r3_l4,3,4,6,front_bands,6,0.5555555555555555,0.08240220541217405,0.3333333333333333,0.0,0.9444444444444445,0.03513641844631532
aliased_t_maze,cue_dependent_aliased_navigation,delayed_landmark_choice,hybrid,temporal_full,lin_sequence_front_bands_r3_l8,3,8,10,front_bands,6,0.9166666666666666,0.08333333333333334,0.8888888888888888,0.11111111111111112,0.75,0.0937885723118563
aliased_t_maze,cue_dependent_aliased_navigation,delayed_landmark_choice,hybrid,temporal_full,lin_sequence_front_bands_r5_l2,5,2,6,front_bands,6,0.638888888888889,0.07954345035153532,0.3333333333333333,0.0,0.9722222222222223,0.02777777777777777
aliased_t_maze,cue_dependent_aliased_navigation,delayed_landmark_choice,hybrid,temporal_full,lin_sequence_front_bands_r5_l4,5,4,8,front_bands,6,0.6666666666666666,0.04303314829119353,0.5833333333333334,0.08333333333333334,0.9444444444444445,0.03513641844631532
aliased_t_maze,cue_dependent_aliased_navigation,delayed_landmark_choice,hybrid,temporal_full,lin_sequence_front_bands_r5_l8,5,8,12,front_bands,6,0.9444444444444445,0.03513641844631532,0.9166666666666666,0.056927504255331114,0.9444444444444443,0.03513641844631532
aliased_t_maze,cue_dependent_aliased_navigation,delayed_landmark_choice,hybrid,temporal_full,memoryless_linear,,,,,2,0.6666666666666667,0.16666666666666669,0.16666666666666666,0.0,nan,0.0
aliased_t_maze,cue_dependent_aliased_navigation,delayed_landmark_choice,hybrid,temporal_full,memoryless_mlp,,,,,2,0.6666666666666667,0.16666666666666669,0.16666666666666666,0.0,nan,0.0
aliased_t_maze,cue_dependent_aliased_navigation,delayed_landmark_choice,hybrid,temporal_full,numpy_rnn,,,,,2,0.6666666666666666,0.0,0.0,0.0,nan,0.0
aliased_t_maze,cue_dependent_aliased_navigation,delayed_landmark_choice,hybrid,temporal_full,reservoir_block_hybrid,,,,,6,0.75,0.07136240321480629,0.6666666666666666,0.09622504486493763,nan,0.0
aliased_t_maze,cue_dependent_aliased_navigation,delayed_landmark_choice,hybrid,temporal_full,reservoir_diagonal,,,,,6,0.75,0.05692750425533112,0.4444444444444444,0.07027283689263066,nan,0.0
aliased_t_maze,cue_dependent_aliased_navigation,delayed_landmark_choice,hybrid,temporal_full,reservoir_low_rank,,,,,6,0.7222222222222223,0.08240220541217405,0.5,0.04303314829119352,nan,0.0
aliased_t_maze,cue_dependent_aliased_navigation,delayed_landmark_choice,hybrid,temporal_full,reservoir_nilpotent,,,,,6,0.7777777777777778,0.05555555555555557,0.6666666666666666,0.08606629658238704,nan,0.0
aliased_t_maze,cue_dependent_aliased_navigation,delayed_landmark_choice,hybrid,temporal_full,reservoir_orthogonal,,,,,6,0.9166666666666666,0.056927504255331114,0.861111111111111,0.09043789220055394,nan,0.0
aliased_t_maze,cue_dependent_aliased_navigation,delayed_landmark_choice,hybrid,temporal_full,reservoir_oscillatory,,,,,6,0.611111111111111,0.03513641844631532,0.47222222222222215,0.02777777777777778,nan,0.0
aliased_t_maze,cue_dependent_aliased_navigation,delayed_landmark_choice,hybrid,temporal_full,reservoir_random,,,,,6,0.5833333333333334,0.07136240321480629,0.5,0.08606629658238706,nan,0.0
aliased_t_maze,cue_dependent_aliased_navigation,delayed_landmark_choice,hybrid,temporal_full,reservoir_sparse,,,,,6,0.6666666666666666,0.04303314829119353,0.47222222222222227,0.07954345035153532,nan,0.0
aliased_t_maze,cue_dependent_aliased_navigation,delayed_landmark_choice,hybrid,temporal_full,reservoir_symmetric,,,,,6,0.5555555555555556,0.07027283689263066,0.4444444444444444,0.07027283689263066,nan,0.0
aliased_t_maze,cue_dependent_aliased_navigation,delayed_landmark_choice,sparse_aliased,temporal_cue_then_blank,lin_sequence_all_units_r3_l4,3,4,6,all_units,6,0.38888888888888884,0.05555555555555556,0.16666666666666666,0.0,0.4444444444444444,0.05555555555555556
aliased_t_maze,cue_dependent_aliased_navigation,delayed_landmark_choice,sparse_aliased,temporal_cue_then_blank,lin_sequence_front_bands_r1_l2,1,2,2,front_bands,6,0.6666666666666666,0.0,0.0,0.0,0.4444444444444445,0.035136418446315335
aliased_t_maze,cue_dependent_aliased_navigation,delayed_landmark_choice,sparse_aliased,temporal_cue_then_blank,lin_sequence_front_bands_r1_l4,1,4,4,front_bands,6,0.6388888888888887,0.027777777777777776,0.0,0.0,0.3333333333333333,0.0
aliased_t_maze,cue_dependent_aliased_navigation,delayed_landmark_choice,sparse_aliased,temporal_cue_then_blank,lin_sequence_front_bands_r1_l8,1,8,8,front_bands,6,0.8611111111111112,0.0795434503515353,0.7777777777777778,0.11915339216404011,0.5277777777777778,0.0795434503515353
aliased_t_maze,cue_dependent_aliased_navigation,delayed_landmark_choice,sparse_aliased,temporal_cue_then_blank,lin_sequence_front_bands_r3_l2,3,2,4,front_bands,6,0.6388888888888888,0.027777777777777776,0.0,0.0,0.3611111111111111,0.02777777777777778
aliased_t_maze,cue_dependent_aliased_navigation,delayed_landmark_choice,sparse_aliased,temporal_cue_then_blank,lin_sequence_front_bands_r3_l4,3,4,6,front_bands,6,0.4444444444444444,0.03513641844631533,0.16666666666666666,0.0,0.3333333333333333,0.04303314829119352
aliased_t_maze,cue_dependent_aliased_navigation,delayed_landmark_choice,sparse_aliased,temporal_cue_then_blank,lin_sequence_front_bands_r3_l8,3,8,10,front_bands,6,1.0,0.0,1.0,0.0,0.5277777777777778,0.10900787150193658
aliased_t_maze,cue_dependent_aliased_navigation,delayed_landmark_choice,sparse_aliased,temporal_cue_then_blank,lin_sequence_front_bands_r5_l2,5,2,6,front_bands,6,0.38888888888888884,0.07027283689263066,0.16666666666666666,0.0,0.3333333333333333,0.074535599249993
aliased_t_maze,cue_dependent_aliased_navigation,delayed_landmark_choice,sparse_aliased,temporal_cue_then_blank,lin_sequence_front_bands_r5_l4,5,4,8,front_bands,6,0.638888888888889,0.07954345035153532,0.4166666666666667,0.0569275042553311,0.6388888888888887,0.027777777777777776
aliased_t_maze,cue_dependent_aliased_navigation,delayed_landmark_choice,sparse_aliased,temporal_cue_then_blank,lin_sequence_front_bands_r5_l8,5,8,12,front_bands,6,0.9166666666666666,0.03726779962499648,0.861111111111111,0.06689774765995721,0.75,0.08333333333333334
aliased_t_maze,cue_dependent_aliased_navigation,delayed_landmark_choice,sparse_aliased,temporal_cue_then_blank,memoryless_linear,,,,,2,0.6666666666666666,0.0,0.0,0.0,nan,0.0
aliased_t_maze,cue_dependent_aliased_navigation,delayed_landmark_choice,sparse_aliased,temporal_cue_then_blank,memoryless_mlp,,,,,2,0.6666666666666666,0.0,0.0,0.0,nan,0.0
aliased_t_maze,cue_dependent_aliased_navigation,delayed_landmark_choice,sparse_aliased,temporal_cue_then_blank,numpy_rnn,,,,,2,0.6666666666666666,0.0,0.0,0.0,nan,0.0
aliased_t_maze,cue_dependent_aliased_navigation,delayed_landmark_choice,sparse_aliased,temporal_cue_then_blank,reservoir_block_hybrid,,,,,6,0.611111111111111,0.05555555555555556,0.5277777777777778,0.051219691429404926,nan,0.0
aliased_t_maze,cue_dependent_aliased_navigation,delayed_landmark_choice,sparse_aliased,temporal_cue_then_blank,reservoir_diagonal,,,,,6,0.6944444444444445,0.06689774765995721,0.38888888888888884,0.05555555555555556,nan,0.0
aliased_t_maze,cue_dependent_aliased_navigation,delayed_landmark_choice,sparse_aliased,temporal_cue_then_blank,reservoir_low_rank,,,,,6,0.6111111111111112,0.07027283689263066,0.47222222222222215,0.0668977476599572,nan,0.0
aliased_t_maze,cue_dependent_aliased_navigation,delayed_landmark_choice,sparse_aliased,temporal_cue_then_blank,reservoir_nilpotent,,,,,6,0.861111111111111,0.02777777777777777,0.7777777777777778,0.05555555555555557,nan,0.0
aliased_t_maze,cue_dependent_aliased_navigation,delayed_landmark_choice,sparse_aliased,temporal_cue_then_blank,reservoir_orthogonal,,,,,6,0.7777777777777778,0.05555555555555557,0.6944444444444445,0.0795434503515353,nan,0.0
aliased_t_maze,cue_dependent_aliased_navigation,delayed_landmark_choice,sparse_aliased,temporal_cue_then_blank,reservoir_oscillatory,,,,,6,0.6666666666666666,0.04303314829119353,0.5277777777777778,0.051219691429404926,nan,0.0
aliased_t_maze,cue_dependent_aliased_navigation,delayed_landmark_choice,sparse_aliased,temporal_cue_then_blank,reservoir_random,,,,,6,0.5833333333333333,0.0569275042553311,0.47222222222222215,0.0668977476599572,nan,0.0
aliased_t_maze,cue_dependent_aliased_navigation,delayed_landmark_choice,sparse_aliased,temporal_cue_then_blank,reservoir_sparse,,,,,6,0.5833333333333334,0.0569275042553311,0.47222222222222227,0.0668977476599572,nan,0.0
aliased_t_maze,cue_dependent_aliased_navigation,delayed_landmark_choice,sparse_aliased,temporal_cue_then_blank,reservoir_symmetric,,,,,6,0.6944444444444443,0.05121969142940494,0.5555555555555556,0.05555555555555555,nan,0.0
aliased_t_maze,cue_dependent_aliased_navigation,delayed_landmark_choice,sparse_aliased,temporal_dropout,lin_sequence_all_units_r3_l4,3,4,6,all_units,6,0.3055555555555555,0.06689774765995721,0.1111111111111111,0.03513641844631533,0.3333333333333333,0.074535599249993
aliased_t_maze,cue_dependent_aliased_navigation,delayed_landmark_choice,sparse_aliased,temporal_dropout,lin_sequence_front_bands_r1_l2,1,2,2,front_bands,6,0.4166666666666666,0.11180339887498948,0.0,0.0,0.4166666666666667,0.0372677996249965
aliased_t_maze,cue_dependent_aliased_navigation,delayed_landmark_choice,sparse_aliased,temporal_dropout,lin_sequence_front_bands_r1_l4,1,4,4,front_bands,6,0.47222222222222215,0.09043789220055393,0.08333333333333333,0.0372677996249965,0.3611111111111111,0.10015420209622193
aliased_t_maze,cue_dependent_aliased_navigation,delayed_landmark_choice,sparse_aliased,temporal_dropout,lin_sequence_front_bands_r1_l8,1,8,8,front_bands,6,0.5833333333333334,0.07136240321480629,0.3333333333333333,0.08606629658238704,0.4166666666666667,0.0372677996249965
aliased_t_maze,cue_dependent_aliased_navigation,delayed_landmark_choice,sparse_aliased,temporal_dropout,lin_sequence_front_bands_r3_l2,3,2,4,front_bands,6,0.3055555555555555,0.0795434503515353,0.08333333333333333,0.0372677996249965,0.3055555555555555,0.1171945728318277
aliased_t_maze,cue_dependent_aliased_navigation,delayed_landmark_choice,sparse_aliased,temporal_dropout,lin_sequence_front_bands_r3_l4,3,4,6,front_bands,6,0.4166666666666666,0.07136240321480629,0.13888888888888887,0.051219691429404926,0.3055555555555555,0.05121969142940494
aliased_t_maze,cue_dependent_aliased_navigation,delayed_landmark_choice,sparse_aliased,temporal_dropout,lin_sequence_front_bands_r3_l8,3,8,10,front_bands,6,0.6944444444444445,0.10015420209622194,0.5555555555555555,0.12668615834434868,0.4444444444444444,0.035136418446315335
aliased_t_maze,cue_dependent_aliased_navigation,delayed_landmark_choice,sparse_aliased,temporal_dropout,lin_sequence_front_bands_r5_l2,5,2,6,front_bands,6,0.4166666666666666,0.0569275042553311,0.08333333333333333,0.0372677996249965,0.3055555555555555,0.10015420209622194
aliased_t_maze,cue_dependent_aliased_navigation,delayed_landmark_choice,sparse_aliased,temporal_dropout,lin_sequence_front_bands_r5_l4,5,4,8,front_bands,6,0.3055555555555555,0.05121969142940494,0.08333333333333333,0.0372677996249965,0.3611111111111111,0.0795434503515353
aliased_t_maze,cue_dependent_aliased_navigation,delayed_landmark_choice,sparse_aliased,temporal_dropout,lin_sequence_front_bands_r5_l8,5,8,12,front_bands,6,0.638888888888889,0.09043789220055394,0.38888888888888884,0.11111111111111112,0.5,0.08606629658238706
aliased_t_maze,cue_dependent_aliased_navigation,delayed_landmark_choice,sparse_aliased,temporal_dropout,memoryless_linear,,,,,2,0.6666666666666666,0.0,0.0,0.0,nan,0.0
aliased_t_maze,cue_dependent_aliased_navigation,delayed_landmark_choice,sparse_aliased,temporal_dropout,memoryless_mlp,,,,,2,0.6666666666666666,0.0,0.0,0.0,nan,0.0
aliased_t_maze,cue_dependent_aliased_navigation,delayed_landmark_choice,sparse_aliased,temporal_dropout,numpy_rnn,,,,,2,0.6666666666666666,0.0,0.0,0.0,nan,0.0
aliased_t_maze,cue_dependent_aliased_navigation,delayed_landmark_choice,sparse_aliased,temporal_dropout,reservoir_block_hybrid,,,,,6,0.4444444444444444,0.05555555555555556,0.19444444444444442,0.06689774765995721,nan,0.0
aliased_t_maze,cue_dependent_aliased_navigation,delayed_landmark_choice,sparse_aliased,temporal_dropout,reservoir_diagonal,,,,,6,0.3055555555555555,0.027777777777777776,0.2222222222222222,0.03513641844631533,nan,0.0
aliased_t_maze,cue_dependent_aliased_navigation,delayed_landmark_choice,sparse_aliased,temporal_dropout,reservoir_low_rank,,,,,6,0.3888888888888889,0.12668615834434868,0.13888888888888887,0.051219691429404926,nan,0.0
aliased_t_maze,cue_dependent_aliased_navigation,delayed_landmark_choice,sparse_aliased,temporal_dropout,reservoir_nilpotent,,,,,6,0.8333333333333335,0.04303314829119353,0.5833333333333334,0.12729376930432892,nan,0.0
aliased_t_maze,cue_dependent_aliased_navigation,delayed_landmark_choice,sparse_aliased,temporal_dropout,reservoir_orthogonal,,,,,6,0.4444444444444444,0.05555555555555556,0.25,0.08333333333333334,nan,0.0
aliased_t_maze,cue_dependent_aliased_navigation,delayed_landmark_choice,sparse_aliased,temporal_dropout,reservoir_oscillatory,,,,,6,0.3333333333333333,0.04303314829119352,0.05555555555555555,0.03513641844631533,nan,0.0
aliased_t_maze,cue_dependent_aliased_navigation,delayed_landmark_choice,sparse_aliased,temporal_dropout,reservoir_random,,,,,6,0.3611111111111111,0.06689774765995721,0.16666666666666666,0.04303314829119352,nan,0.0
aliased_t_maze,cue_dependent_aliased_navigation,delayed_landmark_choice,sparse_aliased,temporal_dropout,reservoir_sparse,,,,,6,0.36111111111111116,0.10015420209622193,0.16666666666666666,0.06085806194501845,nan,0.0
aliased_t_maze,cue_dependent_aliased_navigation,delayed_landmark_choice,sparse_aliased,temporal_dropout,reservoir_symmetric,,,,,6,0.3888888888888889,0.05555555555555556,0.2222222222222222,0.05555555555555556,nan,0.0
aliased_t_maze,cue_dependent_aliased_navigation,delayed_landmark_choice,sparse_aliased,temporal_full,lin_sequence_all_units_r3_l4,3,4,6,all_units,6,0.47222222222222227,0.0668977476599572,0.16666666666666666,0.0,0.4166666666666667,0.0372677996249965
aliased_t_maze,cue_dependent_aliased_navigation,delayed_landmark_choice,sparse_aliased,temporal_full,lin_sequence_front_bands_r1_l2,1,2,2,front_bands,6,0.6666666666666666,0.0,0.0,0.0,0.4166666666666667,0.0372677996249965
aliased_t_maze,cue_dependent_aliased_navigation,delayed_landmark_choice,sparse_aliased,temporal_full,lin_sequence_front_bands_r1_l4,1,4,4,front_bands,6,0.611111111111111,0.05555555555555555,0.027777777777777776,0.02777777777777778,0.3611111111111111,0.02777777777777778
aliased_t_maze,cue_dependent_aliased_navigation,delayed_landmark_choice,sparse_aliased,temporal_full,lin_sequence_front_bands_r1_l8,1,8,8,front_bands,6,1.0,0.0,1.0,0.0,0.4444444444444445,0.035136418446315335
aliased_t_maze,cue_dependent_aliased_navigation,delayed_landmark_choice,sparse_aliased,temporal_full,lin_sequence_front_bands_r3_l2,3,2,4,front_bands,6,0.6666666666666666,0.0,0.0,0.0,0.3611111111111111,0.02777777777777778
aliased_t_maze,cue_dependent_aliased_navigation,delayed_landmark_choice,sparse_aliased,temporal_full,lin_sequence_front_bands_r3_l4,3,4,6,front_bands,6,0.611111111111111,0.03513641844631532,0.16666666666666666,0.0,0.3888888888888889,0.05555555555555556
aliased_t_maze,cue_dependent_aliased_navigation,delayed_landmark_choice,sparse_aliased,temporal_full,lin_sequence_front_bands_r3_l8,3,8,10,front_bands,6,0.9444444444444445,0.03513641844631532,0.8888888888888888,0.07027283689263066,0.638888888888889,0.11719457283182773
aliased_t_maze,cue_dependent_aliased_navigation,delayed_landmark_choice,sparse_aliased,temporal_full,lin_sequence_front_bands_r5_l2,5,2,6,front_bands,6,0.4444444444444444,0.03513641844631533,0.16666666666666666,0.0,0.3055555555555555,0.05121969142940494
aliased_t_maze,cue_dependent_aliased_navigation,delayed_landmark_choice,sparse_aliased,temporal_full,lin_sequence_front_bands_r5_l4,5,4,8,front_bands,6,0.8055555555555557,0.05121969142940494,0.7222222222222223,0.08240220541217405,0.638888888888889,0.06689774765995721
aliased_t_maze,cue_dependent_aliased_navigation,delayed_landmark_choice,sparse_aliased,temporal_full,lin_sequence_front_bands_r5_l8,5,8,12,front_bands,6,0.9722222222222223,0.02777777777777777,0.9722222222222223,0.02777777777777777,0.47222222222222215,0.02777777777777778
aliased_t_maze,cue_dependent_aliased_navigation,delayed_landmark_choice,sparse_aliased,temporal_full,memoryless_linear,,,,,2,0.6666666666666666,0.0,0.0,0.0,nan,0.0
aliased_t_maze,cue_dependent_aliased_navigation,delayed_landmark_choice,sparse_aliased,temporal_full,memoryless_mlp,,,,,2,0.6666666666666666,0.0,0.0,0.0,nan,0.0
aliased_t_maze,cue_dependent_aliased_navigation,delayed_landmark_choice,sparse_aliased,temporal_full,numpy_rnn,,,,,2,0.6666666666666666,0.0,0.0,0.0,nan,0.0
aliased_t_maze,cue_dependent_aliased_navigation,delayed_landmark_choice,sparse_aliased,temporal_full,reservoir_block_hybrid,,,,,6,0.6388888888888888,0.05121969142940494,0.4444444444444444,0.05555555555555556,nan,0.0
aliased_t_maze,cue_dependent_aliased_navigation,delayed_landmark_choice,sparse_aliased,temporal_full,reservoir_diagonal,,,,,6,0.6944444444444443,0.06689774765995721,0.3333333333333333,0.0,nan,0.0
aliased_t_maze,cue_dependent_aliased_navigation,delayed_landmark_choice,sparse_aliased,temporal_full,reservoir_low_rank,,,,,6,0.5555555555555555,0.05555555555555555,0.3333333333333333,0.08606629658238704,nan,0.0
aliased_t_maze,cue_dependent_aliased_navigation,delayed_landmark_choice,sparse_aliased,temporal_full,reservoir_nilpotent,,,,,6,0.8888888888888888,0.03513641844631532,0.8888888888888888,0.03513641844631532,nan,0.0
aliased_t_maze,cue_dependent_aliased_navigation,delayed_landmark_choice,sparse_aliased,temporal_full,reservoir_orthogonal,,,,,6,0.8888888888888888,0.05555555555555556,0.7777777777777778,0.10243938285880988,nan,0.0
aliased_t_maze,cue_dependent_aliased_navigation,delayed_landmark_choice,sparse_aliased,temporal_full,reservoir_oscillatory,,,,,6,0.6388888888888888,0.027777777777777776,0.5555555555555555,0.03513641844631532,nan,0.0
aliased_t_maze,cue_dependent_aliased_navigation,delayed_landmark_choice,sparse_aliased,temporal_full,reservoir_random,,,,,6,0.6944444444444443,0.07954345035153532,0.6666666666666666,0.08606629658238706,nan,0.0
aliased_t_maze,cue_dependent_aliased_navigation,delayed_landmark_choice,sparse_aliased,temporal_full,reservoir_sparse,,,,,6,0.7777777777777778,0.08240220541217405,0.6944444444444443,0.10900787150193658,nan,0.0
aliased_t_maze,cue_dependent_aliased_navigation,delayed_landmark_choice,sparse_aliased,temporal_full,reservoir_symmetric,,,,,6,0.6944444444444445,0.07954345035153532,0.5833333333333334,0.08333333333333334,nan,0.0
aliased_t_maze,cue_dependent_aliased_navigation,delayed_landmark_choice,vector,temporal_cue_then_blank,lin_sequence_all_units_r3_l4,3,4,6,all_units,6,0.5,0.04303314829119352,0.3333333333333333,0.0,0.8611111111111112,0.06689774765995721
aliased_t_maze,cue_dependent_aliased_navigation,delayed_landmark_choice,vector,temporal_cue_then_blank,lin_sequence_front_bands_r1_l2,1,2,2,front_bands,6,0.6666666666666666,0.0,0.0,0.0,1.0,0.0
aliased_t_maze,cue_dependent_aliased_navigation,delayed_landmark_choice,vector,temporal_cue_then_blank,lin_sequence_front_bands_r1_l4,1,4,4,front_bands,6,0.5277777777777778,0.051219691429404926,0.16666666666666666,0.0,0.8055555555555557,0.06689774765995721
aliased_t_maze,cue_dependent_aliased_navigation,delayed_landmark_choice,vector,temporal_cue_then_blank,lin_sequence_front_bands_r1_l8,1,8,8,front_bands,6,0.8333333333333334,0.0,0.5000000000000001,0.07453559924999299,0.7222222222222223,0.07027283689263066
aliased_t_maze,cue_dependent_aliased_navigation,delayed_landmark_choice,vector,temporal_cue_then_blank,lin_sequence_front_bands_r3_l2,3,2,4,front_bands,6,0.5833333333333333,0.03726779962499649,0.16666666666666666,0.0,0.9444444444444443,0.05555555555555556
aliased_t_maze,cue_dependent_aliased_navigation,delayed_landmark_choice,vector,temporal_cue_then_blank,lin_sequence_front_bands_r3_l4,3,4,6,front_bands,6,0.5277777777777778,0.0668977476599572,0.3333333333333333,0.0,0.9166666666666666,0.037267799624996496
aliased_t_maze,cue_dependent_aliased_navigation,delayed_landmark_choice,vector,temporal_cue_then_blank,lin_sequence_front_bands_r3_l8,3,8,10,front_bands,6,0.9722222222222223,0.02777777777777777,0.9444444444444443,0.05555555555555556,0.638888888888889,0.05121969142940494
aliased_t_maze,cue_dependent_aliased_navigation,delayed_landmark_choice,vector,temporal_cue_then_blank,lin_sequence_front_bands_r5_l2,5,2,6,front_bands,6,0.5,0.06085806194501845,0.3333333333333333,0.0,0.8055555555555555,0.05121969142940494
aliased_t_maze,cue_dependent_aliased_navigation,delayed_landmark_choice,vector,temporal_cue_then_blank,lin_sequence_front_bands_r5_l4,5,4,8,front_bands,6,0.5555555555555556,0.07027283689263066,0.38888888888888884,0.035136418446315335,0.8333333333333334,0.08606629658238704
aliased_t_maze,cue_dependent_aliased_navigation,delayed_landmark_choice,vector,temporal_cue_then_blank,lin_sequence_front_bands_r5_l8,5,8,12,front_bands,6,0.888888888888889,0.03513641844631532,0.8055555555555557,0.06689774765995721,0.7222222222222223,0.07027283689263066
aliased_t_maze,cue_dependent_aliased_navigation,delayed_landmark_choice,vector,temporal_cue_then_blank,memoryless_linear,,,,,2,0.6666666666666666,0.0,0.0,0.0,nan,0.0
aliased_t_maze,cue_dependent_aliased_navigation,delayed_landmark_choice,vector,temporal_cue_then_blank,memoryless_mlp,,,,,2,0.6666666666666666,0.0,0.0,0.0,nan,0.0
aliased_t_maze,cue_dependent_aliased_navigation,delayed_landmark_choice,vector,temporal_cue_then_blank,numpy_rnn,,,,,2,0.6666666666666666,0.0,0.0,0.0,nan,0.0
aliased_t_maze,cue_dependent_aliased_navigation,delayed_landmark_choice,vector,temporal_cue_then_blank,reservoir_block_hybrid,,,,,6,0.6666666666666666,0.060858061945018464,0.5833333333333334,0.08333333333333334,nan,0.0
aliased_t_maze,cue_dependent_aliased_navigation,delayed_landmark_choice,vector,temporal_cue_then_blank,reservoir_diagonal,,,,,6,0.7777777777777778,0.03513641844631535,0.3333333333333333,0.0,nan,0.0
aliased_t_maze,cue_dependent_aliased_navigation,delayed_landmark_choice,vector,temporal_cue_then_blank,reservoir_low_rank,,,,,6,0.75,0.05692750425533112,0.3333333333333333,0.060858061945018464,nan,0.0
aliased_t_maze,cue_dependent_aliased_navigation,delayed_landmark_choice,vector,temporal_cue_then_blank,reservoir_nilpotent,,,,,6,0.8888888888888888,0.05555555555555556,0.8333333333333334,0.08606629658238704,nan,0.0
aliased_t_maze,cue_dependent_aliased_navigation,delayed_landmark_choice,vector,temporal_cue_then_blank,reservoir_orthogonal,,,,,6,0.9444444444444445,0.03513641844631532,0.8888888888888888,0.07027283689263066,nan,0.0
aliased_t_maze,cue_dependent_aliased_navigation,delayed_landmark_choice,vector,temporal_cue_then_blank,reservoir_oscillatory,,,,,6,0.6666666666666666,0.04303314829119353,0.5555555555555555,0.03513641844631532,nan,0.0
aliased_t_maze,cue_dependent_aliased_navigation,delayed_landmark_choice,vector,temporal_cue_then_blank,reservoir_random,,,,,6,0.7222222222222222,0.07027283689263066,0.5555555555555555,0.10243938285880988,nan,0.0
aliased_t_maze,cue_dependent_aliased_navigation,delayed_landmark_choice,vector,temporal_cue_then_blank,reservoir_sparse,,,,,6,0.5555555555555556,0.05555555555555557,0.38888888888888884,0.035136418446315335,nan,0.0
aliased_t_maze,cue_dependent_aliased_navigation,delayed_landmark_choice,vector,temporal_cue_then_blank,reservoir_symmetric,,,,,6,0.7777777777777778,0.03513641844631535,0.47222222222222227,0.0668977476599572,nan,0.0
aliased_t_maze,cue_dependent_aliased_navigation,delayed_landmark_choice,vector,temporal_dropout,lin_sequence_all_units_r3_l4,3,4,6,all_units,6,0.5833333333333334,0.1031898645611484,0.3055555555555555,0.02777777777777778,1.0,0.0
aliased_t_maze,cue_dependent_aliased_navigation,delayed_landmark_choice,vector,temporal_dropout,lin_sequence_front_bands_r1_l2,1,2,2,front_bands,6,0.7777777777777778,0.03513641844631535,0.3055555555555555,0.027777777777777776,1.0,0.0
aliased_t_maze,cue_dependent_aliased_navigation,delayed_landmark_choice,vector,temporal_dropout,lin_sequence_front_bands_r1_l4,1,4,4,front_bands,6,0.5000000000000001,0.07453559924999299,0.24999999999999997,0.037267799624996496,1.0,0.0
aliased_t_maze,cue_dependent_aliased_navigation,delayed_landmark_choice,vector,temporal_dropout,lin_sequence_front_bands_r1_l8,1,8,8,front_bands,6,0.75,0.03726779962499651,0.3611111111111111,0.02777777777777778,0.7222222222222222,0.11111111111111112
aliased_t_maze,cue_dependent_aliased_navigation,delayed_landmark_choice,vector,temporal_dropout,lin_sequence_front_bands_r3_l2,3,2,4,front_bands,6,0.6666666666666666,0.149071198499986,0.3333333333333333,0.060858061945018464,1.0,0.0
aliased_t_maze,cue_dependent_aliased_navigation,delayed_landmark_choice,vector,temporal_dropout,lin_sequence_front_bands_r3_l4,3,4,6,front_bands,6,0.5833333333333334,0.08333333333333334,0.24999999999999997,0.037267799624996496,0.9722222222222223,0.02777777777777777
aliased_t_maze,cue_dependent_aliased_navigation,delayed_landmark_choice,vector,temporal_dropout,lin_sequence_front_bands_r3_l8,3,8,10,front_bands,6,0.8055555555555557,0.10015420209622194,0.5555555555555556,0.10243938285880988,0.9444444444444445,0.05555555555555556
aliased_t_maze,cue_dependent_aliased_navigation,delayed_landmark_choice,vector,temporal_dropout,lin_sequence_front_bands_r5_l2,5,2,6,front_bands,6,0.5833333333333334,0.09378857231185632,0.3333333333333333,0.04303314829119352,0.9722222222222223,0.02777777777777777
aliased_t_maze,cue_dependent_aliased_navigation,delayed_landmark_choice,vector,temporal_dropout,lin_sequence_front_bands_r5_l4,5,4,8,front_bands,6,0.5277777777777778,0.09043789220055393,0.25,0.037267799624996496,0.9444444444444445,0.03513641844631532
aliased_t_maze,cue_dependent_aliased_navigation,delayed_landmark_choice,vector,temporal_dropout,lin_sequence_front_bands_r5_l8,5,8,12,front_bands,6,0.9166666666666666,0.03726779962499649,0.5,0.074535599249993,0.8888888888888888,0.05555555555555556
aliased_t_maze,cue_dependent_aliased_navigation,delayed_landmark_choice,vector,temporal_dropout,memoryless_linear,,,,,2,0.75,0.08333333333333337,0.25,0.25,nan,0.0
aliased_t_maze,cue_dependent_aliased_navigation,delayed_landmark_choice,vector,temporal_dropout,memoryless_mlp,,,,,2,0.75,0.08333333333333337,0.25,0.25,nan,0.0
aliased_t_maze,cue_dependent_aliased_navigation,delayed_landmark_choice,vector,temporal_dropout,numpy_rnn,,,,,2,0.6666666666666666,0.0,0.0,0.0,nan,0.0
aliased_t_maze,cue_dependent_aliased_navigation,delayed_landmark_choice,vector,temporal_dropout,reservoir_block_hybrid,,,,,6,0.5555555555555556,0.07027283689263066,0.3055555555555555,0.06689774765995721,nan,0.0
aliased_t_maze,cue_dependent_aliased_navigation,delayed_landmark_choice,vector,temporal_dropout,reservoir_diagonal,,,,,6,0.75,0.07136240321480629,0.38888888888888884,0.05555555555555556,nan,0.0
aliased_t_maze,cue_dependent_aliased_navigation,delayed_landmark_choice,vector,temporal_dropout,reservoir_low_rank,,,,,6,0.8055555555555557,0.05121969142940494,0.3333333333333333,0.04303314829119352,nan,0.0
aliased_t_maze,cue_dependent_aliased_navigation,delayed_landmark_choice,vector,temporal_dropout,reservoir_nilpotent,,,,,6,0.8333333333333334,0.04303314829119353,0.47222222222222227,0.09043789220055394,nan,0.0
aliased_t_maze,cue_dependent_aliased_navigation,delayed_landmark_choice,vector,temporal_dropout,reservoir_orthogonal,,,,,6,0.6944444444444443,0.05121969142940494,0.3333333333333333,0.04303314829119352,nan,0.0
aliased_t_maze,cue_dependent_aliased_navigation,delayed_landmark_choice,vector,temporal_dropout,reservoir_oscillatory,,,,,6,0.5277777777777778,0.0795434503515353,0.24999999999999997,0.037267799624996496,nan,0.0
aliased_t_maze,cue_dependent_aliased_navigation,delayed_landmark_choice,vector,temporal_dropout,reservoir_random,,,,,6,0.7222222222222222,0.08240220541217405,0.3611111111111111,0.02777777777777778,nan,0.0
aliased_t_maze,cue_dependent_aliased_navigation,delayed_landmark_choice,vector,temporal_dropout,reservoir_sparse,,,,,6,0.6388888888888888,0.05121969142940494,0.3055555555555555,0.05121969142940494,nan,0.0
aliased_t_maze,cue_dependent_aliased_navigation,delayed_landmark_choice,vector,temporal_dropout,reservoir_symmetric,,,,,6,0.8055555555555557,0.06689774765995721,0.4444444444444445,0.08240220541217404,nan,0.0
aliased_t_maze,cue_dependent_aliased_navigation,delayed_landmark_choice,vector,temporal_full,lin_sequence_all_units_r3_l4,3,4,6,all_units,6,0.5833333333333334,0.056927504255331114,0.3333333333333333,0.0,0.9722222222222223,0.02777777777777777
aliased_t_maze,cue_dependent_aliased_navigation,delayed_landmark_choice,vector,temporal_full,lin_sequence_front_bands_r1_l2,1,2,2,front_bands,6,0.5833333333333334,0.11180339887498948,0.16666666666666666,0.0,1.0,0.0
aliased_t_maze,cue_dependent_aliased_navigation,delayed_landmark_choice,vector,temporal_full,lin_sequence_front_bands_r1_l4,1,4,4,front_bands,6,0.4166666666666667,0.0372677996249965,0.3333333333333333,0.0,1.0,0.0
aliased_t_maze,cue_dependent_aliased_navigation,delayed_landmark_choice,vector,temporal_full,lin_sequence_front_bands_r1_l8,1,8,8,front_bands,6,0.9444444444444445,0.03513641844631532,0.9444444444444445,0.03513641844631532,0.9444444444444445,0.05555555555555557
aliased_t_maze,cue_dependent_aliased_navigation,delayed_landmark_choice,vector,temporal_full,lin_sequence_front_bands_r3_l2,3,2,4,front_bands,6,0.4444444444444444,0.035136418446315335,0.3333333333333333,0.0,1.0,0.0
aliased_t_maze,cue_dependent_aliased_navigation,delayed_landmark_choice,vector,temporal_full,lin_sequence_front_bands_r3_l4,3,4,6,front_bands,6,0.6666666666666666,0.08606629658238706,0.3611111111111111,0.02777777777777778,1.0,0.0
aliased_t_maze,cue_dependent_aliased_navigation,delayed_landmark_choice,vector,temporal_full,lin_sequence_front_bands_r3_l8,3,8,10,front_bands,6,0.9444444444444445,0.03513641844631532,0.9166666666666665,0.05692750425533112,0.9444444444444445,0.03513641844631532
aliased_t_maze,cue_dependent_aliased_navigation,delayed_landmark_choice,vector,temporal_full,lin_sequence_front_bands_r5_l2,5,2,6,front_bands,6,0.6666666666666666,0.06085806194501848,0.3333333333333333,0.0,0.9722222222222223,0.02777777777777777
aliased_t_maze,cue_dependent_aliased_navigation,delayed_landmark_choice,vector,temporal_full,lin_sequence_front_bands_r5_l4,5,4,8,front_bands,6,0.7777777777777778,0.09296222517045286,0.75,0.0937885723118563,0.9722222222222223,0.02777777777777777
aliased_t_maze,cue_dependent_aliased_navigation,delayed_landmark_choice,vector,temporal_full,lin_sequence_front_bands_r5_l8,5,8,12,front_bands,6,1.0,0.0,1.0,0.0,0.9444444444444445,0.03513641844631532
aliased_t_maze,cue_dependent_aliased_navigation,delayed_landmark_choice,vector,temporal_full,memoryless_linear,,,,,2,0.6666666666666667,0.16666666666666669,0.16666666666666666,0.0,nan,0.0
aliased_t_maze,cue_dependent_aliased_navigation,delayed_landmark_choice,vector,temporal_full,memoryless_mlp,,,,,2,0.6666666666666667,0.16666666666666669,0.16666666666666666,0.0,nan,0.0
aliased_t_maze,cue_dependent_aliased_navigation,delayed_landmark_choice,vector,temporal_full,numpy_rnn,,,,,2,0.6666666666666666,0.0,0.0,0.0,nan,0.0
aliased_t_maze,cue_dependent_aliased_navigation,delayed_landmark_choice,vector,temporal_full,reservoir_block_hybrid,,,,,6,0.7222222222222222,0.07027283689263067,0.6944444444444445,0.0795434503515353,nan,0.0
aliased_t_maze,cue_dependent_aliased_navigation,delayed_landmark_choice,vector,temporal_full,reservoir_diagonal,,,,,6,0.6944444444444443,0.06689774765995721,0.4444444444444444,0.07027283689263066,nan,0.0
aliased_t_maze,cue_dependent_aliased_navigation,delayed_landmark_choice,vector,temporal_full,reservoir_low_rank,,,,,6,0.5833333333333334,0.1031898645611484,0.3611111111111111,0.02777777777777778,nan,0.0
aliased_t_maze,cue_dependent_aliased_navigation,delayed_landmark_choice,vector,temporal_full,reservoir_nilpotent,,,,,6,0.9166666666666666,0.056927504255331114,0.9166666666666666,0.056927504255331114,nan,0.0
aliased_t_maze,cue_dependent_aliased_navigation,delayed_landmark_choice,vector,temporal_full,reservoir_orthogonal,,,,,6,0.8055555555555557,0.05121969142940494,0.7222222222222223,0.08240220541217405,nan,0.0
aliased_t_maze,cue_dependent_aliased_navigation,delayed_landmark_choice,vector,temporal_full,reservoir_oscillatory,,,,,6,0.5833333333333334,0.03726779962499648,0.5,0.0,nan,0.0
aliased_t_maze,cue_dependent_aliased_navigation,delayed_landmark_choice,vector,temporal_full,reservoir_random,,,,,6,0.7777777777777777,0.05555555555555557,0.6944444444444445,0.10015420209622194,nan,0.0
aliased_t_maze,cue_dependent_aliased_navigation,delayed_landmark_choice,vector,temporal_full,reservoir_sparse,,,,,6,0.5833333333333334,0.07136240321480629,0.4444444444444445,0.08240220541217405,nan,0.0
aliased_t_maze,cue_dependent_aliased_navigation,delayed_landmark_choice,vector,temporal_full,reservoir_symmetric,,,,,6,0.7222222222222222,0.05555555555555557,0.5000000000000001,0.07453559924999299,nan,0.0
bottleneck_rooms,local_metric_global_graph,bottleneck_route,egocentric_landmark,temporal_cue_then_blank,lin_sequence_all_units_r3_l4,3,4,6,all_units,6,0.6222222222222221,0.02222222222222222,0.16666666666666666,0.02277100170213244,nan,0.0
bottleneck_rooms,local_metric_global_graph,bottleneck_route,egocentric_landmark,temporal_cue_then_blank,lin_sequence_front_bands_r1_l2,1,2,2,front_bands,6,0.6222222222222221,0.02222222222222222,0.0,0.0,nan,0.0
bottleneck_rooms,local_metric_global_graph,bottleneck_route,egocentric_landmark,temporal_cue_then_blank,lin_sequence_front_bands_r1_l4,1,4,4,front_bands,6,0.7000000000000001,0.014907119849998596,0.16666666666666666,0.014907119849998601,nan,0.0
bottleneck_rooms,local_metric_global_graph,bottleneck_route,egocentric_landmark,temporal_cue_then_blank,lin_sequence_front_bands_r1_l8,1,8,8,front_bands,6,0.7333333333333333,0.02981423969999722,0.2333333333333333,0.0479196858952174,nan,0.0
bottleneck_rooms,local_metric_global_graph,bottleneck_route,egocentric_landmark,temporal_cue_then_blank,lin_sequence_front_bands_r3_l2,3,2,4,front_bands,6,0.6333333333333334,0.04791968589521738,0.0888888888888889,0.028109134757052262,nan,0.0
bottleneck_rooms,local_metric_global_graph,bottleneck_route,egocentric_landmark,temporal_cue_then_blank,lin_sequence_front_bands_r3_l4,3,4,6,front_bands,6,0.6666666666666666,0.024343224778007377,0.17777777777777778,0.028109134757052262,nan,0.0
bottleneck_rooms,local_metric_global_graph,bottleneck_route,egocentric_landmark,temporal_cue_then_blank,lin_sequence_front_bands_r3_l8,3,8,10,front_bands,6,0.7222222222222222,0.026759099063982893,0.3111111111111111,0.06126243889817877,nan,0.0
bottleneck_rooms,local_metric_global_graph,bottleneck_route,egocentric_landmark,temporal_cue_then_blank,lin_sequence_front_bands_r5_l2,5,2,6,front_bands,6,0.6333333333333333,0.03751542892474251,0.2222222222222222,0.032960882164869615,nan,0.0
bottleneck_rooms,local_metric_global_graph,bottleneck_route,egocentric_landmark,temporal_cue_then_blank,lin_sequence_front_bands_r5_l4,5,4,8,front_bands,6,0.6333333333333333,0.014907119849998596,0.2111111111111111,0.026759099063982883,nan,0.0
bottleneck_rooms,local_metric_global_graph,bottleneck_route,egocentric_landmark,temporal_cue_then_blank,lin_sequence_front_bands_r5_l8,5,8,12,front_bands,6,0.6777777777777777,0.03181738014061413,0.25555555555555554,0.058161121459121785,nan,0.0
bottleneck_rooms,local_metric_global_graph,bottleneck_route,egocentric_landmark,temporal_cue_then_blank,memoryless_linear,,,,,2,0.5333333333333333,0.06666666666666665,0.0,0.0,nan,0.0
bottleneck_rooms,local_metric_global_graph,bottleneck_route,egocentric_landmark,temporal_cue_then_blank,memoryless_mlp,,,,,2,0.5333333333333333,0.06666666666666665,0.0,0.0,nan,0.0
bottleneck_rooms,local_metric_global_graph,bottleneck_route,egocentric_landmark,temporal_cue_then_blank,numpy_rnn,,,,,2,0.7,0.033333333333333326,0.1,0.1,nan,0.0
bottleneck_rooms,local_metric_global_graph,bottleneck_route,egocentric_landmark,temporal_cue_then_blank,reservoir_block_hybrid,,,,,6,0.6111111111111112,0.04993823345387606,0.24444444444444444,0.05879447357921313,nan,0.0
bottleneck_rooms,local_metric_global_graph,bottleneck_route,egocentric_landmark,temporal_cue_then_blank,reservoir_diagonal,,,,,6,0.6888888888888888,0.028109134757052276,0.13333333333333333,0.029814239699997202,nan,0.0
bottleneck_rooms,local_metric_global_graph,bottleneck_route,egocentric_landmark,temporal_cue_then_blank,reservoir_low_rank,,,,,6,0.6777777777777777,0.03181738014061413,0.18888888888888888,0.04687782913273108,nan,0.0
bottleneck_rooms,local_metric_global_graph,bottleneck_route,egocentric_landmark,temporal_cue_then_blank,reservoir_nilpotent,,,,,6,0.6666666666666666,0.03849001794597506,0.20000000000000004,0.0596284793999944,nan,0.0
bottleneck_rooms,local_metric_global_graph,bottleneck_route,egocentric_landmark,temporal_cue_then_blank,reservoir_orthogonal,,,,,6,0.611111111111111,0.04006168083848877,0.14444444444444446,0.026759099063982883,nan,0.0
bottleneck_rooms,local_metric_global_graph,bottleneck_route,egocentric_landmark,temporal_cue_then_blank,reservoir_oscillatory,,,,,6,0.611111111111111,0.03181738014061412,0.12222222222222222,0.03617515688022157,nan,0.0
bottleneck_rooms,local_metric_global_graph,bottleneck_route,egocentric_landmark,temporal_cue_then_blank,reservoir_random,,,,,6,0.5888888888888889,0.03181738014061412,0.18888888888888888,0.03617515688022157,nan,0.0
bottleneck_rooms,local_metric_global_graph,bottleneck_route,egocentric_landmark,temporal_cue_then_blank,reservoir_sparse,,,,,6,0.6,0.05163977794943224,0.15555555555555556,0.022222222222222227,nan,0.0
bottleneck_rooms,local_metric_global_graph,bottleneck_route,egocentric_landmark,temporal_cue_then_blank,reservoir_symmetric,,,,,6,0.688888888888889,0.03296088216486962,0.2222222222222222,0.056218269514104524,nan,0.0
bottleneck_rooms,local_metric_global_graph,bottleneck_route,egocentric_landmark,temporal_dropout,lin_sequence_all_units_r3_l4,3,4,6,all_units,6,0.4777777777777778,0.07387008950486516,0.15555555555555556,0.032960882164869615,nan,0.0
bottleneck_rooms,local_metric_global_graph,bottleneck_route,egocentric_landmark,temporal_dropout,lin_sequence_front_bands_r1_l2,1,2,2,front_bands,6,0.6555555555555556,0.02675909906398288,0.26666666666666666,0.03849001794597506,nan,0.0
bottleneck_rooms,local_metric_global_graph,bottleneck_route,egocentric_landmark,temporal_dropout,lin_sequence_front_bands_r1_l4,1,4,4,front_bands,6,0.48888888888888893,0.050674463337739464,0.16666666666666666,0.05091750772173157,nan,0.0
bottleneck_rooms,local_metric_global_graph,bottleneck_route,egocentric_landmark,temporal_dropout,lin_sequence_front_bands_r1_l8,1,8,8,front_bands,6,0.6,0.048686449556014755,0.2222222222222222,0.01405456737852613,nan,0.0
bottleneck_rooms,local_metric_global_graph,bottleneck_route,egocentric_landmark,temporal_dropout,lin_sequence_front_bands_r3_l2,3,2,4,front_bands,6,0.5111111111111112,0.03296088216486961,0.14444444444444446,0.03617515688022157,nan,0.0
bottleneck_rooms,local_metric_global_graph,bottleneck_route,egocentric_landmark,temporal_dropout,lin_sequence_front_bands_r3_l4,3,4,6,front_bands,6,0.37777777777777777,0.05067446333773947,0.15555555555555556,0.044444444444444446,nan,0.0
bottleneck_rooms,local_metric_global_graph,bottleneck_route,egocentric_landmark,temporal_dropout,lin_sequence_front_bands_r3_l8,3,8,10,front_bands,6,0.5444444444444444,0.03181738014061411,0.16666666666666666,0.028544961285922515,nan,0.0
bottleneck_rooms,local_metric_global_graph,bottleneck_route,egocentric_landmark,temporal_dropout,lin_sequence_front_bands_r5_l2,5,2,6,front_bands,6,0.46666666666666673,0.03849001794597505,0.16666666666666666,0.053748384988657,nan,0.0
bottleneck_rooms,local_metric_global_graph,bottleneck_route,egocentric_landmark,temporal_dropout,lin_sequence_front_bands_r5_l4,5,4,8,front_bands,6,0.4222222222222223,0.0763358401658563,0.17777777777777778,0.044444444444444446,nan,0.0
bottleneck_rooms,local_metric_global_graph,bottleneck_route,egocentric_landmark,temporal_dropout,lin_sequence_front_bands_r5_l8,5,8,12,front_bands,6,0.6333333333333333,0.06146362971528592,0.25555555555555554,0.04360314860077463,nan,0.0
bottleneck_rooms,local_metric_global_graph,bottleneck_route,egocentric_landmark,temporal_dropout,memoryless_linear,,,,,2,0.43333333333333335,0.033333333333333326,0.13333333333333333,0.13333333333333333,nan,0.0
bottleneck_rooms,local_metric_global_graph,bottleneck_route,egocentric_landmark,temporal_dropout,memoryless_mlp,,,,,2,0.43333333333333335,0.033333333333333326,0.13333333333333333,0.13333333333333333,nan,0.0
bottleneck_rooms,local_metric_global_graph,bottleneck_route,egocentric_landmark,temporal_dropout,numpy_rnn,,,,,2,0.7,0.1,0.03333333333333333,0.03333333333333333,nan,0.0
bottleneck_rooms,local_metric_global_graph,bottleneck_route,egocentric_landmark,temporal_dropout,reservoir_block_hybrid,,,,,6,0.5,0.05091750772173156,0.13333333333333333,0.034426518632954824,nan,0.0
bottleneck_rooms,local_metric_global_graph,bottleneck_route,egocentric_landmark,temporal_dropout,reservoir_diagonal,,,,,6,0.5444444444444444,0.04687782913273107,0.14444444444444443,0.04360314860077463,nan,0.0
bottleneck_rooms,local_metric_global_graph,bottleneck_route,egocentric_landmark,temporal_dropout,reservoir_low_rank,,,,,6,0.4666666666666666,0.05962847939999438,0.13333333333333333,0.03849001794597506,nan,0.0
bottleneck_rooms,local_metric_global_graph,bottleneck_route,egocentric_landmark,temporal_dropout,reservoir_nilpotent,,,,,6,0.43333333333333335,0.06610877680286008,0.13333333333333333,0.04216370213557839,nan,0.0
bottleneck_rooms,local_metric_global_graph,bottleneck_route,egocentric_landmark,temporal_dropout,reservoir_orthogonal,,,,,6,0.4222222222222222,0.06363476028122823,0.14444444444444446,0.03181738014061412,nan,0.0
bottleneck_rooms,local_metric_global_graph,bottleneck_route,egocentric_landmark,temporal_dropout,reservoir_oscillatory,,,,,6,0.4888888888888889,0.02222222222222222,0.15555555555555556,0.040975753143523946,nan,0.0
bottleneck_rooms,local_metric_global_graph,bottleneck_route,egocentric_landmark,temporal_dropout,reservoir_random,,,,,6,0.46666666666666673,0.07302967433402215,0.18888888888888888,0.05282161921779874,nan,0.0
bottleneck_rooms,local_metric_global_graph,bottleneck_route,egocentric_landmark,temporal_dropout,reservoir_sparse,,,,,6,0.5111111111111111,0.04097575314352393,0.17777777777777778,0.040975753143523946,nan,0.0
bottleneck_rooms,local_metric_global_graph,bottleneck_route,egocentric_landmark,temporal_dropout,reservoir_symmetric,,,,,6,0.5555555555555556,0.08373974969518565,0.14444444444444446,0.06758625033664689,nan,0.0
bottleneck_rooms,local_metric_global_graph,bottleneck_route,egocentric_landmark,temporal_full,lin_sequence_all_units_r3_l4,3,4,6,all_units,6,0.6111111111111112,0.05282161921779874,0.3111111111111111,0.08012336167697755,nan,0.0
bottleneck_rooms,local_metric_global_graph,bottleneck_route,egocentric_landmark,temporal_full,lin_sequence_front_bands_r1_l2,1,2,2,front_bands,6,0.6222222222222222,0.04097575314352393,0.5222222222222223,0.08847124105508616,nan,0.0
bottleneck_rooms,local_metric_global_graph,bottleneck_route,egocentric_landmark,temporal_full,lin_sequence_front_bands_r1_l4,1,4,4,front_bands,6,0.6666666666666666,0.0455420034042649,0.2555555555555556,0.046877829132731086,nan,0.0
bottleneck_rooms,local_metric_global_graph,bottleneck_route,egocentric_landmark,temporal_full,lin_sequence_front_bands_r1_l8,1,8,8,front_bands,6,0.6888888888888888,0.07235031376044315,0.32222222222222224,0.04360314860077463,nan,0.0
bottleneck_rooms,local_metric_global_graph,bottleneck_route,egocentric_landmark,temporal_full,lin_sequence_front_bands_r3_l2,3,2,4,front_bands,6,0.5777777777777777,0.03296088216486961,0.27777777777777773,0.07584910295944895,nan,0.0
bottleneck_rooms,local_metric_global_graph,bottleneck_route,egocentric_landmark,temporal_full,lin_sequence_front_bands_r3_l4,3,4,6,front_bands,6,0.6555555555555556,0.03617515688022156,0.41111111111111115,0.052821619217798724,nan,0.0
bottleneck_rooms,local_metric_global_graph,bottleneck_route,egocentric_landmark,temporal_full,lin_sequence_front_bands_r3_l8,3,8,10,front_bands,6,0.6555555555555556,0.03617515688022158,0.4222222222222222,0.07235031376044314,nan,0.0
bottleneck_rooms,local_metric_global_graph,bottleneck_route,egocentric_landmark,temporal_full,lin_sequence_front_bands_r5_l2,5,2,6,front_bands,6,0.6222222222222221,0.03296088216486961,0.3333333333333333,0.1253144193766372,nan,0.0
bottleneck_rooms,local_metric_global_graph,bottleneck_route,egocentric_landmark,temporal_full,lin_sequence_front_bands_r5_l4,5,4,8,front_bands,6,0.6000000000000001,0.06885303726590965,0.26666666666666666,0.05443310539518175,nan,0.0
bottleneck_rooms,local_metric_global_graph,bottleneck_route,egocentric_landmark,temporal_full,lin_sequence_front_bands_r5_l8,5,8,12,front_bands,6,0.7333333333333333,0.03442651863295483,0.4222222222222222,0.03296088216486962,nan,0.0
bottleneck_rooms,local_metric_global_graph,bottleneck_route,egocentric_landmark,temporal_full,memoryless_linear,,,,,2,0.8,0.06666666666666671,0.5,0.033333333333333326,nan,0.0
bottleneck_rooms,local_metric_global_graph,bottleneck_route,egocentric_landmark,temporal_full,memoryless_mlp,,,,,2,0.8,0.06666666666666671,0.5,0.033333333333333326,nan,0.0
bottleneck_rooms,local_metric_global_graph,bottleneck_route,egocentric_landmark,temporal_full,numpy_rnn,,,,,2,0.7666666666666666,0.03333333333333338,0.13333333333333333,0.0,nan,0.0
bottleneck_rooms,local_metric_global_graph,bottleneck_route,egocentric_landmark,temporal_full,reservoir_block_hybrid,,,,,6,0.6777777777777777,0.05282161921779874,0.4222222222222222,0.08373974969518565,nan,0.0
bottleneck_rooms,local_metric_global_graph,bottleneck_route,egocentric_landmark,temporal_full,reservoir_diagonal,,,,,6,0.7111111111111111,0.037184890068181146,0.4777777777777778,0.05555555555555556,nan,0.0
bottleneck_rooms,local_metric_global_graph,bottleneck_route,egocentric_landmark,temporal_full,reservoir_low_rank,,,,,6,0.611111111111111,0.04687782913273107,0.4222222222222223,0.08373974969518566,nan,0.0
bottleneck_rooms,local_metric_global_graph,bottleneck_route,egocentric_landmark,temporal_full,reservoir_nilpotent,,,,,6,0.5222222222222223,0.02675909906398288,0.2222222222222222,0.06363476028122823,nan,0.0
bottleneck_rooms,local_metric_global_graph,bottleneck_route,egocentric_landmark,temporal_full,reservoir_orthogonal,,,,,6,0.4666666666666666,0.04554200340426489,0.24444444444444446,0.05879447357921314,nan,0.0
bottleneck_rooms,local_metric_global_graph,bottleneck_route,egocentric_landmark,temporal_full,reservoir_oscillatory,,,,,6,0.6444444444444444,0.02810913475705226,0.43333333333333335,0.10147066717183001,nan,0.0
bottleneck_rooms,local_metric_global_graph,bottleneck_route,egocentric_landmark,temporal_full,reservoir_random,,,,,6,0.5111111111111112,0.037184890068181126,0.2333333333333333,0.044721359549995794,nan,0.0
bottleneck_rooms,local_metric_global_graph,bottleneck_route,egocentric_landmark,temporal_full,reservoir_sparse,,,,,6,0.6555555555555556,0.05555555555555557,0.41111111111111115,0.06065486250647192,nan,0.0
bottleneck_rooms,local_metric_global_graph,bottleneck_route,egocentric_landmark,temporal_full,reservoir_symmetric,,,,,6,0.6555555555555556,0.03181738014061412,0.5222222222222223,0.08329628806218363,nan,0.0
bottleneck_rooms,local_metric_global_graph,bottleneck_route,hybrid,temporal_cue_then_blank,lin_sequence_all_units_r3_l4,3,4,6,all_units,6,0.6222222222222221,0.04766135686561603,0.15555555555555556,0.05067446333773947,nan,0.0
bottleneck_rooms,local_metric_global_graph,bottleneck_route,hybrid,temporal_cue_then_blank,lin_sequence_front_bands_r1_l2,1,2,2,front_bands,6,0.611111111111111,0.02675909906398288,0.0,0.0,nan,0.0
bottleneck_rooms,local_metric_global_graph,bottleneck_route,hybrid,temporal_cue_then_blank,lin_sequence_front_bands_r1_l4,1,4,4,front_bands,6,0.6888888888888888,0.02222222222222222,0.09999999999999999,0.02277100170213244,nan,0.0
bottleneck_rooms,local_metric_global_graph,bottleneck_route,hybrid,temporal_cue_then_blank,lin_sequence_front_bands_r1_l8,1,8,8,front_bands,6,0.7222222222222222,0.026759099063982893,0.24444444444444444,0.06813204318558173,nan,0.0
bottleneck_rooms,local_metric_global_graph,bottleneck_route,hybrid,temporal_cue_then_blank,lin_sequence_front_bands_r3_l2,3,2,4,front_bands,6,0.5555555555555555,0.04766135686561603,0.05555555555555556,0.020487876571761973,nan,0.0
bottleneck_rooms,local_metric_global_graph,bottleneck_route,hybrid,temporal_cue_then_blank,lin_sequence_front_bands_r3_l4,3,4,6,front_bands,6,0.6,0.024343224778007377,0.19999999999999998,0.03849001794597505,nan,0.0
bottleneck_rooms,local_metric_global_graph,bottleneck_route,hybrid,temporal_cue_then_blank,lin_sequence_front_bands_r3_l8,3,8,10,front_bands,6,0.7000000000000001,0.03751542892474253,0.2222222222222222,0.03718489006818114,nan,0.0
bottleneck_rooms,local_metric_global_graph,bottleneck_route,hybrid,temporal_cue_then_blank,lin_sequence_front_bands_r5_l2,5,2,6,front_bands,6,0.5777777777777777,0.04097575314352394,0.16666666666666666,0.028544961285922515,nan,0.0
bottleneck_rooms,local_metric_global_graph,bottleneck_route,hybrid,temporal_cue_then_blank,lin_sequence_front_bands_r5_l4,5,4,8,front_bands,6,0.6777777777777777,0.02048787657176197,0.2111111111111111,0.040061680838488774,nan,0.0
bottleneck_rooms,local_metric_global_graph,bottleneck_route,hybrid,temporal_cue_then_blank,lin_sequence_front_bands_r5_l8,5,8,12,front_bands,6,0.6888888888888888,0.04444444444444445,0.2111111111111111,0.05816112145912178,nan,0.0
bottleneck_rooms,local_metric_global_graph,bottleneck_route,hybrid,temporal_cue_then_blank,memoryless_linear,,,,,2,0.5333333333333333,0.06666666666666665,0.0,0.0,nan,0.0
bottleneck_rooms,local_metric_global_graph,bottleneck_route,hybrid,temporal_cue_then_blank,memoryless_mlp,,,,,2,0.5333333333333333,0.06666666666666665,0.0,0.0,nan,0.0
bottleneck_rooms,local_metric_global_graph,bottleneck_route,hybrid,temporal_cue_then_blank,numpy_rnn,,,,,2,0.7333333333333333,0.0,0.06666666666666667,0.06666666666666667,nan,0.0
bottleneck_rooms,local_metric_global_graph,bottleneck_route,hybrid,temporal_cue_then_blank,reservoir_block_hybrid,,,,,6,0.611111111111111,0.02048787657176197,0.18888888888888888,0.040061680838488774,nan,0.0
bottleneck_rooms,local_metric_global_graph,bottleneck_route,hybrid,temporal_cue_then_blank,reservoir_diagonal,,,,,6,0.6888888888888888,0.02222222222222222,0.11111111111111112,0.022222222222222223,nan,0.0
bottleneck_rooms,local_metric_global_graph,bottleneck_route,hybrid,temporal_cue_then_blank,reservoir_low_rank,,,,,6,0.6333333333333333,0.028544961285922505,0.15555555555555556,0.03718489006818114,nan,0.0
bottleneck_rooms,local_metric_global_graph,bottleneck_route,hybrid,temporal_cue_then_blank,reservoir_nilpotent,,,,,6,0.6666666666666666,0.03849001794597506,0.2111111111111111,0.040061680838488774,nan,0.0
bottleneck_rooms,local_metric_global_graph,bottleneck_route,hybrid,temporal_cue_then_blank,reservoir_orthogonal,,,,,6,0.6555555555555556,0.03181738014061413,0.13333333333333333,0.034426518632954824,nan,0.0
bottleneck_rooms,local_metric_global_graph,bottleneck_route,hybrid,temporal_cue_then_blank,reservoir_oscillatory,,,,,6,0.6222222222222222,0.01405456737852613,0.18888888888888888,0.06065486250647192,nan,0.0
bottleneck_rooms,local_metric_global_graph,bottleneck_route,hybrid,temporal_cue_then_blank,reservoir_random,,,,,6,0.6111111111111112,0.026759099063982873,0.2111111111111111,0.04687782913273108,nan,0.0
bottleneck_rooms,local_metric_global_graph,bottleneck_route,hybrid,temporal_cue_then_blank,reservoir_sparse,,,,,6,0.6444444444444445,0.04097575314352394,0.15555555555555556,0.022222222222222227,nan,0.0
bottleneck_rooms,local_metric_global_graph,bottleneck_route,hybrid,temporal_cue_then_blank,reservoir_symmetric,,,,,6,0.7111111111111112,0.04444444444444446,0.12222222222222223,0.04360314860077463,nan,0.0
bottleneck_rooms,local_metric_global_graph,bottleneck_route,hybrid,temporal_dropout,lin_sequence_all_units_r3_l4,3,4,6,all_units,6,0.3888888888888889,0.06974379922877874,0.24444444444444444,0.053518198127965766,nan,0.0
bottleneck_rooms,local_metric_global_graph,bottleneck_route,hybrid,temporal_dropout,lin_sequence_front_bands_r1_l2,1,2,2,front_bands,6,0.4777777777777777,0.043603148600774626,0.24444444444444444,0.04097575314352394,nan,0.0
bottleneck_rooms,local_metric_global_graph,bottleneck_route,hybrid,temporal_dropout,lin_sequence_front_bands_r1_l4,1,4,4,front_bands,6,0.43333333333333335,0.028544961285922512,0.12222222222222222,0.052821619217798724,nan,0.0
bottleneck_rooms,local_metric_global_graph,bottleneck_route,hybrid,temporal_dropout,lin_sequence_front_bands_r1_l8,1,8,8,front_bands,6,0.5444444444444444,0.06065486250647192,0.26666666666666666,0.017213259316477405,nan,0.0
bottleneck_rooms,local_metric_global_graph,bottleneck_route,hybrid,temporal_dropout,lin_sequence_front_bands_r3_l2,3,2,4,front_bands,6,0.488888888888889,0.08373974969518566,0.17777777777777778,0.04766135686561604,nan,0.0
bottleneck_rooms,local_metric_global_graph,bottleneck_route,hybrid,temporal_dropout,lin_sequence_front_bands_r3_l4,3,4,6,front_bands,6,0.45555555555555555,0.049938233453876074,0.12222222222222223,0.026759099063982883,nan,0.0
bottleneck_rooms,local_metric_global_graph,bottleneck_route,hybrid,temporal_dropout,lin_sequence_front_bands_r3_l8,3,8,10,front_bands,6,0.5777777777777778,0.05621826951410452,0.2222222222222222,0.044444444444444446,nan,0.0
bottleneck_rooms,local_metric_global_graph,bottleneck_route,hybrid,temporal_dropout,lin_sequence_front_bands_r5_l2,5,2,6,front_bands,6,0.49999999999999994,0.03751542892474251,0.15555555555555556,0.032960882164869615,nan,0.0
bottleneck_rooms,local_metric_global_graph,bottleneck_route,hybrid,temporal_dropout,lin_sequence_front_bands_r5_l4,5,4,8,front_bands,6,0.5111111111111111,0.056218269514104524,0.16666666666666666,0.05643744488533464,nan,0.0
bottleneck_rooms,local_metric_global_graph,bottleneck_route,hybrid,temporal_dropout,lin_sequence_front_bands_r5_l8,5,8,12,front_bands,6,0.5444444444444445,0.03617515688022157,0.2222222222222222,0.04444444444444445,nan,0.0
bottleneck_rooms,local_metric_global_graph,bottleneck_route,hybrid,temporal_dropout,memoryless_linear,,,,,2,0.5333333333333333,0.0,0.06666666666666667,0.06666666666666667,nan,0.0
bottleneck_rooms,local_metric_global_graph,bottleneck_route,hybrid,temporal_dropout,memoryless_mlp,,,,,2,0.5333333333333333,0.0,0.06666666666666667,0.06666666666666667,nan,0.0
bottleneck_rooms,local_metric_global_graph,bottleneck_route,hybrid,temporal_dropout,numpy_rnn,,,,,2,0.7666666666666666,0.03333333333333338,0.1,0.1,nan,0.0
bottleneck_rooms,local_metric_global_graph,bottleneck_route,hybrid,temporal_dropout,reservoir_block_hybrid,,,,,6,0.5111111111111112,0.05621826951410452,0.13333333333333333,0.024343224778007388,nan,0.0
bottleneck_rooms,local_metric_global_graph,bottleneck_route,hybrid,temporal_dropout,reservoir_diagonal,,,,,6,0.6222222222222222,0.053518198127965766,0.2111111111111111,0.04687782913273108,nan,0.0
bottleneck_rooms,local_metric_global_graph,bottleneck_route,hybrid,temporal_dropout,reservoir_low_rank,,,,,6,0.41111111111111104,0.05816112145912178,0.13333333333333333,0.05443310539518175,nan,0.0
bottleneck_rooms,local_metric_global_graph,bottleneck_route,hybrid,temporal_dropout,reservoir_nilpotent,,,,,6,0.3222222222222222,0.05555555555555556,0.12222222222222222,0.04360314860077463,nan,0.0
bottleneck_rooms,local_metric_global_graph,bottleneck_route,hybrid,temporal_dropout,reservoir_orthogonal,,,,,6,0.5222222222222223,0.06535751631045662,0.18888888888888888,0.020487876571761973,nan,0.0
bottleneck_rooms,local_metric_global_graph,bottleneck_route,hybrid,temporal_dropout,reservoir_oscillatory,,,,,6,0.41111111111111104,0.06758625033664688,0.17777777777777778,0.04097575314352394,nan,0.0
bottleneck_rooms,local_metric_global_graph,bottleneck_route,hybrid,temporal_dropout,reservoir_random,,,,,6,0.39999999999999997,0.062063289083417524,0.17777777777777778,0.032960882164869615,nan,0.0
bottleneck_rooms,local_metric_global_graph,bottleneck_route,hybrid,temporal_dropout,reservoir_sparse,,,,,6,0.45555555555555555,0.03181738014061412,0.18888888888888888,0.04687782913273108,nan,0.0
bottleneck_rooms,local_metric_global_graph,bottleneck_route,hybrid,temporal_dropout,reservoir_symmetric,,,,,6,0.5,0.044721359549995794,0.14444444444444446,0.020487876571761977,nan,0.0
bottleneck_rooms,local_metric_global_graph,bottleneck_route,hybrid,temporal_full,lin_sequence_all_units_r3_l4,3,4,6,all_units,6,0.5333333333333333,0.0596284793999944,0.2888888888888889,0.08195150628704789,nan,0.0
bottleneck_rooms,local_metric_global_graph,bottleneck_route,hybrid,temporal_full,lin_sequence_front_bands_r1_l2,1,2,2,front_bands,6,0.6222222222222221,0.03296088216486961,0.35555555555555557,0.07825251938515115,nan,0.0
bottleneck_rooms,local_metric_global_graph,bottleneck_route,hybrid,temporal_full,lin_sequence_front_bands_r1_l4,1,4,4,front_bands,6,0.6666666666666666,0.042163702135578386,0.3,0.03751542892474252,nan,0.0
bottleneck_rooms,local_metric_global_graph,bottleneck_route,hybrid,temporal_full,lin_sequence_front_bands_r1_l8,1,8,8,front_bands,6,0.6555555555555556,0.06065486250647192,0.24444444444444446,0.06126243889817877,nan,0.0
bottleneck_rooms,local_metric_global_graph,bottleneck_route,hybrid,temporal_full,lin_sequence_front_bands_r3_l2,3,2,4,front_bands,6,0.5888888888888889,0.06758625033664688,0.24444444444444446,0.09375565826546217,nan,0.0
bottleneck_rooms,local_metric_global_graph,bottleneck_route,hybrid,temporal_full,lin_sequence_front_bands_r3_l4,3,4,6,front_bands,6,0.6555555555555556,0.046877829132731086,0.3444444444444444,0.07965977035082188,nan,0.0
bottleneck_rooms,local_metric_global_graph,bottleneck_route,hybrid,temporal_full,lin_sequence_front_bands_r3_l8,3,8,10,front_bands,6,0.6222222222222222,0.04766135686561604,0.3666666666666667,0.05900408021045224,nan,0.0
bottleneck_rooms,local_metric_global_graph,bottleneck_route,hybrid,temporal_full,lin_sequence_front_bands_r5_l2,5,2,6,front_bands,6,0.6,0.03849001794597505,0.28888888888888886,0.08012336167697755,nan,0.0
bottleneck_rooms,local_metric_global_graph,bottleneck_route,hybrid,temporal_full,lin_sequence_front_bands_r5_l4,5,4,8,front_bands,6,0.5888888888888889,0.058161121459121785,0.26666666666666666,0.048686449556014776,nan,0.0
bottleneck_rooms,local_metric_global_graph,bottleneck_route,hybrid,temporal_full,lin_sequence_front_bands_r5_l8,5,8,12,front_bands,6,0.6333333333333333,0.0447213595499958,0.3333333333333333,0.029814239699997202,nan,0.0
bottleneck_rooms,local_metric_global_graph,bottleneck_route,hybrid,temporal_full,memoryless_linear,,,,,2,0.7333333333333333,0.0,0.5666666666666667,0.1666666666666666,nan,0.0
bottleneck_rooms,local_metric_global_graph,bottleneck_route,hybrid,temporal_full,memoryless_mlp,,,,,2,0.7333333333333333,0.0,0.5666666666666667,0.1666666666666666,nan,0.0
bottleneck_rooms,local_metric_global_graph,bottleneck_route,hybrid,temporal_full,numpy_rnn,,,,,2,0.7333333333333333,0.0,0.06666666666666667,0.06666666666666667,nan,0.0
bottleneck_rooms,local_metric_global_graph,bottleneck_route,hybrid,temporal_full,reservoir_block_hybrid,,,,,6,0.6222222222222222,0.02810913475705226,0.37777777777777777,0.07436978013636228,nan,0.0
bottleneck_rooms,local_metric_global_graph,bottleneck_route,hybrid,temporal_full,reservoir_diagonal,,,,,6,0.6777777777777777,0.04993823345387608,0.37777777777777777,0.044444444444444446,nan,0.0
bottleneck_rooms,local_metric_global_graph,bottleneck_route,hybrid,temporal_full,reservoir_low_rank,,,,,6,0.5777777777777778,0.04444444444444444,0.37777777777777777,0.05879447357921313,nan,0.0
bottleneck_rooms,local_metric_global_graph,bottleneck_route,hybrid,temporal_full,reservoir_nilpotent,,,,,6,0.6333333333333333,0.050917507721731564,0.16666666666666666,0.04127594582445936,nan,0.0
bottleneck_rooms,local_metric_global_graph,bottleneck_route,hybrid,temporal_full,reservoir_orthogonal,,,,,6,0.5777777777777778,0.07235031376044314,0.3444444444444445,0.09335978461155557,nan,0.0
bottleneck_rooms,local_metric_global_graph,bottleneck_route,hybrid,temporal_full,reservoir_oscillatory,,,,,6,0.6222222222222223,0.047661356865616046,0.3222222222222222,0.05282161921779874,nan,0.0
bottleneck_rooms,local_metric_global_graph,bottleneck_route,hybrid,temporal_full,reservoir_random,,,,,6,0.6222222222222221,0.05879447357921313,0.24444444444444444,0.04766135686561604,nan,0.0
bottleneck_rooms,local_metric_global_graph,bottleneck_route,hybrid,temporal_full,reservoir_sparse,,,,,6,0.5555555555555555,0.02222222222222222,0.3,0.03333333333333334,nan,0.0
bottleneck_rooms,local_metric_global_graph,bottleneck_route,hybrid,temporal_full,reservoir_symmetric,,,,,6,0.6444444444444445,0.04444444444444444,0.3111111111111111,0.10564323843559745,nan,0.0
bottleneck_rooms,local_metric_global_graph,bottleneck_route,sparse_aliased,temporal_cue_then_blank,lin_sequence_all_units_r3_l4,3,4,6,all_units,6,0.6444444444444444,0.02222222222222222,0.19999999999999998,0.0298142396999972,nan,0.0
bottleneck_rooms,local_metric_global_graph,bottleneck_route,sparse_aliased,temporal_cue_then_blank,lin_sequence_front_bands_r1_l2,1,2,2,front_bands,6,0.6222222222222221,0.02222222222222222,0.06666666666666667,0.029814239699997202,nan,0.0
bottleneck_rooms,local_metric_global_graph,bottleneck_route,sparse_aliased,temporal_cue_then_blank,lin_sequence_front_bands_r1_l4,1,4,4,front_bands,6,0.7555555555555555,0.02222222222222224,0.09999999999999999,0.0149071198499986,nan,0.0
bottleneck_rooms,local_metric_global_graph,bottleneck_route,sparse_aliased,temporal_cue_then_blank,lin_sequence_front_bands_r1_l8,1,8,8,front_bands,6,0.6888888888888888,0.02222222222222222,0.24444444444444446,0.056218269514104524,nan,0.0
bottleneck_rooms,local_metric_global_graph,bottleneck_route,sparse_aliased,temporal_cue_then_blank,lin_sequence_front_bands_r3_l2,3,2,4,front_bands,6,0.7222222222222222,0.03617515688022158,0.09999999999999999,0.0149071198499986,nan,0.0
bottleneck_rooms,local_metric_global_graph,bottleneck_route,sparse_aliased,temporal_cue_then_blank,lin_sequence_front_bands_r3_l4,3,4,6,front_bands,6,0.6333333333333332,0.022771001702132438,0.18888888888888888,0.03617515688022157,nan,0.0
bottleneck_rooms,local_metric_global_graph,bottleneck_route,sparse_aliased,temporal_cue_then_blank,lin_sequence_front_bands_r3_l8,3,8,10,front_bands,6,0.7111111111111111,0.01405456737852613,0.2222222222222222,0.04766135686561605,nan,0.0
bottleneck_rooms,local_metric_global_graph,bottleneck_route,sparse_aliased,temporal_cue_then_blank,lin_sequence_front_bands_r5_l2,5,2,6,front_bands,6,0.6333333333333332,0.022771001702132438,0.19999999999999998,0.0298142396999972,nan,0.0
bottleneck_rooms,local_metric_global_graph,bottleneck_route,sparse_aliased,temporal_cue_then_blank,lin_sequence_front_bands_r5_l4,5,4,8,front_bands,6,0.6444444444444444,0.01405456737852613,0.26666666666666666,0.029814239699997202,nan,0.0
bottleneck_rooms,local_metric_global_graph,bottleneck_route,sparse_aliased,temporal_cue_then_blank,lin_sequence_front_bands_r5_l8,5,8,12,front_bands,6,0.6777777777777777,0.02675909906398288,0.2111111111111111,0.04993823345387608,nan,0.0
bottleneck_rooms,local_metric_global_graph,bottleneck_route,sparse_aliased,temporal_cue_then_blank,memoryless_linear,,,,,2,0.6333333333333333,0.09999999999999998,0.0,0.0,nan,0.0
bottleneck_rooms,local_metric_global_graph,bottleneck_route,sparse_aliased,temporal_cue_then_blank,memoryless_mlp,,,,,2,0.6333333333333333,0.09999999999999998,0.0,0.0,nan,0.0
bottleneck_rooms,local_metric_global_graph,bottleneck_route,sparse_aliased,temporal_cue_then_blank,numpy_rnn,,,,,2,0.7333333333333333,0.0,0.06666666666666667,0.06666666666666667,nan,0.0
bottleneck_rooms,local_metric_global_graph,bottleneck_route,sparse_aliased,temporal_cue_then_blank,reservoir_block_hybrid,,,,,6,0.6555555555555556,0.02048787657176197,0.18888888888888888,0.04993823345387608,nan,0.0
bottleneck_rooms,local_metric_global_graph,bottleneck_route,sparse_aliased,temporal_cue_then_blank,reservoir_diagonal,,,,,6,0.7777777777777777,0.02222222222222224,0.15555555555555556,0.044444444444444446,nan,0.0
bottleneck_rooms,local_metric_global_graph,bottleneck_route,sparse_aliased,temporal_cue_then_blank,reservoir_low_rank,,,,,6,0.7000000000000001,0.022771001702132438,0.16666666666666666,0.0447213595499958,nan,0.0
bottleneck_rooms,local_metric_global_graph,bottleneck_route,sparse_aliased,temporal_cue_then_blank,reservoir_nilpotent,,,,,6,0.6666666666666666,0.024343224778007377,0.19999999999999998,0.05443310539518174,nan,0.0
bottleneck_rooms,local_metric_global_graph,bottleneck_route,sparse_aliased,temporal_cue_then_blank,reservoir_orthogonal,,,,,6,0.6333333333333332,0.014907119849998596,0.2333333333333333,0.059004080210452246,nan,0.0
bottleneck_rooms,local_metric_global_graph,bottleneck_route,sparse_aliased,temporal_cue_then_blank,reservoir_oscillatory,,,,,6,0.6666666666666666,0.024343224778007377,0.16666666666666666,0.053748384988657014,nan,0.0
bottleneck_rooms,local_metric_global_graph,bottleneck_route,sparse_aliased,temporal_cue_then_blank,reservoir_random,,,,,6,0.6222222222222221,0.02222222222222222,0.19999999999999998,0.0298142396999972,nan,0.0
bottleneck_rooms,local_metric_global_graph,bottleneck_route,sparse_aliased,temporal_cue_then_blank,reservoir_sparse,,,,,6,0.6555555555555556,0.03181738014061412,0.16666666666666666,0.05643744488533465,nan,0.0
bottleneck_rooms,local_metric_global_graph,bottleneck_route,sparse_aliased,temporal_cue_then_blank,reservoir_symmetric,,,,,6,0.6555555555555556,0.02675909906398288,0.18888888888888888,0.0581611214591218,nan,0.0
bottleneck_rooms,local_metric_global_graph,bottleneck_route,sparse_aliased,temporal_dropout,lin_sequence_all_units_r3_l4,3,4,6,all_units,6,0.4888888888888889,0.02222222222222222,0.17777777777777778,0.03718489006818114,nan,0.0
bottleneck_rooms,local_metric_global_graph,bottleneck_route,sparse_aliased,temporal_dropout,lin_sequence_front_bands_r1_l2,1,2,2,front_bands,6,0.5444444444444444,0.04006168083848877,0.07777777777777778,0.011111111111111112,nan,0.0
bottleneck_rooms,local_metric_global_graph,bottleneck_route,sparse_aliased,temporal_dropout,lin_sequence_front_bands_r1_l4,1,4,4,front_bands,6,0.4888888888888889,0.05351819812796576,0.24444444444444444,0.044444444444444446,nan,0.0
bottleneck_rooms,local_metric_global_graph,bottleneck_route,sparse_aliased,temporal_dropout,lin_sequence_front_bands_r1_l8,1,8,8,front_bands,6,0.5222222222222221,0.040061680838488774,0.14444444444444446,0.026759099063982883,nan,0.0
bottleneck_rooms,local_metric_global_graph,bottleneck_route,sparse_aliased,temporal_dropout,lin_sequence_front_bands_r3_l2,3,2,4,front_bands,6,0.4222222222222223,0.06592176432973924,0.18888888888888888,0.040061680838488774,nan,0.0
bottleneck_rooms,local_metric_global_graph,bottleneck_route,sparse_aliased,temporal_dropout,lin_sequence_front_bands_r3_l4,3,4,6,front_bands,6,0.4666666666666666,0.03849001794597506,0.13333333333333333,0.0298142396999972,nan,0.0
bottleneck_rooms,local_metric_global_graph,bottleneck_route,sparse_aliased,temporal_dropout,lin_sequence_front_bands_r3_l8,3,8,10,front_bands,6,0.4777777777777777,0.049938233453876074,0.13333333333333333,0.034426518632954824,nan,0.0
bottleneck_rooms,local_metric_global_graph,bottleneck_route,sparse_aliased,temporal_dropout,lin_sequence_front_bands_r5_l2,5,2,6,front_bands,6,0.6666666666666666,0.034426518632954824,0.14444444444444446,0.026759099063982883,nan,0.0
bottleneck_rooms,local_metric_global_graph,bottleneck_route,sparse_aliased,temporal_dropout,lin_sequence_front_bands_r5_l4,5,4,8,front_bands,6,0.49999999999999994,0.053748384988656986,0.16666666666666666,0.037515428924742515,nan,0.0
bottleneck_rooms,local_metric_global_graph,bottleneck_route,sparse_aliased,temporal_dropout,lin_sequence_front_bands_r5_l8,5,8,12,front_bands,6,0.5444444444444444,0.02048787657176197,0.18888888888888888,0.06758625033664689,nan,0.0
bottleneck_rooms,local_metric_global_graph,bottleneck_route,sparse_aliased,temporal_dropout,memoryless_linear,,,,,2,0.6,0.06666666666666665,0.06666666666666667,0.0,nan,0.0
bottleneck_rooms,local_metric_global_graph,bottleneck_route,sparse_aliased,temporal_dropout,memoryless_mlp,,,,,2,0.6,0.06666666666666665,0.06666666666666667,0.0,nan,0.0
bottleneck_rooms,local_metric_global_graph,bottleneck_route,sparse_aliased,temporal_dropout,numpy_rnn,,,,,2,0.8333333333333333,0.1,0.16666666666666669,0.03333333333333333,nan,0.0
bottleneck_rooms,local_metric_global_graph,bottleneck_route,sparse_aliased,temporal_dropout,reservoir_block_hybrid,,,,,6,0.5222222222222223,0.04687782913273108,0.14444444444444446,0.011111111111111115,nan,0.0
bottleneck_rooms,local_metric_global_graph,bottleneck_route,sparse_aliased,temporal_dropout,reservoir_diagonal,,,,,6,0.7111111111111111,0.022222222222222237,0.1111111111111111,0.022222222222222227,nan,0.0
bottleneck_rooms,local_metric_global_graph,bottleneck_route,sparse_aliased,temporal_dropout,reservoir_low_rank,,,,,6,0.5444444444444444,0.06305004870716047,0.19999999999999998,0.04868644955601476,nan,0.0
bottleneck_rooms,local_metric_global_graph,bottleneck_route,sparse_aliased,temporal_dropout,reservoir_nilpotent,,,,,6,0.35555555555555557,0.09054021683317051,0.14444444444444446,0.03181738014061412,nan,0.0
bottleneck_rooms,local_metric_global_graph,bottleneck_route,sparse_aliased,temporal_dropout,reservoir_orthogonal,,,,,6,0.4555555555555555,0.06974379922877874,0.12222222222222223,0.03617515688022157,nan,0.0
bottleneck_rooms,local_metric_global_graph,bottleneck_route,sparse_aliased,temporal_dropout,reservoir_oscillatory,,,,,6,0.4444444444444444,0.08012336167697755,0.17777777777777778,0.04766135686561604,nan,0.0
bottleneck_rooms,local_metric_global_graph,bottleneck_route,sparse_aliased,temporal_dropout,reservoir_random,,,,,6,0.6444444444444445,0.03296088216486961,0.19999999999999998,0.06440611887195306,nan,0.0
bottleneck_rooms,local_metric_global_graph,bottleneck_route,sparse_aliased,temporal_dropout,reservoir_sparse,,,,,6,0.5222222222222223,0.05816112145912178,0.15555555555555556,0.028109134757052262,nan,0.0
bottleneck_rooms,local_metric_global_graph,bottleneck_route,sparse_aliased,temporal_dropout,reservoir_symmetric,,,,,6,0.611111111111111,0.02048787657176197,0.17777777777777778,0.022222222222222223,nan,0.0
bottleneck_rooms,local_metric_global_graph,bottleneck_route,sparse_aliased,temporal_full,lin_sequence_all_units_r3_l4,3,4,6,all_units,6,0.7000000000000001,0.028544961285922515,0.2333333333333333,0.037515428924742515,nan,0.0
bottleneck_rooms,local_metric_global_graph,bottleneck_route,sparse_aliased,temporal_full,lin_sequence_front_bands_r1_l2,1,2,2,front_bands,6,0.6,0.05962847939999438,0.03333333333333333,0.014907119849998601,nan,0.0
bottleneck_rooms,local_metric_global_graph,bottleneck_route,sparse_aliased,temporal_full,lin_sequence_front_bands_r1_l4,1,4,4,front_bands,6,0.6555555555555556,0.03181738014061412,0.24444444444444444,0.04766135686561603,nan,0.0
bottleneck_rooms,local_metric_global_graph,bottleneck_route,sparse_aliased,temporal_full,lin_sequence_front_bands_r1_l8,1,8,8,front_bands,6,0.7111111111111111,0.022222222222222237,0.37777777777777777,0.06126243889817877,nan,0.0
bottleneck_rooms,local_metric_global_graph,bottleneck_route,sparse_aliased,temporal_full,lin_sequence_front_bands_r3_l2,3,2,4,front_bands,6,0.6666666666666666,0.024343224778007377,0.19999999999999998,0.06206328908341752,nan,0.0
bottleneck_rooms,local_metric_global_graph,bottleneck_route,sparse_aliased,temporal_full,lin_sequence_front_bands_r3_l4,3,4,6,front_bands,6,0.7000000000000001,0.028544961285922515,0.24444444444444444,0.02222222222222222,nan,0.0
bottleneck_rooms,local_metric_global_graph,bottleneck_route,sparse_aliased,temporal_full,lin_sequence_front_bands_r3_l8,3,8,10,front_bands,6,0.6222222222222221,0.02810913475705226,0.3333333333333333,0.04216370213557839,nan,0.0
bottleneck_rooms,local_metric_global_graph,bottleneck_route,sparse_aliased,temporal_full,lin_sequence_front_bands_r5_l2,5,2,6,front_bands,6,0.6222222222222221,0.03296088216486961,0.24444444444444444,0.05067446333773947,nan,0.0
bottleneck_rooms,local_metric_global_graph,bottleneck_route,sparse_aliased,temporal_full,lin_sequence_front_bands_r5_l4,5,4,8,front_bands,6,0.6888888888888888,0.028109134757052276,0.24444444444444444,0.044444444444444446,nan,0.0
bottleneck_rooms,local_metric_global_graph,bottleneck_route,sparse_aliased,temporal_full,lin_sequence_front_bands_r5_l8,5,8,12,front_bands,6,0.6777777777777779,0.03181738014061413,0.18888888888888888,0.04360314860077463,nan,0.0
bottleneck_rooms,local_metric_global_graph,bottleneck_route,sparse_aliased,temporal_full,memoryless_linear,,,,,2,0.6666666666666666,0.06666666666666665,0.1,0.03333333333333333,nan,0.0
bottleneck_rooms,local_metric_global_graph,bottleneck_route,sparse_aliased,temporal_full,memoryless_mlp,,,,,2,0.6666666666666666,0.06666666666666665,0.1,0.03333333333333333,nan,0.0
bottleneck_rooms,local_metric_global_graph,bottleneck_route,sparse_aliased,temporal_full,numpy_rnn,,,,,2,0.7333333333333333,0.0,0.06666666666666667,0.06666666666666667,nan,0.0
bottleneck_rooms,local_metric_global_graph,bottleneck_route,sparse_aliased,temporal_full,reservoir_block_hybrid,,,,,6,0.688888888888889,0.02810913475705227,0.24444444444444444,0.04766135686561604,nan,0.0
bottleneck_rooms,local_metric_global_graph,bottleneck_route,sparse_aliased,temporal_full,reservoir_diagonal,,,,,6,0.6666666666666666,0.034426518632954824,0.25555555555555554,0.020487876571761966,nan,0.0
bottleneck_rooms,local_metric_global_graph,bottleneck_route,sparse_aliased,temporal_full,reservoir_low_rank,,,,,6,0.6777777777777777,0.031817380140614124,0.2111111111111111,0.052821619217798724,nan,0.0
bottleneck_rooms,local_metric_global_graph,bottleneck_route,sparse_aliased,temporal_full,reservoir_nilpotent,,,,,6,0.6555555555555556,0.02675909906398288,0.17777777777777778,0.028109134757052262,nan,0.0
bottleneck_rooms,local_metric_global_graph,bottleneck_route,sparse_aliased,temporal_full,reservoir_orthogonal,,,,,6,0.7222222222222222,0.02675909906398289,0.24444444444444444,0.02222222222222222,nan,0.0
bottleneck_rooms,local_metric_global_graph,bottleneck_route,sparse_aliased,temporal_full,reservoir_oscillatory,,,,,6,0.7111111111111111,0.01405456737852613,0.2222222222222222,0.06126243889817877,nan,0.0
bottleneck_rooms,local_metric_global_graph,bottleneck_route,sparse_aliased,temporal_full,reservoir_random,,,,,6,0.6,0.03442651863295481,0.2333333333333333,0.050917507721731564,nan,0.0
bottleneck_rooms,local_metric_global_graph,bottleneck_route,sparse_aliased,temporal_full,reservoir_sparse,,,,,6,0.6333333333333333,0.03751542892474251,0.24444444444444444,0.04097575314352394,nan,0.0
bottleneck_rooms,local_metric_global_graph,bottleneck_route,sparse_aliased,temporal_full,reservoir_symmetric,,,,,6,0.6666666666666666,0.034426518632954824,0.25555555555555554,0.03181738014061412,nan,0.0
bottleneck_rooms,local_metric_global_graph,bottleneck_route,vector,temporal_cue_then_blank,lin_sequence_all_units_r3_l4,3,4,6,all_units,6,0.5888888888888889,0.03181738014061412,0.13333333333333333,0.017213259316477412,nan,0.0
bottleneck_rooms,local_metric_global_graph,bottleneck_route,vector,temporal_cue_then_blank,lin_sequence_front_bands_r1_l2,1,2,2,front_bands,6,0.5111111111111111,0.04766135686561603,0.0,0.0,nan,0.0
bottleneck_rooms,local_metric_global_graph,bottleneck_route,vector,temporal_cue_then_blank,lin_sequence_front_bands_r1_l4,1,4,4,front_bands,6,0.6888888888888888,0.02222222222222222,0.044444444444444446,0.014054567378526131,nan,0.0
bottleneck_rooms,local_metric_global_graph,bottleneck_route,vector,temporal_cue_then_blank,lin_sequence_front_bands_r1_l8,1,8,8,front_bands,6,0.6888888888888888,0.01405456737852613,0.18888888888888888,0.05282161921779874,nan,0.0
bottleneck_rooms,local_metric_global_graph,bottleneck_route,vector,temporal_cue_then_blank,lin_sequence_front_bands_r3_l2,3,2,4,front_bands,6,0.5777777777777778,0.04444444444444444,0.06666666666666667,0.024343224778007384,nan,0.0
bottleneck_rooms,local_metric_global_graph,bottleneck_route,vector,temporal_cue_then_blank,lin_sequence_front_bands_r3_l4,3,4,6,front_bands,6,0.611111111111111,0.02675909906398288,0.16666666666666666,0.028544961285922512,nan,0.0
bottleneck_rooms,local_metric_global_graph,bottleneck_route,vector,temporal_cue_then_blank,lin_sequence_front_bands_r3_l8,3,8,10,front_bands,6,0.688888888888889,0.037184890068181146,0.24444444444444446,0.05067446333773948,nan,0.0
bottleneck_rooms,local_metric_global_graph,bottleneck_route,vector,temporal_cue_then_blank,lin_sequence_front_bands_r5_l2,5,2,6,front_bands,6,0.6333333333333333,0.04127594582445935,0.16666666666666666,0.06382847385042255,nan,0.0
bottleneck_rooms,local_metric_global_graph,bottleneck_route,vector,temporal_cue_then_blank,lin_sequence_front_bands_r5_l4,5,4,8,front_bands,6,0.6222222222222222,0.04444444444444444,0.17777777777777778,0.022222222222222223,nan,0.0
bottleneck_rooms,local_metric_global_graph,bottleneck_route,vector,temporal_cue_then_blank,lin_sequence_front_bands_r5_l8,5,8,12,front_bands,6,0.7000000000000001,0.022771001702132455,0.19999999999999998,0.024343224778007384,nan,0.0
bottleneck_rooms,local_metric_global_graph,bottleneck_route,vector,temporal_cue_then_blank,memoryless_linear,,,,,2,0.6333333333333333,0.09999999999999998,0.06666666666666667,0.06666666666666667,nan,0.0
bottleneck_rooms,local_metric_global_graph,bottleneck_route,vector,temporal_cue_then_blank,memoryless_mlp,,,,,2,0.6333333333333333,0.09999999999999998,0.06666666666666667,0.06666666666666667,nan,0.0
bottleneck_rooms,local_metric_global_graph,bottleneck_route,vector,temporal_cue_then_blank,numpy_rnn,,,,,2,0.7333333333333333,0.0,0.06666666666666667,0.06666666666666667,nan,0.0
bottleneck_rooms,local_metric_global_graph,bottleneck_route,vector,temporal_cue_then_blank,reservoir_block_hybrid,,,,,6,0.5888888888888888,0.03617515688022157,0.16666666666666666,0.05091750772173157,nan,0.0
bottleneck_rooms,local_metric_global_graph,bottleneck_route,vector,temporal_cue_then_blank,reservoir_diagonal,,,,,6,0.7000000000000001,0.014907119849998596,0.12222222222222223,0.026759099063982883,nan,0.0
bottleneck_rooms,local_metric_global_graph,bottleneck_route,vector,temporal_cue_then_blank,reservoir_low_rank,,,,,6,0.6555555555555556,0.03181738014061413,0.10000000000000002,0.03751542892474252,nan,0.0
bottleneck_rooms,local_metric_global_graph,bottleneck_route,vector,temporal_cue_then_blank,reservoir_nilpotent,,,,,6,0.6333333333333333,0.028544961285922505,0.2222222222222222,0.022222222222222223,nan,0.0
bottleneck_rooms,local_metric_global_graph,bottleneck_route,vector,temporal_cue_then_blank,reservoir_orthogonal,,,,,6,0.5666666666666667,0.022771001702132438,0.18888888888888888,0.03617515688022157,nan,0.0
bottleneck_rooms,local_metric_global_graph,bottleneck_route,vector,temporal_cue_then_blank,reservoir_oscillatory,,,,,6,0.6222222222222222,0.04097575314352393,0.06666666666666667,0.0,nan,0.0
bottleneck_rooms,local_metric_global_graph,bottleneck_route,vector,temporal_cue_then_blank,reservoir_random,,,,,6,0.6,0.042163702135578386,0.2111111111111111,0.058161121459121785,nan,0.0
bottleneck_rooms,local_metric_global_graph,bottleneck_route,vector,temporal_cue_then_blank,reservoir_sparse,,,,,6,0.5888888888888889,0.04687782913273109,0.11111111111111112,0.028109134757052262,nan,0.0
bottleneck_rooms,local_metric_global_graph,bottleneck_route,vector,temporal_cue_then_blank,reservoir_symmetric,,,,,6,0.7111111111111111,0.04097575314352396,0.12222222222222222,0.04360314860077463,nan,0.0
bottleneck_rooms,local_metric_global_graph,bottleneck_route,vector,temporal_dropout,lin_sequence_all_units_r3_l4,3,4,6,all_units,6,0.6,0.045542003404264876,0.2333333333333333,0.050917507721731564,nan,0.0
bottleneck_rooms,local_metric_global_graph,bottleneck_route,vector,temporal_dropout,lin_sequence_front_bands_r1_l2,1,2,2,front_bands,6,0.5555555555555556,0.04766135686561603,0.2111111111111111,0.03617515688022157,nan,0.0
bottleneck_rooms,local_metric_global_graph,bottleneck_route,vector,temporal_dropout,lin_sequence_front_bands_r1_l4,1,4,4,front_bands,6,0.5444444444444444,0.043603148600774626,0.27777777777777773,0.06974379922877874,nan,0.0
bottleneck_rooms,local_metric_global_graph,bottleneck_route,vector,temporal_dropout,lin_sequence_front_bands_r1_l8,1,8,8,front_bands,6,0.5888888888888889,0.04993823345387606,0.2777777777777778,0.046877829132731086,nan,0.0
bottleneck_rooms,local_metric_global_graph,bottleneck_route,vector,temporal_dropout,lin_sequence_front_bands_r3_l2,3,2,4,front_bands,6,0.45555555555555555,0.03181738014061412,0.17777777777777778,0.03718489006818114,nan,0.0
bottleneck_rooms,local_metric_global_graph,bottleneck_route,vector,temporal_dropout,lin_sequence_front_bands_r3_l4,3,4,6,front_bands,6,0.5222222222222223,0.06758625033664688,0.27777777777777773,0.03181738014061412,nan,0.0
bottleneck_rooms,local_metric_global_graph,bottleneck_route,vector,temporal_dropout,lin_sequence_front_bands_r3_l8,3,8,10,front_bands,6,0.5777777777777778,0.037184890068181126,0.2111111111111111,0.03181738014061412,nan,0.0
bottleneck_rooms,local_metric_global_graph,bottleneck_route,vector,temporal_dropout,lin_sequence_front_bands_r5_l2,5,2,6,front_bands,6,0.43333333333333335,0.06382847385042253,0.24444444444444444,0.04097575314352394,nan,0.0
bottleneck_rooms,local_metric_global_graph,bottleneck_route,vector,temporal_dropout,lin_sequence_front_bands_r5_l4,5,4,8,front_bands,6,0.46666666666666673,0.08255189164891873,0.16666666666666666,0.03751542892474252,nan,0.0
bottleneck_rooms,local_metric_global_graph,bottleneck_route,vector,temporal_dropout,lin_sequence_front_bands_r5_l8,5,8,12,front_bands,6,0.5444444444444444,0.03617515688022157,0.24444444444444446,0.056218269514104524,nan,0.0
bottleneck_rooms,local_metric_global_graph,bottleneck_route,vector,temporal_dropout,memoryless_linear,,,,,2,0.6333333333333333,0.09999999999999998,0.1,0.03333333333333333,nan,0.0
bottleneck_rooms,local_metric_global_graph,bottleneck_route,vector,temporal_dropout,memoryless_mlp,,,,,2,0.6333333333333333,0.09999999999999998,0.1,0.03333333333333333,nan,0.0
bottleneck_rooms,local_metric_global_graph,bottleneck_route,vector,temporal_dropout,numpy_rnn,,,,,2,0.7333333333333333,0.0,0.06666666666666667,0.06666666666666667,nan,0.0
bottleneck_rooms,local_metric_global_graph,bottleneck_route,vector,temporal_dropout,reservoir_block_hybrid,,,,,6,0.5222222222222223,0.04360314860077463,0.15555555555555556,0.032960882164869615,nan,0.0
bottleneck_rooms,local_metric_global_graph,bottleneck_route,vector,temporal_dropout,reservoir_diagonal,,,,,6,0.5111111111111112,0.05879447357921312,0.19999999999999998,0.03849001794597505,nan,0.0
bottleneck_rooms,local_metric_global_graph,bottleneck_route,vector,temporal_dropout,reservoir_low_rank,,,,,6,0.5222222222222223,0.04006168083848877,0.19999999999999998,0.03442651863295482,nan,0.0
bottleneck_rooms,local_metric_global_graph,bottleneck_route,vector,temporal_dropout,reservoir_nilpotent,,,,,6,0.5555555555555556,0.06363476028122823,0.27777777777777773,0.040061680838488774,nan,0.0
bottleneck_rooms,local_metric_global_graph,bottleneck_route,vector,temporal_dropout,reservoir_orthogonal,,,,,6,0.4777777777777778,0.046877829132731086,0.2111111111111111,0.040061680838488774,nan,0.0
bottleneck_rooms,local_metric_global_graph,bottleneck_route,vector,temporal_dropout,reservoir_oscillatory,,,,,6,0.5444444444444444,0.02675909906398288,0.3,0.03751542892474252,nan,0.0
bottleneck_rooms,local_metric_global_graph,bottleneck_route,vector,temporal_dropout,reservoir_random,,,,,6,0.5222222222222223,0.07387008950486516,0.26666666666666666,0.06885303726590965,nan,0.0
bottleneck_rooms,local_metric_global_graph,bottleneck_route,vector,temporal_dropout,reservoir_sparse,,,,,6,0.5444444444444444,0.04687782913273107,0.3111111111111111,0.04766135686561604,nan,0.0
bottleneck_rooms,local_metric_global_graph,bottleneck_route,vector,temporal_dropout,reservoir_symmetric,,,,,6,0.5444444444444444,0.04687782913273107,0.2333333333333333,0.03333333333333333,nan,0.0
bottleneck_rooms,local_metric_global_graph,bottleneck_route,vector,temporal_full,lin_sequence_all_units_r3_l4,3,4,6,all_units,6,0.6333333333333333,0.06610877680286008,0.26666666666666666,0.04554200340426489,nan,0.0
bottleneck_rooms,local_metric_global_graph,bottleneck_route,vector,temporal_full,lin_sequence_front_bands_r1_l2,1,2,2,front_bands,6,0.6222222222222222,0.037184890068181126,0.5333333333333333,0.1366260102127947,nan,0.0
bottleneck_rooms,local_metric_global_graph,bottleneck_route,vector,temporal_full,lin_sequence_front_bands_r1_l4,1,4,4,front_bands,6,0.7111111111111111,0.050674463337739485,0.3444444444444445,0.05282161921779874,nan,0.0
bottleneck_rooms,local_metric_global_graph,bottleneck_route,vector,temporal_full,lin_sequence_front_bands_r1_l8,1,8,8,front_bands,6,0.6555555555555556,0.05555555555555556,0.32222222222222224,0.10098282460001567,nan,0.0
bottleneck_rooms,local_metric_global_graph,bottleneck_route,vector,temporal_full,lin_sequence_front_bands_r3_l2,3,2,4,front_bands,6,0.6777777777777777,0.04687782913273109,0.3333333333333333,0.14089659985908765,nan,0.0
bottleneck_rooms,local_metric_global_graph,bottleneck_route,vector,temporal_full,lin_sequence_front_bands_r3_l4,3,4,6,front_bands,6,0.6333333333333333,0.022771001702132438,0.3444444444444445,0.08847124105508615,nan,0.0
bottleneck_rooms,local_metric_global_graph,bottleneck_route,vector,temporal_full,lin_sequence_front_bands_r3_l8,3,8,10,front_bands,6,0.6444444444444445,0.037184890068181126,0.3111111111111111,0.044444444444444446,nan,0.0
bottleneck_rooms,local_metric_global_graph,bottleneck_route,vector,temporal_full,lin_sequence_front_bands_r5_l2,5,2,6,front_bands,6,0.6333333333333333,0.028544961285922505,0.3333333333333333,0.04868644955601477,nan,0.0
bottleneck_rooms,local_metric_global_graph,bottleneck_route,vector,temporal_full,lin_sequence_front_bands_r5_l4,5,4,8,front_bands,6,0.5333333333333333,0.03849001794597505,0.26666666666666666,0.04554200340426489,nan,0.0
bottleneck_rooms,local_metric_global_graph,bottleneck_route,vector,temporal_full,lin_sequence_front_bands_r5_l8,5,8,12,front_bands,6,0.6222222222222222,0.02810913475705226,0.3,0.0447213595499958,nan,0.0
bottleneck_rooms,local_metric_global_graph,bottleneck_route,vector,temporal_full,memoryless_linear,,,,,2,0.7,0.033333333333333326,0.16666666666666669,0.03333333333333333,nan,0.0
bottleneck_rooms,local_metric_global_graph,bottleneck_route,vector,temporal_full,memoryless_mlp,,,,,2,0.7,0.033333333333333326,0.16666666666666669,0.03333333333333333,nan,0.0
bottleneck_rooms,local_metric_global_graph,bottleneck_route,vector,temporal_full,numpy_rnn,,,,,2,0.7666666666666666,0.03333333333333338,0.06666666666666667,0.06666666666666667,nan,0.0
bottleneck_rooms,local_metric_global_graph,bottleneck_route,vector,temporal_full,reservoir_block_hybrid,,,,,6,0.6444444444444444,0.02810913475705226,0.3555555555555556,0.05067446333773947,nan,0.0
bottleneck_rooms,local_metric_global_graph,bottleneck_route,vector,temporal_full,reservoir_diagonal,,,,,6,0.7444444444444445,0.0468778291327311,0.4111111111111112,0.026759099063982883,nan,0.0
bottleneck_rooms,local_metric_global_graph,bottleneck_route,vector,temporal_full,reservoir_low_rank,,,,,6,0.688888888888889,0.03296088216486962,0.3333333333333333,0.08073734277593313,nan,0.0
bottleneck_rooms,local_metric_global_graph,bottleneck_route,vector,temporal_full,reservoir_nilpotent,,,,,6,0.6333333333333334,0.0447213595499958,0.3333333333333333,0.017213259316477412,nan,0.0
bottleneck_rooms,local_metric_global_graph,bottleneck_route,vector,temporal_full,reservoir_orthogonal,,,,,6,0.5444444444444445,0.08329628806218363,0.3,0.06831300510639735,nan,0.0
bottleneck_rooms,local_metric_global_graph,bottleneck_route,vector,temporal_full,reservoir_oscillatory,,,,,6,0.6222222222222221,0.02222222222222222,0.39999999999999997,0.06885303726590963,nan,0.0
bottleneck_rooms,local_metric_global_graph,bottleneck_route,vector,temporal_full,reservoir_random,,,,,6,0.5444444444444444,0.049938233453876074,0.3333333333333334,0.06206328908341752,nan,0.0
bottleneck_rooms,local_metric_global_graph,bottleneck_route,vector,temporal_full,reservoir_sparse,,,,,6,0.611111111111111,0.06065486250647192,0.3,0.053748384988657,nan,0.0
bottleneck_rooms,local_metric_global_graph,bottleneck_route,vector,temporal_full,reservoir_symmetric,,,,,6,0.6777777777777777,0.05282161921779874,0.5111111111111112,0.09216196157034545,nan,0.0
landmark_gap_detour,delayed_gap_navigation,landmark_gap_detour,egocentric_landmark,temporal_cue_then_blank,lin_sequence_all_units_r3_l4,3,4,6,all_units,6,0.638888888888889,0.07954345035153532,0.27777777777777773,0.05555555555555556,0.2777777777777778,0.05555555555555556
landmark_gap_detour,delayed_gap_navigation,landmark_gap_detour,egocentric_landmark,temporal_cue_then_blank,lin_sequence_front_bands_r1_l2,1,2,2,front_bands,6,0.25000000000000006,0.037267799624996496,0.08333333333333333,0.0372677996249965,0.3333333333333333,0.0
landmark_gap_detour,delayed_gap_navigation,landmark_gap_detour,egocentric_landmark,temporal_cue_then_blank,lin_sequence_front_bands_r1_l4,1,4,4,front_bands,6,0.47222222222222215,0.02777777777777778,0.08333333333333333,0.0372677996249965,0.19444444444444442,0.02777777777777778
landmark_gap_detour,delayed_gap_navigation,landmark_gap_detour,egocentric_landmark,temporal_cue_then_blank,lin_sequence_front_bands_r1_l8,1,8,8,front_bands,6,1.0,0.0,1.0,0.0,0.4166666666666667,0.0569275042553311
landmark_gap_detour,delayed_gap_navigation,landmark_gap_detour,egocentric_landmark,temporal_cue_then_blank,lin_sequence_front_bands_r3_l2,3,2,4,front_bands,6,0.5,0.04303314829119352,0.08333333333333333,0.0372677996249965,0.16666666666666666,0.0
landmark_gap_detour,delayed_gap_navigation,landmark_gap_detour,egocentric_landmark,temporal_cue_then_blank,lin_sequence_front_bands_r3_l4,3,4,6,front_bands,6,0.75,0.03726779962499651,0.47222222222222215,0.051219691429404926,0.2777777777777778,0.05555555555555556
landmark_gap_detour,delayed_gap_navigation,landmark_gap_detour,egocentric_landmark,temporal_cue_then_blank,lin_sequence_front_bands_r3_l8,3,8,10,front_bands,6,1.0,0.0,1.0,0.0,0.3333333333333333,0.0
landmark_gap_detour,delayed_gap_navigation,landmark_gap_detour,egocentric_landmark,temporal_cue_then_blank,lin_sequence_front_bands_r5_l2,5,2,6,front_bands,6,0.49999999999999994,0.07453559924999299,0.24999999999999997,0.056927504255331114,0.47222222222222215,0.0795434503515353
landmark_gap_detour,delayed_gap_navigation,landmark_gap_detour,egocentric_landmark,temporal_cue_then_blank,lin_sequence_front_bands_r5_l4,5,4,8,front_bands,6,0.9444444444444445,0.05555555555555556,0.9444444444444445,0.05555555555555556,0.4166666666666667,0.0569275042553311
landmark_gap_detour,delayed_gap_navigation,landmark_gap_detour,egocentric_landmark,temporal_cue_then_blank,lin_sequence_front_bands_r5_l8,5,8,12,front_bands,6,0.9166666666666666,0.08333333333333334,0.888888888888889,0.11111111111111112,0.5277777777777778,0.051219691429404926
landmark_gap_detour,delayed_gap_navigation,landmark_gap_detour,egocentric_landmark,temporal_cue_then_blank,memoryless_linear,,,,,2,0.3333333333333333,0.0,0.0,0.0,nan,0.0
landmark_gap_detour,delayed_gap_navigation,landmark_gap_detour,egocentric_landmark,temporal_cue_then_blank,memoryless_mlp,,,,,2,0.3333333333333333,0.0,0.0,0.0,nan,0.0
landmark_gap_detour,delayed_gap_navigation,landmark_gap_detour,egocentric_landmark,temporal_cue_then_blank,numpy_rnn,,,,,2,0.3333333333333333,0.0,0.0,0.0,nan,0.0
landmark_gap_detour,delayed_gap_navigation,landmark_gap_detour,egocentric_landmark,temporal_cue_then_blank,reservoir_block_hybrid,,,,,6,0.8055555555555555,0.06689774765995721,0.6666666666666666,0.10540925533894598,nan,0.0
landmark_gap_detour,delayed_gap_navigation,landmark_gap_detour,egocentric_landmark,temporal_cue_then_blank,reservoir_diagonal,,,,,6,0.4166666666666667,0.0372677996249965,0.3333333333333333,0.0,nan,0.0
landmark_gap_detour,delayed_gap_navigation,landmark_gap_detour,egocentric_landmark,temporal_cue_then_blank,reservoir_low_rank,,,,,6,0.4444444444444444,0.05555555555555556,0.24999999999999997,0.037267799624996496,nan,0.0
landmark_gap_detour,delayed_gap_navigation,landmark_gap_detour,egocentric_landmark,temporal_cue_then_blank,reservoir_nilpotent,,,,,6,0.9444444444444445,0.03513641844631532,0.861111111111111,0.09043789220055394,nan,0.0
landmark_gap_detour,delayed_gap_navigation,landmark_gap_detour,egocentric_landmark,temporal_cue_then_blank,reservoir_orthogonal,,,,,6,0.9444444444444445,0.03513641844631532,0.9444444444444445,0.03513641844631532,nan,0.0
landmark_gap_detour,delayed_gap_navigation,landmark_gap_detour,egocentric_landmark,temporal_cue_then_blank,reservoir_oscillatory,,,,,6,0.6944444444444443,0.02777777777777779,0.5833333333333334,0.07136240321480629,nan,0.0
landmark_gap_detour,delayed_gap_navigation,landmark_gap_detour,egocentric_landmark,temporal_cue_then_blank,reservoir_random,,,,,6,0.6388888888888888,0.0795434503515353,0.5555555555555555,0.11111111111111112,nan,0.0
landmark_gap_detour,delayed_gap_navigation,landmark_gap_detour,egocentric_landmark,temporal_cue_then_blank,reservoir_sparse,,,,,6,0.6944444444444443,0.09043789220055394,0.6944444444444443,0.09043789220055394,nan,0.0
landmark_gap_detour,delayed_gap_navigation,landmark_gap_detour,egocentric_landmark,temporal_cue_then_blank,reservoir_symmetric,,,,,6,0.5833333333333334,0.0569275042553311,0.3611111111111111,0.027777777777777787,nan,0.0
landmark_gap_detour,delayed_gap_navigation,landmark_gap_detour,egocentric_landmark,temporal_dropout,lin_sequence_all_units_r3_l4,3,4,6,all_units,6,0.4166666666666666,0.07136240321480629,0.16666666666666666,0.0,0.4166666666666667,0.07136240321480627
landmark_gap_detour,delayed_gap_navigation,landmark_gap_detour,egocentric_landmark,temporal_dropout,lin_sequence_front_bands_r1_l2,1,2,2,front_bands,6,0.5555555555555556,0.05555555555555555,0.24999999999999997,0.037267799624996496,0.5555555555555556,0.1266861583443487
landmark_gap_detour,delayed_gap_navigation,landmark_gap_detour,egocentric_landmark,temporal_dropout,lin_sequence_front_bands_r1_l4,1,4,4,front_bands,6,0.5277777777777778,0.02777777777777777,0.3333333333333333,0.04303314829119352,0.4166666666666667,0.09378857231185629
landmark_gap_detour,delayed_gap_navigation,landmark_gap_detour,egocentric_landmark,temporal_dropout,lin_sequence_front_bands_r1_l8,1,8,8,front_bands,6,0.75,0.07136240321480629,0.4444444444444445,0.07027283689263064,0.47222222222222215,0.0795434503515353
landmark_gap_detour,delayed_gap_navigation,landmark_gap_detour,egocentric_landmark,temporal_dropout,lin_sequence_front_bands_r3_l2,3,2,4,front_bands,6,0.47222222222222215,0.02777777777777778,0.27777777777777773,0.03513641844631532,0.47222222222222215,0.0795434503515353
landmark_gap_detour,delayed_gap_navigation,landmark_gap_detour,egocentric_landmark,temporal_dropout,lin_sequence_front_bands_r3_l4,3,4,6,front_bands,6,0.4166666666666666,0.09378857231185629,0.16666666666666666,0.0,0.38888888888888884,0.05555555555555556
landmark_gap_detour,delayed_gap_navigation,landmark_gap_detour,egocentric_landmark,temporal_dropout,lin_sequence_front_bands_r3_l8,3,8,10,front_bands,6,0.6666666666666666,0.060858061945018464,0.4166666666666667,0.056927504255331114,0.5833333333333333,0.1031898645611484
landmark_gap_detour,delayed_gap_navigation,landmark_gap_detour,egocentric_landmark,temporal_dropout,lin_sequence_front_bands_r5_l2,5,2,6,front_bands,6,0.3333333333333333,0.060858061945018464,0.16666666666666666,0.0,0.4444444444444444,0.08240220541217405
landmark_gap_detour,delayed_gap_navigation,landmark_gap_detour,egocentric_landmark,temporal_dropout,lin_sequence_front_bands_r5_l4,5,4,8,front_bands,6,0.5555555555555556,0.11111111111111115,0.25,0.037267799624996496,0.4166666666666667,0.14751020052613062
landmark_gap_detour,delayed_gap_navigation,landmark_gap_detour,egocentric_landmark,temporal_dropout,lin_sequence_front_bands_r5_l8,5,8,12,front_bands,6,0.6388888888888888,0.05121969142940494,0.3333333333333333,0.04303314829119352,0.4166666666666667,0.0937885723118563
landmark_gap_detour,delayed_gap_navigation,landmark_gap_detour,egocentric_landmark,temporal_dropout,memoryless_linear,,,,,2,0.5833333333333333,0.0833333333333333,0.25,0.08333333333333333,nan,0.0
landmark_gap_detour,delayed_gap_navigation,landmark_gap_detour,egocentric_landmark,temporal_dropout,memoryless_mlp,,,,,2,0.5833333333333333,0.0833333333333333,0.25,0.08333333333333333,nan,0.0
landmark_gap_detour,delayed_gap_navigation,landmark_gap_detour,egocentric_landmark,temporal_dropout,numpy_rnn,,,,,2,0.3333333333333333,0.0,0.0,0.0,nan,0.0
landmark_gap_detour,delayed_gap_navigation,landmark_gap_detour,egocentric_landmark,temporal_dropout,reservoir_block_hybrid,,,,,6,0.47222222222222227,0.0668977476599572,0.27777777777777773,0.03513641844631532,nan,0.0
landmark_gap_detour,delayed_gap_navigation,landmark_gap_detour,egocentric_landmark,temporal_dropout,reservoir_diagonal,,,,,6,0.2222222222222222,0.03513641844631533,0.16666666666666666,0.0,nan,0.0
landmark_gap_detour,delayed_gap_navigation,landmark_gap_detour,egocentric_landmark,temporal_dropout,reservoir_low_rank,,,,,6,0.47222222222222227,0.0668977476599572,0.19444444444444442,0.051219691429404926,nan,0.0
landmark_gap_detour,delayed_gap_navigation,landmark_gap_detour,egocentric_landmark,temporal_dropout,reservoir_nilpotent,,,,,6,0.611111111111111,0.07027283689263066,0.3333333333333333,0.074535599249993,nan,0.0
landmark_gap_detour,delayed_gap_navigation,landmark_gap_detour,egocentric_landmark,temporal_dropout,reservoir_orthogonal,,,,,6,0.5277777777777778,0.0795434503515353,0.25,0.037267799624996496,nan,0.0
landmark_gap_detour,delayed_gap_navigation,landmark_gap_detour,egocentric_landmark,temporal_dropout,reservoir_oscillatory,,,,,6,0.4166666666666667,0.0569275042553311,0.27777777777777773,0.03513641844631532,nan,0.0
landmark_gap_detour,delayed_gap_navigation,landmark_gap_detour,egocentric_landmark,temporal_dropout,reservoir_random,,,,,6,0.2222222222222222,0.03513641844631533,0.1111111111111111,0.03513641844631533,nan,0.0
landmark_gap_detour,delayed_gap_navigation,landmark_gap_detour,egocentric_landmark,temporal_dropout,reservoir_sparse,,,,,6,0.3055555555555556,0.0668977476599572,0.19444444444444442,0.0668977476599572,nan,0.0
landmark_gap_detour,delayed_gap_navigation,landmark_gap_detour,egocentric_landmark,temporal_dropout,reservoir_symmetric,,,,,6,0.4166666666666667,0.056927504255331114,0.19444444444444442,0.02777777777777778,nan,0.0
landmark_gap_detour,delayed_gap_navigation,landmark_gap_detour,egocentric_landmark,temporal_full,lin_sequence_all_units_r3_l4,3,4,6,all_units,6,0.8333333333333334,0.0,0.5277777777777778,0.051219691429404926,0.3611111111111111,0.10900787150193658
landmark_gap_detour,delayed_gap_navigation,landmark_gap_detour,egocentric_landmark,temporal_full,lin_sequence_front_bands_r1_l2,1,2,2,front_bands,6,0.8333333333333334,0.0,0.47222222222222227,0.051219691429404926,0.19444444444444442,0.02777777777777778
landmark_gap_detour,delayed_gap_navigation,landmark_gap_detour,egocentric_landmark,temporal_full,lin_sequence_front_bands_r1_l4,1,4,4,front_bands,6,0.8333333333333334,0.0,0.5277777777777778,0.051219691429404926,0.16666666666666666,0.0
landmark_gap_detour,delayed_gap_navigation,landmark_gap_detour,egocentric_landmark,temporal_full,lin_sequence_front_bands_r1_l8,1,8,8,front_bands,6,1.0,0.0,1.0,0.0,0.47222222222222215,0.051219691429404926
landmark_gap_detour,delayed_gap_navigation,landmark_gap_detour,egocentric_landmark,temporal_full,lin_sequence_front_bands_r3_l2,3,2,4,front_bands,6,0.8333333333333334,0.0,0.47222222222222215,0.051219691429404926,0.16666666666666666,0.0
landmark_gap_detour,delayed_gap_navigation,landmark_gap_detour,egocentric_landmark,temporal_full,lin_sequence_front_bands_r3_l4,3,4,6,front_bands,6,0.8333333333333334,0.0,0.4166666666666667,0.0372677996249965,0.25,0.056927504255331114
landmark_gap_detour,delayed_gap_navigation,landmark_gap_detour,egocentric_landmark,temporal_full,lin_sequence_front_bands_r3_l8,3,8,10,front_bands,6,1.0,0.0,1.0,0.0,0.3333333333333333,0.0
landmark_gap_detour,delayed_gap_navigation,landmark_gap_detour,egocentric_landmark,temporal_full,lin_sequence_front_bands_r5_l2,5,2,6,front_bands,6,0.8333333333333334,0.0,0.5277777777777778,0.051219691429404926,0.3333333333333333,0.105409255338946
landmark_gap_detour,delayed_gap_navigation,landmark_gap_detour,egocentric_landmark,temporal_full,lin_sequence_front_bands_r5_l4,5,4,8,front_bands,6,0.9444444444444445,0.03513641844631532,0.861111111111111,0.09043789220055394,0.38888888888888884,0.035136418446315335
landmark_gap_detour,delayed_gap_navigation,landmark_gap_detour,egocentric_landmark,temporal_full,lin_sequence_front_bands_r5_l8,5,8,12,front_bands,6,1.0,0.0,1.0,0.0,0.38888888888888884,0.035136418446315335
landmark_gap_detour,delayed_gap_navigation,landmark_gap_detour,egocentric_landmark,temporal_full,memoryless_linear,,,,,2,0.8333333333333334,0.0,0.5833333333333333,0.0833333333333333,nan,0.0
landmark_gap_detour,delayed_gap_navigation,landmark_gap_detour,egocentric_landmark,temporal_full,memoryless_mlp,,,,,2,0.8333333333333334,0.0,0.5833333333333333,0.0833333333333333,nan,0.0
landmark_gap_detour,delayed_gap_navigation,landmark_gap_detour,egocentric_landmark,temporal_full,numpy_rnn,,,,,2,0.3333333333333333,0.0,0.0,0.0,nan,0.0
landmark_gap_detour,delayed_gap_navigation,landmark_gap_detour,egocentric_landmark,temporal_full,reservoir_block_hybrid,,,,,6,0.7222222222222223,0.10243938285880988,0.6666666666666666,0.11385500851066223,nan,0.0
landmark_gap_detour,delayed_gap_navigation,landmark_gap_detour,egocentric_landmark,temporal_full,reservoir_diagonal,,,,,6,0.9166666666666666,0.056927504255331114,0.888888888888889,0.08240220541217405,nan,0.0
landmark_gap_detour,delayed_gap_navigation,landmark_gap_detour,egocentric_landmark,temporal_full,reservoir_low_rank,,,,,6,0.7222222222222222,0.09296222517045286,0.6666666666666666,0.09622504486493763,nan,0.0
landmark_gap_detour,delayed_gap_navigation,landmark_gap_detour,egocentric_landmark,temporal_full,reservoir_nilpotent,,,,,6,0.9722222222222222,0.027777777777777776,0.9722222222222222,0.027777777777777776,nan,0.0
landmark_gap_detour,delayed_gap_navigation,landmark_gap_detour,egocentric_landmark,temporal_full,reservoir_orthogonal,,,,,6,0.9722222222222223,0.02777777777777777,0.9722222222222223,0.02777777777777777,nan,0.0
landmark_gap_detour,delayed_gap_navigation,landmark_gap_detour,egocentric_landmark,temporal_full,reservoir_oscillatory,,,,,6,0.7222222222222222,0.05555555555555556,0.6388888888888888,0.0795434503515353,nan,0.0
landmark_gap_detour,delayed_gap_navigation,landmark_gap_detour,egocentric_landmark,temporal_full,reservoir_random,,,,,6,0.8333333333333334,0.04303314829119353,0.8055555555555555,0.05121969142940494,nan,0.0
landmark_gap_detour,delayed_gap_navigation,landmark_gap_detour,egocentric_landmark,temporal_full,reservoir_sparse,,,,,6,0.7222222222222222,0.05555555555555557,0.6666666666666666,0.04303314829119353,nan,0.0
landmark_gap_detour,delayed_gap_navigation,landmark_gap_detour,egocentric_landmark,temporal_full,reservoir_symmetric,,,,,6,0.7777777777777778,0.05555555555555557,0.7222222222222223,0.08240220541217405,nan,0.0
landmark_gap_detour,delayed_gap_navigation,landmark_gap_detour,hybrid,temporal_cue_then_blank,lin_sequence_all_units_r3_l4,3,4,6,all_units,6,0.4444444444444444,0.035136418446315335,0.3611111111111111,0.027777777777777787,0.7777777777777777,0.05555555555555557
landmark_gap_detour,delayed_gap_navigation,landmark_gap_detour,hybrid,temporal_cue_then_blank,lin_sequence_front_bands_r1_l2,1,2,2,front_bands,6,0.3611111111111111,0.02777777777777778,0.3333333333333333,0.0,0.888888888888889,0.05555555555555556
landmark_gap_detour,delayed_gap_navigation,landmark_gap_detour,hybrid,temporal_cue_then_blank,lin_sequence_front_bands_r1_l4,1,4,4,front_bands,6,0.6111111111111112,0.10243938285880988,0.3333333333333333,0.0,0.888888888888889,0.05555555555555556
landmark_gap_detour,delayed_gap_navigation,landmark_gap_detour,hybrid,temporal_cue_then_blank,lin_sequence_front_bands_r1_l8,1,8,8,front_bands,6,1.0,0.0,1.0,0.0,0.4444444444444445,0.08240220541217404
landmark_gap_detour,delayed_gap_navigation,landmark_gap_detour,hybrid,temporal_cue_then_blank,lin_sequence_front_bands_r3_l2,3,2,4,front_bands,6,0.5833333333333334,0.11180339887498948,0.3333333333333333,0.0,0.8333333333333331,0.060858061945018464
landmark_gap_detour,delayed_gap_navigation,landmark_gap_detour,hybrid,temporal_cue_then_blank,lin_sequence_front_bands_r3_l4,3,4,6,front_bands,6,0.4166666666666667,0.0569275042553311,0.38888888888888884,0.035136418446315335,0.6666666666666666,0.12909944487358058
landmark_gap_detour,delayed_gap_navigation,landmark_gap_detour,hybrid,temporal_cue_then_blank,lin_sequence_front_bands_r3_l8,3,8,10,front_bands,6,0.8333333333333334,0.105409255338946,0.7777777777777777,0.1405456737852613,0.3611111111111111,0.02777777777777778
landmark_gap_detour,delayed_gap_navigation,landmark_gap_detour,hybrid,temporal_cue_then_blank,lin_sequence_front_bands_r5_l2,5,2,6,front_bands,6,0.5,0.07453559924999299,0.3888888888888889,0.05555555555555556,0.8055555555555557,0.1248455836346902
landmark_gap_detour,delayed_gap_navigation,landmark_gap_detour,hybrid,temporal_cue_then_blank,lin_sequence_front_bands_r5_l4,5,4,8,front_bands,6,0.6666666666666666,0.060858061945018464,0.5,0.06085806194501845,0.7222222222222223,0.08240220541217405
landmark_gap_detour,delayed_gap_navigation,landmark_gap_detour,hybrid,temporal_cue_then_blank,lin_sequence_front_bands_r5_l8,5,8,12,front_bands,6,0.7777777777777778,0.07027283689263067,0.6944444444444445,0.09043789220055393,0.47222222222222215,0.02777777777777778
landmark_gap_detour,delayed_gap_navigation,landmark_gap_detour,hybrid,temporal_cue_then_blank,memoryless_linear,,,,,2,0.25,0.08333333333333333,0.16666666666666666,0.0,nan,0.0
landmark_gap_detour,delayed_gap_navigation,landmark_gap_detour,hybrid,temporal_cue_then_blank,memoryless_mlp,,,,,2,0.25,0.08333333333333333,0.16666666666666666,0.0,nan,0.0
landmark_gap_detour,delayed_gap_navigation,landmark_gap_detour,hybrid,temporal_cue_then_blank,numpy_rnn,,,,,2,0.3333333333333333,0.0,0.0,0.0,nan,0.0
landmark_gap_detour,delayed_gap_navigation,landmark_gap_detour,hybrid,temporal_cue_then_blank,reservoir_block_hybrid,,,,,6,0.7222222222222222,0.07027283689263066,0.6944444444444443,0.0795434503515353,nan,0.0
landmark_gap_detour,delayed_gap_navigation,landmark_gap_detour,hybrid,temporal_cue_then_blank,reservoir_diagonal,,,,,6,0.3611111111111111,0.02777777777777778,0.3333333333333333,0.0,nan,0.0
landmark_gap_detour,delayed_gap_navigation,landmark_gap_detour,hybrid,temporal_cue_then_blank,reservoir_low_rank,,,,,6,0.38888888888888884,0.035136418446315335,0.3333333333333333,0.0,nan,0.0
landmark_gap_detour,delayed_gap_navigation,landmark_gap_detour,hybrid,temporal_cue_then_blank,reservoir_nilpotent,,,,,6,0.888888888888889,0.05555555555555556,0.861111111111111,0.06689774765995721,nan,0.0
landmark_gap_detour,delayed_gap_navigation,landmark_gap_detour,hybrid,temporal_cue_then_blank,reservoir_orthogonal,,,,,6,0.75,0.056927504255331114,0.75,0.056927504255331114,nan,0.0
landmark_gap_detour,delayed_gap_navigation,landmark_gap_detour,hybrid,temporal_cue_then_blank,reservoir_oscillatory,,,,,6,0.4444444444444444,0.035136418446315335,0.3611111111111111,0.027777777777777787,nan,0.0
landmark_gap_detour,delayed_gap_navigation,landmark_gap_detour,hybrid,temporal_cue_then_blank,reservoir_random,,,,,6,0.5277777777777778,0.051219691429404926,0.4444444444444445,0.07027283689263064,nan,0.0
landmark_gap_detour,delayed_gap_navigation,landmark_gap_detour,hybrid,temporal_cue_then_blank,reservoir_sparse,,,,,6,0.47222222222222215,0.05121969142940494,0.3333333333333333,0.0,nan,0.0
landmark_gap_detour,delayed_gap_navigation,landmark_gap_detour,hybrid,temporal_cue_then_blank,reservoir_symmetric,,,,,6,0.5,0.06085806194501845,0.3611111111111111,0.027777777777777787,nan,0.0
landmark_gap_detour,delayed_gap_navigation,landmark_gap_detour,hybrid,temporal_dropout,lin_sequence_all_units_r3_l4,3,4,6,all_units,6,0.5,0.074535599249993,0.3055555555555556,0.05121969142940494,0.5555555555555556,0.07027283689263067
landmark_gap_detour,delayed_gap_navigation,landmark_gap_detour,hybrid,temporal_dropout,lin_sequence_front_bands_r1_l2,1,2,2,front_bands,6,0.47222222222222215,0.02777777777777778,0.3333333333333333,0.0,0.8611111111111112,0.05121969142940494
landmark_gap_detour,delayed_gap_navigation,landmark_gap_detour,hybrid,temporal_dropout,lin_sequence_front_bands_r1_l4,1,4,4,front_bands,6,0.6388888888888888,0.05121969142940494,0.4444444444444444,0.05555555555555556,0.8055555555555555,0.0795434503515353
landmark_gap_detour,delayed_gap_navigation,landmark_gap_detour,hybrid,temporal_dropout,lin_sequence_front_bands_r1_l8,1,8,8,front_bands,6,0.7777777777777778,0.07027283689263067,0.3333333333333333,0.060858061945018464,0.47222222222222227,0.10015420209622194
landmark_gap_detour,delayed_gap_navigation,landmark_gap_detour,hybrid,temporal_dropout,lin_sequence_front_bands_r3_l2,3,2,4,front_bands,6,0.5833333333333333,0.03726779962499648,0.47222222222222215,0.0668977476599572,0.7222222222222223,0.10243938285880988
landmark_gap_detour,delayed_gap_navigation,landmark_gap_detour,hybrid,temporal_dropout,lin_sequence_front_bands_r3_l4,3,4,6,front_bands,6,0.5277777777777778,0.051219691429404926,0.2777777777777778,0.03513641844631533,0.5,0.09622504486493763
landmark_gap_detour,delayed_gap_navigation,landmark_gap_detour,hybrid,temporal_dropout,lin_sequence_front_bands_r3_l8,3,8,10,front_bands,6,0.7777777777777777,0.07027283689263067,0.3055555555555555,0.05121969142940494,0.4444444444444444,0.08240220541217405
landmark_gap_detour,delayed_gap_navigation,landmark_gap_detour,hybrid,temporal_dropout,lin_sequence_front_bands_r5_l2,5,2,6,front_bands,6,0.5555555555555555,0.03513641844631532,0.3055555555555555,0.05121969142940494,0.638888888888889,0.10015420209622194
landmark_gap_detour,delayed_gap_navigation,landmark_gap_detour,hybrid,temporal_dropout,lin_sequence_front_bands_r5_l4,5,4,8,front_bands,6,0.6666666666666666,0.04303314829119353,0.3611111111111111,0.027777777777777787,0.5277777777777778,0.09043789220055393
landmark_gap_detour,delayed_gap_navigation,landmark_gap_detour,hybrid,temporal_dropout,lin_sequence_front_bands_r5_l8,5,8,12,front_bands,6,0.6666666666666666,0.07453559924999299,0.36111111111111116,0.05121969142940494,0.611111111111111,0.07027283689263066
landmark_gap_detour,delayed_gap_navigation,landmark_gap_detour,hybrid,temporal_dropout,memoryless_linear,,,,,2,0.41666666666666663,0.08333333333333334,0.25,0.08333333333333333,nan,0.0
landmark_gap_detour,delayed_gap_navigation,landmark_gap_detour,hybrid,temporal_dropout,memoryless_mlp,,,,,2,0.41666666666666663,0.08333333333333334,0.25,0.08333333333333333,nan,0.0
landmark_gap_detour,delayed_gap_navigation,landmark_gap_detour,hybrid,temporal_dropout,numpy_rnn,,,,,2,0.3333333333333333,0.0,0.0,0.0,nan,0.0
landmark_gap_detour,delayed_gap_navigation,landmark_gap_detour,hybrid,temporal_dropout,reservoir_block_hybrid,,,,,6,0.47222222222222215,0.05121969142940494,0.25000000000000006,0.037267799624996496,nan,0.0
landmark_gap_detour,delayed_gap_navigation,landmark_gap_detour,hybrid,temporal_dropout,reservoir_diagonal,,,,,6,0.5,0.0,0.3333333333333333,0.0,nan,0.0
landmark_gap_detour,delayed_gap_navigation,landmark_gap_detour,hybrid,temporal_dropout,reservoir_low_rank,,,,,6,0.47222222222222227,0.051219691429404926,0.3055555555555555,0.02777777777777778,nan,0.0
landmark_gap_detour,delayed_gap_navigation,landmark_gap_detour,hybrid,temporal_dropout,reservoir_nilpotent,,,,,6,0.7222222222222223,0.09296222517045286,0.25000000000000006,0.037267799624996496,nan,0.0
landmark_gap_detour,delayed_gap_navigation,landmark_gap_detour,hybrid,temporal_dropout,reservoir_orthogonal,,,,,6,0.6388888888888888,0.05121969142940494,0.2777777777777778,0.03513641844631533,nan,0.0
landmark_gap_detour,delayed_gap_navigation,landmark_gap_detour,hybrid,temporal_dropout,reservoir_oscillatory,,,,,6,0.4444444444444444,0.03513641844631533,0.25000000000000006,0.037267799624996496,nan,0.0
landmark_gap_detour,delayed_gap_navigation,landmark_gap_detour,hybrid,temporal_dropout,reservoir_random,,,,,6,0.5555555555555555,0.03513641844631532,0.2777777777777778,0.03513641844631532,nan,0.0
landmark_gap_detour,delayed_gap_navigation,landmark_gap_detour,hybrid,temporal_dropout,reservoir_sparse,,,,,6,0.5555555555555555,0.09296222517045286,0.2777777777777778,0.07027283689263066,nan,0.0
landmark_gap_detour,delayed_gap_navigation,landmark_gap_detour,hybrid,temporal_dropout,reservoir_symmetric,,,,,6,0.5277777777777778,0.027777777777777776,0.3055555555555555,0.02777777777777778,nan,0.0
landmark_gap_detour,delayed_gap_navigation,landmark_gap_detour,hybrid,temporal_full,lin_sequence_all_units_r3_l4,3,4,6,all_units,6,0.4166666666666667,0.0569275042553311,0.3611111111111111,0.02777777777777778,1.0,0.0
landmark_gap_detour,delayed_gap_navigation,landmark_gap_detour,hybrid,temporal_full,lin_sequence_front_bands_r1_l2,1,2,2,front_bands,6,0.5277777777777778,0.051219691429404926,0.4166666666666667,0.0372677996249965,1.0,0.0
landmark_gap_detour,delayed_gap_navigation,landmark_gap_detour,hybrid,temporal_full,lin_sequence_front_bands_r1_l4,1,4,4,front_bands,6,0.5555555555555557,0.09296222517045286,0.5,0.06085806194501845,0.9444444444444445,0.03513641844631532
landmark_gap_detour,delayed_gap_navigation,landmark_gap_detour,hybrid,temporal_full,lin_sequence_front_bands_r1_l8,1,8,8,front_bands,6,0.9444444444444445,0.03513641844631532,0.8888888888888888,0.07027283689263067,0.6666666666666666,0.12909944487358058
landmark_gap_detour,delayed_gap_navigation,landmark_gap_detour,hybrid,temporal_full,lin_sequence_front_bands_r3_l2,3,2,4,front_bands,6,0.4444444444444444,0.05555555555555556,0.4166666666666667,0.0569275042553311,0.9722222222222223,0.02777777777777777
landmark_gap_detour,delayed_gap_navigation,landmark_gap_detour,hybrid,temporal_full,lin_sequence_front_bands_r3_l4,3,4,6,front_bands,6,0.6111111111111112,0.09296222517045286,0.5000000000000001,0.08606629658238706,0.8611111111111112,0.0795434503515353
landmark_gap_detour,delayed_gap_navigation,landmark_gap_detour,hybrid,temporal_full,lin_sequence_front_bands_r3_l8,3,8,10,front_bands,6,0.9722222222222223,0.02777777777777777,0.9722222222222223,0.02777777777777777,0.8611111111111112,0.05121969142940494
landmark_gap_detour,delayed_gap_navigation,landmark_gap_detour,hybrid,temporal_full,lin_sequence_front_bands_r5_l2,5,2,6,front_bands,6,0.5833333333333334,0.09378857231185632,0.5555555555555556,0.08240220541217405,0.9444444444444445,0.03513641844631532
landmark_gap_detour,delayed_gap_navigation,landmark_gap_detour,hybrid,temporal_full,lin_sequence_front_bands_r5_l4,5,4,8,front_bands,6,0.9166666666666666,0.03726779962499648,0.8333333333333334,0.074535599249993,0.8611111111111112,0.06689774765995721
landmark_gap_detour,delayed_gap_navigation,landmark_gap_detour,hybrid,temporal_full,lin_sequence_front_bands_r5_l8,5,8,12,front_bands,6,0.8333333333333331,0.08606629658238704,0.7222222222222222,0.12668615834434868,0.8611111111111112,0.05121969142940494
landmark_gap_detour,delayed_gap_navigation,landmark_gap_detour,hybrid,temporal_full,memoryless_linear,,,,,2,0.5833333333333333,0.0833333333333333,0.41666666666666663,0.08333333333333334,nan,0.0
landmark_gap_detour,delayed_gap_navigation,landmark_gap_detour,hybrid,temporal_full,memoryless_mlp,,,,,2,0.5833333333333333,0.0833333333333333,0.41666666666666663,0.08333333333333334,nan,0.0
landmark_gap_detour,delayed_gap_navigation,landmark_gap_detour,hybrid,temporal_full,numpy_rnn,,,,,2,0.3333333333333333,0.0,0.0,0.0,nan,0.0
landmark_gap_detour,delayed_gap_navigation,landmark_gap_detour,hybrid,temporal_full,reservoir_block_hybrid,,,,,6,0.6666666666666666,0.04303314829119353,0.5833333333333334,0.08333333333333334,nan,0.0
landmark_gap_detour,delayed_gap_navigation,landmark_gap_detour,hybrid,temporal_full,reservoir_diagonal,,,,,6,0.5555555555555555,0.03513641844631532,0.47222222222222215,0.0668977476599572,nan,0.0
landmark_gap_detour,delayed_gap_navigation,landmark_gap_detour,hybrid,temporal_full,reservoir_low_rank,,,,,6,0.6666666666666666,0.09622504486493763,0.6111111111111112,0.11111111111111112,nan,0.0
landmark_gap_detour,delayed_gap_navigation,landmark_gap_detour,hybrid,temporal_full,reservoir_nilpotent,,,,,6,0.8611111111111112,0.05121969142940494,0.75,0.1031898645611484,nan,0.0
landmark_gap_detour,delayed_gap_navigation,landmark_gap_detour,hybrid,temporal_full,reservoir_orthogonal,,,,,6,0.8611111111111112,0.05121969142940494,0.7777777777777778,0.10243938285880988,nan,0.0
landmark_gap_detour,delayed_gap_navigation,landmark_gap_detour,hybrid,temporal_full,reservoir_oscillatory,,,,,6,0.6388888888888888,0.05121969142940494,0.5277777777777778,0.09043789220055394,nan,0.0
landmark_gap_detour,delayed_gap_navigation,landmark_gap_detour,hybrid,temporal_full,reservoir_random,,,,,6,0.7222222222222222,0.05555555555555557,0.638888888888889,0.10015420209622194,nan,0.0
landmark_gap_detour,delayed_gap_navigation,landmark_gap_detour,hybrid,temporal_full,reservoir_sparse,,,,,6,0.5833333333333334,0.07136240321480629,0.47222222222222227,0.0795434503515353,nan,0.0
landmark_gap_detour,delayed_gap_navigation,landmark_gap_detour,hybrid,temporal_full,reservoir_symmetric,,,,,6,0.6388888888888888,0.05121969142940494,0.5833333333333334,0.056927504255331114,nan,0.0
landmark_gap_detour,delayed_gap_navigation,landmark_gap_detour,sparse_aliased,temporal_cue_then_blank,lin_sequence_all_units_r3_l4,3,4,6,all_units,6,0.4444444444444444,0.05555555555555556,0.27777777777777773,0.07027283689263066,0.25,0.037267799624996496
landmark_gap_detour,delayed_gap_navigation,landmark_gap_detour,sparse_aliased,temporal_cue_then_blank,lin_sequence_front_bands_r1_l2,1,2,2,front_bands,6,0.19444444444444442,0.02777777777777778,0.08333333333333333,0.0372677996249965,0.3611111111111111,0.02777777777777778
landmark_gap_detour,delayed_gap_navigation,landmark_gap_detour,sparse_aliased,temporal_cue_then_blank,lin_sequence_front_bands_r1_l4,1,4,4,front_bands,6,0.4166666666666667,0.0372677996249965,0.08333333333333333,0.0372677996249965,0.24999999999999997,0.037267799624996496
landmark_gap_detour,delayed_gap_navigation,landmark_gap_detour,sparse_aliased,temporal_cue_then_blank,lin_sequence_front_bands_r1_l8,1,8,8,front_bands,6,1.0,0.0,1.0,0.0,0.4444444444444444,0.035136418446315335
landmark_gap_detour,delayed_gap_navigation,landmark_gap_detour,sparse_aliased,temporal_cue_then_blank,lin_sequence_front_bands_r3_l2,3,2,4,front_bands,6,0.24999999999999997,0.037267799624996496,0.08333333333333333,0.0372677996249965,0.25,0.056927504255331114
landmark_gap_detour,delayed_gap_navigation,landmark_gap_detour,sparse_aliased,temporal_cue_then_blank,lin_sequence_front_bands_r3_l4,3,4,6,front_bands,6,0.5277777777777778,0.0795434503515353,0.3055555555555555,0.06689774765995721,0.27777777777777773,0.03513641844631533
landmark_gap_detour,delayed_gap_navigation,landmark_gap_detour,sparse_aliased,temporal_cue_then_blank,lin_sequence_front_bands_r3_l8,3,8,10,front_bands,6,0.9722222222222223,0.02777777777777777,0.9722222222222223,0.02777777777777777,0.47222222222222227,0.051219691429404926
landmark_gap_detour,delayed_gap_navigation,landmark_gap_detour,sparse_aliased,temporal_cue_then_blank,lin_sequence_front_bands_r5_l2,5,2,6,front_bands,6,0.4444444444444444,0.08240220541217405,0.22222222222222224,0.03513641844631532,0.3888888888888889,0.09296222517045284
landmark_gap_detour,delayed_gap_navigation,landmark_gap_detour,sparse_aliased,temporal_cue_then_blank,lin_sequence_front_bands_r5_l4,5,4,8,front_bands,6,0.6944444444444445,0.0795434503515353,0.5555555555555556,0.11111111111111112,0.6666666666666666,0.105409255338946
landmark_gap_detour,delayed_gap_navigation,landmark_gap_detour,sparse_aliased,temporal_cue_then_blank,lin_sequence_front_bands_r5_l8,5,8,12,front_bands,6,0.9722222222222223,0.02777777777777777,0.9444444444444443,0.05555555555555556,0.5833333333333333,0.03726779962499649
landmark_gap_detour,delayed_gap_navigation,landmark_gap_detour,sparse_aliased,temporal_cue_then_blank,memoryless_linear,,,,,2,0.3333333333333333,0.0,0.0,0.0,nan,0.0
landmark_gap_detour,delayed_gap_navigation,landmark_gap_detour,sparse_aliased,temporal_cue_then_blank,memoryless_mlp,,,,,2,0.3333333333333333,0.0,0.0,0.0,nan,0.0
landmark_gap_detour,delayed_gap_navigation,landmark_gap_detour,sparse_aliased,temporal_cue_then_blank,numpy_rnn,,,,,2,0.3333333333333333,0.0,0.0,0.0,nan,0.0
landmark_gap_detour,delayed_gap_navigation,landmark_gap_detour,sparse_aliased,temporal_cue_then_blank,reservoir_block_hybrid,,,,,6,0.6666666666666666,0.060858061945018464,0.5277777777777778,0.0668977476599572,nan,0.0
landmark_gap_detour,delayed_gap_navigation,landmark_gap_detour,sparse_aliased,temporal_cue_then_blank,reservoir_diagonal,,,,,6,0.4166666666666667,0.0372677996249965,0.3333333333333333,0.0,nan,0.0
landmark_gap_detour,delayed_gap_navigation,landmark_gap_detour,sparse_aliased,temporal_cue_then_blank,reservoir_low_rank,,,,,6,0.3055555555555555,0.05121969142940494,0.3055555555555555,0.05121969142940494,nan,0.0
landmark_gap_detour,delayed_gap_navigation,landmark_gap_detour,sparse_aliased,temporal_cue_then_blank,reservoir_nilpotent,,,,,6,0.888888888888889,0.03513641844631532,0.888888888888889,0.03513641844631532,nan,0.0
landmark_gap_detour,delayed_gap_navigation,landmark_gap_detour,sparse_aliased,temporal_cue_then_blank,reservoir_orthogonal,,,,,6,0.9444444444444445,0.03513641844631532,0.9444444444444445,0.03513641844631532,nan,0.0
landmark_gap_detour,delayed_gap_navigation,landmark_gap_detour,sparse_aliased,temporal_cue_then_blank,reservoir_oscillatory,,,,,6,0.6944444444444443,0.05121969142940494,0.638888888888889,0.07954345035153532,nan,0.0
landmark_gap_detour,delayed_gap_navigation,landmark_gap_detour,sparse_aliased,temporal_cue_then_blank,reservoir_random,,,,,6,0.5833333333333333,0.03726779962499648,0.5,0.04303314829119352,nan,0.0
landmark_gap_detour,delayed_gap_navigation,landmark_gap_detour,sparse_aliased,temporal_cue_then_blank,reservoir_sparse,,,,,6,0.5277777777777778,0.051219691429404926,0.4444444444444444,0.05555555555555556,nan,0.0
landmark_gap_detour,delayed_gap_navigation,landmark_gap_detour,sparse_aliased,temporal_cue_then_blank,reservoir_symmetric,,,,,6,0.5000000000000001,0.07453559924999299,0.3333333333333333,0.0,nan,0.0
landmark_gap_detour,delayed_gap_navigation,landmark_gap_detour,sparse_aliased,temporal_dropout,lin_sequence_all_units_r3_l4,3,4,6,all_units,6,0.5277777777777778,0.02777777777777777,0.3333333333333333,0.0,0.5555555555555556,0.08240220541217405
landmark_gap_detour,delayed_gap_navigation,landmark_gap_detour,sparse_aliased,temporal_dropout,lin_sequence_front_bands_r1_l2,1,2,2,front_bands,6,0.5555555555555555,0.05555555555555556,0.13888888888888887,0.027777777777777776,0.3333333333333333,0.074535599249993
landmark_gap_detour,delayed_gap_navigation,landmark_gap_detour,sparse_aliased,temporal_dropout,lin_sequence_front_bands_r1_l4,1,4,4,front_bands,6,0.5,0.06085806194501845,0.16666666666666666,0.0,0.3611111111111111,0.05121969142940494
landmark_gap_detour,delayed_gap_navigation,landmark_gap_detour,sparse_aliased,temporal_dropout,lin_sequence_front_bands_r1_l8,1,8,8,front_bands,6,0.7222222222222223,0.09296222517045286,0.3611111111111111,0.09043789220055393,0.3333333333333333,0.060858061945018464
landmark_gap_detour,delayed_gap_navigation,landmark_gap_detour,sparse_aliased,temporal_dropout,lin_sequence_front_bands_r3_l2,3,2,4,front_bands,6,0.38888888888888884,0.07027283689263066,0.16666666666666666,0.0,0.3333333333333333,0.08606629658238704
landmark_gap_detour,delayed_gap_navigation,landmark_gap_detour,sparse_aliased,temporal_dropout,lin_sequence_front_bands_r3_l4,3,4,6,front_bands,6,0.5555555555555555,0.03513641844631532,0.2777777777777778,0.03513641844631533,0.5,0.09622504486493763
landmark_gap_detour,delayed_gap_navigation,landmark_gap_detour,sparse_aliased,temporal_dropout,lin_sequence_front_bands_r3_l8,3,8,10,front_bands,6,0.7777777777777778,0.07027283689263066,0.3611111111111111,0.05121969142940494,0.3055555555555555,0.10015420209622194
landmark_gap_detour,delayed_gap_navigation,landmark_gap_detour,sparse_aliased,temporal_dropout,lin_sequence_front_bands_r5_l2,5,2,6,front_bands,6,0.5277777777777778,0.05121969142940494,0.3333333333333333,0.0,0.5277777777777778,0.0795434503515353
landmark_gap_detour,delayed_gap_navigation,landmark_gap_detour,sparse_aliased,temporal_dropout,lin_sequence_front_bands_r5_l4,5,4,8,front_bands,6,0.5277777777777778,0.0795434503515353,0.3055555555555556,0.0795434503515353,0.4444444444444444,0.12668615834434868
landmark_gap_detour,delayed_gap_navigation,landmark_gap_detour,sparse_aliased,temporal_dropout,lin_sequence_front_bands_r5_l8,5,8,12,front_bands,6,0.5833333333333334,0.08333333333333334,0.2222222222222222,0.07027283689263066,0.3055555555555555,0.0795434503515353
landmark_gap_detour,delayed_gap_navigation,landmark_gap_detour,sparse_aliased,temporal_dropout,memoryless_linear,,,,,2,0.5,0.16666666666666666,0.08333333333333333,0.08333333333333333,nan,0.0
landmark_gap_detour,delayed_gap_navigation,landmark_gap_detour,sparse_aliased,temporal_dropout,memoryless_mlp,,,,,2,0.5,0.16666666666666666,0.08333333333333333,0.08333333333333333,nan,0.0
landmark_gap_detour,delayed_gap_navigation,landmark_gap_detour,sparse_aliased,temporal_dropout,numpy_rnn,,,,,2,0.3333333333333333,0.0,0.0,0.0,nan,0.0
landmark_gap_detour,delayed_gap_navigation,landmark_gap_detour,sparse_aliased,temporal_dropout,reservoir_block_hybrid,,,,,6,0.5555555555555556,0.07027283689263067,0.2777777777777778,0.05555555555555556,nan,0.0
landmark_gap_detour,delayed_gap_navigation,landmark_gap_detour,sparse_aliased,temporal_dropout,reservoir_diagonal,,,,,6,0.3333333333333333,0.074535599249993,0.13888888888888887,0.06689774765995721,nan,0.0
landmark_gap_detour,delayed_gap_navigation,landmark_gap_detour,sparse_aliased,temporal_dropout,reservoir_low_rank,,,,,6,0.5,0.04303314829119352,0.16666666666666666,0.06085806194501845,nan,0.0
landmark_gap_detour,delayed_gap_navigation,landmark_gap_detour,sparse_aliased,temporal_dropout,reservoir_nilpotent,,,,,6,0.6944444444444443,0.0795434503515353,0.25,0.08333333333333334,nan,0.0
landmark_gap_detour,delayed_gap_navigation,landmark_gap_detour,sparse_aliased,temporal_dropout,reservoir_orthogonal,,,,,6,0.5833333333333333,0.08333333333333334,0.27777777777777773,0.07027283689263066,nan,0.0
landmark_gap_detour,delayed_gap_navigation,landmark_gap_detour,sparse_aliased,temporal_dropout,reservoir_oscillatory,,,,,6,0.5833333333333334,0.056927504255331114,0.16666666666666666,0.04303314829119352,nan,0.0
landmark_gap_detour,delayed_gap_navigation,landmark_gap_detour,sparse_aliased,temporal_dropout,reservoir_random,,,,,6,0.611111111111111,0.03513641844631532,0.25000000000000006,0.037267799624996496,nan,0.0
landmark_gap_detour,delayed_gap_navigation,landmark_gap_detour,sparse_aliased,temporal_dropout,reservoir_sparse,,,,,6,0.47222222222222215,0.0668977476599572,0.24999999999999997,0.037267799624996496,nan,0.0
landmark_gap_detour,delayed_gap_navigation,landmark_gap_detour,sparse_aliased,temporal_dropout,reservoir_symmetric,,,,,6,0.5,0.08606629658238704,0.13888888888888887,0.051219691429404926,nan,0.0
landmark_gap_detour,delayed_gap_navigation,landmark_gap_detour,sparse_aliased,temporal_full,lin_sequence_all_units_r3_l4,3,4,6,all_units,6,0.8333333333333334,0.0,0.5277777777777778,0.051219691429404926,0.3055555555555556,0.09043789220055393
landmark_gap_detour,delayed_gap_navigation,landmark_gap_detour,sparse_aliased,temporal_full,lin_sequence_front_bands_r1_l2,1,2,2,front_bands,6,0.6666666666666666,0.0,0.27777777777777773,0.07027283689263066,0.19444444444444442,0.02777777777777778
landmark_gap_detour,delayed_gap_navigation,landmark_gap_detour,sparse_aliased,temporal_full,lin_sequence_front_bands_r1_l4,1,4,4,front_bands,6,0.8055555555555555,0.02777777777777779,0.47222222222222227,0.051219691429404926,0.19444444444444442,0.02777777777777778
landmark_gap_detour,delayed_gap_navigation,landmark_gap_detour,sparse_aliased,temporal_full,lin_sequence_front_bands_r1_l8,1,8,8,front_bands,6,1.0,0.0,1.0,0.0,0.3611111111111111,0.02777777777777778
landmark_gap_detour,delayed_gap_navigation,landmark_gap_detour,sparse_aliased,temporal_full,lin_sequence_front_bands_r3_l2,3,2,4,front_bands,6,0.8055555555555555,0.02777777777777779,0.47222222222222215,0.051219691429404926,0.25000000000000006,0.037267799624996496
landmark_gap_detour,delayed_gap_navigation,landmark_gap_detour,sparse_aliased,temporal_full,lin_sequence_front_bands_r3_l4,3,4,6,front_bands,6,0.8333333333333334,0.0,0.4166666666666667,0.0372677996249965,0.2222222222222222,0.05555555555555556
landmark_gap_detour,delayed_gap_navigation,landmark_gap_detour,sparse_aliased,temporal_full,lin_sequence_front_bands_r3_l8,3,8,10,front_bands,6,1.0,0.0,1.0,0.0,0.3611111111111111,0.02777777777777778
landmark_gap_detour,delayed_gap_navigation,landmark_gap_detour,sparse_aliased,temporal_full,lin_sequence_front_bands_r5_l2,5,2,6,front_bands,6,0.8055555555555555,0.02777777777777779,0.5277777777777778,0.051219691429404926,0.3333333333333333,0.08606629658238706
landmark_gap_detour,delayed_gap_navigation,landmark_gap_detour,sparse_aliased,temporal_full,lin_sequence_front_bands_r5_l4,5,4,8,front_bands,6,0.9166666666666666,0.03726779962499649,0.8333333333333334,0.08606629658238704,0.5833333333333334,0.07136240321480629
landmark_gap_detour,delayed_gap_navigation,landmark_gap_detour,sparse_aliased,temporal_full,lin_sequence_front_bands_r5_l8,5,8,12,front_bands,6,1.0,0.0,1.0,0.0,0.3611111111111111,0.027777777777777787
landmark_gap_detour,delayed_gap_navigation,landmark_gap_detour,sparse_aliased,temporal_full,memoryless_linear,,,,,2,0.5,0.0,0.16666666666666666,0.0,nan,0.0
landmark_gap_detour,delayed_gap_navigation,landmark_gap_detour,sparse_aliased,temporal_full,memoryless_mlp,,,,,2,0.5,0.0,0.16666666666666666,0.0,nan,0.0
landmark_gap_detour,delayed_gap_navigation,landmark_gap_detour,sparse_aliased,temporal_full,numpy_rnn,,,,,2,0.3333333333333333,0.0,0.0,0.0,nan,0.0
landmark_gap_detour,delayed_gap_navigation,landmark_gap_detour,sparse_aliased,temporal_full,reservoir_block_hybrid,,,,,6,0.7777777777777778,0.09296222517045286,0.75,0.11180339887498951,nan,0.0
landmark_gap_detour,delayed_gap_navigation,landmark_gap_detour,sparse_aliased,temporal_full,reservoir_diagonal,,,,,6,0.5555555555555556,0.05555555555555557,0.47222222222222227,0.0795434503515353,nan,0.0
landmark_gap_detour,delayed_gap_navigation,landmark_gap_detour,sparse_aliased,temporal_full,reservoir_low_rank,,,,,6,0.7222222222222222,0.07027283689263067,0.6666666666666666,0.08606629658238704,nan,0.0
landmark_gap_detour,delayed_gap_navigation,landmark_gap_detour,sparse_aliased,temporal_full,reservoir_nilpotent,,,,,6,0.8888888888888888,0.07027283689263066,0.861111111111111,0.09043789220055394,nan,0.0
landmark_gap_detour,delayed_gap_navigation,landmark_gap_detour,sparse_aliased,temporal_full,reservoir_orthogonal,,,,,6,0.9166666666666666,0.03726779962499648,0.9166666666666666,0.03726779962499648,nan,0.0
landmark_gap_detour,delayed_gap_navigation,landmark_gap_detour,sparse_aliased,temporal_full,reservoir_oscillatory,,,,,6,0.75,0.056927504255331114,0.6666666666666666,0.08606629658238704,nan,0.0
landmark_gap_detour,delayed_gap_navigation,landmark_gap_detour,sparse_aliased,temporal_full,reservoir_random,,,,,6,0.7222222222222222,0.05555555555555557,0.6944444444444445,0.06689774765995721,nan,0.0
landmark_gap_detour,delayed_gap_navigation,landmark_gap_detour,sparse_aliased,temporal_full,reservoir_sparse,,,,,6,0.7777777777777778,0.05555555555555557,0.7222222222222223,0.08240220541217405,nan,0.0
landmark_gap_detour,delayed_gap_navigation,landmark_gap_detour,sparse_aliased,temporal_full,reservoir_symmetric,,,,,6,0.7777777777777777,0.05555555555555557,0.7222222222222222,0.08240220541217405,nan,0.0
landmark_gap_detour,delayed_gap_navigation,landmark_gap_detour,vector,temporal_cue_then_blank,lin_sequence_all_units_r3_l4,3,4,6,all_units,6,0.5277777777777778,0.09043789220055393,0.4444444444444444,0.07027283689263066,0.9722222222222223,0.02777777777777777
landmark_gap_detour,delayed_gap_navigation,landmark_gap_detour,vector,temporal_cue_then_blank,lin_sequence_front_bands_r1_l2,1,2,2,front_bands,6,0.25000000000000006,0.037267799624996496,0.16666666666666666,0.0,0.9722222222222223,0.02777777777777777
landmark_gap_detour,delayed_gap_navigation,landmark_gap_detour,vector,temporal_cue_then_blank,lin_sequence_front_bands_r1_l4,1,4,4,front_bands,6,0.5000000000000001,0.07453559924999299,0.3333333333333333,0.0,0.9444444444444445,0.03513641844631532
landmark_gap_detour,delayed_gap_navigation,landmark_gap_detour,vector,temporal_cue_then_blank,lin_sequence_front_bands_r1_l8,1,8,8,front_bands,6,0.9166666666666666,0.03726779962499649,0.861111111111111,0.06689774765995721,0.5555555555555556,0.05555555555555555
landmark_gap_detour,delayed_gap_navigation,landmark_gap_detour,vector,temporal_cue_then_blank,lin_sequence_front_bands_r3_l2,3,2,4,front_bands,6,0.47222222222222227,0.0668977476599572,0.3333333333333333,0.0,0.888888888888889,0.05555555555555556
landmark_gap_detour,delayed_gap_navigation,landmark_gap_detour,vector,temporal_cue_then_blank,lin_sequence_front_bands_r3_l4,3,4,6,front_bands,6,0.5000000000000001,0.08606629658238704,0.38888888888888884,0.05555555555555556,0.9722222222222223,0.02777777777777777
landmark_gap_detour,delayed_gap_navigation,landmark_gap_detour,vector,temporal_cue_then_blank,lin_sequence_front_bands_r3_l8,3,8,10,front_bands,6,1.0,0.0,1.0,0.0,0.47222222222222227,0.0668977476599572
landmark_gap_detour,delayed_gap_navigation,landmark_gap_detour,vector,temporal_cue_then_blank,lin_sequence_front_bands_r5_l2,5,2,6,front_bands,6,0.5555555555555556,0.07027283689263066,0.38888888888888884,0.05555555555555556,0.7777777777777778,0.07027283689263066
landmark_gap_detour,delayed_gap_navigation,landmark_gap_detour,vector,temporal_cue_then_blank,lin_sequence_front_bands_r5_l4,5,4,8,front_bands,6,0.6944444444444443,0.05121969142940494,0.5,0.08606629658238706,0.7777777777777777,0.10243938285880988
landmark_gap_detour,delayed_gap_navigation,landmark_gap_detour,vector,temporal_cue_then_blank,lin_sequence_front_bands_r5_l8,5,8,12,front_bands,6,0.7777777777777777,0.05555555555555557,0.6666666666666666,0.105409255338946,0.6666666666666666,0.060858061945018464
landmark_gap_detour,delayed_gap_navigation,landmark_gap_detour,vector,temporal_cue_then_blank,memoryless_linear,,,,,2,0.25,0.08333333333333333,0.08333333333333333,0.08333333333333333,nan,0.0
landmark_gap_detour,delayed_gap_navigation,landmark_gap_detour,vector,temporal_cue_then_blank,memoryless_mlp,,,,,2,0.25,0.08333333333333333,0.08333333333333333,0.08333333333333333,nan,0.0
landmark_gap_detour,delayed_gap_navigation,landmark_gap_detour,vector,temporal_cue_then_blank,numpy_rnn,,,,,2,0.3333333333333333,0.0,0.0,0.0,nan,0.0
landmark_gap_detour,delayed_gap_navigation,landmark_gap_detour,vector,temporal_cue_then_blank,reservoir_block_hybrid,,,,,6,0.5555555555555555,0.08240220541217405,0.4444444444444444,0.07027283689263066,nan,0.0
landmark_gap_detour,delayed_gap_navigation,landmark_gap_detour,vector,temporal_cue_then_blank,reservoir_diagonal,,,,,6,0.3611111111111111,0.02777777777777778,0.3333333333333333,0.0,nan,0.0
landmark_gap_detour,delayed_gap_navigation,landmark_gap_detour,vector,temporal_cue_then_blank,reservoir_low_rank,,,,,6,0.3611111111111111,0.02777777777777778,0.3333333333333333,0.0,nan,0.0
landmark_gap_detour,delayed_gap_navigation,landmark_gap_detour,vector,temporal_cue_then_blank,reservoir_nilpotent,,,,,6,0.75,0.03726779962499651,0.638888888888889,0.06689774765995721,nan,0.0
landmark_gap_detour,delayed_gap_navigation,landmark_gap_detour,vector,temporal_cue_then_blank,reservoir_orthogonal,,,,,6,0.8333333333333334,0.04303314829119353,0.7777777777777778,0.07027283689263067,nan,0.0
landmark_gap_detour,delayed_gap_navigation,landmark_gap_detour,vector,temporal_cue_then_blank,reservoir_oscillatory,,,,,6,0.5,0.04303314829119352,0.3888888888888889,0.05555555555555556,nan,0.0
landmark_gap_detour,delayed_gap_navigation,landmark_gap_detour,vector,temporal_cue_then_blank,reservoir_random,,,,,6,0.7500000000000001,0.05692750425533112,0.638888888888889,0.07954345035153532,nan,0.0
landmark_gap_detour,delayed_gap_navigation,landmark_gap_detour,vector,temporal_cue_then_blank,reservoir_sparse,,,,,6,0.7222222222222223,0.05555555555555557,0.611111111111111,0.09296222517045287,nan,0.0
landmark_gap_detour,delayed_gap_navigation,landmark_gap_detour,vector,temporal_cue_then_blank,reservoir_symmetric,,,,,6,0.5277777777777778,0.0668977476599572,0.3333333333333333,0.0,nan,0.0
landmark_gap_detour,delayed_gap_navigation,landmark_gap_detour,vector,temporal_dropout,lin_sequence_all_units_r3_l4,3,4,6,all_units,6,0.3333333333333333,0.04303314829119352,0.08333333333333333,0.0372677996249965,0.8333333333333334,0.105409255338946
landmark_gap_detour,delayed_gap_navigation,landmark_gap_detour,vector,temporal_dropout,lin_sequence_front_bands_r1_l2,1,2,2,front_bands,6,0.3611111111111111,0.02777777777777778,0.24999999999999997,0.037267799624996496,1.0,0.0
landmark_gap_detour,delayed_gap_navigation,landmark_gap_detour,vector,temporal_dropout,lin_sequence_front_bands_r1_l4,1,4,4,front_bands,6,0.25,0.11180339887498948,0.16666666666666666,0.074535599249993,1.0,0.0
landmark_gap_detour,delayed_gap_navigation,landmark_gap_detour,vector,temporal_dropout,lin_sequence_front_bands_r1_l8,1,8,8,front_bands,6,0.8055555555555555,0.05121969142940494,0.611111111111111,0.05555555555555556,0.75,0.1031898645611484
landmark_gap_detour,delayed_gap_navigation,landmark_gap_detour,vector,temporal_dropout,lin_sequence_front_bands_r3_l2,3,2,4,front_bands,6,0.4166666666666666,0.07136240321480629,0.25,0.056927504255331114,0.9722222222222223,0.02777777777777777
landmark_gap_detour,delayed_gap_navigation,landmark_gap_detour,vector,temporal_dropout,lin_sequence_front_bands_r3_l4,3,4,6,front_bands,6,0.3055555555555555,0.05121969142940494,0.05555555555555555,0.03513641844631533,0.861111111111111,0.06689774765995721
landmark_gap_detour,delayed_gap_navigation,landmark_gap_detour,vector,temporal_dropout,lin_sequence_front_bands_r3_l8,3,8,10,front_bands,6,0.611111111111111,0.10243938285880988,0.3611111111111111,0.10015420209622193,0.7777777777777778,0.07027283689263067
landmark_gap_detour,delayed_gap_navigation,landmark_gap_detour,vector,temporal_dropout,lin_sequence_front_bands_r5_l2,5,2,6,front_bands,6,0.36111111111111116,0.0795434503515353,0.13888888888888887,0.0668977476599572,0.8333333333333334,0.08606629658238704
landmark_gap_detour,delayed_gap_navigation,landmark_gap_detour,vector,temporal_dropout,lin_sequence_front_bands_r5_l4,5,4,8,front_bands,6,0.6111111111111112,0.08240220541217405,0.3055555555555555,0.06689774765995721,0.6666666666666666,0.12171612389003693
landmark_gap_detour,delayed_gap_navigation,landmark_gap_detour,vector,temporal_dropout,lin_sequence_front_bands_r5_l8,5,8,12,front_bands,6,0.6666666666666666,0.07453559924999299,0.38888888888888884,0.11111111111111112,0.6944444444444443,0.0668977476599572
landmark_gap_detour,delayed_gap_navigation,landmark_gap_detour,vector,temporal_dropout,memoryless_linear,,,,,2,0.3333333333333333,0.16666666666666666,0.16666666666666666,0.0,nan,0.0
landmark_gap_detour,delayed_gap_navigation,landmark_gap_detour,vector,temporal_dropout,memoryless_mlp,,,,,2,0.3333333333333333,0.16666666666666666,0.16666666666666666,0.0,nan,0.0
landmark_gap_detour,delayed_gap_navigation,landmark_gap_detour,vector,temporal_dropout,numpy_rnn,,,,,2,0.3333333333333333,0.0,0.0,0.0,nan,0.0
landmark_gap_detour,delayed_gap_navigation,landmark_gap_detour,vector,temporal_dropout,reservoir_block_hybrid,,,,,6,0.4166666666666667,0.0372677996249965,0.19444444444444442,0.051219691429404926,nan,0.0
landmark_gap_detour,delayed_gap_navigation,landmark_gap_detour,vector,temporal_dropout,reservoir_diagonal,,,,,6,0.3055555555555555,0.05121969142940494,0.2777777777777778,0.03513641844631533,nan,0.0
landmark_gap_detour,delayed_gap_navigation,landmark_gap_detour,vector,temporal_dropout,reservoir_low_rank,,,,,6,0.25000000000000006,0.037267799624996496,0.2222222222222222,0.03513641844631533,nan,0.0
landmark_gap_detour,delayed_gap_navigation,landmark_gap_detour,vector,temporal_dropout,reservoir_nilpotent,,,,,6,0.5277777777777778,0.02777777777777777,0.2222222222222222,0.05555555555555556,nan,0.0
landmark_gap_detour,delayed_gap_navigation,landmark_gap_detour,vector,temporal_dropout,reservoir_orthogonal,,,,,6,0.5833333333333333,0.037267799624996496,0.27777777777777773,0.09296222517045286,nan,0.0
landmark_gap_detour,delayed_gap_navigation,landmark_gap_detour,vector,temporal_dropout,reservoir_oscillatory,,,,,6,0.5277777777777778,0.05121969142940494,0.27777777777777773,0.03513641844631533,nan,0.0
landmark_gap_detour,delayed_gap_navigation,landmark_gap_detour,vector,temporal_dropout,reservoir_random,,,,,6,0.47222222222222227,0.0668977476599572,0.16666666666666666,0.074535599249993,nan,0.0
landmark_gap_detour,delayed_gap_navigation,landmark_gap_detour,vector,temporal_dropout,reservoir_sparse,,,,,6,0.5555555555555555,0.05555555555555556,0.19444444444444442,0.0795434503515353,nan,0.0
landmark_gap_detour,delayed_gap_navigation,landmark_gap_detour,vector,temporal_dropout,reservoir_symmetric,,,,,6,0.3333333333333333,0.060858061945018464,0.2777777777777778,0.03513641844631532,nan,0.0
landmark_gap_detour,delayed_gap_navigation,landmark_gap_detour,vector,temporal_full,lin_sequence_all_units_r3_l4,3,4,6,all_units,6,0.4444444444444444,0.05555555555555556,0.38888888888888884,0.035136418446315335,1.0,0.0
landmark_gap_detour,delayed_gap_navigation,landmark_gap_detour,vector,temporal_full,lin_sequence_front_bands_r1_l2,1,2,2,front_bands,6,0.4166666666666667,0.0372677996249965,0.3333333333333333,0.0,1.0,0.0
landmark_gap_detour,delayed_gap_navigation,landmark_gap_detour,vector,temporal_full,lin_sequence_front_bands_r1_l4,1,4,4,front_bands,6,0.5833333333333334,0.07136240321480629,0.3333333333333333,0.0,1.0,0.0
landmark_gap_detour,delayed_gap_navigation,landmark_gap_detour,vector,temporal_full,lin_sequence_front_bands_r1_l8,1,8,8,front_bands,6,1.0,0.0,1.0,0.0,0.888888888888889,0.03513641844631532
landmark_gap_detour,delayed_gap_navigation,landmark_gap_detour,vector,temporal_full,lin_sequence_front_bands_r3_l2,3,2,4,front_bands,6,0.5000000000000001,0.074535599249993,0.3333333333333333,0.0,0.9722222222222223,0.02777777777777777
landmark_gap_detour,delayed_gap_navigation,landmark_gap_detour,vector,temporal_full,lin_sequence_front_bands_r3_l4,3,4,6,front_bands,6,0.5277777777777778,0.0668977476599572,0.4166666666666667,0.0569275042553311,1.0,0.0
landmark_gap_detour,delayed_gap_navigation,landmark_gap_detour,vector,temporal_full,lin_sequence_front_bands_r3_l8,3,8,10,front_bands,6,0.7777777777777778,0.10243938285880988,0.75,0.1031898645611484,0.75,0.05692750425533112
landmark_gap_detour,delayed_gap_navigation,landmark_gap_detour,vector,temporal_full,lin_sequence_front_bands_r5_l2,5,2,6,front_bands,6,0.5277777777777778,0.10015420209622194,0.4444444444444444,0.11111111111111112,1.0,0.0
landmark_gap_detour,delayed_gap_navigation,landmark_gap_detour,vector,temporal_full,lin_sequence_front_bands_r5_l4,5,4,8,front_bands,6,0.8888888888888888,0.07027283689263067,0.8888888888888888,0.07027283689263067,1.0,0.0
landmark_gap_detour,delayed_gap_navigation,landmark_gap_detour,vector,temporal_full,lin_sequence_front_bands_r5_l8,5,8,12,front_bands,6,0.8611111111111112,0.02777777777777777,0.7777777777777778,0.07027283689263066,0.9166666666666666,0.056927504255331114
landmark_gap_detour,delayed_gap_navigation,landmark_gap_detour,vector,temporal_full,memoryless_linear,,,,,2,0.3333333333333333,0.16666666666666666,0.25,0.08333333333333333,nan,0.0
landmark_gap_detour,delayed_gap_navigation,landmark_gap_detour,vector,temporal_full,memoryless_mlp,,,,,2,0.3333333333333333,0.16666666666666666,0.25,0.08333333333333333,nan,0.0
landmark_gap_detour,delayed_gap_navigation,landmark_gap_detour,vector,temporal_full,numpy_rnn,,,,,2,0.3333333333333333,0.0,0.0,0.0,nan,0.0
landmark_gap_detour,delayed_gap_navigation,landmark_gap_detour,vector,temporal_full,reservoir_block_hybrid,,,,,6,0.6944444444444443,0.06689774765995721,0.5277777777777778,0.10015420209622194,nan,0.0
landmark_gap_detour,delayed_gap_navigation,landmark_gap_detour,vector,temporal_full,reservoir_diagonal,,,,,6,0.4166666666666667,0.0372677996249965,0.3333333333333333,0.0,nan,0.0
landmark_gap_detour,delayed_gap_navigation,landmark_gap_detour,vector,temporal_full,reservoir_low_rank,,,,,6,0.5277777777777778,0.051219691429404926,0.3611111111111111,0.027777777777777787,nan,0.0
landmark_gap_detour,delayed_gap_navigation,landmark_gap_detour,vector,temporal_full,reservoir_nilpotent,,,,,6,0.75,0.08333333333333334,0.6666666666666666,0.10540925533894598,nan,0.0
landmark_gap_detour,delayed_gap_navigation,landmark_gap_detour,vector,temporal_full,reservoir_orthogonal,,,,,6,0.611111111111111,0.03513641844631532,0.5277777777777778,0.02777777777777777,nan,0.0
landmark_gap_detour,delayed_gap_navigation,landmark_gap_detour,vector,temporal_full,reservoir_oscillatory,,,,,6,0.5,0.04303314829119352,0.3611111111111111,0.027777777777777787,nan,0.0
landmark_gap_detour,delayed_gap_navigation,landmark_gap_detour,vector,temporal_full,reservoir_random,,,,,6,0.6388888888888888,0.02777777777777777,0.5,0.06085806194501845,nan,0.0
landmark_gap_detour,delayed_gap_navigation,landmark_gap_detour,vector,temporal_full,reservoir_sparse,,,,,6,0.5555555555555555,0.07027283689263066,0.4444444444444445,0.08240220541217405,nan,0.0
landmark_gap_detour,delayed_gap_navigation,landmark_gap_detour,vector,temporal_full,reservoir_symmetric,,,,,6,0.4166666666666667,0.0372677996249965,0.3333333333333333,0.0,nan,0.0
shortcut_route_choice,shortcut_route_navigation,shortcut_route_memory,egocentric_landmark,temporal_cue_then_blank,lin_sequence_all_units_r3_l4,3,4,6,all_units,6,0.6999999999999998,0.08563488385776753,0.4666666666666666,0.06666666666666668,0.5333333333333333,0.06666666666666667
shortcut_route_choice,shortcut_route_navigation,shortcut_route_memory,egocentric_landmark,temporal_cue_then_blank,lin_sequence_front_bands_r1_l2,1,2,2,front_bands,6,0.6,0.0,0.0,0.0,0.3,0.0447213595499958
shortcut_route_choice,shortcut_route_navigation,shortcut_route_memory,egocentric_landmark,temporal_cue_then_blank,lin_sequence_front_bands_r1_l4,1,4,4,front_bands,6,0.7999999999999999,4.965068306494546e-17,0.19999999999999998,1.2412670766236365e-17,0.19999999999999998,1.2412670766236365e-17
shortcut_route_choice,shortcut_route_navigation,shortcut_route_memory,egocentric_landmark,temporal_cue_then_blank,lin_sequence_front_bands_r1_l8,1,8,8,front_bands,6,1.0,0.0,0.6,0.0894427190999916,0.5333333333333333,0.08432740427115679
shortcut_route_choice,shortcut_route_navigation,shortcut_route_memory,egocentric_landmark,temporal_cue_then_blank,lin_sequence_front_bands_r3_l2,3,2,4,front_bands,6,0.7333333333333333,0.042163702135578414,0.19999999999999998,1.2412670766236365e-17,0.19999999999999998,1.2412670766236365e-17
shortcut_route_choice,shortcut_route_navigation,shortcut_route_memory,egocentric_landmark,temporal_cue_then_blank,lin_sequence_front_bands_r3_l4,3,4,6,front_bands,6,0.7999999999999999,0.05163977794943224,0.4666666666666666,0.06666666666666668,0.4666666666666666,0.042163702135578386
shortcut_route_choice,shortcut_route_navigation,shortcut_route_memory,egocentric_landmark,temporal_cue_then_blank,lin_sequence_front_bands_r3_l8,3,8,10,front_bands,6,1.0,0.0,0.6,0.0894427190999916,0.49999999999999994,0.10000000000000002
shortcut_route_choice,shortcut_route_navigation,shortcut_route_memory,egocentric_landmark,temporal_cue_then_blank,lin_sequence_front_bands_r5_l2,5,2,6,front_bands,6,0.6666666666666666,0.08432740427115679,0.49999999999999994,0.06831300510639735,0.5666666666666668,0.06146362971528592
shortcut_route_choice,shortcut_route_navigation,shortcut_route_memory,egocentric_landmark,temporal_cue_then_blank,lin_sequence_front_bands_r5_l4,5,4,8,front_bands,6,0.9333333333333332,0.042163702135578386,0.5666666666666667,0.08027729719194865,0.5333333333333333,0.042163702135578386
shortcut_route_choice,shortcut_route_navigation,shortcut_route_memory,egocentric_landmark,temporal_cue_then_blank,lin_sequence_front_bands_r5_l8,5,8,12,front_bands,6,1.0,0.0,0.6,0.0894427190999916,0.5666666666666668,0.06146362971528592
shortcut_route_choice,shortcut_route_navigation,shortcut_route_memory,egocentric_landmark,temporal_cue_then_blank,memoryless_linear,,,,,2,0.6,0.0,0.0,0.0,nan,0.0
shortcut_route_choice,shortcut_route_navigation,shortcut_route_memory,egocentric_landmark,temporal_cue_then_blank,memoryless_mlp,,,,,2,0.6,0.0,0.0,0.0,nan,0.0
shortcut_route_choice,shortcut_route_navigation,shortcut_route_memory,egocentric_landmark,temporal_cue_then_blank,numpy_rnn,,,,,2,0.6,0.0,0.0,0.0,nan,0.0
shortcut_route_choice,shortcut_route_navigation,shortcut_route_memory,egocentric_landmark,temporal_cue_then_blank,reservoir_block_hybrid,,,,,6,0.9333333333333332,0.042163702135578386,0.6,0.0894427190999916,nan,0.0
shortcut_route_choice,shortcut_route_navigation,shortcut_route_memory,egocentric_landmark,temporal_cue_then_blank,reservoir_diagonal,,,,,6,0.7999999999999999,4.965068306494546e-17,0.39999999999999997,2.482534153247273e-17,nan,0.0
shortcut_route_choice,shortcut_route_navigation,shortcut_route_memory,egocentric_landmark,temporal_cue_then_blank,reservoir_low_rank,,,,,6,0.7000000000000001,0.04472135954999581,0.3333333333333333,0.04216370213557839,nan,0.0
shortcut_route_choice,shortcut_route_navigation,shortcut_route_memory,egocentric_landmark,temporal_cue_then_blank,reservoir_nilpotent,,,,,6,0.9666666666666667,0.033333333333333326,0.5666666666666667,0.08027729719194865,nan,0.0
shortcut_route_choice,shortcut_route_navigation,shortcut_route_memory,egocentric_landmark,temporal_cue_then_blank,reservoir_orthogonal,,,,,6,1.0,0.0,0.6,0.0894427190999916,nan,0.0
shortcut_route_choice,shortcut_route_navigation,shortcut_route_memory,egocentric_landmark,temporal_cue_then_blank,reservoir_oscillatory,,,,,6,0.6666666666666666,0.042163702135578414,0.49999999999999994,0.04472135954999579,nan,0.0
shortcut_route_choice,shortcut_route_navigation,shortcut_route_memory,egocentric_landmark,temporal_cue_then_blank,reservoir_random,,,,,6,0.7999999999999999,0.07302967433402216,0.4666666666666666,0.06666666666666668,nan,0.0
shortcut_route_choice,shortcut_route_navigation,shortcut_route_memory,egocentric_landmark,temporal_cue_then_blank,reservoir_sparse,,,,,6,0.8999999999999999,0.06831300510639735,0.6,0.0894427190999916,nan,0.0
shortcut_route_choice,shortcut_route_navigation,shortcut_route_memory,egocentric_landmark,temporal_cue_then_blank,reservoir_symmetric,,,,,6,0.7333333333333333,0.06666666666666668,0.39999999999999997,2.482534153247273e-17,nan,0.0
shortcut_route_choice,shortcut_route_navigation,shortcut_route_memory,egocentric_landmark,temporal_dropout,lin_sequence_all_units_r3_l4,3,4,6,all_units,6,0.7666666666666666,0.06146362971528593,0.3666666666666667,0.03333333333333334,0.6,0.07302967433402216
shortcut_route_choice,shortcut_route_navigation,shortcut_route_memory,egocentric_landmark,temporal_dropout,lin_sequence_front_bands_r1_l2,1,2,2,front_bands,6,0.5333333333333333,0.06666666666666667,0.13333333333333333,0.04216370213557839,0.3,0.0447213595499958
shortcut_route_choice,shortcut_route_navigation,shortcut_route_memory,egocentric_landmark,temporal_dropout,lin_sequence_front_bands_r1_l4,1,4,4,front_bands,6,0.6333333333333334,0.03333333333333335,0.39999999999999997,2.482534153247273e-17,0.6,0.0894427190999916
shortcut_route_choice,shortcut_route_navigation,shortcut_route_memory,egocentric_landmark,temporal_dropout,lin_sequence_front_bands_r1_l8,1,8,8,front_bands,6,0.8666666666666667,0.06666666666666667,0.43333333333333335,0.06146362971528592,0.5333333333333333,0.09888264649460886
shortcut_route_choice,shortcut_route_navigation,shortcut_route_memory,egocentric_landmark,temporal_dropout,lin_sequence_front_bands_r3_l2,3,2,4,front_bands,6,0.6000000000000001,0.05163977794943224,0.36666666666666664,0.03333333333333333,0.7000000000000001,0.04472135954999581
shortcut_route_choice,shortcut_route_navigation,shortcut_route_memory,egocentric_landmark,temporal_dropout,lin_sequence_front_bands_r3_l4,3,4,6,front_bands,6,0.8333333333333334,0.033333333333333326,0.3666666666666667,0.03333333333333334,0.6666666666666666,0.06666666666666668
shortcut_route_choice,shortcut_route_navigation,shortcut_route_memory,egocentric_landmark,temporal_dropout,lin_sequence_front_bands_r3_l8,3,8,10,front_bands,6,0.8333333333333334,0.033333333333333326,0.36666666666666664,0.06146362971528592,0.43333333333333335,0.09545214042184237
shortcut_route_choice,shortcut_route_navigation,shortcut_route_memory,egocentric_landmark,temporal_dropout,lin_sequence_front_bands_r5_l2,5,2,6,front_bands,6,0.7666666666666666,0.06146362971528593,0.4666666666666666,0.042163702135578386,0.6666666666666669,0.06666666666666668
shortcut_route_choice,shortcut_route_navigation,shortcut_route_memory,egocentric_landmark,temporal_dropout,lin_sequence_front_bands_r5_l4,5,4,8,front_bands,6,0.9666666666666667,0.033333333333333326,0.49999999999999994,0.04472135954999579,0.6333333333333334,0.06146362971528593
shortcut_route_choice,shortcut_route_navigation,shortcut_route_memory,egocentric_landmark,temporal_dropout,lin_sequence_front_bands_r5_l8,5,8,12,front_bands,6,0.8333333333333334,0.06146362971528592,0.46666666666666673,0.09888264649460884,0.43333333333333335,0.09545214042184237
shortcut_route_choice,shortcut_route_navigation,shortcut_route_memory,egocentric_landmark,temporal_dropout,memoryless_linear,,,,,2,0.6,0.0,0.0,0.0,nan,0.0
shortcut_route_choice,shortcut_route_navigation,shortcut_route_memory,egocentric_landmark,temporal_dropout,memoryless_mlp,,,,,2,0.6,0.0,0.0,0.0,nan,0.0
shortcut_route_choice,shortcut_route_navigation,shortcut_route_memory,egocentric_landmark,temporal_dropout,numpy_rnn,,,,,2,0.6,0.0,0.0,0.0,nan,0.0
shortcut_route_choice,shortcut_route_navigation,shortcut_route_memory,egocentric_landmark,temporal_dropout,reservoir_block_hybrid,,,,,6,0.7666666666666666,0.09545214042184236,0.39999999999999997,0.07302967433402215,nan,0.0
shortcut_route_choice,shortcut_route_navigation,shortcut_route_memory,egocentric_landmark,temporal_dropout,reservoir_diagonal,,,,,6,0.8333333333333334,0.06146362971528592,0.39999999999999997,0.051639777949432225,nan,0.0
shortcut_route_choice,shortcut_route_navigation,shortcut_route_memory,egocentric_landmark,temporal_dropout,reservoir_low_rank,,,,,6,0.6000000000000001,0.0894427190999916,0.20000000000000004,0.05163977794943224,nan,0.0
shortcut_route_choice,shortcut_route_navigation,shortcut_route_memory,egocentric_landmark,temporal_dropout,reservoir_nilpotent,,,,,6,0.8666666666666667,0.06666666666666667,0.43333333333333335,0.06146362971528592,nan,0.0
shortcut_route_choice,shortcut_route_navigation,shortcut_route_memory,egocentric_landmark,temporal_dropout,reservoir_orthogonal,,,,,6,0.8666666666666667,0.06666666666666667,0.4333333333333333,0.033333333333333326,nan,0.0
shortcut_route_choice,shortcut_route_navigation,shortcut_route_memory,egocentric_landmark,temporal_dropout,reservoir_oscillatory,,,,,6,0.5666666666666668,0.06146362971528592,0.3,0.06831300510639735,nan,0.0
shortcut_route_choice,shortcut_route_navigation,shortcut_route_memory,egocentric_landmark,temporal_dropout,reservoir_random,,,,,6,0.8333333333333334,0.06146362971528592,0.4666666666666666,0.042163702135578386,nan,0.0
shortcut_route_choice,shortcut_route_navigation,shortcut_route_memory,egocentric_landmark,temporal_dropout,reservoir_sparse,,,,,6,0.7333333333333334,0.09888264649460884,0.39999999999999997,2.482534153247273e-17,nan,0.0
shortcut_route_choice,shortcut_route_navigation,shortcut_route_memory,egocentric_landmark,temporal_dropout,reservoir_symmetric,,,,,6,0.7000000000000001,0.04472135954999581,0.4333333333333333,0.033333333333333326,nan,0.0
shortcut_route_choice,shortcut_route_navigation,shortcut_route_memory,egocentric_landmark,temporal_full,lin_sequence_all_units_r3_l4,3,4,6,all_units,6,0.9666666666666667,0.033333333333333326,0.6,0.0894427190999916,0.7999999999999999,0.07302967433402216
shortcut_route_choice,shortcut_route_navigation,shortcut_route_memory,egocentric_landmark,temporal_full,lin_sequence_front_bands_r1_l2,1,2,2,front_bands,6,0.7999999999999999,4.965068306494546e-17,0.26666666666666666,0.06666666666666667,0.6333333333333333,0.03333333333333335
shortcut_route_choice,shortcut_route_navigation,shortcut_route_memory,egocentric_landmark,temporal_full,lin_sequence_front_bands_r1_l4,1,4,4,front_bands,6,0.9333333333333332,0.042163702135578386,0.6,0.0894427190999916,0.7333333333333334,0.042163702135578414
shortcut_route_choice,shortcut_route_navigation,shortcut_route_memory,egocentric_landmark,temporal_full,lin_sequence_front_bands_r1_l8,1,8,8,front_bands,6,1.0,0.0,0.6,0.0894427190999916,0.7666666666666667,0.03333333333333335
shortcut_route_choice,shortcut_route_navigation,shortcut_route_memory,egocentric_landmark,temporal_full,lin_sequence_front_bands_r3_l2,3,2,4,front_bands,6,0.8999999999999999,0.06831300510639735,0.6,0.0894427190999916,0.7333333333333333,0.042163702135578414
shortcut_route_choice,shortcut_route_navigation,shortcut_route_memory,egocentric_landmark,temporal_full,lin_sequence_front_bands_r3_l4,3,4,6,front_bands,6,1.0,0.0,0.6,0.0894427190999916,0.7000000000000001,0.04472135954999581
shortcut_route_choice,shortcut_route_navigation,shortcut_route_memory,egocentric_landmark,temporal_full,lin_sequence_front_bands_r3_l8,3,8,10,front_bands,6,1.0,0.0,0.6,0.0894427190999916,0.7000000000000001,0.08563488385776753
shortcut_route_choice,shortcut_route_navigation,shortcut_route_memory,egocentric_landmark,temporal_full,lin_sequence_front_bands_r5_l2,5,2,6,front_bands,6,1.0,0.0,0.6,0.0894427190999916,0.7999999999999999,0.05163977794943224
shortcut_route_choice,shortcut_route_navigation,shortcut_route_memory,egocentric_landmark,temporal_full,lin_sequence_front_bands_r5_l4,5,4,8,front_bands,6,1.0,0.0,0.6,0.0894427190999916,0.6666666666666666,0.042163702135578414
shortcut_route_choice,shortcut_route_navigation,shortcut_route_memory,egocentric_landmark,temporal_full,lin_sequence_front_bands_r5_l8,5,8,12,front_bands,6,1.0,0.0,0.6,0.0894427190999916,0.6666666666666666,0.06666666666666668
shortcut_route_choice,shortcut_route_navigation,shortcut_route_memory,egocentric_landmark,temporal_full,memoryless_linear,,,,,2,0.8,0.0,0.2,0.0,nan,0.0
shortcut_route_choice,shortcut_route_navigation,shortcut_route_memory,egocentric_landmark,temporal_full,memoryless_mlp,,,,,2,0.8,0.0,0.2,0.0,nan,0.0
shortcut_route_choice,shortcut_route_navigation,shortcut_route_memory,egocentric_landmark,temporal_full,numpy_rnn,,,,,2,0.6,0.0,0.0,0.0,nan,0.0
shortcut_route_choice,shortcut_route_navigation,shortcut_route_memory,egocentric_landmark,temporal_full,reservoir_block_hybrid,,,,,6,0.9333333333333332,0.042163702135578386,0.5666666666666667,0.08027729719194865,nan,0.0
shortcut_route_choice,shortcut_route_navigation,shortcut_route_memory,egocentric_landmark,temporal_full,reservoir_diagonal,,,,,6,0.7666666666666666,0.10852547064066474,0.6,0.0894427190999916,nan,0.0
shortcut_route_choice,shortcut_route_navigation,shortcut_route_memory,egocentric_landmark,temporal_full,reservoir_low_rank,,,,,6,0.8999999999999999,0.04472135954999579,0.5333333333333333,0.06666666666666667,nan,0.0
shortcut_route_choice,shortcut_route_navigation,shortcut_route_memory,egocentric_landmark,temporal_full,reservoir_nilpotent,,,,,6,1.0,0.0,0.6,0.0894427190999916,nan,0.0
shortcut_route_choice,shortcut_route_navigation,shortcut_route_memory,egocentric_landmark,temporal_full,reservoir_orthogonal,,,,,6,1.0,0.0,0.6,0.0894427190999916,nan,0.0
shortcut_route_choice,shortcut_route_navigation,shortcut_route_memory,egocentric_landmark,temporal_full,reservoir_oscillatory,,,,,6,0.7000000000000001,0.08563488385776753,0.5666666666666667,0.08027729719194865,nan,0.0
shortcut_route_choice,shortcut_route_navigation,shortcut_route_memory,egocentric_landmark,temporal_full,reservoir_random,,,,,6,0.9333333333333332,0.042163702135578386,0.6,0.0894427190999916,nan,0.0
shortcut_route_choice,shortcut_route_navigation,shortcut_route_memory,egocentric_landmark,temporal_full,reservoir_sparse,,,,,6,0.9333333333333332,0.042163702135578386,0.5666666666666667,0.08027729719194865,nan,0.0
shortcut_route_choice,shortcut_route_navigation,shortcut_route_memory,egocentric_landmark,temporal_full,reservoir_symmetric,,,,,6,0.8999999999999999,0.04472135954999579,0.5666666666666667,0.08027729719194865,nan,0.0
shortcut_route_choice,shortcut_route_navigation,shortcut_route_memory,hybrid,temporal_cue_then_blank,lin_sequence_all_units_r3_l4,3,4,6,all_units,6,0.7000000000000001,0.06831300510639735,0.4666666666666666,0.06666666666666668,0.6333333333333333,0.06146362971528593
shortcut_route_choice,shortcut_route_navigation,shortcut_route_memory,hybrid,temporal_cue_then_blank,lin_sequence_front_bands_r1_l2,1,2,2,front_bands,6,0.43333333333333335,0.06146362971528592,0.3,0.0447213595499958,0.9333333333333332,0.042163702135578386
shortcut_route_choice,shortcut_route_navigation,shortcut_route_memory,hybrid,temporal_cue_then_blank,lin_sequence_front_bands_r1_l4,1,4,4,front_bands,6,0.5666666666666667,0.10852547064066471,0.39999999999999997,2.482534153247273e-17,0.7666666666666666,0.1201850425154663
shortcut_route_choice,shortcut_route_navigation,shortcut_route_memory,hybrid,temporal_cue_then_blank,lin_sequence_front_bands_r1_l8,1,8,8,front_bands,6,1.0,0.0,0.6,0.0894427190999916,0.5333333333333333,0.06666666666666667
shortcut_route_choice,shortcut_route_navigation,shortcut_route_memory,hybrid,temporal_cue_then_blank,lin_sequence_front_bands_r3_l2,3,2,4,front_bands,6,0.6,0.07302967433402216,0.39999999999999997,2.482534153247273e-17,0.7999999999999999,0.0894427190999916
shortcut_route_choice,shortcut_route_navigation,shortcut_route_memory,hybrid,temporal_cue_then_blank,lin_sequence_front_bands_r3_l4,3,4,6,front_bands,6,0.7333333333333334,0.09888264649460884,0.4666666666666666,0.06666666666666668,0.7000000000000001,0.08563488385776753
shortcut_route_choice,shortcut_route_navigation,shortcut_route_memory,hybrid,temporal_cue_then_blank,lin_sequence_front_bands_r3_l8,3,8,10,front_bands,6,1.0,0.0,0.6,0.0894427190999916,0.7666666666666666,0.08027729719194865
shortcut_route_choice,shortcut_route_navigation,shortcut_route_memory,hybrid,temporal_cue_then_blank,lin_sequence_front_bands_r5_l2,5,2,6,front_bands,6,0.7333333333333333,0.08432740427115679,0.4666666666666666,0.06666666666666668,0.7666666666666666,0.10852547064066471
shortcut_route_choice,shortcut_route_navigation,shortcut_route_memory,hybrid,temporal_cue_then_blank,lin_sequence_front_bands_r5_l4,5,4,8,front_bands,6,0.9333333333333332,0.042163702135578386,0.5333333333333333,0.0843274042711568,0.7333333333333333,0.09888264649460884
shortcut_route_choice,shortcut_route_navigation,shortcut_route_memory,hybrid,temporal_cue_then_blank,lin_sequence_front_bands_r5_l8,5,8,12,front_bands,6,1.0,0.0,0.6,0.0894427190999916,0.6,0.0894427190999916
shortcut_route_choice,shortcut_route_navigation,shortcut_route_memory,hybrid,temporal_cue_then_blank,memoryless_linear,,,,,2,0.4,0.19999999999999998,0.1,0.1,nan,0.0
shortcut_route_choice,shortcut_route_navigation,shortcut_route_memory,hybrid,temporal_cue_then_blank,memoryless_mlp,,,,,2,0.4,0.19999999999999998,0.1,0.1,nan,0.0
shortcut_route_choice,shortcut_route_navigation,shortcut_route_memory,hybrid,temporal_cue_then_blank,numpy_rnn,,,,,2,0.6,0.0,0.0,0.0,nan,0.0
shortcut_route_choice,shortcut_route_navigation,shortcut_route_memory,hybrid,temporal_cue_then_blank,reservoir_block_hybrid,,,,,6,0.8333333333333334,0.06146362971528592,0.5,0.06831300510639735,nan,0.0
shortcut_route_choice,shortcut_route_navigation,shortcut_route_memory,hybrid,temporal_cue_then_blank,reservoir_diagonal,,,,,6,0.7999999999999999,4.965068306494546e-17,0.4333333333333333,0.033333333333333326,nan,0.0
shortcut_route_choice,shortcut_route_navigation,shortcut_route_memory,hybrid,temporal_cue_then_blank,reservoir_low_rank,,,,,6,0.7000000000000001,0.1,0.39999999999999997,2.482534153247273e-17,nan,0.0
shortcut_route_choice,shortcut_route_navigation,shortcut_route_memory,hybrid,temporal_cue_then_blank,reservoir_nilpotent,,,,,6,0.9666666666666667,0.033333333333333326,0.5666666666666667,0.08027729719194865,nan,0.0
shortcut_route_choice,shortcut_route_navigation,shortcut_route_memory,hybrid,temporal_cue_then_blank,reservoir_orthogonal,,,,,6,0.9333333333333332,0.042163702135578386,0.5666666666666667,0.08027729719194865,nan,0.0
shortcut_route_choice,shortcut_route_navigation,shortcut_route_memory,hybrid,temporal_cue_then_blank,reservoir_oscillatory,,,,,6,0.6666666666666666,0.042163702135578414,0.49999999999999994,0.04472135954999579,nan,0.0
shortcut_route_choice,shortcut_route_navigation,shortcut_route_memory,hybrid,temporal_cue_then_blank,reservoir_random,,,,,6,0.6,0.0894427190999916,0.39999999999999997,2.482534153247273e-17,nan,0.0
shortcut_route_choice,shortcut_route_navigation,shortcut_route_memory,hybrid,temporal_cue_then_blank,reservoir_sparse,,,,,6,0.7666666666666666,0.09545214042184236,0.5666666666666667,0.08027729719194865,nan,0.0
shortcut_route_choice,shortcut_route_navigation,shortcut_route_memory,hybrid,temporal_cue_then_blank,reservoir_symmetric,,,,,6,0.7666666666666666,0.06146362971528593,0.39999999999999997,2.482534153247273e-17,nan,0.0
shortcut_route_choice,shortcut_route_navigation,shortcut_route_memory,hybrid,temporal_dropout,lin_sequence_all_units_r3_l4,3,4,6,all_units,6,0.4666666666666666,0.06666666666666667,0.26666666666666666,0.04216370213557839,0.6333333333333333,0.12018504251546633
shortcut_route_choice,shortcut_route_navigation,shortcut_route_memory,hybrid,temporal_dropout,lin_sequence_front_bands_r1_l2,1,2,2,front_bands,6,0.39999999999999997,0.051639777949432225,0.19999999999999998,1.2412670766236365e-17,0.8666666666666667,0.042163702135578386
shortcut_route_choice,shortcut_route_navigation,shortcut_route_memory,hybrid,temporal_dropout,lin_sequence_front_bands_r1_l4,1,4,4,front_bands,6,0.6,0.11547005383792516,0.3,0.0447213595499958,0.7999999999999999,0.10327955589886445
shortcut_route_choice,shortcut_route_navigation,shortcut_route_memory,hybrid,temporal_dropout,lin_sequence_front_bands_r1_l8,1,8,8,front_bands,6,0.9333333333333332,0.042163702135578386,0.39999999999999997,0.051639777949432225,0.5,0.06831300510639732
shortcut_route_choice,shortcut_route_navigation,shortcut_route_memory,hybrid,temporal_dropout,lin_sequence_front_bands_r3_l2,3,2,4,front_bands,6,0.4666666666666666,0.11155467020454343,0.2333333333333333,0.06146362971528593,0.7999999999999999,0.05163977794943224
shortcut_route_choice,shortcut_route_navigation,shortcut_route_memory,hybrid,temporal_dropout,lin_sequence_front_bands_r3_l4,3,4,6,front_bands,6,0.6,0.05163977794943224,0.26666666666666666,0.04216370213557839,0.6333333333333333,0.12018504251546633
shortcut_route_choice,shortcut_route_navigation,shortcut_route_memory,hybrid,temporal_dropout,lin_sequence_front_bands_r3_l8,3,8,10,front_bands,6,0.8333333333333334,0.06146362971528592,0.43333333333333335,0.09545214042184237,0.43333333333333335,0.10852547064066474
shortcut_route_choice,shortcut_route_navigation,shortcut_route_memory,hybrid,temporal_dropout,lin_sequence_front_bands_r5_l2,5,2,6,front_bands,6,0.6666666666666666,0.06666666666666668,0.3333333333333334,0.06666666666666667,0.5,0.06831300510639732
shortcut_route_choice,shortcut_route_navigation,shortcut_route_memory,hybrid,temporal_dropout,lin_sequence_front_bands_r5_l4,5,4,8,front_bands,6,0.7000000000000001,0.06831300510639735,0.3,0.06831300510639735,0.6666666666666666,0.08432740427115679
shortcut_route_choice,shortcut_route_navigation,shortcut_route_memory,hybrid,temporal_dropout,lin_sequence_front_bands_r5_l8,5,8,12,front_bands,6,0.7333333333333334,0.06666666666666668,0.39999999999999997,0.07302967433402215,0.6,0.0894427190999916
shortcut_route_choice,shortcut_route_navigation,shortcut_route_memory,hybrid,temporal_dropout,memoryless_linear,,,,,2,0.7,0.3,0.30000000000000004,0.1,nan,0.0
shortcut_route_choice,shortcut_route_navigation,shortcut_route_memory,hybrid,temporal_dropout,memoryless_mlp,,,,,2,0.7,0.3,0.30000000000000004,0.1,nan,0.0
shortcut_route_choice,shortcut_route_navigation,shortcut_route_memory,hybrid,temporal_dropout,numpy_rnn,,,,,2,0.6,0.0,0.0,0.0,nan,0.0
shortcut_route_choice,shortcut_route_navigation,shortcut_route_memory,hybrid,temporal_dropout,reservoir_block_hybrid,,,,,6,0.7333333333333334,0.08432740427115679,0.36666666666666664,0.06146362971528592,nan,0.0
shortcut_route_choice,shortcut_route_navigation,shortcut_route_memory,hybrid,temporal_dropout,reservoir_diagonal,,,,,6,0.6666666666666666,0.0666666666666667,0.3,0.06831300510639735,nan,0.0
shortcut_route_choice,shortcut_route_navigation,shortcut_route_memory,hybrid,temporal_dropout,reservoir_low_rank,,,,,6,0.5333333333333333,0.09888264649460886,0.26666666666666666,0.04216370213557839,nan,0.0
shortcut_route_choice,shortcut_route_navigation,shortcut_route_memory,hybrid,temporal_dropout,reservoir_nilpotent,,,,,6,0.8333333333333334,0.06146362971528592,0.36666666666666664,0.06146362971528592,nan,0.0
shortcut_route_choice,shortcut_route_navigation,shortcut_route_memory,hybrid,temporal_dropout,reservoir_orthogonal,,,,,6,0.7666666666666666,0.03333333333333335,0.3333333333333333,0.08432740427115679,nan,0.0
shortcut_route_choice,shortcut_route_navigation,shortcut_route_memory,hybrid,temporal_dropout,reservoir_oscillatory,,,,,6,0.3,0.06831300510639735,0.19999999999999998,1.2412670766236365e-17,nan,0.0
shortcut_route_choice,shortcut_route_navigation,shortcut_route_memory,hybrid,temporal_dropout,reservoir_random,,,,,6,0.5333333333333333,0.1115546702045434,0.26666666666666666,0.04216370213557839,nan,0.0
shortcut_route_choice,shortcut_route_navigation,shortcut_route_memory,hybrid,temporal_dropout,reservoir_sparse,,,,,6,0.7000000000000001,0.13416407864998736,0.4000000000000001,0.07302967433402215,nan,0.0
shortcut_route_choice,shortcut_route_navigation,shortcut_route_memory,hybrid,temporal_dropout,reservoir_symmetric,,,,,6,0.8333333333333334,0.09545214042184236,0.3333333333333333,0.04216370213557839,nan,0.0
shortcut_route_choice,shortcut_route_navigation,shortcut_route_memory,hybrid,temporal_full,lin_sequence_all_units_r3_l4,3,4,6,all_units,6,0.8666666666666667,0.042163702135578386,0.49999999999999994,0.06831300510639735,0.9,0.04472135954999579
shortcut_route_choice,shortcut_route_navigation,shortcut_route_memory,hybrid,temporal_full,lin_sequence_front_bands_r1_l2,1,2,2,front_bands,6,0.8333333333333334,0.033333333333333326,0.5333333333333333,0.06666666666666667,1.0,0.0
shortcut_route_choice,shortcut_route_navigation,shortcut_route_memory,hybrid,temporal_full,lin_sequence_front_bands_r1_l4,1,4,4,front_bands,6,0.5666666666666667,0.06146362971528592,0.4666666666666666,0.042163702135578386,0.9666666666666667,0.033333333333333326
shortcut_route_choice,shortcut_route_navigation,shortcut_route_memory,hybrid,temporal_full,lin_sequence_front_bands_r1_l8,1,8,8,front_bands,6,1.0,0.0,0.6,0.0894427190999916,0.7000000000000001,0.1
shortcut_route_choice,shortcut_route_navigation,shortcut_route_memory,hybrid,temporal_full,lin_sequence_front_bands_r3_l2,3,2,4,front_bands,6,0.5333333333333333,0.042163702135578386,0.4333333333333333,0.033333333333333326,0.9666666666666667,0.033333333333333326
shortcut_route_choice,shortcut_route_navigation,shortcut_route_memory,hybrid,temporal_full,lin_sequence_front_bands_r3_l4,3,4,6,front_bands,6,1.0,0.0,0.6,0.0894427190999916,0.8333333333333334,0.10852547064066471
shortcut_route_choice,shortcut_route_navigation,shortcut_route_memory,hybrid,temporal_full,lin_sequence_front_bands_r3_l8,3,8,10,front_bands,6,1.0,0.0,0.6,0.0894427190999916,0.5666666666666667,0.06146362971528592
shortcut_route_choice,shortcut_route_navigation,shortcut_route_memory,hybrid,temporal_full,lin_sequence_front_bands_r5_l2,5,2,6,front_bands,6,0.9,0.06831300510639735,0.5333333333333333,0.06666666666666667,0.7333333333333334,0.06666666666666668
shortcut_route_choice,shortcut_route_navigation,shortcut_route_memory,hybrid,temporal_full,lin_sequence_front_bands_r5_l4,5,4,8,front_bands,6,1.0,0.0,0.6,0.0894427190999916,0.8666666666666667,0.042163702135578386
shortcut_route_choice,shortcut_route_navigation,shortcut_route_memory,hybrid,temporal_full,lin_sequence_front_bands_r5_l8,5,8,12,front_bands,6,1.0,0.0,0.6,0.0894427190999916,0.8999999999999999,0.06831300510639733
shortcut_route_choice,shortcut_route_navigation,shortcut_route_memory,hybrid,temporal_full,memoryless_linear,,,,,2,1.0,0.0,0.6000000000000001,0.2,nan,0.0
shortcut_route_choice,shortcut_route_navigation,shortcut_route_memory,hybrid,temporal_full,memoryless_mlp,,,,,2,1.0,0.0,0.6000000000000001,0.2,nan,0.0
shortcut_route_choice,shortcut_route_navigation,shortcut_route_memory,hybrid,temporal_full,numpy_rnn,,,,,2,0.6,0.0,0.0,0.0,nan,0.0
shortcut_route_choice,shortcut_route_navigation,shortcut_route_memory,hybrid,temporal_full,reservoir_block_hybrid,,,,,6,0.8333333333333334,0.033333333333333326,0.5666666666666667,0.08027729719194865,nan,0.0
shortcut_route_choice,shortcut_route_navigation,shortcut_route_memory,hybrid,temporal_full,reservoir_diagonal,,,,,6,0.9333333333333332,0.042163702135578386,0.6,0.0894427190999916,nan,0.0
shortcut_route_choice,shortcut_route_navigation,shortcut_route_memory,hybrid,temporal_full,reservoir_low_rank,,,,,6,0.6999999999999998,0.044721359549995815,0.49999999999999994,0.04472135954999579,nan,0.0
shortcut_route_choice,shortcut_route_navigation,shortcut_route_memory,hybrid,temporal_full,reservoir_nilpotent,,,,,6,0.9666666666666667,0.033333333333333326,0.6,0.0894427190999916,nan,0.0
shortcut_route_choice,shortcut_route_navigation,shortcut_route_memory,hybrid,temporal_full,reservoir_orthogonal,,,,,6,0.9333333333333332,0.042163702135578386,0.5666666666666667,0.08027729719194865,nan,0.0
shortcut_route_choice,shortcut_route_navigation,shortcut_route_memory,hybrid,temporal_full,reservoir_oscillatory,,,,,6,0.7666666666666667,0.03333333333333335,0.49999999999999994,0.04472135954999579,nan,0.0
shortcut_route_choice,shortcut_route_navigation,shortcut_route_memory,hybrid,temporal_full,reservoir_random,,,,,6,0.7999999999999999,0.05163977794943224,0.4666666666666666,0.06666666666666668,nan,0.0
shortcut_route_choice,shortcut_route_navigation,shortcut_route_memory,hybrid,temporal_full,reservoir_sparse,,,,,6,0.7666666666666666,0.08027729719194865,0.39999999999999997,2.482534153247273e-17,nan,0.0
shortcut_route_choice,shortcut_route_navigation,shortcut_route_memory,hybrid,temporal_full,reservoir_symmetric,,,,,6,0.8333333333333334,0.033333333333333326,0.5333333333333333,0.06666666666666667,nan,0.0
shortcut_route_choice,shortcut_route_navigation,shortcut_route_memory,sparse_aliased,temporal_cue_then_blank,lin_sequence_all_units_r3_l4,3,4,6,all_units,6,0.7000000000000001,0.08563488385776753,0.4333333333333333,0.033333333333333326,0.6999999999999998,0.06831300510639735
shortcut_route_choice,shortcut_route_navigation,shortcut_route_memory,sparse_aliased,temporal_cue_then_blank,lin_sequence_front_bands_r1_l2,1,2,2,front_bands,6,0.6,0.0,0.0,0.0,0.3,0.0447213595499958
shortcut_route_choice,shortcut_route_navigation,shortcut_route_memory,sparse_aliased,temporal_cue_then_blank,lin_sequence_front_bands_r1_l4,1,4,4,front_bands,6,0.7666666666666667,0.03333333333333335,0.19999999999999998,1.2412670766236365e-17,0.23333333333333336,0.03333333333333334
shortcut_route_choice,shortcut_route_navigation,shortcut_route_memory,sparse_aliased,temporal_cue_then_blank,lin_sequence_front_bands_r1_l8,1,8,8,front_bands,6,1.0,0.0,0.6,0.0894427190999916,0.4333333333333333,0.033333333333333326
shortcut_route_choice,shortcut_route_navigation,shortcut_route_memory,sparse_aliased,temporal_cue_then_blank,lin_sequence_front_bands_r3_l2,3,2,4,front_bands,6,0.5666666666666667,0.06146362971528592,0.19999999999999998,1.2412670766236365e-17,0.36666666666666664,0.03333333333333333
shortcut_route_choice,shortcut_route_navigation,shortcut_route_memory,sparse_aliased,temporal_cue_then_blank,lin_sequence_front_bands_r3_l4,3,4,6,front_bands,6,0.7999999999999999,0.0894427190999916,0.4666666666666666,0.06666666666666668,0.5666666666666667,0.06146362971528592
shortcut_route_choice,shortcut_route_navigation,shortcut_route_memory,sparse_aliased,temporal_cue_then_blank,lin_sequence_front_bands_r3_l8,3,8,10,front_bands,6,1.0,0.0,0.6,0.0894427190999916,0.4666666666666666,0.042163702135578386
shortcut_route_choice,shortcut_route_navigation,shortcut_route_memory,sparse_aliased,temporal_cue_then_blank,lin_sequence_front_bands_r5_l2,5,2,6,front_bands,6,0.6333333333333333,0.08027729719194865,0.49999999999999994,0.06831300510639735,0.7000000000000001,0.06831300510639735
shortcut_route_choice,shortcut_route_navigation,shortcut_route_memory,sparse_aliased,temporal_cue_then_blank,lin_sequence_front_bands_r5_l4,5,4,8,front_bands,6,1.0,0.0,0.6,0.0894427190999916,0.5666666666666668,0.10852547064066471
shortcut_route_choice,shortcut_route_navigation,shortcut_route_memory,sparse_aliased,temporal_cue_then_blank,lin_sequence_front_bands_r5_l8,5,8,12,front_bands,6,1.0,0.0,0.6,0.0894427190999916,0.5666666666666668,0.03333333333333333
shortcut_route_choice,shortcut_route_navigation,shortcut_route_memory,sparse_aliased,temporal_cue_then_blank,memoryless_linear,,,,,2,0.6,0.0,0.0,0.0,nan,0.0
shortcut_route_choice,shortcut_route_navigation,shortcut_route_memory,sparse_aliased,temporal_cue_then_blank,memoryless_mlp,,,,,2,0.6,0.0,0.0,0.0,nan,0.0
shortcut_route_choice,shortcut_route_navigation,shortcut_route_memory,sparse_aliased,temporal_cue_then_blank,numpy_rnn,,,,,2,0.6,0.0,0.0,0.0,nan,0.0
shortcut_route_choice,shortcut_route_navigation,shortcut_route_memory,sparse_aliased,temporal_cue_then_blank,reservoir_block_hybrid,,,,,6,0.7999999999999999,0.05163977794943224,0.4333333333333333,0.033333333333333326,nan,0.0
shortcut_route_choice,shortcut_route_navigation,shortcut_route_memory,sparse_aliased,temporal_cue_then_blank,reservoir_diagonal,,,,,6,0.7999999999999999,4.965068306494546e-17,0.39999999999999997,2.482534153247273e-17,nan,0.0
shortcut_route_choice,shortcut_route_navigation,shortcut_route_memory,sparse_aliased,temporal_cue_then_blank,reservoir_low_rank,,,,,6,0.7333333333333333,0.08432740427115679,0.5333333333333333,0.06666666666666667,nan,0.0
shortcut_route_choice,shortcut_route_navigation,shortcut_route_memory,sparse_aliased,temporal_cue_then_blank,reservoir_nilpotent,,,,,6,0.9333333333333332,0.042163702135578386,0.6,0.0894427190999916,nan,0.0
shortcut_route_choice,shortcut_route_navigation,shortcut_route_memory,sparse_aliased,temporal_cue_then_blank,reservoir_orthogonal,,,,,6,0.9,0.04472135954999579,0.49999999999999994,0.06831300510639735,nan,0.0
shortcut_route_choice,shortcut_route_navigation,shortcut_route_memory,sparse_aliased,temporal_cue_then_blank,reservoir_oscillatory,,,,,6,0.6666666666666666,0.06666666666666668,0.4666666666666666,0.042163702135578386,nan,0.0
shortcut_route_choice,shortcut_route_navigation,shortcut_route_memory,sparse_aliased,temporal_cue_then_blank,reservoir_random,,,,,6,0.7333333333333333,0.042163702135578414,0.4666666666666666,0.042163702135578386,nan,0.0
shortcut_route_choice,shortcut_route_navigation,shortcut_route_memory,sparse_aliased,temporal_cue_then_blank,reservoir_sparse,,,,,6,0.6666666666666666,0.06666666666666668,0.4666666666666666,0.042163702135578386,nan,0.0
shortcut_route_choice,shortcut_route_navigation,shortcut_route_memory,sparse_aliased,temporal_cue_then_blank,reservoir_symmetric,,,,,6,0.6999999999999998,0.04472135954999581,0.39999999999999997,2.482534153247273e-17,nan,0.0
shortcut_route_choice,shortcut_route_navigation,shortcut_route_memory,sparse_aliased,temporal_dropout,lin_sequence_all_units_r3_l4,3,4,6,all_units,6,0.6666666666666666,0.06666666666666668,0.19999999999999998,1.2412670766236365e-17,0.36666666666666664,0.06146362971528592
shortcut_route_choice,shortcut_route_navigation,shortcut_route_memory,sparse_aliased,temporal_dropout,lin_sequence_front_bands_r1_l2,1,2,2,front_bands,6,0.7999999999999999,4.965068306494546e-17,0.19999999999999998,1.2412670766236365e-17,0.3,0.0447213595499958
shortcut_route_choice,shortcut_route_navigation,shortcut_route_memory,sparse_aliased,temporal_dropout,lin_sequence_front_bands_r1_l4,1,4,4,front_bands,6,0.6666666666666666,0.06666666666666668,0.19999999999999998,1.2412670766236365e-17,0.26666666666666666,0.04216370213557839
shortcut_route_choice,shortcut_route_navigation,shortcut_route_memory,sparse_aliased,temporal_dropout,lin_sequence_front_bands_r1_l8,1,8,8,front_bands,6,0.7999999999999999,0.05163977794943224,0.19999999999999998,0.05163977794943224,0.26666666666666666,0.0421637021355784
shortcut_route_choice,shortcut_route_navigation,shortcut_route_memory,sparse_aliased,temporal_dropout,lin_sequence_front_bands_r3_l2,3,2,4,front_bands,6,0.6333333333333334,0.03333333333333335,0.19999999999999998,1.2412670766236365e-17,0.39999999999999997,0.051639777949432225
shortcut_route_choice,shortcut_route_navigation,shortcut_route_memory,sparse_aliased,temporal_dropout,lin_sequence_front_bands_r3_l4,3,4,6,front_bands,6,0.7333333333333333,0.042163702135578414,0.2333333333333333,0.03333333333333334,0.39999999999999997,0.051639777949432225
shortcut_route_choice,shortcut_route_navigation,shortcut_route_memory,sparse_aliased,temporal_dropout,lin_sequence_front_bands_r3_l8,3,8,10,front_bands,6,0.7999999999999999,0.0894427190999916,0.26666666666666666,0.06666666666666668,0.4000000000000001,0.07302967433402215
shortcut_route_choice,shortcut_route_navigation,shortcut_route_memory,sparse_aliased,temporal_dropout,lin_sequence_front_bands_r5_l2,5,2,6,front_bands,6,0.6666666666666666,0.042163702135578414,0.19999999999999998,1.2412670766236365e-17,0.3666666666666667,0.08027729719194864
shortcut_route_choice,shortcut_route_navigation,shortcut_route_memory,sparse_aliased,temporal_dropout,lin_sequence_front_bands_r5_l4,5,4,8,front_bands,6,0.8333333333333334,0.033333333333333326,0.2333333333333333,0.03333333333333334,0.36666666666666664,0.06146362971528592
shortcut_route_choice,shortcut_route_navigation,shortcut_route_memory,sparse_aliased,temporal_dropout,lin_sequence_front_bands_r5_l8,5,8,12,front_bands,6,0.7999999999999999,0.07302967433402216,0.3666666666666667,0.06146362971528592,0.39999999999999997,0.051639777949432225
shortcut_route_choice,shortcut_route_navigation,shortcut_route_memory,sparse_aliased,temporal_dropout,memoryless_linear,,,,,2,0.8,0.0,0.2,0.0,nan,0.0
shortcut_route_choice,shortcut_route_navigation,shortcut_route_memory,sparse_aliased,temporal_dropout,memoryless_mlp,,,,,2,0.8,0.0,0.2,0.0,nan,0.0
shortcut_route_choice,shortcut_route_navigation,shortcut_route_memory,sparse_aliased,temporal_dropout,numpy_rnn,,,,,2,0.6,0.0,0.0,0.0,nan,0.0
shortcut_route_choice,shortcut_route_navigation,shortcut_route_memory,sparse_aliased,temporal_dropout,reservoir_block_hybrid,,,,,6,0.6,0.0894427190999916,0.16666666666666666,0.03333333333333333,nan,0.0
shortcut_route_choice,shortcut_route_navigation,shortcut_route_memory,sparse_aliased,temporal_dropout,reservoir_diagonal,,,,,6,0.6333333333333334,0.09545214042184237,0.2333333333333333,0.03333333333333334,nan,0.0
shortcut_route_choice,shortcut_route_navigation,shortcut_route_memory,sparse_aliased,temporal_dropout,reservoir_low_rank,,,,,6,0.6666666666666666,0.0843274042711568,0.19999999999999998,1.2412670766236365e-17,nan,0.0
shortcut_route_choice,shortcut_route_navigation,shortcut_route_memory,sparse_aliased,temporal_dropout,reservoir_nilpotent,,,,,6,0.7666666666666666,0.06146362971528593,0.23333333333333336,0.06146362971528593,nan,0.0
shortcut_route_choice,shortcut_route_navigation,shortcut_route_memory,sparse_aliased,temporal_dropout,reservoir_orthogonal,,,,,6,0.7333333333333333,0.042163702135578414,0.2333333333333333,0.03333333333333334,nan,0.0
shortcut_route_choice,shortcut_route_navigation,shortcut_route_memory,sparse_aliased,temporal_dropout,reservoir_oscillatory,,,,,6,0.6333333333333334,0.03333333333333335,0.26666666666666666,0.04216370213557839,nan,0.0
shortcut_route_choice,shortcut_route_navigation,shortcut_route_memory,sparse_aliased,temporal_dropout,reservoir_random,,,,,6,0.6333333333333334,0.03333333333333335,0.2333333333333333,0.03333333333333334,nan,0.0
shortcut_route_choice,shortcut_route_navigation,shortcut_route_memory,sparse_aliased,temporal_dropout,reservoir_sparse,,,,,6,0.6,0.0894427190999916,0.19999999999999998,1.2412670766236365e-17,nan,0.0
shortcut_route_choice,shortcut_route_navigation,shortcut_route_memory,sparse_aliased,temporal_dropout,reservoir_symmetric,,,,,6,0.7333333333333333,0.042163702135578414,0.19999999999999998,1.2412670766236365e-17,nan,0.0
shortcut_route_choice,shortcut_route_navigation,shortcut_route_memory,sparse_aliased,temporal_full,lin_sequence_all_units_r3_l4,3,4,6,all_units,6,0.7666666666666667,0.08027729719194865,0.5333333333333333,0.06666666666666667,0.7333333333333334,0.09888264649460884
shortcut_route_choice,shortcut_route_navigation,shortcut_route_memory,sparse_aliased,temporal_full,lin_sequence_front_bands_r1_l2,1,2,2,front_bands,6,0.7666666666666667,0.03333333333333335,0.19999999999999998,1.2412670766236365e-17,0.3,0.0447213595499958
shortcut_route_choice,shortcut_route_navigation,shortcut_route_memory,sparse_aliased,temporal_full,lin_sequence_front_bands_r1_l4,1,4,4,front_bands,6,0.7999999999999999,4.965068306494546e-17,0.3333333333333333,0.08432740427115679,0.19999999999999998,1.2412670766236365e-17
shortcut_route_choice,shortcut_route_navigation,shortcut_route_memory,sparse_aliased,temporal_full,lin_sequence_front_bands_r1_l8,1,8,8,front_bands,6,1.0,0.0,0.6,0.0894427190999916,0.4666666666666666,0.042163702135578386
shortcut_route_choice,shortcut_route_navigation,shortcut_route_memory,sparse_aliased,temporal_full,lin_sequence_front_bands_r3_l2,3,2,4,front_bands,6,0.7999999999999999,4.965068306494546e-17,0.3333333333333333,0.08432740427115679,0.36666666666666664,0.06146362971528592
shortcut_route_choice,shortcut_route_navigation,shortcut_route_memory,sparse_aliased,temporal_full,lin_sequence_front_bands_r3_l4,3,4,6,front_bands,6,0.9666666666666667,0.033333333333333326,0.6,0.0894427190999916,0.5333333333333333,0.06666666666666667
shortcut_route_choice,shortcut_route_navigation,shortcut_route_memory,sparse_aliased,temporal_full,lin_sequence_front_bands_r3_l8,3,8,10,front_bands,6,1.0,0.0,0.6,0.0894427190999916,0.6666666666666666,0.09888264649460884
shortcut_route_choice,shortcut_route_navigation,shortcut_route_memory,sparse_aliased,temporal_full,lin_sequence_front_bands_r5_l2,5,2,6,front_bands,6,0.8666666666666667,0.06666666666666667,0.5666666666666667,0.08027729719194865,0.4666666666666666,0.042163702135578386
shortcut_route_choice,shortcut_route_navigation,shortcut_route_memory,sparse_aliased,temporal_full,lin_sequence_front_bands_r5_l4,5,4,8,front_bands,6,0.9,0.04472135954999579,0.5666666666666667,0.08027729719194865,0.5333333333333333,0.06666666666666667
shortcut_route_choice,shortcut_route_navigation,shortcut_route_memory,sparse_aliased,temporal_full,lin_sequence_front_bands_r5_l8,5,8,12,front_bands,6,0.9666666666666667,0.033333333333333326,0.5333333333333333,0.0843274042711568,0.6,0.0894427190999916
shortcut_route_choice,shortcut_route_navigation,shortcut_route_memory,sparse_aliased,temporal_full,memoryless_linear,,,,,2,0.8,0.0,0.2,0.0,nan,0.0
shortcut_route_choice,shortcut_route_navigation,shortcut_route_memory,sparse_aliased,temporal_full,memoryless_mlp,,,,,2,0.8,0.0,0.2,0.0,nan,0.0
shortcut_route_choice,shortcut_route_navigation,shortcut_route_memory,sparse_aliased,temporal_full,numpy_rnn,,,,,2,0.6,0.0,0.0,0.0,nan,0.0
shortcut_route_choice,shortcut_route_navigation,shortcut_route_memory,sparse_aliased,temporal_full,reservoir_block_hybrid,,,,,6,0.7333333333333334,0.06666666666666668,0.5,0.06831300510639735,nan,0.0
shortcut_route_choice,shortcut_route_navigation,shortcut_route_memory,sparse_aliased,temporal_full,reservoir_diagonal,,,,,6,0.8999999999999999,0.04472135954999579,0.5666666666666667,0.08027729719194865,nan,0.0
shortcut_route_choice,shortcut_route_navigation,shortcut_route_memory,sparse_aliased,temporal_full,reservoir_low_rank,,,,,6,0.7666666666666666,0.08027729719194865,0.4666666666666666,0.042163702135578386,nan,0.0
shortcut_route_choice,shortcut_route_navigation,shortcut_route_memory,sparse_aliased,temporal_full,reservoir_nilpotent,,,,,6,0.9666666666666667,0.033333333333333326,0.5666666666666667,0.08027729719194865,nan,0.0
shortcut_route_choice,shortcut_route_navigation,shortcut_route_memory,sparse_aliased,temporal_full,reservoir_orthogonal,,,,,6,0.8999999999999999,0.04472135954999579,0.5,0.06831300510639735,nan,0.0
shortcut_route_choice,shortcut_route_navigation,shortcut_route_memory,sparse_aliased,temporal_full,reservoir_oscillatory,,,,,6,0.7333333333333333,0.042163702135578414,0.4333333333333333,0.033333333333333326,nan,0.0
shortcut_route_choice,shortcut_route_navigation,shortcut_route_memory,sparse_aliased,temporal_full,reservoir_random,,,,,6,0.7666666666666666,0.06146362971528593,0.5333333333333333,0.06666666666666667,nan,0.0
shortcut_route_choice,shortcut_route_navigation,shortcut_route_memory,sparse_aliased,temporal_full,reservoir_sparse,,,,,6,0.8333333333333334,0.06146362971528592,0.5333333333333333,0.06666666666666667,nan,0.0
shortcut_route_choice,shortcut_route_navigation,shortcut_route_memory,sparse_aliased,temporal_full,reservoir_symmetric,,,,,6,0.8333333333333334,0.06146362971528592,0.5333333333333333,0.06666666666666667,nan,0.0
shortcut_route_choice,shortcut_route_navigation,shortcut_route_memory,vector,temporal_cue_then_blank,lin_sequence_all_units_r3_l4,3,4,6,all_units,6,0.6999999999999998,0.08563488385776753,0.39999999999999997,2.482534153247273e-17,0.7000000000000001,0.11254628677422757
shortcut_route_choice,shortcut_route_navigation,shortcut_route_memory,vector,temporal_cue_then_blank,lin_sequence_front_bands_r1_l2,1,2,2,front_bands,6,0.39999999999999997,0.08944271909999159,0.19999999999999998,1.2412670766236365e-17,1.0,0.0
shortcut_route_choice,shortcut_route_navigation,shortcut_route_memory,vector,temporal_cue_then_blank,lin_sequence_front_bands_r1_l4,1,4,4,front_bands,6,0.4666666666666666,0.08432740427115679,0.3,0.0447213595499958,0.8333333333333334,0.10852547064066474
shortcut_route_choice,shortcut_route_navigation,shortcut_route_memory,vector,temporal_cue_then_blank,lin_sequence_front_bands_r1_l8,1,8,8,front_bands,6,1.0,0.0,0.6,0.0894427190999916,0.5333333333333333,0.09888264649460884
shortcut_route_choice,shortcut_route_navigation,shortcut_route_memory,vector,temporal_cue_then_blank,lin_sequence_front_bands_r3_l2,3,2,4,front_bands,6,0.5333333333333333,0.06666666666666667,0.3,0.0447213595499958,0.8333333333333331,0.08027729719194865
shortcut_route_choice,shortcut_route_navigation,shortcut_route_memory,vector,temporal_cue_then_blank,lin_sequence_front_bands_r3_l4,3,4,6,front_bands,6,0.8333333333333334,0.06146362971528592,0.39999999999999997,2.482534153247273e-17,0.7666666666666667,0.06146362971528593
shortcut_route_choice,shortcut_route_navigation,shortcut_route_memory,vector,temporal_cue_then_blank,lin_sequence_front_bands_r3_l8,3,8,10,front_bands,6,1.0,0.0,0.6,0.0894427190999916,0.7000000000000001,0.13416407864998736
shortcut_route_choice,shortcut_route_navigation,shortcut_route_memory,vector,temporal_cue_then_blank,lin_sequence_front_bands_r5_l2,5,2,6,front_bands,6,0.7333333333333333,0.08432740427115679,0.39999999999999997,2.482534153247273e-17,0.8333333333333331,0.06146362971528592
shortcut_route_choice,shortcut_route_navigation,shortcut_route_memory,vector,temporal_cue_then_blank,lin_sequence_front_bands_r5_l4,5,4,8,front_bands,6,0.8666666666666667,0.042163702135578386,0.5,0.06831300510639735,0.7666666666666666,0.08027729719194865
shortcut_route_choice,shortcut_route_navigation,shortcut_route_memory,vector,temporal_cue_then_blank,lin_sequence_front_bands_r5_l8,5,8,12,front_bands,6,1.0,0.0,0.6,0.0894427190999916,0.6666666666666666,0.06666666666666668
shortcut_route_choice,shortcut_route_navigation,shortcut_route_memory,vector,temporal_cue_then_blank,memoryless_linear,,,,,2,0.4,0.19999999999999998,0.1,0.1,nan,0.0
shortcut_route_choice,shortcut_route_navigation,shortcut_route_memory,vector,temporal_cue_then_blank,memoryless_mlp,,,,,2,0.4,0.19999999999999998,0.1,0.1,nan,0.0
shortcut_route_choice,shortcut_route_navigation,shortcut_route_memory,vector,temporal_cue_then_blank,numpy_rnn,,,,,2,0.6,0.0,0.0,0.0,nan,0.0
shortcut_route_choice,shortcut_route_navigation,shortcut_route_memory,vector,temporal_cue_then_blank,reservoir_block_hybrid,,,,,6,0.7666666666666666,0.06146362971528593,0.5666666666666667,0.08027729719194865,nan,0.0
shortcut_route_choice,shortcut_route_navigation,shortcut_route_memory,vector,temporal_cue_then_blank,reservoir_diagonal,,,,,6,0.8999999999999999,0.04472135954999579,0.39999999999999997,2.482534153247273e-17,nan,0.0
shortcut_route_choice,shortcut_route_navigation,shortcut_route_memory,vector,temporal_cue_then_blank,reservoir_low_rank,,,,,6,0.7333333333333334,0.08432740427115679,0.3666666666666667,0.03333333333333334,nan,0.0
shortcut_route_choice,shortcut_route_navigation,shortcut_route_memory,vector,temporal_cue_then_blank,reservoir_nilpotent,,,,,6,0.9666666666666667,0.033333333333333326,0.6,0.0894427190999916,nan,0.0
shortcut_route_choice,shortcut_route_navigation,shortcut_route_memory,vector,temporal_cue_then_blank,reservoir_orthogonal,,,,,6,0.8999999999999999,0.04472135954999579,0.6,0.0894427190999916,nan,0.0
shortcut_route_choice,shortcut_route_navigation,shortcut_route_memory,vector,temporal_cue_then_blank,reservoir_oscillatory,,,,,6,0.6333333333333332,0.06146362971528593,0.43333333333333335,0.06146362971528592,nan,0.0
shortcut_route_choice,shortcut_route_navigation,shortcut_route_memory,vector,temporal_cue_then_blank,reservoir_random,,,,,6,0.8333333333333334,0.06146362971528592,0.5333333333333333,0.0843274042711568,nan,0.0
shortcut_route_choice,shortcut_route_navigation,shortcut_route_memory,vector,temporal_cue_then_blank,reservoir_sparse,,,,,6,0.6666666666666666,0.042163702135578414,0.4666666666666666,0.042163702135578386,nan,0.0
shortcut_route_choice,shortcut_route_navigation,shortcut_route_memory,vector,temporal_cue_then_blank,reservoir_symmetric,,,,,6,0.8666666666666667,0.042163702135578386,0.4666666666666666,0.06666666666666668,nan,0.0
shortcut_route_choice,shortcut_route_navigation,shortcut_route_memory,vector,temporal_dropout,lin_sequence_all_units_r3_l4,3,4,6,all_units,6,0.5333333333333333,0.042163702135578386,0.36666666666666664,0.03333333333333333,0.8000000000000002,0.0894427190999916
shortcut_route_choice,shortcut_route_navigation,shortcut_route_memory,vector,temporal_dropout,lin_sequence_front_bands_r1_l2,1,2,2,front_bands,6,0.3666666666666667,0.08027729719194865,0.26666666666666666,0.04216370213557839,1.0,0.0
shortcut_route_choice,shortcut_route_navigation,shortcut_route_memory,vector,temporal_dropout,lin_sequence_front_bands_r1_l4,1,4,4,front_bands,6,0.4666666666666666,0.042163702135578386,0.19999999999999998,1.2412670766236365e-17,0.8333333333333334,0.06146362971528592
shortcut_route_choice,shortcut_route_navigation,shortcut_route_memory,vector,temporal_dropout,lin_sequence_front_bands_r1_l8,1,8,8,front_bands,6,0.8333333333333334,0.06146362971528592,0.4666666666666666,0.06666666666666668,0.4000000000000001,0.07302967433402215
shortcut_route_choice,shortcut_route_navigation,shortcut_route_memory,vector,temporal_dropout,lin_sequence_front_bands_r3_l2,3,2,4,front_bands,6,0.36666666666666664,0.08027729719194864,0.16666666666666666,0.03333333333333334,0.9333333333333332,0.042163702135578386
shortcut_route_choice,shortcut_route_navigation,shortcut_route_memory,vector,temporal_dropout,lin_sequence_front_bands_r3_l4,3,4,6,front_bands,6,0.7000000000000001,0.06831300510639735,0.3333333333333333,0.0421637021355784,0.7333333333333334,0.09888264649460884
shortcut_route_choice,shortcut_route_navigation,shortcut_route_memory,vector,temporal_dropout,lin_sequence_front_bands_r3_l8,3,8,10,front_bands,6,0.7666666666666666,0.06146362971528593,0.49999999999999994,0.06831300510639735,0.8333333333333334,0.08027729719194865
shortcut_route_choice,shortcut_route_navigation,shortcut_route_memory,vector,temporal_dropout,lin_sequence_front_bands_r5_l2,5,2,6,front_bands,6,0.4666666666666666,0.06666666666666668,0.3333333333333333,0.0421637021355784,0.8000000000000002,0.07302967433402216
shortcut_route_choice,shortcut_route_navigation,shortcut_route_memory,vector,temporal_dropout,lin_sequence_front_bands_r5_l4,5,4,8,front_bands,6,0.7999999999999999,0.07302967433402216,0.3333333333333333,0.0421637021355784,0.7666666666666666,0.08027729719194865
shortcut_route_choice,shortcut_route_navigation,shortcut_route_memory,vector,temporal_dropout,lin_sequence_front_bands_r5_l8,5,8,12,front_bands,6,0.8666666666666666,0.06666666666666667,0.5333333333333333,0.08432740427115679,0.7000000000000001,0.08563488385776753
shortcut_route_choice,shortcut_route_navigation,shortcut_route_memory,vector,temporal_dropout,memoryless_linear,,,,,2,0.5,0.09999999999999998,0.1,0.1,nan,0.0
shortcut_route_choice,shortcut_route_navigation,shortcut_route_memory,vector,temporal_dropout,memoryless_mlp,,,,,2,0.5,0.09999999999999998,0.1,0.1,nan,0.0
shortcut_route_choice,shortcut_route_navigation,shortcut_route_memory,vector,temporal_dropout,numpy_rnn,,,,,2,0.6,0.0,0.0,0.0,nan,0.0
shortcut_route_choice,shortcut_route_navigation,shortcut_route_memory,vector,temporal_dropout,reservoir_block_hybrid,,,,,6,0.7000000000000001,0.08563488385776753,0.36666666666666664,0.03333333333333333,nan,0.0
shortcut_route_choice,shortcut_route_navigation,shortcut_route_memory,vector,temporal_dropout,reservoir_diagonal,,,,,6,0.9666666666666667,0.033333333333333326,0.4333333333333333,0.033333333333333326,nan,0.0
shortcut_route_choice,shortcut_route_navigation,shortcut_route_memory,vector,temporal_dropout,reservoir_low_rank,,,,,6,0.16666666666666666,0.09545214042184237,0.06666666666666667,0.04216370213557839,nan,0.0
shortcut_route_choice,shortcut_route_navigation,shortcut_route_memory,vector,temporal_dropout,reservoir_nilpotent,,,,,6,0.7999999999999999,0.05163977794943224,0.3333333333333333,0.0421637021355784,nan,0.0
shortcut_route_choice,shortcut_route_navigation,shortcut_route_memory,vector,temporal_dropout,reservoir_orthogonal,,,,,6,0.7333333333333334,0.06666666666666668,0.4333333333333333,0.06146362971528592,nan,0.0
shortcut_route_choice,shortcut_route_navigation,shortcut_route_memory,vector,temporal_dropout,reservoir_oscillatory,,,,,6,0.4333333333333334,0.08027729719194864,0.26666666666666666,0.04216370213557839,nan,0.0
shortcut_route_choice,shortcut_route_navigation,shortcut_route_memory,vector,temporal_dropout,reservoir_random,,,,,6,0.5666666666666667,0.06146362971528592,0.3333333333333333,0.0421637021355784,nan,0.0
shortcut_route_choice,shortcut_route_navigation,shortcut_route_memory,vector,temporal_dropout,reservoir_sparse,,,,,6,0.5,0.06831300510639735,0.36666666666666664,0.06146362971528592,nan,0.0
shortcut_route_choice,shortcut_route_navigation,shortcut_route_memory,vector,temporal_dropout,reservoir_symmetric,,,,,6,0.5,0.08563488385776753,0.3,0.0447213595499958,nan,0.0
shortcut_route_choice,shortcut_route_navigation,shortcut_route_memory,vector,temporal_full,lin_sequence_all_units_r3_l4,3,4,6,all_units,6,0.8666666666666667,0.06666666666666667,0.5666666666666667,0.08027729719194865,0.8999999999999999,0.04472135954999579
shortcut_route_choice,shortcut_route_navigation,shortcut_route_memory,vector,temporal_full,lin_sequence_front_bands_r1_l2,1,2,2,front_bands,6,0.7000000000000001,0.04472135954999581,0.3,0.0447213595499958,1.0,0.0
shortcut_route_choice,shortcut_route_navigation,shortcut_route_memory,vector,temporal_full,lin_sequence_front_bands_r1_l4,1,4,4,front_bands,6,0.6333333333333333,0.03333333333333335,0.39999999999999997,2.482534153247273e-17,0.9666666666666667,0.033333333333333326
shortcut_route_choice,shortcut_route_navigation,shortcut_route_memory,vector,temporal_full,lin_sequence_front_bands_r1_l8,1,8,8,front_bands,6,1.0,0.0,0.6,0.0894427190999916,1.0,0.0
shortcut_route_choice,shortcut_route_navigation,shortcut_route_memory,vector,temporal_full,lin_sequence_front_bands_r3_l2,3,2,4,front_bands,6,0.6666666666666666,0.08432740427115679,0.39999999999999997,2.482534153247273e-17,0.9333333333333332,0.042163702135578386
shortcut_route_choice,shortcut_route_navigation,shortcut_route_memory,vector,temporal_full,lin_sequence_front_bands_r3_l4,3,4,6,front_bands,6,0.9666666666666667,0.033333333333333326,0.6,0.0894427190999916,0.9333333333333332,0.042163702135578386
shortcut_route_choice,shortcut_route_navigation,shortcut_route_memory,vector,temporal_full,lin_sequence_front_bands_r3_l8,3,8,10,front_bands,6,1.0,0.0,0.6,0.0894427190999916,0.9666666666666667,0.033333333333333326
shortcut_route_choice,shortcut_route_navigation,shortcut_route_memory,vector,temporal_full,lin_sequence_front_bands_r5_l2,5,2,6,front_bands,6,0.6333333333333334,0.08027729719194865,0.4666666666666666,0.06666666666666668,0.9666666666666667,0.033333333333333326
shortcut_route_choice,shortcut_route_navigation,shortcut_route_memory,vector,temporal_full,lin_sequence_front_bands_r5_l4,5,4,8,front_bands,6,1.0,0.0,0.6,0.0894427190999916,1.0,0.0
shortcut_route_choice,shortcut_route_navigation,shortcut_route_memory,vector,temporal_full,lin_sequence_front_bands_r5_l8,5,8,12,front_bands,6,1.0,0.0,0.6,0.0894427190999916,0.8666666666666667,0.08432740427115679
shortcut_route_choice,shortcut_route_navigation,shortcut_route_memory,vector,temporal_full,memoryless_linear,,,,,2,0.6,0.0,0.2,0.0,nan,0.0
shortcut_route_choice,shortcut_route_navigation,shortcut_route_memory,vector,temporal_full,memoryless_mlp,,,,,2,0.6,0.0,0.2,0.0,nan,0.0
shortcut_route_choice,shortcut_route_navigation,shortcut_route_memory,vector,temporal_full,numpy_rnn,,,,,2,0.6,0.0,0.0,0.0,nan,0.0
shortcut_route_choice,shortcut_route_navigation,shortcut_route_memory,vector,temporal_full,reservoir_block_hybrid,,,,,6,0.8666666666666667,0.09888264649460884,0.5333333333333333,0.08432740427115679,nan,0.0
shortcut_route_choice,shortcut_route_navigation,shortcut_route_memory,vector,temporal_full,reservoir_diagonal,,,,,6,0.8999999999999999,0.04472135954999579,0.5333333333333333,0.08432740427115679,nan,0.0
shortcut_route_choice,shortcut_route_navigation,shortcut_route_memory,vector,temporal_full,reservoir_low_rank,,,,,6,0.8666666666666667,0.06666666666666667,0.5333333333333333,0.08432740427115679,nan,0.0
shortcut_route_choice,shortcut_route_navigation,shortcut_route_memory,vector,temporal_full,reservoir_nilpotent,,,,,6,1.0,0.0,0.6,0.0894427190999916,nan,0.0
shortcut_route_choice,shortcut_route_navigation,shortcut_route_memory,vector,temporal_full,reservoir_orthogonal,,,,,6,0.9333333333333332,0.042163702135578386,0.6,0.0894427190999916,nan,0.0
shortcut_route_choice,shortcut_route_navigation,shortcut_route_memory,vector,temporal_full,reservoir_oscillatory,,,,,6,0.7000000000000001,0.06831300510639735,0.49999999999999994,0.04472135954999579,nan,0.0
shortcut_route_choice,shortcut_route_navigation,shortcut_route_memory,vector,temporal_full,reservoir_random,,,,,6,0.7999999999999999,0.05163977794943224,0.5333333333333333,0.08432740427115679,nan,0.0
shortcut_route_choice,shortcut_route_navigation,shortcut_route_memory,vector,temporal_full,reservoir_sparse,,,,,6,0.9666666666666667,0.033333333333333326,0.5333333333333333,0.08432740427115679,nan,0.0
shortcut_route_choice,shortcut_route_navigation,shortcut_route_memory,vector,temporal_full,reservoir_symmetric,,,,,6,0.7666666666666666,0.03333333333333335,0.39999999999999997,2.482534153247273e-17,nan,0.0
torus_lattice,metric_commutative,metric_landmark,egocentric_landmark,temporal_cue_then_blank,lin_sequence_all_units_r3_l4,3,4,6,all_units,6,0.16666666666666663,0.02380952380952381,0.2738095238095238,0.03409005015065799,nan,0.0
torus_lattice,metric_commutative,metric_landmark,egocentric_landmark,temporal_cue_then_blank,lin_sequence_front_bands_r1_l2,1,2,2,front_bands,6,0.20238095238095236,0.0286704632828388,0.39285714285714285,0.01597191412499849,nan,0.0
torus_lattice,metric_commutative,metric_landmark,egocentric_landmark,temporal_cue_then_blank,lin_sequence_front_bands_r1_l4,1,4,4,front_bands,6,0.21428571428571427,0.036885555678165885,0.35714285714285715,0.061167774184119665,nan,0.0
torus_lattice,metric_commutative,metric_landmark,egocentric_landmark,temporal_cue_then_blank,lin_sequence_front_bands_r1_l8,1,8,8,front_bands,6,0.28571428571428564,0.02608202654786506,0.4166666666666667,0.038759096657380254,nan,0.0
torus_lattice,metric_commutative,metric_landmark,egocentric_landmark,temporal_cue_then_blank,lin_sequence_front_bands_r3_l2,3,2,4,front_bands,6,0.22619047619047616,0.038759096657380254,0.3095238095238095,0.03011693009684171,nan,0.0
torus_lattice,metric_commutative,metric_landmark,egocentric_landmark,temporal_cue_then_blank,lin_sequence_front_bands_r3_l4,3,4,6,front_bands,6,0.16666666666666663,0.02380952380952381,0.2976190476190476,0.03409005015065798,nan,0.0
torus_lattice,metric_commutative,metric_landmark,egocentric_landmark,temporal_cue_then_blank,lin_sequence_front_bands_r3_l8,3,8,10,front_bands,6,0.25,0.047915742374995504,0.36904761904761907,0.0675536236148148,nan,0.0
torus_lattice,metric_commutative,metric_landmark,egocentric_landmark,temporal_cue_then_blank,lin_sequence_front_bands_r5_l2,5,2,6,front_bands,6,0.20238095238095236,0.0286704632828388,0.4047619047619048,0.05106573949887434,nan,0.0
torus_lattice,metric_commutative,metric_landmark,egocentric_landmark,temporal_cue_then_blank,lin_sequence_front_bands_r5_l4,5,4,8,front_bands,6,0.19047619047619047,0.03011693009684171,0.3452380952380953,0.03409005015065798,nan,0.0
torus_lattice,metric_commutative,metric_landmark,egocentric_landmark,temporal_cue_then_blank,lin_sequence_front_bands_r5_l8,5,8,12,front_bands,6,0.2738095238095238,0.03409005015065799,0.3452380952380952,0.0429232294698094,nan,0.0
torus_lattice,metric_commutative,metric_landmark,egocentric_landmark,temporal_cue_then_blank,memoryless_linear,,,,,2,0.35714285714285715,0.0,0.25,0.03571428571428571,nan,0.0
torus_lattice,metric_commutative,metric_landmark,egocentric_landmark,temporal_cue_then_blank,memoryless_mlp,,,,,2,0.35714285714285715,0.0,0.25,0.03571428571428571,nan,0.0
torus_lattice,metric_commutative,metric_landmark,egocentric_landmark,temporal_cue_then_blank,numpy_rnn,,,,,2,0.5357142857142857,0.17857142857142858,0.17857142857142855,0.10714285714285712,nan,0.0
torus_lattice,metric_commutative,metric_landmark,egocentric_landmark,temporal_cue_then_blank,reservoir_block_hybrid,,,,,6,0.20238095238095236,0.03409005015065798,0.39285714285714285,0.054554472558998104,nan,0.0
torus_lattice,metric_commutative,metric_landmark,egocentric_landmark,temporal_cue_then_blank,reservoir_diagonal,,,,,6,0.19047619047619047,0.03531523089093173,0.28571428571428564,0.018442777839082942,nan,0.0
torus_lattice,metric_commutative,metric_landmark,egocentric_landmark,temporal_cue_then_blank,reservoir_low_rank,,,,,6,0.23809523809523805,0.035315230890931734,0.4166666666666666,0.05350525012915293,nan,0.0
torus_lattice,metric_commutative,metric_landmark,egocentric_landmark,temporal_cue_then_blank,reservoir_nilpotent,,,,,6,0.19047619047619044,0.02380952380952381,0.4166666666666667,0.05022624549935473,nan,0.0
torus_lattice,metric_commutative,metric_landmark,egocentric_landmark,temporal_cue_then_blank,reservoir_orthogonal,,,,,6,0.17857142857142858,0.04019510241936699,0.32142857142857145,0.04019510241936699,nan,0.0
torus_lattice,metric_commutative,metric_landmark,egocentric_landmark,temporal_cue_then_blank,reservoir_oscillatory,,,,,6,0.21428571428571427,0.026082026547865057,0.39285714285714285,0.07083083228877865,nan,0.0
torus_lattice,metric_commutative,metric_landmark,egocentric_landmark,temporal_cue_then_blank,reservoir_random,,,,,6,0.21428571428571427,0.031943828249996996,0.4642857142857142,0.05758755534498965,nan,0.0
torus_lattice,metric_commutative,metric_landmark,egocentric_landmark,temporal_cue_then_blank,reservoir_sparse,,,,,6,0.19047619047619047,0.03984095364447979,0.380952380952381,0.060233860193683424,nan,0.0
torus_lattice,metric_commutative,metric_landmark,egocentric_landmark,temporal_cue_then_blank,reservoir_symmetric,,,,,6,0.20238095238095236,0.0286704632828388,0.36904761904761907,0.0675536236148148,nan,0.0
torus_lattice,metric_commutative,metric_landmark,egocentric_landmark,temporal_dropout,lin_sequence_all_units_r3_l4,3,4,6,all_units,6,0.3571428571428572,0.04123930494211613,0.6428571428571428,0.07824607964359517,nan,0.0
torus_lattice,metric_commutative,metric_landmark,egocentric_landmark,temporal_dropout,lin_sequence_front_bands_r1_l2,1,2,2,front_bands,6,0.3095238095238095,0.023809523809523815,0.4523809523809524,0.06023386019368342,nan,0.0
torus_lattice,metric_commutative,metric_landmark,egocentric_landmark,temporal_dropout,lin_sequence_front_bands_r1_l4,1,4,4,front_bands,6,0.3095238095238095,0.023809523809523815,0.45238095238095233,0.06818010030131598,nan,0.0
torus_lattice,metric_commutative,metric_landmark,egocentric_landmark,temporal_dropout,lin_sequence_front_bands_r1_l8,1,8,8,front_bands,6,0.35714285714285715,0.031943828249996996,0.5357142857142856,0.05134252060201864,nan,0.0
torus_lattice,metric_commutative,metric_landmark,egocentric_landmark,temporal_dropout,lin_sequence_front_bands_r3_l2,3,2,4,front_bands,6,0.26190476190476186,0.04761904761904762,0.42857142857142855,0.041239304942116126,nan,0.0
torus_lattice,metric_commutative,metric_landmark,egocentric_landmark,temporal_dropout,lin_sequence_front_bands_r3_l4,3,4,6,front_bands,6,0.3214285714285714,0.04019510241936699,0.4880952380952381,0.062315487277630484,nan,0.0
torus_lattice,metric_commutative,metric_landmark,egocentric_landmark,temporal_dropout,lin_sequence_front_bands_r3_l8,3,8,10,front_bands,6,0.3452380952380952,0.0286704632828388,0.4761904761904762,0.06299407883487122,nan,0.0
torus_lattice,metric_commutative,metric_landmark,egocentric_landmark,temporal_dropout,lin_sequence_front_bands_r5_l2,5,2,6,front_bands,6,0.3452380952380953,0.03409005015065798,0.48809523809523814,0.05022624549935475,nan,0.0
torus_lattice,metric_commutative,metric_landmark,egocentric_landmark,temporal_dropout,lin_sequence_front_bands_r5_l4,5,4,8,front_bands,6,0.3333333333333333,0.02380952380952381,0.44047619047619047,0.0700259103326321,nan,0.0
torus_lattice,metric_commutative,metric_landmark,egocentric_landmark,temporal_dropout,lin_sequence_front_bands_r5_l8,5,8,12,front_bands,6,0.38095238095238093,0.03011693009684171,0.44047619047619047,0.059523809523809534,nan,0.0
torus_lattice,metric_commutative,metric_landmark,egocentric_landmark,temporal_dropout,memoryless_linear,,,,,2,0.3214285714285714,0.035714285714285726,0.5,0.14285714285714285,nan,0.0
torus_lattice,metric_commutative,metric_landmark,egocentric_landmark,temporal_dropout,memoryless_mlp,,,,,2,0.3214285714285714,0.035714285714285726,0.5,0.14285714285714285,nan,0.0
torus_lattice,metric_commutative,metric_landmark,egocentric_landmark,temporal_dropout,numpy_rnn,,,,,2,0.4642857142857143,0.10714285714285712,0.5,0.21428571428571427,nan,0.0
torus_lattice,metric_commutative,metric_landmark,egocentric_landmark,temporal_dropout,reservoir_block_hybrid,,,,,6,0.2738095238095238,0.02195129632688783,0.5833333333333334,0.050226245499354734,nan,0.0
torus_lattice,metric_commutative,metric_landmark,egocentric_landmark,temporal_dropout,reservoir_diagonal,,,,,6,0.3452380952380952,0.0286704632828388,0.48809523809523814,0.07472549917369152,nan,0.0
torus_lattice,metric_commutative,metric_landmark,egocentric_landmark,temporal_dropout,reservoir_low_rank,,,,,6,0.38095238095238093,0.035315230890931734,0.5952380952380952,0.043902592653775656,nan,0.0
torus_lattice,metric_commutative,metric_landmark,egocentric_landmark,temporal_dropout,reservoir_nilpotent,,,,,6,0.2976190476190476,0.04292322946980939,0.5595238095238094,0.09113171051906971,nan,0.0
torus_lattice,metric_commutative,metric_landmark,egocentric_landmark,temporal_dropout,reservoir_orthogonal,,,,,6,0.3095238095238095,0.03011693009684171,0.5357142857142857,0.08796644381862459,nan,0.0
torus_lattice,metric_commutative,metric_landmark,egocentric_landmark,temporal_dropout,reservoir_oscillatory,,,,,6,0.369047619047619,0.0286704632828388,0.5476190476190476,0.07529232524210427,nan,0.0
torus_lattice,metric_commutative,metric_landmark,egocentric_landmark,temporal_dropout,reservoir_random,,,,,6,0.3095238095238095,0.035315230890931734,0.6428571428571428,0.05216405309573011,nan,0.0
torus_lattice,metric_commutative,metric_landmark,egocentric_landmark,temporal_dropout,reservoir_sparse,,,,,6,0.2976190476190476,0.03409005015065799,0.5238095238095237,0.06563832739090582,nan,0.0
torus_lattice,metric_commutative,metric_landmark,egocentric_landmark,temporal_dropout,reservoir_symmetric,,,,,6,0.36904761904761907,0.021951296326887824,0.5357142857142857,0.0442242276690636,nan,0.0
torus_lattice,metric_commutative,metric_landmark,egocentric_landmark,temporal_full,lin_sequence_all_units_r3_l4,3,4,6,all_units,6,0.16666666666666663,0.03531523089093173,0.511904761904762,0.0983134420098218,nan,0.0
torus_lattice,metric_commutative,metric_landmark,egocentric_landmark,temporal_full,lin_sequence_front_bands_r1_l2,1,2,2,front_bands,6,0.19047619047619047,0.03531523089093173,0.5119047619047619,0.0675536236148148,nan,0.0
torus_lattice,metric_commutative,metric_landmark,egocentric_landmark,temporal_full,lin_sequence_front_bands_r1_l4,1,4,4,front_bands,6,0.24999999999999997,0.024397501823713336,0.4761904761904761,0.08584645893961879,nan,0.0
torus_lattice,metric_commutative,metric_landmark,egocentric_landmark,temporal_full,lin_sequence_front_bands_r1_l8,1,8,8,front_bands,6,0.2738095238095238,0.03409005015065799,0.5238095238095237,0.06299407883487121,nan,0.0
torus_lattice,metric_commutative,metric_landmark,egocentric_landmark,temporal_full,lin_sequence_front_bands_r3_l2,3,2,4,front_bands,6,0.23809523809523805,0.035315230890931734,0.5476190476190476,0.09700737517839697,nan,0.0
torus_lattice,metric_commutative,metric_landmark,egocentric_landmark,temporal_full,lin_sequence_front_bands_r3_l4,3,4,6,front_bands,6,0.2261904761904762,0.03409005015065799,0.44047619047619047,0.06755362361481482,nan,0.0
torus_lattice,metric_commutative,metric_landmark,egocentric_landmark,temporal_full,lin_sequence_front_bands_r3_l8,3,8,10,front_bands,6,0.26190476190476186,0.030116930096841712,0.369047619047619,0.0623154872776305,nan,0.0
torus_lattice,metric_commutative,metric_landmark,egocentric_landmark,temporal_full,lin_sequence_front_bands_r5_l2,5,2,6,front_bands,6,0.22619047619047616,0.03409005015065798,0.42857142857142855,0.05216405309573012,nan,0.0
torus_lattice,metric_commutative,metric_landmark,egocentric_landmark,temporal_full,lin_sequence_front_bands_r5_l4,5,4,8,front_bands,6,0.20238095238095236,0.0286704632828388,0.48809523809523814,0.10171433030139919,nan,0.0
torus_lattice,metric_commutative,metric_landmark,egocentric_landmark,temporal_full,lin_sequence_front_bands_r5_l8,5,8,12,front_bands,6,0.3095238095238095,0.030116930096841712,0.5119047619047619,0.0623154872776305,nan,0.0
torus_lattice,metric_commutative,metric_landmark,egocentric_landmark,temporal_full,memoryless_linear,,,,,2,0.35714285714285715,0.0,0.6071428571428572,0.32142857142857145,nan,0.0
torus_lattice,metric_commutative,metric_landmark,egocentric_landmark,temporal_full,memoryless_mlp,,,,,2,0.35714285714285715,0.0,0.6071428571428572,0.32142857142857145,nan,0.0
torus_lattice,metric_commutative,metric_landmark,egocentric_landmark,temporal_full,numpy_rnn,,,,,2,0.5,0.14285714285714285,0.3571428571428571,0.07142857142857142,nan,0.0
torus_lattice,metric_commutative,metric_landmark,egocentric_landmark,temporal_full,reservoir_block_hybrid,,,,,6,0.16666666666666666,0.03011693009684171,0.6785714285714285,0.09538678868576253,nan,0.0
torus_lattice,metric_commutative,metric_landmark,egocentric_landmark,temporal_full,reservoir_diagonal,,,,,6,0.22619047619047616,0.05022624549935474,0.5238095238095238,0.05429406786186372,nan,0.0
torus_lattice,metric_commutative,metric_landmark,egocentric_landmark,temporal_full,reservoir_low_rank,,,,,6,0.21428571428571427,0.05216405309573011,0.5952380952380952,0.04761904761904763,nan,0.0
torus_lattice,metric_commutative,metric_landmark,egocentric_landmark,temporal_full,reservoir_nilpotent,,,,,6,0.22619047619047616,0.03409005015065799,0.46428571428571425,0.044224227669063594,nan,0.0
torus_lattice,metric_commutative,metric_landmark,egocentric_landmark,temporal_full,reservoir_orthogonal,,,,,6,0.16666666666666666,0.035315230890931734,0.5476190476190476,0.09159706696033974,nan,0.0
torus_lattice,metric_commutative,metric_landmark,egocentric_landmark,temporal_full,reservoir_oscillatory,,,,,6,0.19047619047619044,0.03011693009684171,0.6785714285714285,0.051342520602018625,nan,0.0
torus_lattice,metric_commutative,metric_landmark,egocentric_landmark,temporal_full,reservoir_random,,,,,6,0.19047619047619047,0.03531523089093173,0.5833333333333333,0.09297916280841255,nan,0.0
torus_lattice,metric_commutative,metric_landmark,egocentric_landmark,temporal_full,reservoir_sparse,,,,,6,0.17857142857142858,0.030583887092059833,0.5476190476190476,0.07529232524210427,nan,0.0
torus_lattice,metric_commutative,metric_landmark,egocentric_landmark,temporal_full,reservoir_symmetric,,,,,6,0.17857142857142858,0.04019510241936699,0.619047619047619,0.10045249099870947,nan,0.0
torus_lattice,metric_commutative,metric_landmark,hybrid,temporal_cue_then_blank,lin_sequence_all_units_r3_l4,3,4,6,all_units,6,0.39285714285714285,0.05134252060201864,0.36904761904761907,0.050226245499354734,nan,0.0
torus_lattice,metric_commutative,metric_landmark,hybrid,temporal_cue_then_blank,lin_sequence_front_bands_r1_l2,1,2,2,front_bands,6,0.38095238095238093,0.023809523809523808,0.38095238095238093,0.039840953644479794,nan,0.0
torus_lattice,metric_commutative,metric_landmark,hybrid,temporal_cue_then_blank,lin_sequence_front_bands_r1_l4,1,4,4,front_bands,6,0.44047619047619047,0.046717659215115684,0.36904761904761907,0.021951296326887824,nan,0.0
torus_lattice,metric_commutative,metric_landmark,hybrid,temporal_cue_then_blank,lin_sequence_front_bands_r1_l8,1,8,8,front_bands,6,0.4761904761904762,0.01505846504842086,0.45238095238095233,0.05429406786186372,nan,0.0
torus_lattice,metric_commutative,metric_landmark,hybrid,temporal_cue_then_blank,lin_sequence_front_bands_r3_l2,3,2,4,front_bands,6,0.2738095238095238,0.028670463282838808,0.38095238095238093,0.043902592653775656,nan,0.0
torus_lattice,metric_commutative,metric_landmark,hybrid,temporal_cue_then_blank,lin_sequence_front_bands_r3_l4,3,4,6,front_bands,6,0.45238095238095233,0.04761904761904762,0.39285714285714285,0.03571428571428572,nan,0.0
torus_lattice,metric_commutative,metric_landmark,hybrid,temporal_cue_then_blank,lin_sequence_front_bands_r3_l8,3,8,10,front_bands,6,0.4880952380952381,0.021951296326887828,0.44047619047619047,0.05022624549935475,nan,0.0
torus_lattice,metric_commutative,metric_landmark,hybrid,temporal_cue_then_blank,lin_sequence_front_bands_r5_l2,5,2,6,front_bands,6,0.35714285714285715,0.04123930494211613,0.49999999999999994,0.05216405309573011,nan,0.0
torus_lattice,metric_commutative,metric_landmark,hybrid,temporal_cue_then_blank,lin_sequence_front_bands_r5_l4,5,4,8,front_bands,6,0.4047619047619047,0.023809523809523808,0.4166666666666667,0.07241383964640738,nan,0.0
torus_lattice,metric_commutative,metric_landmark,hybrid,temporal_cue_then_blank,lin_sequence_front_bands_r5_l8,5,8,12,front_bands,6,0.4523809523809524,0.04761904761904763,0.5952380952380952,0.07063046178186345,nan,0.0
torus_lattice,metric_commutative,metric_landmark,hybrid,temporal_cue_then_blank,memoryless_linear,,,,,2,0.4285714285714286,0.07142857142857142,0.17857142857142855,0.10714285714285712,nan,0.0
torus_lattice,metric_commutative,metric_landmark,hybrid,temporal_cue_then_blank,memoryless_mlp,,,,,2,0.4285714285714286,0.07142857142857142,0.17857142857142855,0.10714285714285712,nan,0.0
torus_lattice,metric_commutative,metric_landmark,hybrid,temporal_cue_then_blank,numpy_rnn,,,,,2,0.5357142857142857,0.17857142857142858,0.17857142857142855,0.10714285714285712,nan,0.0
torus_lattice,metric_commutative,metric_landmark,hybrid,temporal_cue_then_blank,reservoir_block_hybrid,,,,,6,0.3452380952380952,0.05022624549935475,0.4166666666666667,0.07696776131068864,nan,0.0
torus_lattice,metric_commutative,metric_landmark,hybrid,temporal_cue_then_blank,reservoir_diagonal,,,,,6,0.45238095238095233,0.023809523809523815,0.32142857142857145,0.0442242276690636,nan,0.0
torus_lattice,metric_commutative,metric_landmark,hybrid,temporal_cue_then_blank,reservoir_low_rank,,,,,6,0.33333333333333326,0.03011693009684171,0.39285714285714285,0.047915742374995504,nan,0.0
torus_lattice,metric_commutative,metric_landmark,hybrid,temporal_cue_then_blank,reservoir_nilpotent,,,,,6,0.3452380952380952,0.04671765921511568,0.5,0.08844845533812719,nan,0.0
torus_lattice,metric_commutative,metric_landmark,hybrid,temporal_cue_then_blank,reservoir_orthogonal,,,,,6,0.4166666666666667,0.05022624549935473,0.5833333333333333,0.08924602292376817,nan,0.0
torus_lattice,metric_commutative,metric_landmark,hybrid,temporal_cue_then_blank,reservoir_oscillatory,,,,,6,0.3333333333333333,0.030116930096841712,0.4047619047619048,0.07063046178186347,nan,0.0
torus_lattice,metric_commutative,metric_landmark,hybrid,temporal_cue_then_blank,reservoir_random,,,,,6,0.3214285714285714,0.024397501823713332,0.3452380952380952,0.0675536236148148,nan,0.0
torus_lattice,metric_commutative,metric_landmark,hybrid,temporal_cue_then_blank,reservoir_sparse,,,,,6,0.3333333333333333,0.03984095364447979,0.4047619047619047,0.06023386019368342,nan,0.0
torus_lattice,metric_commutative,metric_landmark,hybrid,temporal_cue_then_blank,reservoir_symmetric,,,,,6,0.30952380952380953,0.023809523809523815,0.28571428571428575,0.05216405309573011,nan,0.0
torus_lattice,metric_commutative,metric_landmark,hybrid,temporal_dropout,lin_sequence_all_units_r3_l4,3,4,6,all_units,6,0.32142857142857145,0.0442242276690636,0.5595238095238095,0.05022624549935475,nan,0.0
torus_lattice,metric_commutative,metric_landmark,hybrid,temporal_dropout,lin_sequence_front_bands_r1_l2,1,2,2,front_bands,6,0.5119047619047619,0.02867046328283881,0.46428571428571425,0.040195102419366975,nan,0.0
torus_lattice,metric_commutative,metric_landmark,hybrid,temporal_dropout,lin_sequence_front_bands_r1_l4,1,4,4,front_bands,6,0.2619047619047619,0.035315230890931734,0.5357142857142857,0.06838765055402415,nan,0.0
torus_lattice,metric_commutative,metric_landmark,hybrid,temporal_dropout,lin_sequence_front_bands_r1_l8,1,8,8,front_bands,6,0.4285714285714286,0.0664963811608045,0.46428571428571425,0.07548032135308268,nan,0.0
torus_lattice,metric_commutative,metric_landmark,hybrid,temporal_dropout,lin_sequence_front_bands_r3_l2,3,2,4,front_bands,6,0.35714285714285715,0.031943828249997,0.6071428571428571,0.06046869094857284,nan,0.0
torus_lattice,metric_commutative,metric_landmark,hybrid,temporal_dropout,lin_sequence_front_bands_r3_l4,3,4,6,front_bands,6,0.3214285714285714,0.015971914124998505,0.5714285714285714,0.0664963811608045,nan,0.0
torus_lattice,metric_commutative,metric_landmark,hybrid,temporal_dropout,lin_sequence_front_bands_r3_l8,3,8,10,front_bands,6,0.44047619047619047,0.042923229469809414,0.6785714285714285,0.07548032135308268,nan,0.0
torus_lattice,metric_commutative,metric_landmark,hybrid,temporal_dropout,lin_sequence_front_bands_r5_l2,5,2,6,front_bands,6,0.36904761904761907,0.0429232294698094,0.5714285714285715,0.026082026547865067,nan,0.0
torus_lattice,metric_commutative,metric_landmark,hybrid,temporal_dropout,lin_sequence_front_bands_r5_l4,5,4,8,front_bands,6,0.28571428571428575,0.031943828249996996,0.42857142857142855,0.0760415210603396,nan,0.0
torus_lattice,metric_commutative,metric_landmark,hybrid,temporal_dropout,lin_sequence_front_bands_r5_l8,5,8,12,front_bands,6,0.3928571428571428,0.024397501823713332,0.4523809523809524,0.04390259265377566,nan,0.0
torus_lattice,metric_commutative,metric_landmark,hybrid,temporal_dropout,memoryless_linear,,,,,2,0.42857142857142855,0.0,0.5714285714285714,0.07142857142857145,nan,0.0
torus_lattice,metric_commutative,metric_landmark,hybrid,temporal_dropout,memoryless_mlp,,,,,2,0.42857142857142855,0.0,0.5714285714285714,0.07142857142857145,nan,0.0
torus_lattice,metric_commutative,metric_landmark,hybrid,temporal_dropout,numpy_rnn,,,,,2,0.5357142857142857,0.17857142857142858,0.17857142857142855,0.10714285714285712,nan,0.0
torus_lattice,metric_commutative,metric_landmark,hybrid,temporal_dropout,reservoir_block_hybrid,,,,,6,0.36904761904761907,0.021951296326887824,0.5833333333333334,0.07002591033263211,nan,0.0
torus_lattice,metric_commutative,metric_landmark,hybrid,temporal_dropout,reservoir_diagonal,,,,,6,0.4166666666666667,0.06498735268550562,0.5,0.058321184351980436,nan,0.0
torus_lattice,metric_commutative,metric_landmark,hybrid,temporal_dropout,reservoir_low_rank,,,,,6,0.4285714285714286,0.031943828249996996,0.4880952380952381,0.04292322946980941,nan,0.0
torus_lattice,metric_commutative,metric_landmark,hybrid,temporal_dropout,reservoir_nilpotent,,,,,6,0.2619047619047619,0.04761904761904762,0.46428571428571425,0.030583887092059833,nan,0.0
torus_lattice,metric_commutative,metric_landmark,hybrid,temporal_dropout,reservoir_orthogonal,,,,,6,0.2976190476190476,0.021951296326887835,0.45238095238095233,0.05106573949887434,nan,0.0
torus_lattice,metric_commutative,metric_landmark,hybrid,temporal_dropout,reservoir_oscillatory,,,,,6,0.3333333333333333,0.03984095364447979,0.5952380952380952,0.04390259265377567,nan,0.0
torus_lattice,metric_commutative,metric_landmark,hybrid,temporal_dropout,reservoir_random,,,,,6,0.2738095238095238,0.028670463282838808,0.44047619047619047,0.042923229469809414,nan,0.0
torus_lattice,metric_commutative,metric_landmark,hybrid,temporal_dropout,reservoir_sparse,,,,,6,0.3928571428571428,0.044224227669063594,0.4880952380952381,0.056594592019070064,nan,0.0
torus_lattice,metric_commutative,metric_landmark,hybrid,temporal_dropout,reservoir_symmetric,,,,,6,0.35714285714285715,0.04517539514526256,0.44047619047619047,0.046717659215115684,nan,0.0
torus_lattice,metric_commutative,metric_landmark,hybrid,temporal_full,lin_sequence_all_units_r3_l4,3,4,6,all_units,6,0.32142857142857145,0.04019510241936699,0.45238095238095233,0.07529232524210427,nan,0.0
torus_lattice,metric_commutative,metric_landmark,hybrid,temporal_full,lin_sequence_front_bands_r1_l2,1,2,2,front_bands,6,0.5,0.03688555567816587,0.6904761904761904,0.0573409265656776,nan,0.0
torus_lattice,metric_commutative,metric_landmark,hybrid,temporal_full,lin_sequence_front_bands_r1_l4,1,4,4,front_bands,6,0.4285714285714286,0.02608202654786505,0.5119047619047619,0.05659459201907007,nan,0.0
torus_lattice,metric_commutative,metric_landmark,hybrid,temporal_full,lin_sequence_front_bands_r1_l8,1,8,8,front_bands,6,0.44047619047619047,0.03409005015065799,0.5,0.09221388919541472,nan,0.0
torus_lattice,metric_commutative,metric_landmark,hybrid,temporal_full,lin_sequence_front_bands_r3_l2,3,2,4,front_bands,6,0.369047619047619,0.038759096657380254,0.6547619047619048,0.06498735268550562,nan,0.0
torus_lattice,metric_commutative,metric_landmark,hybrid,temporal_full,lin_sequence_front_bands_r3_l4,3,4,6,front_bands,6,0.4166666666666667,0.0286704632828388,0.46428571428571425,0.040195102419366975,nan,0.0
torus_lattice,metric_commutative,metric_landmark,hybrid,temporal_full,lin_sequence_front_bands_r3_l8,3,8,10,front_bands,6,0.46428571428571425,0.05134252060201864,0.49999999999999994,0.03194382824999701,nan,0.0
torus_lattice,metric_commutative,metric_landmark,hybrid,temporal_full,lin_sequence_front_bands_r5_l2,5,2,6,front_bands,6,0.4404761904761905,0.05022624549935473,0.511904761904762,0.046717659215115684,nan,0.0
torus_lattice,metric_commutative,metric_landmark,hybrid,temporal_full,lin_sequence_front_bands_r5_l4,5,4,8,front_bands,6,0.4285714285714286,0.03688555567816587,0.630952380952381,0.059523809523809534,nan,0.0
torus_lattice,metric_commutative,metric_landmark,hybrid,temporal_full,lin_sequence_front_bands_r5_l8,5,8,12,front_bands,6,0.49999999999999994,0.02608202654786505,0.5238095238095238,0.0398409536444798,nan,0.0
torus_lattice,metric_commutative,metric_landmark,hybrid,temporal_full,memoryless_linear,,,,,2,0.42857142857142855,0.0,0.10714285714285714,0.10714285714285712,nan,0.0
torus_lattice,metric_commutative,metric_landmark,hybrid,temporal_full,memoryless_mlp,,,,,2,0.42857142857142855,0.0,0.10714285714285714,0.10714285714285712,nan,0.0
torus_lattice,metric_commutative,metric_landmark,hybrid,temporal_full,numpy_rnn,,,,,2,0.5357142857142857,0.17857142857142858,0.3214285714285714,0.035714285714285726,nan,0.0
torus_lattice,metric_commutative,metric_landmark,hybrid,temporal_full,reservoir_block_hybrid,,,,,6,0.38095238095238093,0.05429406786186372,0.44047619047619047,0.06755362361481482,nan,0.0
torus_lattice,metric_commutative,metric_landmark,hybrid,temporal_full,reservoir_diagonal,,,,,6,0.38095238095238093,0.035315230890931734,0.511904761904762,0.03875909665738026,nan,0.0
torus_lattice,metric_commutative,metric_landmark,hybrid,temporal_full,reservoir_low_rank,,,,,6,0.36904761904761907,0.05350525012915293,0.5952380952380952,0.07299861769883759,nan,0.0
torus_lattice,metric_commutative,metric_landmark,hybrid,temporal_full,reservoir_nilpotent,,,,,6,0.36904761904761907,0.04292322946980941,0.46428571428571425,0.040195102419366975,nan,0.0
torus_lattice,metric_commutative,metric_landmark,hybrid,temporal_full,reservoir_orthogonal,,,,,6,0.30952380952380953,0.05106573949887434,0.4880952380952381,0.08534975394730915,nan,0.0
torus_lattice,metric_commutative,metric_landmark,hybrid,temporal_full,reservoir_oscillatory,,,,,6,0.3452380952380952,0.03409005015065798,0.5357142857142857,0.07548032135308265,nan,0.0
torus_lattice,metric_commutative,metric_landmark,hybrid,temporal_full,reservoir_random,,,,,6,0.3333333333333333,0.05429406786186372,0.49999999999999994,0.058321184351980436,nan,0.0
torus_lattice,metric_commutative,metric_landmark,hybrid,temporal_full,reservoir_sparse,,,,,6,0.39285714285714285,0.024397501823713325,0.5238095238095237,0.07529232524210427,nan,0.0
torus_lattice,metric_commutative,metric_landmark,hybrid,temporal_full,reservoir_symmetric,,,,,6,0.369047619047619,0.056594592019070064,0.6666666666666666,0.06299407883487121,nan,0.0
torus_lattice,metric_commutative,metric_landmark,sparse_aliased,temporal_cue_then_blank,lin_sequence_all_units_r3_l4,3,4,6,all_units,6,0.21428571428571427,0.01844277783908294,0.26190476190476186,0.0573409265656776,nan,0.0
torus_lattice,metric_commutative,metric_landmark,sparse_aliased,temporal_cue_then_blank,lin_sequence_front_bands_r1_l2,1,2,2,front_bands,6,0.22619047619047616,0.0286704632828388,0.3452380952380953,0.01190476190476191,nan,0.0
torus_lattice,metric_commutative,metric_landmark,sparse_aliased,temporal_cue_then_blank,lin_sequence_front_bands_r1_l4,1,4,4,front_bands,6,0.19047619047619047,0.02380952380952381,0.38095238095238093,0.04761904761904762,nan,0.0
torus_lattice,metric_commutative,metric_landmark,sparse_aliased,temporal_cue_then_blank,lin_sequence_front_bands_r1_l8,1,8,8,front_bands,6,0.3214285714285714,0.04019510241936699,0.4166666666666667,0.04671765921511568,nan,0.0
torus_lattice,metric_commutative,metric_landmark,sparse_aliased,temporal_cue_then_blank,lin_sequence_front_bands_r3_l2,3,2,4,front_bands,6,0.21428571428571427,0.01844277783908294,0.4047619047619047,0.04761904761904763,nan,0.0
torus_lattice,metric_commutative,metric_landmark,sparse_aliased,temporal_cue_then_blank,lin_sequence_front_bands_r3_l4,3,4,6,front_bands,6,0.19047619047619047,0.02380952380952381,0.3452380952380952,0.04671765921511568,nan,0.0
torus_lattice,metric_commutative,metric_landmark,sparse_aliased,temporal_cue_then_blank,lin_sequence_front_bands_r3_l8,3,8,10,front_bands,6,0.26190476190476186,0.015058465048420854,0.3333333333333333,0.0573409265656776,nan,0.0
torus_lattice,metric_commutative,metric_landmark,sparse_aliased,temporal_cue_then_blank,lin_sequence_front_bands_r5_l2,5,2,6,front_bands,6,0.15476190476190474,0.0286704632828388,0.4047619047619047,0.039840953644479794,nan,0.0
torus_lattice,metric_commutative,metric_landmark,sparse_aliased,temporal_cue_then_blank,lin_sequence_front_bands_r5_l4,5,4,8,front_bands,6,0.16666666666666666,0.035315230890931734,0.39285714285714285,0.0479157423749955,nan,0.0
torus_lattice,metric_commutative,metric_landmark,sparse_aliased,temporal_cue_then_blank,lin_sequence_front_bands_r5_l8,5,8,12,front_bands,6,0.21428571428571427,0.048795003647426664,0.39285714285714285,0.06321865736834169,nan,0.0
torus_lattice,metric_commutative,metric_landmark,sparse_aliased,temporal_cue_then_blank,memoryless_linear,,,,,2,0.35714285714285715,0.0,0.25,0.03571428571428571,nan,0.0
torus_lattice,metric_commutative,metric_landmark,sparse_aliased,temporal_cue_then_blank,memoryless_mlp,,,,,2,0.35714285714285715,0.0,0.25,0.03571428571428571,nan,0.0
torus_lattice,metric_commutative,metric_landmark,sparse_aliased,temporal_cue_then_blank,numpy_rnn,,,,,2,0.5357142857142857,0.17857142857142858,0.17857142857142855,0.10714285714285712,nan,0.0
torus_lattice,metric_commutative,metric_landmark,sparse_aliased,temporal_cue_then_blank,reservoir_block_hybrid,,,,,6,0.17857142857142858,0.04019510241936699,0.46428571428571425,0.08196149751456433,nan,0.0
torus_lattice,metric_commutative,metric_landmark,sparse_aliased,temporal_cue_then_blank,reservoir_diagonal,,,,,6,0.21428571428571427,0.031943828249996996,0.2976190476190476,0.021951296326887835,nan,0.0
torus_lattice,metric_commutative,metric_landmark,sparse_aliased,temporal_cue_then_blank,reservoir_low_rank,,,,,6,0.19047619047619047,0.03531523089093173,0.3452380952380952,0.0623154872776305,nan,0.0
torus_lattice,metric_commutative,metric_landmark,sparse_aliased,temporal_cue_then_blank,reservoir_nilpotent,,,,,6,0.21428571428571427,0.045175395145262566,0.4761904761904762,0.03011693009684171,nan,0.0
torus_lattice,metric_commutative,metric_landmark,sparse_aliased,temporal_cue_then_blank,reservoir_orthogonal,,,,,6,0.20238095238095236,0.04292322946980939,0.5119047619047619,0.04292322946980941,nan,0.0
torus_lattice,metric_commutative,metric_landmark,sparse_aliased,temporal_cue_then_blank,reservoir_oscillatory,,,,,6,0.19047619047619047,0.015058465048420854,0.48809523809523814,0.03875909665738027,nan,0.0
torus_lattice,metric_commutative,metric_landmark,sparse_aliased,temporal_cue_then_blank,reservoir_random,,,,,6,0.19047619047619047,0.03531523089093173,0.5,0.04123930494211613,nan,0.0
torus_lattice,metric_commutative,metric_landmark,sparse_aliased,temporal_cue_then_blank,reservoir_sparse,,,,,6,0.19047619047619047,0.03011693009684171,0.46428571428571425,0.0442242276690636,nan,0.0
torus_lattice,metric_commutative,metric_landmark,sparse_aliased,temporal_cue_then_blank,reservoir_symmetric,,,,,6,0.19047619047619047,0.04390259265377565,0.22619047619047616,0.021951296326887824,nan,0.0
torus_lattice,metric_commutative,metric_landmark,sparse_aliased,temporal_dropout,lin_sequence_all_units_r3_l4,3,4,6,all_units,6,0.3095238095238095,0.023809523809523815,0.46428571428571425,0.024397501823713332,nan,0.0
torus_lattice,metric_commutative,metric_landmark,sparse_aliased,temporal_dropout,lin_sequence_front_bands_r1_l2,1,2,2,front_bands,6,0.29761904761904756,0.038759096657380254,0.4761904761904762,0.08780518530755133,nan,0.0
torus_lattice,metric_commutative,metric_landmark,sparse_aliased,temporal_dropout,lin_sequence_front_bands_r1_l4,1,4,4,front_bands,6,0.24999999999999997,0.03058388709205984,0.46428571428571425,0.0658538889806635,nan,0.0
torus_lattice,metric_commutative,metric_landmark,sparse_aliased,temporal_dropout,lin_sequence_front_bands_r1_l8,1,8,8,front_bands,6,0.35714285714285715,0.031943828249996996,0.46428571428571425,0.06046869094857284,nan,0.0
torus_lattice,metric_commutative,metric_landmark,sparse_aliased,temporal_dropout,lin_sequence_front_bands_r3_l2,3,2,4,front_bands,6,0.22619047619047616,0.038759096657380254,0.5357142857142857,0.060468690948572844,nan,0.0
torus_lattice,metric_commutative,metric_landmark,sparse_aliased,temporal_dropout,lin_sequence_front_bands_r3_l4,3,4,6,front_bands,6,0.2738095238095238,0.028670463282838808,0.5476190476190476,0.08972116038769892,nan,0.0
torus_lattice,metric_commutative,metric_landmark,sparse_aliased,temporal_dropout,lin_sequence_front_bands_r3_l8,3,8,10,front_bands,6,0.3095238095238095,0.05106573949887434,0.5238095238095238,0.05106573949887434,nan,0.0
torus_lattice,metric_commutative,metric_landmark,sparse_aliased,temporal_dropout,lin_sequence_front_bands_r5_l2,5,2,6,front_bands,6,0.3095238095238095,0.04390259265377565,0.5952380952380951,0.07063046178186348,nan,0.0
torus_lattice,metric_commutative,metric_landmark,sparse_aliased,temporal_dropout,lin_sequence_front_bands_r5_l4,5,4,8,front_bands,6,0.3333333333333333,0.03984095364447979,0.46428571428571425,0.0442242276690636,nan,0.0
torus_lattice,metric_commutative,metric_landmark,sparse_aliased,temporal_dropout,lin_sequence_front_bands_r5_l8,5,8,12,front_bands,6,0.3095238095238095,0.03984095364447979,0.3452380952380952,0.0700259103326321,nan,0.0
torus_lattice,metric_commutative,metric_landmark,sparse_aliased,temporal_dropout,memoryless_linear,,,,,2,0.35714285714285715,0.0,0.7142857142857143,0.0,nan,0.0
torus_lattice,metric_commutative,metric_landmark,sparse_aliased,temporal_dropout,memoryless_mlp,,,,,2,0.35714285714285715,0.0,0.7142857142857143,0.0,nan,0.0
torus_lattice,metric_commutative,metric_landmark,sparse_aliased,temporal_dropout,numpy_rnn,,,,,2,0.5,0.14285714285714285,0.3214285714285714,0.035714285714285726,nan,0.0
torus_lattice,metric_commutative,metric_landmark,sparse_aliased,temporal_dropout,reservoir_block_hybrid,,,,,6,0.32142857142857134,0.0479157423749955,0.4761904761904762,0.06563832739090583,nan,0.0
torus_lattice,metric_commutative,metric_landmark,sparse_aliased,temporal_dropout,reservoir_diagonal,,,,,6,0.2976190476190476,0.05022624549935473,0.44047619047619047,0.05022624549935475,nan,0.0
torus_lattice,metric_commutative,metric_landmark,sparse_aliased,temporal_dropout,reservoir_low_rank,,,,,6,0.28571428571428575,0.018442777839082942,0.5833333333333334,0.04671765921511568,nan,0.0
torus_lattice,metric_commutative,metric_landmark,sparse_aliased,temporal_dropout,reservoir_nilpotent,,,,,6,0.29761904761904756,0.06755362361481482,0.38095238095238093,0.06299407883487121,nan,0.0
torus_lattice,metric_commutative,metric_landmark,sparse_aliased,temporal_dropout,reservoir_orthogonal,,,,,6,0.3095238095238095,0.023809523809523815,0.44047619047619047,0.034090050150657976,nan,0.0
torus_lattice,metric_commutative,metric_landmark,sparse_aliased,temporal_dropout,reservoir_oscillatory,,,,,6,0.26190476190476186,0.043902592653775656,0.45238095238095233,0.054294067861863714,nan,0.0
torus_lattice,metric_commutative,metric_landmark,sparse_aliased,temporal_dropout,reservoir_random,,,,,6,0.2976190476190476,0.021951296326887835,0.4047619047619047,0.09159706696033976,nan,0.0
torus_lattice,metric_commutative,metric_landmark,sparse_aliased,temporal_dropout,reservoir_sparse,,,,,6,0.3214285714285714,0.04019510241936699,0.5357142857142857,0.05455447255899811,nan,0.0
torus_lattice,metric_commutative,metric_landmark,sparse_aliased,temporal_dropout,reservoir_symmetric,,,,,6,0.3214285714285714,0.047915742374995504,0.4761904761904762,0.07063046178186347,nan,0.0
torus_lattice,metric_commutative,metric_landmark,sparse_aliased,temporal_full,lin_sequence_all_units_r3_l4,3,4,6,all_units,6,0.19047619047619047,0.03011693009684171,0.5238095238095238,0.0817884001777032,nan,0.0
torus_lattice,metric_commutative,metric_landmark,sparse_aliased,temporal_full,lin_sequence_front_bands_r1_l2,1,2,2,front_bands,6,0.20238095238095236,0.03875909665738026,0.4880952380952381,0.07696776131068862,nan,0.0
torus_lattice,metric_commutative,metric_landmark,sparse_aliased,temporal_full,lin_sequence_front_bands_r1_l4,1,4,4,front_bands,6,0.2976190476190476,0.03875909665738026,0.38095238095238093,0.03984095364447979,nan,0.0
torus_lattice,metric_commutative,metric_landmark,sparse_aliased,temporal_full,lin_sequence_front_bands_r1_l8,1,8,8,front_bands,6,0.2619047619047619,0.023809523809523815,0.5357142857142857,0.035714285714285726,nan,0.0
torus_lattice,metric_commutative,metric_landmark,sparse_aliased,temporal_full,lin_sequence_front_bands_r3_l2,3,2,4,front_bands,6,0.19047619047619047,0.03011693009684171,0.48809523809523814,0.0724138396464074,nan,0.0
torus_lattice,metric_commutative,metric_landmark,sparse_aliased,temporal_full,lin_sequence_front_bands_r3_l4,3,4,6,front_bands,6,0.21428571428571427,0.048795003647426664,0.5119047619047619,0.062315487277630484,nan,0.0
torus_lattice,metric_commutative,metric_landmark,sparse_aliased,temporal_full,lin_sequence_front_bands_r3_l8,3,8,10,front_bands,6,0.23809523809523805,0.02380952380952381,0.5238095238095237,0.023809523809523808,nan,0.0
torus_lattice,metric_commutative,metric_landmark,sparse_aliased,temporal_full,lin_sequence_front_bands_r5_l2,5,2,6,front_bands,6,0.21428571428571427,0.026082026547865057,0.4642857142857142,0.05134252060201865,nan,0.0
torus_lattice,metric_commutative,metric_landmark,sparse_aliased,temporal_full,lin_sequence_front_bands_r5_l4,5,4,8,front_bands,6,0.22619047619047616,0.0286704632828388,0.4523809523809524,0.0817884001777032,nan,0.0
torus_lattice,metric_commutative,metric_landmark,sparse_aliased,temporal_full,lin_sequence_front_bands_r5_l8,5,8,12,front_bands,6,0.3214285714285714,0.03571428571428572,0.5714285714285714,0.05216405309573011,nan,0.0
torus_lattice,metric_commutative,metric_landmark,sparse_aliased,temporal_full,memoryless_linear,,,,,2,0.35714285714285715,0.0,0.6071428571428572,0.32142857142857145,nan,0.0
torus_lattice,metric_commutative,metric_landmark,sparse_aliased,temporal_full,memoryless_mlp,,,,,2,0.35714285714285715,0.0,0.6071428571428572,0.32142857142857145,nan,0.0
torus_lattice,metric_commutative,metric_landmark,sparse_aliased,temporal_full,numpy_rnn,,,,,2,0.5357142857142857,0.17857142857142858,0.17857142857142855,0.10714285714285712,nan,0.0
torus_lattice,metric_commutative,metric_landmark,sparse_aliased,temporal_full,reservoir_block_hybrid,,,,,6,0.22619047619047614,0.021951296326887828,0.5238095238095237,0.023809523809523808,nan,0.0
torus_lattice,metric_commutative,metric_landmark,sparse_aliased,temporal_full,reservoir_diagonal,,,,,6,0.26190476190476186,0.05429406786186372,0.46428571428571425,0.05455447255899811,nan,0.0
torus_lattice,metric_commutative,metric_landmark,sparse_aliased,temporal_full,reservoir_low_rank,,,,,6,0.26190476190476186,0.015058465048420854,0.5476190476190476,0.04761904761904763,nan,0.0
torus_lattice,metric_commutative,metric_landmark,sparse_aliased,temporal_full,reservoir_nilpotent,,,,,6,0.17857142857142858,0.030583887092059833,0.5238095238095238,0.0573409265656776,nan,0.0
torus_lattice,metric_commutative,metric_landmark,sparse_aliased,temporal_full,reservoir_orthogonal,,,,,6,0.20238095238095236,0.0429232294698094,0.5238095238095237,0.03984095364447981,nan,0.0
torus_lattice,metric_commutative,metric_landmark,sparse_aliased,temporal_full,reservoir_oscillatory,,,,,6,0.17857142857142858,0.030583887092059833,0.5476190476190476,0.07299861769883759,nan,0.0
torus_lattice,metric_commutative,metric_landmark,sparse_aliased,temporal_full,reservoir_random,,,,,6,0.17857142857142858,0.030583887092059833,0.5357142857142857,0.06838765055402415,nan,0.0
torus_lattice,metric_commutative,metric_landmark,sparse_aliased,temporal_full,reservoir_sparse,,,,,6,0.17857142857142858,0.030583887092059833,0.5595238095238095,0.08333333333333334,nan,0.0
torus_lattice,metric_commutative,metric_landmark,sparse_aliased,temporal_full,reservoir_symmetric,,,,,6,0.26190476190476186,0.04761904761904762,0.6190476190476191,0.07751819331476051,nan,0.0
torus_lattice,metric_commutative,metric_landmark,vector,temporal_cue_then_blank,lin_sequence_all_units_r3_l4,3,4,6,all_units,6,0.4761904761904761,0.0398409536444798,0.4047619047619048,0.035315230890931734,nan,0.0
torus_lattice,metric_commutative,metric_landmark,vector,temporal_cue_then_blank,lin_sequence_front_bands_r1_l2,1,2,2,front_bands,6,0.5119047619047618,0.042923229469809414,0.46428571428571425,0.03571428571428572,nan,0.0
torus_lattice,metric_commutative,metric_landmark,vector,temporal_cue_then_blank,lin_sequence_front_bands_r1_l4,1,4,4,front_bands,6,0.45238095238095233,0.023809523809523815,0.39285714285714285,0.030583887092059833,nan,0.0
torus_lattice,metric_commutative,metric_landmark,vector,temporal_cue_then_blank,lin_sequence_front_bands_r1_l8,1,8,8,front_bands,6,0.4761904761904761,0.039840953644479794,0.4523809523809524,0.03984095364447979,nan,0.0
torus_lattice,metric_commutative,metric_landmark,vector,temporal_cue_then_blank,lin_sequence_front_bands_r3_l2,3,2,4,front_bands,6,0.46428571428571425,0.0442242276690636,0.45238095238095233,0.05106573949887434,nan,0.0
torus_lattice,metric_commutative,metric_landmark,vector,temporal_cue_then_blank,lin_sequence_front_bands_r3_l4,3,4,6,front_bands,6,0.4761904761904761,0.0398409536444798,0.44047619047619047,0.05022624549935475,nan,0.0
torus_lattice,metric_commutative,metric_landmark,vector,temporal_cue_then_blank,lin_sequence_front_bands_r3_l8,3,8,10,front_bands,6,0.5,0.04879500364742668,0.44047619047619047,0.021951296326887828,nan,0.0
torus_lattice,metric_commutative,metric_landmark,vector,temporal_cue_then_blank,lin_sequence_front_bands_r5_l2,5,2,6,front_bands,6,0.4761904761904761,0.0398409536444798,0.45238095238095233,0.03984095364447979,nan,0.0
torus_lattice,metric_commutative,metric_landmark,vector,temporal_cue_then_blank,lin_sequence_front_bands_r5_l4,5,4,8,front_bands,6,0.48809523809523797,0.034090050150658,0.4285714285714286,0.018442777839082936,nan,0.0
torus_lattice,metric_commutative,metric_landmark,vector,temporal_cue_then_blank,lin_sequence_front_bands_r5_l8,5,8,12,front_bands,6,0.44047619047619047,0.0286704632828388,0.4166666666666667,0.04671765921511568,nan,0.0
torus_lattice,metric_commutative,metric_landmark,vector,temporal_cue_then_blank,memoryless_linear,,,,,2,0.5357142857142857,0.17857142857142858,0.17857142857142855,0.10714285714285712,nan,0.0
torus_lattice,metric_commutative,metric_landmark,vector,temporal_cue_then_blank,memoryless_mlp,,,,,2,0.5357142857142857,0.17857142857142858,0.17857142857142855,0.10714285714285712,nan,0.0
torus_lattice,metric_commutative,metric_landmark,vector,temporal_cue_then_blank,numpy_rnn,,,,,2,0.5357142857142857,0.17857142857142858,0.17857142857142855,0.10714285714285712,nan,0.0
torus_lattice,metric_commutative,metric_landmark,vector,temporal_cue_then_blank,reservoir_block_hybrid,,,,,6,0.4761904761904761,0.0398409536444798,0.5,0.05532833351724883,nan,0.0
torus_lattice,metric_commutative,metric_landmark,vector,temporal_cue_then_blank,reservoir_diagonal,,,,,6,0.46428571428571425,0.015971914124998505,0.30952380952380953,0.023809523809523815,nan,0.0
torus_lattice,metric_commutative,metric_landmark,vector,temporal_cue_then_blank,reservoir_low_rank,,,,,6,0.46428571428571425,0.0442242276690636,0.39285714285714285,0.04019510241936699,nan,0.0
torus_lattice,metric_commutative,metric_landmark,vector,temporal_cue_then_blank,reservoir_nilpotent,,,,,6,0.46428571428571425,0.0442242276690636,0.5476190476190476,0.05106573949887434,nan,0.0
torus_lattice,metric_commutative,metric_landmark,vector,temporal_cue_then_blank,reservoir_orthogonal,,,,,6,0.4880952380952381,0.053505250129152936,0.4880952380952381,0.05022624549935474,nan,0.0
torus_lattice,metric_commutative,metric_landmark,vector,temporal_cue_then_blank,reservoir_oscillatory,,,,,6,0.45238095238095233,0.03531523089093173,0.45238095238095233,0.04761904761904762,nan,0.0
torus_lattice,metric_commutative,metric_landmark,vector,temporal_cue_then_blank,reservoir_random,,,,,6,0.5238095238095238,0.05429406786186372,0.4880952380952381,0.03409005015065798,nan,0.0
torus_lattice,metric_commutative,metric_landmark,vector,temporal_cue_then_blank,reservoir_sparse,,,,,6,0.46428571428571425,0.015971914124998505,0.44047619047619047,0.03409005015065798,nan,0.0
torus_lattice,metric_commutative,metric_landmark,vector,temporal_cue_then_blank,reservoir_symmetric,,,,,6,0.48809523809523797,0.034090050150658,0.41666666666666674,0.028670463282838794,nan,0.0
torus_lattice,metric_commutative,metric_landmark,vector,temporal_dropout,lin_sequence_all_units_r3_l4,3,4,6,all_units,6,0.4761904761904761,0.03011693009684171,0.42857142857142855,0.041239304942116126,nan,0.0
torus_lattice,metric_commutative,metric_landmark,vector,temporal_dropout,lin_sequence_front_bands_r1_l2,1,2,2,front_bands,6,0.5476190476190476,0.054294067861863735,0.6071428571428571,0.035714285714285726,nan,0.0
torus_lattice,metric_commutative,metric_landmark,vector,temporal_dropout,lin_sequence_front_bands_r1_l4,1,4,4,front_bands,6,0.48809523809523797,0.034090050150658,0.5238095238095237,0.07299861769883759,nan,0.0
torus_lattice,metric_commutative,metric_landmark,vector,temporal_dropout,lin_sequence_front_bands_r1_l8,1,8,8,front_bands,6,0.5476190476190476,0.023809523809523815,0.7023809523809524,0.028670463282838808,nan,0.0
torus_lattice,metric_commutative,metric_landmark,vector,temporal_dropout,lin_sequence_front_bands_r3_l2,3,2,4,front_bands,6,0.4761904761904761,0.04390259265377565,0.5833333333333333,0.05350525012915295,nan,0.0
torus_lattice,metric_commutative,metric_landmark,vector,temporal_dropout,lin_sequence_front_bands_r3_l4,3,4,6,front_bands,6,0.4761904761904762,0.03531523089093173,0.48809523809523814,0.0623154872776305,nan,0.0
torus_lattice,metric_commutative,metric_landmark,vector,temporal_dropout,lin_sequence_front_bands_r3_l8,3,8,10,front_bands,6,0.4761904761904761,0.03531523089093173,0.5476190476190476,0.057340926565677616,nan,0.0
torus_lattice,metric_commutative,metric_landmark,vector,temporal_dropout,lin_sequence_front_bands_r5_l2,5,2,6,front_bands,6,0.5,0.018442777839082936,0.42857142857142855,0.048795003647426664,nan,0.0
torus_lattice,metric_commutative,metric_landmark,vector,temporal_dropout,lin_sequence_front_bands_r5_l4,5,4,8,front_bands,6,0.4761904761904762,0.023809523809523815,0.4761904761904761,0.06563832739090583,nan,0.0
torus_lattice,metric_commutative,metric_landmark,vector,temporal_dropout,lin_sequence_front_bands_r5_l8,5,8,12,front_bands,6,0.5357142857142857,0.03058388709205984,0.4166666666666667,0.05350525012915293,nan,0.0
torus_lattice,metric_commutative,metric_landmark,vector,temporal_dropout,memoryless_linear,,,,,2,0.5714285714285714,0.14285714285714285,0.5357142857142857,0.10714285714285716,nan,0.0
torus_lattice,metric_commutative,metric_landmark,vector,temporal_dropout,memoryless_mlp,,,,,2,0.5714285714285714,0.14285714285714285,0.5357142857142857,0.10714285714285716,nan,0.0
torus_lattice,metric_commutative,metric_landmark,vector,temporal_dropout,numpy_rnn,,,,,2,0.5357142857142857,0.17857142857142858,0.25,0.03571428571428571,nan,0.0
torus_lattice,metric_commutative,metric_landmark,vector,temporal_dropout,reservoir_block_hybrid,,,,,6,0.4523809523809524,0.04390259265377566,0.6071428571428571,0.08987898137227084,nan,0.0
torus_lattice,metric_commutative,metric_landmark,vector,temporal_dropout,reservoir_diagonal,,,,,6,0.5238095238095238,0.02380952380952381,0.5357142857142857,0.06838765055402417,nan,0.0
torus_lattice,metric_commutative,metric_landmark,vector,temporal_dropout,reservoir_low_rank,,,,,6,0.5119047619047619,0.034090050150658,0.6785714285714287,0.047915742374995504,nan,0.0
torus_lattice,metric_commutative,metric_landmark,vector,temporal_dropout,reservoir_nilpotent,,,,,6,0.46428571428571425,0.03571428571428571,0.5119047619047618,0.053505250129152936,nan,0.0
torus_lattice,metric_commutative,metric_landmark,vector,temporal_dropout,reservoir_orthogonal,,,,,6,0.4761904761904762,0.03011693009684171,0.46428571428571436,0.040195102419366975,nan,0.0
torus_lattice,metric_commutative,metric_landmark,vector,temporal_dropout,reservoir_oscillatory,,,,,6,0.4880952380952381,0.03409005015065798,0.630952380952381,0.059523809523809534,nan,0.0
torus_lattice,metric_commutative,metric_landmark,vector,temporal_dropout,reservoir_random,,,,,6,0.46428571428571425,0.05134252060201864,0.4761904761904762,0.06563832739090582,nan,0.0
torus_lattice,metric_commutative,metric_landmark,vector,temporal_dropout,reservoir_sparse,,,,,6,0.4761904761904761,0.03011693009684171,0.6071428571428571,0.030583887092059843,nan,0.0
torus_lattice,metric_commutative,metric_landmark,vector,temporal_dropout,reservoir_symmetric,,,,,6,0.5119047619047619,0.0286704632828388,0.5357142857142857,0.07083083228877866,nan,0.0
torus_lattice,metric_commutative,metric_landmark,vector,temporal_full,lin_sequence_all_units_r3_l4,3,4,6,all_units,6,0.4761904761904761,0.04761904761904762,0.5952380952380952,0.03011693009684172,nan,0.0
torus_lattice,metric_commutative,metric_landmark,vector,temporal_full,lin_sequence_front_bands_r1_l2,1,2,2,front_bands,6,0.5952380952380952,0.043902592653775656,0.4523809523809524,0.04390259265377565,nan,0.0
torus_lattice,metric_commutative,metric_landmark,vector,temporal_full,lin_sequence_front_bands_r1_l4,1,4,4,front_bands,6,0.5357142857142857,0.01597191412499849,0.5952380952380952,0.04761904761904762,nan,0.0
torus_lattice,metric_commutative,metric_landmark,vector,temporal_full,lin_sequence_front_bands_r1_l8,1,8,8,front_bands,6,0.5357142857142857,0.01597191412499849,0.6071428571428571,0.1039197754418819,nan,0.0
torus_lattice,metric_commutative,metric_landmark,vector,temporal_full,lin_sequence_front_bands_r3_l2,3,2,4,front_bands,6,0.4761904761904762,0.04761904761904762,0.630952380952381,0.0675536236148148,nan,0.0
torus_lattice,metric_commutative,metric_landmark,vector,temporal_full,lin_sequence_front_bands_r3_l4,3,4,6,front_bands,6,0.46428571428571436,0.040195102419366975,0.5,0.09404008408634047,nan,0.0
torus_lattice,metric_commutative,metric_landmark,vector,temporal_full,lin_sequence_front_bands_r3_l8,3,8,10,front_bands,6,0.49999999999999994,0.02608202654786505,0.6190476190476191,0.0573409265656776,nan,0.0
torus_lattice,metric_commutative,metric_landmark,vector,temporal_full,lin_sequence_front_bands_r5_l2,5,2,6,front_bands,6,0.4880952380952381,0.04671765921511568,0.5595238095238095,0.08126689602798103,nan,0.0
torus_lattice,metric_commutative,metric_landmark,vector,temporal_full,lin_sequence_front_bands_r5_l4,5,4,8,front_bands,6,0.48809523809523797,0.0286704632828388,0.5357142857142857,0.03058388709205984,nan,0.0
torus_lattice,metric_commutative,metric_landmark,vector,temporal_full,lin_sequence_front_bands_r5_l8,5,8,12,front_bands,6,0.45238095238095233,0.043902592653775656,0.5595238095238094,0.05659459201907007,nan,0.0
torus_lattice,metric_commutative,metric_landmark,vector,temporal_full,memoryless_linear,,,,,2,0.5714285714285714,0.14285714285714285,0.39285714285714285,0.17857142857142852,nan,0.0
torus_lattice,metric_commutative,metric_landmark,vector,temporal_full,memoryless_mlp,,,,,2,0.5714285714285714,0.14285714285714285,0.39285714285714285,0.17857142857142852,nan,0.0
torus_lattice,metric_commutative,metric_landmark,vector,temporal_full,numpy_rnn,,,,,2,0.5357142857142857,0.17857142857142858,0.17857142857142855,0.10714285714285712,nan,0.0
torus_lattice,metric_commutative,metric_landmark,vector,temporal_full,reservoir_block_hybrid,,,,,6,0.46428571428571425,0.03571428571428571,0.6785714285714285,0.04791574237499549,nan,0.0
torus_lattice,metric_commutative,metric_landmark,vector,temporal_full,reservoir_diagonal,,,,,6,0.48809523809523797,0.0286704632828388,0.42857142857142855,0.02608202654786505,nan,0.0
torus_lattice,metric_commutative,metric_landmark,vector,temporal_full,reservoir_low_rank,,,,,6,0.4761904761904761,0.0573409265656776,0.5595238095238094,0.050226245499354734,nan,0.0
torus_lattice,metric_commutative,metric_landmark,vector,temporal_full,reservoir_nilpotent,,,,,6,0.4285714285714286,0.04879500364742666,0.5238095238095238,0.06299407883487121,nan,0.0
torus_lattice,metric_commutative,metric_landmark,vector,temporal_full,reservoir_orthogonal,,,,,6,0.4404761904761904,0.05952380952380953,0.6309523809523809,0.062315487277630484,nan,0.0
torus_lattice,metric_commutative,metric_landmark,vector,temporal_full,reservoir_oscillatory,,,,,6,0.5357142857142857,0.040195102419366996,0.5357142857142857,0.047915742374995504,nan,0.0
torus_lattice,metric_commutative,metric_landmark,vector,temporal_full,reservoir_random,,,,,6,0.48809523809523797,0.03875909665738025,0.5,0.031943828249996996,nan,0.0
torus_lattice,metric_commutative,metric_landmark,vector,temporal_full,reservoir_sparse,,,,,6,0.4761904761904762,0.04761904761904762,0.46428571428571425,0.07083083228877866,nan,0.0
torus_lattice,metric_commutative,metric_landmark,vector,temporal_full,reservoir_symmetric,,,,,6,0.5238095238095238,0.023809523809523808,0.5238095238095238,0.039840953644479794,nan,0.0
trace_commute_000,trace_noncommutative,formal,egocentric_landmark,temporal_cue_then_blank,lin_sequence_all_units_r3_l4,3,4,6,all_units,6,0.2673611111111111,0.012519275262027741,0.0,0.0,nan,0.0
trace_commute_000,trace_noncommutative,formal,egocentric_landmark,temporal_cue_then_blank,lin_sequence_front_bands_r1_l2,1,2,2,front_bands,6,0.3177083333333333,0.006987712429686843,0.0,0.0,nan,0.0
trace_commute_000,trace_noncommutative,formal,egocentric_landmark,temporal_cue_then_blank,lin_sequence_front_bands_r1_l4,1,4,4,front_bands,6,0.30034722222222227,0.008680555555555561,0.0,0.0,nan,0.0
trace_commute_000,trace_noncommutative,formal,egocentric_landmark,temporal_cue_then_blank,lin_sequence_front_bands_r1_l8,1,8,8,front_bands,6,0.26215277777777773,0.01382363141485721,0.0,0.0,nan,0.0
trace_commute_000,trace_noncommutative,formal,egocentric_landmark,temporal_cue_then_blank,lin_sequence_front_bands_r3_l2,3,2,4,front_bands,6,0.3055555555555555,0.010980130764473536,0.0,0.0,nan,0.0
trace_commute_000,trace_noncommutative,formal,egocentric_landmark,temporal_cue_then_blank,lin_sequence_front_bands_r3_l4,3,4,6,front_bands,6,0.2621527777777778,0.008680555555555556,0.0,0.0,nan,0.0
trace_commute_000,trace_noncommutative,formal,egocentric_landmark,temporal_cue_then_blank,lin_sequence_front_bands_r3_l8,3,8,10,front_bands,6,0.28472222222222227,0.009572256077840428,0.0,0.0,nan,0.0
trace_commute_000,trace_noncommutative,formal,egocentric_landmark,temporal_cue_then_blank,lin_sequence_front_bands_r5_l2,5,2,6,front_bands,6,0.28125,0.016579633869879616,0.0,0.0,nan,0.0
trace_commute_000,trace_noncommutative,formal,egocentric_landmark,temporal_cue_then_blank,lin_sequence_front_bands_r5_l4,5,4,8,front_bands,6,0.2760416666666667,0.010673907047874577,0.0,0.0,nan,0.0
trace_commute_000,trace_noncommutative,formal,egocentric_landmark,temporal_cue_then_blank,lin_sequence_front_bands_r5_l8,5,8,12,front_bands,6,0.2795138888888889,0.005652368262534618,0.0,0.0,nan,0.0
trace_commute_000,trace_noncommutative,formal,egocentric_landmark,temporal_cue_then_blank,memoryless_linear,,,,,2,0.3177083333333333,0.015625,0.0,0.0,nan,0.0
trace_commute_000,trace_noncommutative,formal,egocentric_landmark,temporal_cue_then_blank,memoryless_mlp,,,,,2,0.3177083333333333,0.015625,0.0,0.0,nan,0.0
trace_commute_000,trace_noncommutative,formal,egocentric_landmark,temporal_cue_then_blank,numpy_rnn,,,,,2,0.36458333333333337,0.020833333333333343,0.0,0.0,nan,0.0
trace_commute_000,trace_noncommutative,formal,egocentric_landmark,temporal_cue_then_blank,reservoir_block_hybrid,,,,,6,0.2864583333333333,0.014168198446599424,0.0,0.0,nan,0.0
trace_commute_000,trace_noncommutative,formal,egocentric_landmark,temporal_cue_then_blank,reservoir_diagonal,,,,,6,0.296875,0.009219387532883169,0.0,0.0,nan,0.0
trace_commute_000,trace_noncommutative,formal,egocentric_landmark,temporal_cue_then_blank,reservoir_low_rank,,,,,6,0.3020833333333333,0.007607257743127311,0.0,0.0,nan,0.0
trace_commute_000,trace_noncommutative,formal,egocentric_landmark,temporal_cue_then_blank,reservoir_nilpotent,,,,,6,0.2795138888888889,0.007324660801989229,0.0,0.0,nan,0.0
trace_commute_000,trace_noncommutative,formal,egocentric_landmark,temporal_cue_then_blank,reservoir_orthogonal,,,,,6,0.2795138888888889,0.008680555555555549,0.0,0.0,nan,0.0
trace_commute_000,trace_noncommutative,formal,egocentric_landmark,temporal_cue_then_blank,reservoir_oscillatory,,,,,6,0.28472222222222215,0.017975248757701092,0.0,0.0,nan,0.0
trace_commute_000,trace_noncommutative,formal,egocentric_landmark,temporal_cue_then_blank,reservoir_random,,,,,6,0.2795138888888889,0.00825337800278105,0.0,0.0,nan,0.0
trace_commute_000,trace_noncommutative,formal,egocentric_landmark,temporal_cue_then_blank,reservoir_sparse,,,,,6,0.2795138888888889,0.015075203712564173,0.0,0.0,nan,0.0
trace_commute_000,trace_noncommutative,formal,egocentric_landmark,temporal_cue_then_blank,reservoir_symmetric,,,,,6,0.30034722222222227,0.012734111681175171,0.0,0.0,nan,0.0
trace_commute_000,trace_noncommutative,formal,egocentric_landmark,temporal_dropout,lin_sequence_all_units_r3_l4,3,4,6,all_units,6,0.6788194444444445,0.02288771319121806,0.0,0.0,nan,0.0
trace_commute_000,trace_noncommutative,formal,egocentric_landmark,temporal_dropout,lin_sequence_front_bands_r1_l2,1,2,2,front_bands,6,0.6614583333333334,0.020963137289060532,0.0,0.0,nan,0.0
trace_commute_000,trace_noncommutative,formal,egocentric_landmark,temporal_dropout,lin_sequence_front_bands_r1_l4,1,4,4,front_bands,6,0.6649305555555556,0.016885856133038647,0.0,0.0,nan,0.0
trace_commute_000,trace_noncommutative,formal,egocentric_landmark,temporal_dropout,lin_sequence_front_bands_r1_l8,1,8,8,front_bands,6,0.6788194444444445,0.022887713191218056,0.0,0.0,nan,0.0
trace_commute_000,trace_noncommutative,formal,egocentric_landmark,temporal_dropout,lin_sequence_front_bands_r3_l2,3,2,4,front_bands,6,0.6649305555555556,0.01792487430436154,0.0,0.0,nan,0.0
trace_commute_000,trace_noncommutative,formal,egocentric_landmark,temporal_dropout,lin_sequence_front_bands_r3_l4,3,4,6,front_bands,6,0.6770833333333334,0.017636701526667083,0.0,0.0,nan,0.0
trace_commute_000,trace_noncommutative,formal,egocentric_landmark,temporal_dropout,lin_sequence_front_bands_r3_l8,3,8,10,front_bands,6,0.6840277777777778,0.01777289429454128,0.0,0.0,nan,0.0
trace_commute_000,trace_noncommutative,formal,egocentric_landmark,temporal_dropout,lin_sequence_front_bands_r5_l2,5,2,6,front_bands,6,0.6805555555555555,0.019144512155680873,0.0,0.0,nan,0.0
trace_commute_000,trace_noncommutative,formal,egocentric_landmark,temporal_dropout,lin_sequence_front_bands_r5_l4,5,4,8,front_bands,6,0.6996527777777778,0.01645188575066962,0.0,0.0,nan,0.0
trace_commute_000,trace_noncommutative,formal,egocentric_landmark,temporal_dropout,lin_sequence_front_bands_r5_l8,5,8,12,front_bands,6,0.6840277777777778,0.006944444444444452,0.0,0.0,nan,0.0
trace_commute_000,trace_noncommutative,formal,egocentric_landmark,temporal_dropout,memoryless_linear,,,,,2,0.6822916666666667,0.05729166666666668,0.0,0.0,nan,0.0
trace_commute_000,trace_noncommutative,formal,egocentric_landmark,temporal_dropout,memoryless_mlp,,,,,2,0.6822916666666667,0.05729166666666668,0.0,0.0,nan,0.0
trace_commute_000,trace_noncommutative,formal,egocentric_landmark,temporal_dropout,numpy_rnn,,,,,2,0.6458333333333333,0.041666666666666685,0.0,0.0,nan,0.0
trace_commute_000,trace_noncommutative,formal,egocentric_landmark,temporal_dropout,reservoir_block_hybrid,,,,,6,0.6892361111111112,0.020731812831289137,0.0,0.0,nan,0.0
trace_commute_000,trace_noncommutative,formal,egocentric_landmark,temporal_dropout,reservoir_diagonal,,,,,6,0.6736111111111112,0.016724436914989295,0.0,0.0,nan,0.0
trace_commute_000,trace_noncommutative,formal,egocentric_landmark,temporal_dropout,reservoir_low_rank,,,,,6,0.670138888888889,0.01583576979304358,0.0,0.0,nan,0.0
trace_commute_000,trace_noncommutative,formal,egocentric_landmark,temporal_dropout,reservoir_nilpotent,,,,,6,0.6857638888888888,0.007324660801989238,0.0,0.0,nan,0.0
trace_commute_000,trace_noncommutative,formal,egocentric_landmark,temporal_dropout,reservoir_orthogonal,,,,,6,0.6805555555555557,0.012519275262027736,0.0,0.0,nan,0.0
trace_commute_000,trace_noncommutative,formal,egocentric_landmark,temporal_dropout,reservoir_oscillatory,,,,,6,0.6666666666666666,0.01824156324522736,0.0,0.0,nan,0.0
trace_commute_000,trace_noncommutative,formal,egocentric_landmark,temporal_dropout,reservoir_random,,,,,6,0.6909722222222223,0.010300275676521751,0.0,0.0,nan,0.0
trace_commute_000,trace_noncommutative,formal,egocentric_landmark,temporal_dropout,reservoir_sparse,,,,,6,0.6805555555555557,0.021120703230202157,0.0,0.0,nan,0.0
trace_commute_000,trace_noncommutative,formal,egocentric_landmark,temporal_dropout,reservoir_symmetric,,,,,6,0.671875,0.022300751004626963,0.0,0.0,nan,0.0
trace_commute_000,trace_noncommutative,formal,egocentric_landmark,temporal_full,lin_sequence_all_units_r3_l4,3,4,6,all_units,6,0.9947916666666666,0.0023292374765622728,0.0,0.0,nan,0.0
trace_commute_000,trace_noncommutative,formal,egocentric_landmark,temporal_full,lin_sequence_front_bands_r1_l2,1,2,2,front_bands,6,0.9947916666666666,0.0023292374765622728,0.0,0.0,nan,0.0
trace_commute_000,trace_noncommutative,formal,egocentric_landmark,temporal_full,lin_sequence_front_bands_r1_l4,1,4,4,front_bands,6,0.9947916666666666,0.0023292374765622728,0.0,0.0,nan,0.0
trace_commute_000,trace_noncommutative,formal,egocentric_landmark,temporal_full,lin_sequence_front_bands_r1_l8,1,8,8,front_bands,6,0.9947916666666666,0.0023292374765622728,0.0,0.0,nan,0.0
trace_commute_000,trace_noncommutative,formal,egocentric_landmark,temporal_full,lin_sequence_front_bands_r3_l2,3,2,4,front_bands,6,0.9947916666666666,0.0023292374765622728,0.0,0.0,nan,0.0
trace_commute_000,trace_noncommutative,formal,egocentric_landmark,temporal_full,lin_sequence_front_bands_r3_l4,3,4,6,front_bands,6,0.9947916666666666,0.0023292374765622728,0.0,0.0,nan,0.0
trace_commute_000,trace_noncommutative,formal,egocentric_landmark,temporal_full,lin_sequence_front_bands_r3_l8,3,8,10,front_bands,6,0.9947916666666666,0.0023292374765622728,0.0,0.0,nan,0.0
trace_commute_000,trace_noncommutative,formal,egocentric_landmark,temporal_full,lin_sequence_front_bands_r5_l2,5,2,6,front_bands,6,0.9947916666666666,0.0023292374765622728,0.0,0.0,nan,0.0
trace_commute_000,trace_noncommutative,formal,egocentric_landmark,temporal_full,lin_sequence_front_bands_r5_l4,5,4,8,front_bands,6,0.9947916666666666,0.0023292374765622728,0.0,0.0,nan,0.0
trace_commute_000,trace_noncommutative,formal,egocentric_landmark,temporal_full,lin_sequence_front_bands_r5_l8,5,8,12,front_bands,6,0.9947916666666666,0.0023292374765622728,0.0,0.0,nan,0.0
trace_commute_000,trace_noncommutative,formal,egocentric_landmark,temporal_full,memoryless_linear,,,,,2,0.9947916666666667,0.005208333333333315,0.0,0.0,nan,0.0
trace_commute_000,trace_noncommutative,formal,egocentric_landmark,temporal_full,memoryless_mlp,,,,,2,0.9947916666666667,0.005208333333333315,0.0,0.0,nan,0.0
trace_commute_000,trace_noncommutative,formal,egocentric_landmark,temporal_full,numpy_rnn,,,,,2,0.9947916666666667,0.005208333333333315,0.0,0.0,nan,0.0
trace_commute_000,trace_noncommutative,formal,egocentric_landmark,temporal_full,reservoir_block_hybrid,,,,,6,0.9947916666666666,0.0023292374765622728,0.0,0.0,nan,0.0
trace_commute_000,trace_noncommutative,formal,egocentric_landmark,temporal_full,reservoir_diagonal,,,,,6,0.9947916666666666,0.0023292374765622728,0.0,0.0,nan,0.0
trace_commute_000,trace_noncommutative,formal,egocentric_landmark,temporal_full,reservoir_low_rank,,,,,6,0.9947916666666666,0.0023292374765622728,0.0,0.0,nan,0.0
trace_commute_000,trace_noncommutative,formal,egocentric_landmark,temporal_full,reservoir_nilpotent,,,,,6,0.9947916666666666,0.0023292374765622728,0.0,0.0,nan,0.0
trace_commute_000,trace_noncommutative,formal,egocentric_landmark,temporal_full,reservoir_orthogonal,,,,,6,0.9947916666666666,0.0023292374765622728,0.0,0.0,nan,0.0
trace_commute_000,trace_noncommutative,formal,egocentric_landmark,temporal_full,reservoir_oscillatory,,,,,6,0.9947916666666666,0.0023292374765622728,0.0,0.0,nan,0.0
trace_commute_000,trace_noncommutative,formal,egocentric_landmark,temporal_full,reservoir_random,,,,,6,0.9947916666666666,0.0023292374765622728,0.0,0.0,nan,0.0
trace_commute_000,trace_noncommutative,formal,egocentric_landmark,temporal_full,reservoir_sparse,,,,,6,0.9947916666666666,0.0023292374765622728,0.0,0.0,nan,0.0
trace_commute_000,trace_noncommutative,formal,egocentric_landmark,temporal_full,reservoir_symmetric,,,,,6,0.9947916666666666,0.0023292374765622728,0.0,0.0,nan,0.0
trace_commute_000,trace_noncommutative,formal,hybrid,temporal_cue_then_blank,lin_sequence_all_units_r3_l4,3,4,6,all_units,6,0.2986111111111111,0.005150137838260876,0.0,0.0,nan,0.0
trace_commute_000,trace_noncommutative,formal,hybrid,temporal_cue_then_blank,lin_sequence_front_bands_r1_l2,1,2,2,front_bands,6,0.3333333333333333,0.013975424859373685,0.0,0.0,nan,0.0
trace_commute_000,trace_noncommutative,formal,hybrid,temporal_cue_then_blank,lin_sequence_front_bands_r1_l4,1,4,4,front_bands,6,0.34027777777777773,0.012226956153929871,0.0,0.0,nan,0.0
trace_commute_000,trace_noncommutative,formal,hybrid,temporal_cue_then_blank,lin_sequence_front_bands_r1_l8,1,8,8,front_bands,6,0.28125,0.008920300401850788,0.0,0.0,nan,0.0
trace_commute_000,trace_noncommutative,formal,hybrid,temporal_cue_then_blank,lin_sequence_front_bands_r3_l2,3,2,4,front_bands,6,0.3454861111111111,0.010212111923508843,0.0,0.0,nan,0.0
trace_commute_000,trace_noncommutative,formal,hybrid,temporal_cue_then_blank,lin_sequence_front_bands_r3_l4,3,4,6,front_bands,6,0.2899305555555555,0.015313247966111075,0.0,0.0,nan,0.0
trace_commute_000,trace_noncommutative,formal,hybrid,temporal_cue_then_blank,lin_sequence_front_bands_r3_l8,3,8,10,front_bands,6,0.2881944444444445,0.01308433588987276,0.0,0.0,nan,0.0
trace_commute_000,trace_noncommutative,formal,hybrid,temporal_cue_then_blank,lin_sequence_front_bands_r5_l2,5,2,6,front_bands,6,0.2951388888888889,0.016062546536417192,0.0,0.0,nan,0.0
trace_commute_000,trace_noncommutative,formal,hybrid,temporal_cue_then_blank,lin_sequence_front_bands_r5_l4,5,4,8,front_bands,6,0.2951388888888889,0.015135065776182894,0.0,0.0,nan,0.0
trace_commute_000,trace_noncommutative,formal,hybrid,temporal_cue_then_blank,lin_sequence_front_bands_r5_l8,5,8,12,front_bands,6,0.2951388888888889,0.01715151254892843,0.0,0.0,nan,0.0
trace_commute_000,trace_noncommutative,formal,hybrid,temporal_cue_then_blank,memoryless_linear,,,,,2,0.3333333333333333,0.03125,0.0,0.0,nan,0.0
trace_commute_000,trace_noncommutative,formal,hybrid,temporal_cue_then_blank,memoryless_mlp,,,,,2,0.3333333333333333,0.03125,0.0,0.0,nan,0.0
trace_commute_000,trace_noncommutative,formal,hybrid,temporal_cue_then_blank,numpy_rnn,,,,,2,0.36458333333333337,0.020833333333333343,0.0,0.0,nan,0.0
trace_commute_000,trace_noncommutative,formal,hybrid,temporal_cue_then_blank,reservoir_block_hybrid,,,,,6,0.2864583333333333,0.0064493665350717705,0.0,0.0,nan,0.0
trace_commute_000,trace_noncommutative,formal,hybrid,temporal_cue_then_blank,reservoir_diagonal,,,,,6,0.3194444444444445,0.0058101390731533,0.0,0.0,nan,0.0
trace_commute_000,trace_noncommutative,formal,hybrid,temporal_cue_then_blank,reservoir_low_rank,,,,,6,0.2916666666666667,0.01172357153898204,0.0,0.0,nan,0.0
trace_commute_000,trace_noncommutative,formal,hybrid,temporal_cue_then_blank,reservoir_nilpotent,,,,,6,0.3107638888888889,0.0166702831724414,0.0,0.0,nan,0.0
trace_commute_000,trace_noncommutative,formal,hybrid,temporal_cue_then_blank,reservoir_orthogonal,,,,,6,0.2916666666666667,0.015450413514782635,0.0,0.0,nan,0.0
trace_commute_000,trace_noncommutative,formal,hybrid,temporal_cue_then_blank,reservoir_oscillatory,,,,,6,0.2934027777777778,0.01154220148513518,0.0,0.0,nan,0.0
trace_commute_000,trace_noncommutative,formal,hybrid,temporal_cue_then_blank,reservoir_random,,,,,6,0.2951388888888889,0.019703140220987646,0.0,0.0,nan,0.0
trace_commute_000,trace_noncommutative,formal,hybrid,temporal_cue_then_blank,reservoir_sparse,,,,,6,0.29166666666666663,0.009697388919283994,0.0,0.0,nan,0.0
trace_commute_000,trace_noncommutative,formal,hybrid,temporal_cue_then_blank,reservoir_symmetric,,,,,6,0.3003472222222222,0.010897468629496676,0.0,0.0,nan,0.0
trace_commute_000,trace_noncommutative,formal,hybrid,temporal_dropout,lin_sequence_all_units_r3_l4,3,4,6,all_units,6,0.6440972222222222,0.011224465191142091,0.0,0.0,nan,0.0
trace_commute_000,trace_noncommutative,formal,hybrid,temporal_dropout,lin_sequence_front_bands_r1_l2,1,2,2,front_bands,6,0.6336805555555555,0.008680555555555558,0.0,0.0,nan,0.0
trace_commute_000,trace_noncommutative,formal,hybrid,temporal_dropout,lin_sequence_front_bands_r1_l4,1,4,4,front_bands,6,0.6666666666666666,0.020658992750893786,0.0,0.0,nan,0.0
trace_commute_000,trace_noncommutative,formal,hybrid,temporal_dropout,lin_sequence_front_bands_r1_l8,1,8,8,front_bands,6,0.6527777777777778,0.013888888888888893,0.0,0.0,nan,0.0
trace_commute_000,trace_noncommutative,formal,hybrid,temporal_dropout,lin_sequence_front_bands_r3_l2,3,2,4,front_bands,6,0.6493055555555555,0.015135065776182894,0.0,0.0,nan,0.0
trace_commute_000,trace_noncommutative,formal,hybrid,temporal_dropout,lin_sequence_front_bands_r3_l4,3,4,6,front_bands,6,0.654513888888889,0.010560351615101073,0.0,0.0,nan,0.0
trace_commute_000,trace_noncommutative,formal,hybrid,temporal_dropout,lin_sequence_front_bands_r3_l8,3,8,10,front_bands,6,0.6440972222222222,0.003201230714337817,0.0,0.0,nan,0.0
trace_commute_000,trace_noncommutative,formal,hybrid,temporal_dropout,lin_sequence_front_bands_r5_l2,5,2,6,front_bands,6,0.6423611111111112,0.019332515148715354,0.0,0.0,nan,0.0
trace_commute_000,trace_noncommutative,formal,hybrid,temporal_dropout,lin_sequence_front_bands_r5_l4,5,4,8,front_bands,6,0.654513888888889,0.013559461242893497,0.0,0.0,nan,0.0
trace_commute_000,trace_noncommutative,formal,hybrid,temporal_dropout,lin_sequence_front_bands_r5_l8,5,8,12,front_bands,6,0.6527777777777778,0.006944444444444451,0.0,0.0,nan,0.0
trace_commute_000,trace_noncommutative,formal,hybrid,temporal_dropout,memoryless_linear,,,,,2,0.6510416666666667,0.005208333333333315,0.0,0.0,nan,0.0
trace_commute_000,trace_noncommutative,formal,hybrid,temporal_dropout,memoryless_mlp,,,,,2,0.6510416666666667,0.005208333333333315,0.0,0.0,nan,0.0
trace_commute_000,trace_noncommutative,formal,hybrid,temporal_dropout,numpy_rnn,,,,,2,0.6927083333333334,0.015625,0.0,0.0,nan,0.0
trace_commute_000,trace_noncommutative,formal,hybrid,temporal_dropout,reservoir_block_hybrid,,,,,6,0.6440972222222222,0.015778566343752447,0.0,0.0,nan,0.0
trace_commute_000,trace_noncommutative,formal,hybrid,temporal_dropout,reservoir_diagonal,,,,,6,0.6649305555555556,0.014833339835620723,0.0,0.0,nan,0.0
trace_commute_000,trace_noncommutative,formal,hybrid,temporal_dropout,reservoir_low_rank,,,,,6,0.6684027777777778,0.013559461242893494,0.0,0.0,nan,0.0
trace_commute_000,trace_noncommutative,formal,hybrid,temporal_dropout,reservoir_nilpotent,,,,,6,0.6475694444444445,0.010560351615101073,0.0,0.0,nan,0.0
trace_commute_000,trace_noncommutative,formal,hybrid,temporal_dropout,reservoir_orthogonal,,,,,6,0.6579861111111112,0.016006153571689045,0.0,0.0,nan,0.0
trace_commute_000,trace_noncommutative,formal,hybrid,temporal_dropout,reservoir_oscillatory,,,,,6,0.654513888888889,0.008253378002781055,0.0,0.0,nan,0.0
trace_commute_000,trace_noncommutative,formal,hybrid,temporal_dropout,reservoir_random,,,,,6,0.6510416666666667,0.011646187382811403,0.0,0.0,nan,0.0
trace_commute_000,trace_noncommutative,formal,hybrid,temporal_dropout,reservoir_sparse,,,,,6,0.6631944444444444,0.014649321603978463,0.0,0.0,nan,0.0
trace_commute_000,trace_noncommutative,formal,hybrid,temporal_dropout,reservoir_symmetric,,,,,6,0.6493055555555555,0.018762855675147638,0.0,0.0,nan,0.0
trace_commute_000,trace_noncommutative,formal,hybrid,temporal_full,lin_sequence_all_units_r3_l4,3,4,6,all_units,6,0.9947916666666666,0.0023292374765622728,0.0,0.0,nan,0.0
trace_commute_000,trace_noncommutative,formal,hybrid,temporal_full,lin_sequence_front_bands_r1_l2,1,2,2,front_bands,6,0.9947916666666666,0.0023292374765622728,0.0,0.0,nan,0.0
trace_commute_000,trace_noncommutative,formal,hybrid,temporal_full,lin_sequence_front_bands_r1_l4,1,4,4,front_bands,6,0.9947916666666666,0.0023292374765622728,0.0,0.0,nan,0.0
trace_commute_000,trace_noncommutative,formal,hybrid,temporal_full,lin_sequence_front_bands_r1_l8,1,8,8,front_bands,6,0.9947916666666666,0.0023292374765622728,0.0,0.0,nan,0.0
trace_commute_000,trace_noncommutative,formal,hybrid,temporal_full,lin_sequence_front_bands_r3_l2,3,2,4,front_bands,6,0.9947916666666666,0.0023292374765622728,0.0,0.0,nan,0.0
trace_commute_000,trace_noncommutative,formal,hybrid,temporal_full,lin_sequence_front_bands_r3_l4,3,4,6,front_bands,6,0.9947916666666666,0.0023292374765622728,0.0,0.0,nan,0.0
trace_commute_000,trace_noncommutative,formal,hybrid,temporal_full,lin_sequence_front_bands_r3_l8,3,8,10,front_bands,6,0.9947916666666666,0.0023292374765622728,0.0,0.0,nan,0.0
trace_commute_000,trace_noncommutative,formal,hybrid,temporal_full,lin_sequence_front_bands_r5_l2,5,2,6,front_bands,6,0.9947916666666666,0.0023292374765622728,0.0,0.0,nan,0.0
trace_commute_000,trace_noncommutative,formal,hybrid,temporal_full,lin_sequence_front_bands_r5_l4,5,4,8,front_bands,6,0.9947916666666666,0.0023292374765622728,0.0,0.0,nan,0.0
trace_commute_000,trace_noncommutative,formal,hybrid,temporal_full,lin_sequence_front_bands_r5_l8,5,8,12,front_bands,6,0.9947916666666666,0.0023292374765622728,0.0,0.0,nan,0.0
trace_commute_000,trace_noncommutative,formal,hybrid,temporal_full,memoryless_linear,,,,,2,0.9947916666666667,0.005208333333333315,0.0,0.0,nan,0.0
trace_commute_000,trace_noncommutative,formal,hybrid,temporal_full,memoryless_mlp,,,,,2,0.9947916666666667,0.005208333333333315,0.0,0.0,nan,0.0
trace_commute_000,trace_noncommutative,formal,hybrid,temporal_full,numpy_rnn,,,,,2,0.9947916666666667,0.005208333333333315,0.0,0.0,nan,0.0
trace_commute_000,trace_noncommutative,formal,hybrid,temporal_full,reservoir_block_hybrid,,,,,6,0.9947916666666666,0.0023292374765622728,0.0,0.0,nan,0.0
trace_commute_000,trace_noncommutative,formal,hybrid,temporal_full,reservoir_diagonal,,,,,6,0.9947916666666666,0.0023292374765622728,0.0,0.0,nan,0.0
trace_commute_000,trace_noncommutative,formal,hybrid,temporal_full,reservoir_low_rank,,,,,6,0.9947916666666666,0.0023292374765622728,0.0,0.0,nan,0.0
trace_commute_000,trace_noncommutative,formal,hybrid,temporal_full,reservoir_nilpotent,,,,,6,0.9947916666666666,0.0023292374765622728,0.0,0.0,nan,0.0
trace_commute_000,trace_noncommutative,formal,hybrid,temporal_full,reservoir_orthogonal,,,,,6,0.9947916666666666,0.0023292374765622728,0.0,0.0,nan,0.0
trace_commute_000,trace_noncommutative,formal,hybrid,temporal_full,reservoir_oscillatory,,,,,6,0.9947916666666666,0.0023292374765622728,0.0,0.0,nan,0.0
trace_commute_000,trace_noncommutative,formal,hybrid,temporal_full,reservoir_random,,,,,6,0.9947916666666666,0.0023292374765622728,0.0,0.0,nan,0.0
trace_commute_000,trace_noncommutative,formal,hybrid,temporal_full,reservoir_sparse,,,,,6,0.9947916666666666,0.0023292374765622728,0.0,0.0,nan,0.0
trace_commute_000,trace_noncommutative,formal,hybrid,temporal_full,reservoir_symmetric,,,,,6,0.9947916666666666,0.0023292374765622728,0.0,0.0,nan,0.0
trace_commute_000,trace_noncommutative,formal,sparse_aliased,temporal_cue_then_blank,lin_sequence_all_units_r3_l4,3,4,6,all_units,6,0.27777777777777773,0.014649321603978463,0.0,0.0,nan,0.0
trace_commute_000,trace_noncommutative,formal,sparse_aliased,temporal_cue_then_blank,lin_sequence_front_bands_r1_l2,1,2,2,front_bands,6,0.3177083333333333,0.006987712429686843,0.0,0.0,nan,0.0
trace_commute_000,trace_noncommutative,formal,sparse_aliased,temporal_cue_then_blank,lin_sequence_front_bands_r1_l4,1,4,4,front_bands,6,0.3055555555555555,0.008784104611578832,0.0,0.0,nan,0.0
trace_commute_000,trace_noncommutative,formal,sparse_aliased,temporal_cue_then_blank,lin_sequence_front_bands_r1_l8,1,8,8,front_bands,6,0.2864583333333333,0.015625,0.0,0.0,nan,0.0
trace_commute_000,trace_noncommutative,formal,sparse_aliased,temporal_cue_then_blank,lin_sequence_front_bands_r3_l2,3,2,4,front_bands,6,0.3038194444444445,0.0062596376310138716,0.0,0.0,nan,0.0
trace_commute_000,trace_noncommutative,formal,sparse_aliased,temporal_cue_then_blank,lin_sequence_front_bands_r3_l4,3,4,6,front_bands,6,0.28124999999999994,0.017430417219459905,0.0,0.0,nan,0.0
trace_commute_000,trace_noncommutative,formal,sparse_aliased,temporal_cue_then_blank,lin_sequence_front_bands_r3_l8,3,8,10,front_bands,6,0.2847222222222222,0.010980130764473538,0.0,0.0,nan,0.0
trace_commute_000,trace_noncommutative,formal,sparse_aliased,temporal_cue_then_blank,lin_sequence_front_bands_r5_l2,5,2,6,front_bands,6,0.27777777777777773,0.01280492285735123,0.0,0.0,nan,0.0
trace_commute_000,trace_noncommutative,formal,sparse_aliased,temporal_cue_then_blank,lin_sequence_front_bands_r5_l4,5,4,8,front_bands,6,0.28472222222222227,0.007447087010252507,0.0,0.0,nan,0.0
trace_commute_000,trace_noncommutative,formal,sparse_aliased,temporal_cue_then_blank,lin_sequence_front_bands_r5_l8,5,8,12,front_bands,6,0.2881944444444445,0.009572256077840435,0.0,0.0,nan,0.0
trace_commute_000,trace_noncommutative,formal,sparse_aliased,temporal_cue_then_blank,memoryless_linear,,,,,2,0.3177083333333333,0.015625,0.0,0.0,nan,0.0
trace_commute_000,trace_noncommutative,formal,sparse_aliased,temporal_cue_then_blank,memoryless_mlp,,,,,2,0.3177083333333333,0.015625,0.0,0.0,nan,0.0
trace_commute_000,trace_noncommutative,formal,sparse_aliased,temporal_cue_then_blank,numpy_rnn,,,,,2,0.36458333333333337,0.020833333333333343,0.0,0.0,nan,0.0
trace_commute_000,trace_noncommutative,formal,sparse_aliased,temporal_cue_then_blank,reservoir_block_hybrid,,,,,6,0.2795138888888889,0.012446839117315919,0.0,0.0,nan,0.0
trace_commute_000,trace_noncommutative,formal,sparse_aliased,temporal_cue_then_blank,reservoir_diagonal,,,,,6,0.2986111111111111,0.010980130764473543,0.0,0.0,nan,0.0
trace_commute_000,trace_noncommutative,formal,sparse_aliased,temporal_cue_then_blank,reservoir_low_rank,,,,,6,0.30902777777777773,0.006944444444444444,0.0,0.0,nan,0.0
trace_commute_000,trace_noncommutative,formal,sparse_aliased,temporal_cue_then_blank,reservoir_nilpotent,,,,,6,0.2829861111111111,0.009087675227987776,0.0,0.0,nan,0.0
trace_commute_000,trace_noncommutative,formal,sparse_aliased,temporal_cue_then_blank,reservoir_orthogonal,,,,,6,0.28125000000000006,0.009697388919283983,0.0,0.0,nan,0.0
trace_commute_000,trace_noncommutative,formal,sparse_aliased,temporal_cue_then_blank,reservoir_oscillatory,,,,,6,0.2899305555555556,0.015075203712564175,0.0,0.0,nan,0.0
trace_commute_000,trace_noncommutative,formal,sparse_aliased,temporal_cue_then_blank,reservoir_random,,,,,6,0.2829861111111111,0.011851422337413896,0.0,0.0,nan,0.0
trace_commute_000,trace_noncommutative,formal,sparse_aliased,temporal_cue_then_blank,reservoir_sparse,,,,,6,0.27777777777777773,0.013625983937742073,0.0,0.0,nan,0.0
trace_commute_000,trace_noncommutative,formal,sparse_aliased,temporal_cue_then_blank,reservoir_symmetric,,,,,6,0.29340277777777773,0.01301504500971619,0.0,0.0,nan,0.0
trace_commute_000,trace_noncommutative,formal,sparse_aliased,temporal_dropout,lin_sequence_all_units_r3_l4,3,4,6,all_units,6,0.6284722222222222,0.028036985053036596,0.0,0.0,nan,0.0
trace_commute_000,trace_noncommutative,formal,sparse_aliased,temporal_dropout,lin_sequence_front_bands_r1_l2,1,2,2,front_bands,6,0.6510416666666667,0.030280087195309644,0.0,0.0,nan,0.0
trace_commute_000,trace_noncommutative,formal,sparse_aliased,temporal_dropout,lin_sequence_front_bands_r1_l4,1,4,4,front_bands,6,0.6336805555555556,0.033851940810017654,0.0,0.0,nan,0.0
trace_commute_000,trace_noncommutative,formal,sparse_aliased,temporal_dropout,lin_sequence_front_bands_r1_l8,1,8,8,front_bands,6,0.6197916666666666,0.026041666666666657,0.0,0.0,nan,0.0
trace_commute_000,trace_noncommutative,formal,sparse_aliased,temporal_dropout,lin_sequence_front_bands_r3_l2,3,2,4,front_bands,6,0.6319444444444445,0.034303025097856855,0.0,0.0,nan,0.0
trace_commute_000,trace_noncommutative,formal,sparse_aliased,temporal_dropout,lin_sequence_front_bands_r3_l4,3,4,6,front_bands,6,0.6336805555555555,0.02529008018698632,0.0,0.0,nan,0.0
trace_commute_000,trace_noncommutative,formal,sparse_aliased,temporal_dropout,lin_sequence_front_bands_r3_l8,3,8,10,front_bands,6,0.640625,0.031221051406477737,0.0,0.0,nan,0.0
trace_commute_000,trace_noncommutative,formal,sparse_aliased,temporal_dropout,lin_sequence_front_bands_r5_l2,5,2,6,front_bands,6,0.642361111111111,0.022124350447324987,0.0,0.0,nan,0.0
trace_commute_000,trace_noncommutative,formal,sparse_aliased,temporal_dropout,lin_sequence_front_bands_r5_l4,5,4,8,front_bands,6,0.625,0.026625402100945585,0.0,0.0,nan,0.0
trace_commute_000,trace_noncommutative,formal,sparse_aliased,temporal_dropout,lin_sequence_front_bands_r5_l8,5,8,12,front_bands,6,0.6371527777777777,0.030478517150872835,0.0,0.0,nan,0.0
trace_commute_000,trace_noncommutative,formal,sparse_aliased,temporal_dropout,memoryless_linear,,,,,2,0.6302083333333334,0.078125,0.0,0.0,nan,0.0
trace_commute_000,trace_noncommutative,formal,sparse_aliased,temporal_dropout,memoryless_mlp,,,,,2,0.6302083333333334,0.078125,0.0,0.0,nan,0.0
trace_commute_000,trace_noncommutative,formal,sparse_aliased,temporal_dropout,numpy_rnn,,,,,2,0.6770833333333333,0.02083333333333331,0.0,0.0,nan,0.0
trace_commute_000,trace_noncommutative,formal,sparse_aliased,temporal_dropout,reservoir_block_hybrid,,,,,6,0.6440972222222222,0.02654604156048251,0.0,0.0,nan,0.0
trace_commute_000,trace_noncommutative,formal,sparse_aliased,temporal_dropout,reservoir_diagonal,,,,,6,0.640625,0.027527080521498045,0.0,0.0,nan,0.0
trace_commute_000,trace_noncommutative,formal,sparse_aliased,temporal_dropout,reservoir_low_rank,,,,,6,0.6284722222222223,0.03409149363509327,0.0,0.0,nan,0.0
trace_commute_000,trace_noncommutative,formal,sparse_aliased,temporal_dropout,reservoir_nilpotent,,,,,6,0.6423611111111112,0.0237028446748278,0.0,0.0,nan,0.0
trace_commute_000,trace_noncommutative,formal,sparse_aliased,temporal_dropout,reservoir_orthogonal,,,,,6,0.6284722222222222,0.021794937258993362,0.0,0.0,nan,0.0
trace_commute_000,trace_noncommutative,formal,sparse_aliased,temporal_dropout,reservoir_oscillatory,,,,,6,0.638888888888889,0.022448930382284186,0.0,0.0,nan,0.0
trace_commute_000,trace_noncommutative,formal,sparse_aliased,temporal_dropout,reservoir_random,,,,,6,0.625,0.02982879388182573,0.0,0.0,nan,0.0
trace_commute_000,trace_noncommutative,formal,sparse_aliased,temporal_dropout,reservoir_sparse,,,,,6,0.6510416666666666,0.02356255219072715,0.0,0.0,nan,0.0
trace_commute_000,trace_noncommutative,formal,sparse_aliased,temporal_dropout,reservoir_symmetric,,,,,6,0.6215277777777778,0.02658008223472867,0.0,0.0,nan,0.0
trace_commute_000,trace_noncommutative,formal,sparse_aliased,temporal_full,lin_sequence_all_units_r3_l4,3,4,6,all_units,6,0.9947916666666666,0.0023292374765622728,0.0,0.0,nan,0.0
trace_commute_000,trace_noncommutative,formal,sparse_aliased,temporal_full,lin_sequence_front_bands_r1_l2,1,2,2,front_bands,6,0.9947916666666666,0.0023292374765622728,0.0,0.0,nan,0.0
trace_commute_000,trace_noncommutative,formal,sparse_aliased,temporal_full,lin_sequence_front_bands_r1_l4,1,4,4,front_bands,6,0.9947916666666666,0.0023292374765622728,0.0,0.0,nan,0.0
trace_commute_000,trace_noncommutative,formal,sparse_aliased,temporal_full,lin_sequence_front_bands_r1_l8,1,8,8,front_bands,6,0.9947916666666666,0.0023292374765622728,0.0,0.0,nan,0.0
trace_commute_000,trace_noncommutative,formal,sparse_aliased,temporal_full,lin_sequence_front_bands_r3_l2,3,2,4,front_bands,6,0.9947916666666666,0.0023292374765622728,0.0,0.0,nan,0.0
trace_commute_000,trace_noncommutative,formal,sparse_aliased,temporal_full,lin_sequence_front_bands_r3_l4,3,4,6,front_bands,6,0.9947916666666666,0.0023292374765622728,0.0,0.0,nan,0.0
trace_commute_000,trace_noncommutative,formal,sparse_aliased,temporal_full,lin_sequence_front_bands_r3_l8,3,8,10,front_bands,6,0.9947916666666666,0.0023292374765622728,0.0,0.0,nan,0.0
trace_commute_000,trace_noncommutative,formal,sparse_aliased,temporal_full,lin_sequence_front_bands_r5_l2,5,2,6,front_bands,6,0.9947916666666666,0.0023292374765622728,0.0,0.0,nan,0.0
trace_commute_000,trace_noncommutative,formal,sparse_aliased,temporal_full,lin_sequence_front_bands_r5_l4,5,4,8,front_bands,6,0.9947916666666666,0.0023292374765622728,0.0,0.0,nan,0.0
trace_commute_000,trace_noncommutative,formal,sparse_aliased,temporal_full,lin_sequence_front_bands_r5_l8,5,8,12,front_bands,6,0.9947916666666666,0.0023292374765622728,0.0,0.0,nan,0.0
trace_commute_000,trace_noncommutative,formal,sparse_aliased,temporal_full,memoryless_linear,,,,,2,0.9947916666666667,0.005208333333333315,0.0,0.0,nan,0.0
trace_commute_000,trace_noncommutative,formal,sparse_aliased,temporal_full,memoryless_mlp,,,,,2,0.9947916666666667,0.005208333333333315,0.0,0.0,nan,0.0
trace_commute_000,trace_noncommutative,formal,sparse_aliased,temporal_full,numpy_rnn,,,,,2,0.9947916666666667,0.005208333333333315,0.0,0.0,nan,0.0
trace_commute_000,trace_noncommutative,formal,sparse_aliased,temporal_full,reservoir_block_hybrid,,,,,6,0.9947916666666666,0.0023292374765622728,0.0,0.0,nan,0.0
trace_commute_000,trace_noncommutative,formal,sparse_aliased,temporal_full,reservoir_diagonal,,,,,6,0.9947916666666666,0.0023292374765622728,0.0,0.0,nan,0.0
trace_commute_000,trace_noncommutative,formal,sparse_aliased,temporal_full,reservoir_low_rank,,,,,6,0.9947916666666666,0.0023292374765622728,0.0,0.0,nan,0.0
trace_commute_000,trace_noncommutative,formal,sparse_aliased,temporal_full,reservoir_nilpotent,,,,,6,0.9947916666666666,0.0023292374765622728,0.0,0.0,nan,0.0
trace_commute_000,trace_noncommutative,formal,sparse_aliased,temporal_full,reservoir_orthogonal,,,,,6,0.9947916666666666,0.0023292374765622728,0.0,0.0,nan,0.0
trace_commute_000,trace_noncommutative,formal,sparse_aliased,temporal_full,reservoir_oscillatory,,,,,6,0.9947916666666666,0.0023292374765622728,0.0,0.0,nan,0.0
trace_commute_000,trace_noncommutative,formal,sparse_aliased,temporal_full,reservoir_random,,,,,6,0.9947916666666666,0.0023292374765622728,0.0,0.0,nan,0.0
trace_commute_000,trace_noncommutative,formal,sparse_aliased,temporal_full,reservoir_sparse,,,,,6,0.9947916666666666,0.0023292374765622728,0.0,0.0,nan,0.0
trace_commute_000,trace_noncommutative,formal,sparse_aliased,temporal_full,reservoir_symmetric,,,,,6,0.9947916666666666,0.0023292374765622728,0.0,0.0,nan,0.0
trace_commute_000,trace_noncommutative,formal,vector,temporal_cue_then_blank,lin_sequence_all_units_r3_l4,3,4,6,all_units,6,0.28298611111111116,0.013559461242893499,0.0,0.0,nan,0.0
trace_commute_000,trace_noncommutative,formal,vector,temporal_cue_then_blank,lin_sequence_front_bands_r1_l2,1,2,2,front_bands,6,0.3333333333333333,0.013975424859373685,0.0,0.0,nan,0.0
trace_commute_000,trace_noncommutative,formal,vector,temporal_cue_then_blank,lin_sequence_front_bands_r1_l4,1,4,4,front_bands,6,0.34027777777777785,0.013357905598382881,0.0,0.0,nan,0.0
trace_commute_000,trace_noncommutative,formal,vector,temporal_cue_then_blank,lin_sequence_front_bands_r1_l8,1,8,8,front_bands,6,0.27777777777777773,0.015835769793043585,0.0,0.0,nan,0.0
trace_commute_000,trace_noncommutative,formal,vector,temporal_cue_then_blank,lin_sequence_front_bands_r3_l2,3,2,4,front_bands,6,0.3350694444444444,0.013559461242893502,0.0,0.0,nan,0.0
trace_commute_000,trace_noncommutative,formal,vector,temporal_cue_then_blank,lin_sequence_front_bands_r3_l4,3,4,6,front_bands,6,0.31250000000000006,0.017430417219459905,0.0,0.0,nan,0.0
trace_commute_000,trace_noncommutative,formal,vector,temporal_cue_then_blank,lin_sequence_front_bands_r3_l8,3,8,10,front_bands,6,0.2916666666666667,0.013176156917368247,0.0,0.0,nan,0.0
trace_commute_000,trace_noncommutative,formal,vector,temporal_cue_then_blank,lin_sequence_front_bands_r5_l2,5,2,6,front_bands,6,0.3020833333333333,0.014731391274719743,0.0,0.0,nan,0.0
trace_commute_000,trace_noncommutative,formal,vector,temporal_cue_then_blank,lin_sequence_front_bands_r5_l4,5,4,8,front_bands,6,0.2864583333333333,0.012543327686241976,0.0,0.0,nan,0.0
trace_commute_000,trace_noncommutative,formal,vector,temporal_cue_then_blank,lin_sequence_front_bands_r5_l8,5,8,12,front_bands,6,0.3003472222222222,0.009087675227987778,0.0,0.0,nan,0.0
trace_commute_000,trace_noncommutative,formal,vector,temporal_cue_then_blank,memoryless_linear,,,,,2,0.3333333333333333,0.03125,0.0,0.0,nan,0.0
trace_commute_000,trace_noncommutative,formal,vector,temporal_cue_then_blank,memoryless_mlp,,,,,2,0.3333333333333333,0.03125,0.0,0.0,nan,0.0
trace_commute_000,trace_noncommutative,formal,vector,temporal_cue_then_blank,numpy_rnn,,,,,2,0.359375,0.026041666666666685,0.0,0.0,nan,0.0
trace_commute_000,trace_noncommutative,formal,vector,temporal_cue_then_blank,reservoir_block_hybrid,,,,,6,0.2986111111111111,0.015605697954336275,0.0,0.0,nan,0.0
trace_commute_000,trace_noncommutative,formal,vector,temporal_cue_then_blank,reservoir_diagonal,,,,,6,0.3159722222222222,0.01162027814630661,0.0,0.0,nan,0.0
trace_commute_000,trace_noncommutative,formal,vector,temporal_cue_then_blank,reservoir_low_rank,,,,,6,0.3055555555555556,0.006944444444444447,0.0,0.0,nan,0.0
trace_commute_000,trace_noncommutative,formal,vector,temporal_cue_then_blank,reservoir_nilpotent,,,,,6,0.29687499999999994,0.00748745092112772,0.0,0.0,nan,0.0
trace_commute_000,trace_noncommutative,formal,vector,temporal_cue_then_blank,reservoir_orthogonal,,,,,6,0.3090277777777778,0.006944444444444442,0.0,0.0,nan,0.0
trace_commute_000,trace_noncommutative,formal,vector,temporal_cue_then_blank,reservoir_oscillatory,,,,,6,0.2864583333333333,0.012543327686241975,0.0,0.0,nan,0.0
trace_commute_000,trace_noncommutative,formal,vector,temporal_cue_then_blank,reservoir_random,,,,,6,0.2986111111111111,0.01280492285735123,0.0,0.0,nan,0.0
trace_commute_000,trace_noncommutative,formal,vector,temporal_cue_then_blank,reservoir_sparse,,,,,6,0.30034722222222227,0.015313247966111075,0.0,0.0,nan,0.0
trace_commute_000,trace_noncommutative,formal,vector,temporal_cue_then_blank,reservoir_symmetric,,,,,6,0.2986111111111111,0.013625983937742074,0.0,0.0,nan,0.0
trace_commute_000,trace_noncommutative,formal,vector,temporal_dropout,lin_sequence_all_units_r3_l4,3,4,6,all_units,6,0.44965277777777773,0.01154220148513518,0.0,0.0,nan,0.0
trace_commute_000,trace_noncommutative,formal,vector,temporal_dropout,lin_sequence_front_bands_r1_l2,1,2,2,front_bands,6,0.47048611111111116,0.014082847076856427,0.0,0.0,nan,0.0
trace_commute_000,trace_noncommutative,formal,vector,temporal_dropout,lin_sequence_front_bands_r1_l4,1,4,4,front_bands,6,0.43749999999999994,0.01108938848796619,0.0,0.0,nan,0.0
trace_commute_000,trace_noncommutative,formal,vector,temporal_dropout,lin_sequence_front_bands_r1_l8,1,8,8,front_bands,6,0.4288194444444444,0.008680555555555556,0.0,0.0,nan,0.0
trace_commute_000,trace_noncommutative,formal,vector,temporal_dropout,lin_sequence_front_bands_r3_l2,3,2,4,front_bands,6,0.4704861111111111,0.017308949417520158,0.0,0.0,nan,0.0
trace_commute_000,trace_noncommutative,formal,vector,temporal_dropout,lin_sequence_front_bands_r3_l4,3,4,6,front_bands,6,0.4461805555555556,0.007324660801989229,0.0,0.0,nan,0.0
trace_commute_000,trace_noncommutative,formal,vector,temporal_dropout,lin_sequence_front_bands_r3_l8,3,8,10,front_bands,6,0.4427083333333333,0.015391777957848267,0.0,0.0,nan,0.0
trace_commute_000,trace_noncommutative,formal,vector,temporal_dropout,lin_sequence_front_bands_r5_l2,5,2,6,front_bands,6,0.47222222222222215,0.01098013076447354,0.0,0.0,nan,0.0
trace_commute_000,trace_noncommutative,formal,vector,temporal_dropout,lin_sequence_front_bands_r5_l4,5,4,8,front_bands,6,0.4461805555555555,0.009851570110493825,0.0,0.0,nan,0.0
trace_commute_000,trace_noncommutative,formal,vector,temporal_dropout,lin_sequence_front_bands_r5_l8,5,8,12,front_bands,6,0.4131944444444444,0.009572256077840431,0.0,0.0,nan,0.0
trace_commute_000,trace_noncommutative,formal,vector,temporal_dropout,memoryless_linear,,,,,2,0.44270833333333337,0.026041666666666657,0.0,0.0,nan,0.0
trace_commute_000,trace_noncommutative,formal,vector,temporal_dropout,memoryless_mlp,,,,,2,0.44270833333333337,0.026041666666666657,0.0,0.0,nan,0.0
trace_commute_000,trace_noncommutative,formal,vector,temporal_dropout,numpy_rnn,,,,,2,0.36979166666666663,0.026041666666666657,0.0,0.0,nan,0.0
trace_commute_000,trace_noncommutative,formal,vector,temporal_dropout,reservoir_block_hybrid,,,,,6,0.45138888888888884,0.018175350455975563,0.0,0.0,nan,0.0
trace_commute_000,trace_noncommutative,formal,vector,temporal_dropout,reservoir_diagonal,,,,,6,0.4618055555555556,0.010300275676521751,0.0,0.0,nan,0.0
trace_commute_000,trace_noncommutative,formal,vector,temporal_dropout,reservoir_low_rank,,,,,6,0.421875,0.01282843972354942,0.0,0.0,nan,0.0
trace_commute_000,trace_noncommutative,formal,vector,temporal_dropout,reservoir_nilpotent,,,,,6,0.4236111111111111,0.00918663649675205,0.0,0.0,nan,0.0
trace_commute_000,trace_noncommutative,formal,vector,temporal_dropout,reservoir_orthogonal,,,,,6,0.4305555555555556,0.00918663649675205,0.0,0.0,nan,0.0
trace_commute_000,trace_noncommutative,formal,vector,temporal_dropout,reservoir_oscillatory,,,,,6,0.4461805555555556,0.008680555555555556,0.0,0.0,nan,0.0
trace_commute_000,trace_noncommutative,formal,vector,temporal_dropout,reservoir_random,,,,,6,0.45833333333333326,0.012615209808739553,0.0,0.0,nan,0.0
trace_commute_000,trace_noncommutative,formal,vector,temporal_dropout,reservoir_sparse,,,,,6,0.4479166666666667,0.01958037802759956,0.0,0.0,nan,0.0
trace_commute_000,trace_noncommutative,formal,vector,temporal_dropout,reservoir_symmetric,,,,,6,0.501736111111111,0.014337376959765679,0.0,0.0,nan,0.0
trace_commute_000,trace_noncommutative,formal,vector,temporal_full,lin_sequence_all_units_r3_l4,3,4,6,all_units,6,0.9947916666666666,0.0023292374765622728,0.0,0.0,nan,0.0
trace_commute_000,trace_noncommutative,formal,vector,temporal_full,lin_sequence_front_bands_r1_l2,1,2,2,front_bands,6,0.9895833333333334,0.0,0.0,0.0,nan,0.0
trace_commute_000,trace_noncommutative,formal,vector,temporal_full,lin_sequence_front_bands_r1_l4,1,4,4,front_bands,6,0.9947916666666666,0.0023292374765622728,0.0,0.0,nan,0.0
trace_commute_000,trace_noncommutative,formal,vector,temporal_full,lin_sequence_front_bands_r1_l8,1,8,8,front_bands,6,0.9947916666666666,0.0023292374765622728,0.0,0.0,nan,0.0
trace_commute_000,trace_noncommutative,formal,vector,temporal_full,lin_sequence_front_bands_r3_l2,3,2,4,front_bands,6,0.9947916666666666,0.0023292374765622728,0.0,0.0,nan,0.0
trace_commute_000,trace_noncommutative,formal,vector,temporal_full,lin_sequence_front_bands_r3_l4,3,4,6,front_bands,6,0.9947916666666666,0.0023292374765622728,0.0,0.0,nan,0.0
trace_commute_000,trace_noncommutative,formal,vector,temporal_full,lin_sequence_front_bands_r3_l8,3,8,10,front_bands,6,0.9913194444444445,0.0049714656469709555,0.0,0.0,nan,0.0
trace_commute_000,trace_noncommutative,formal,vector,temporal_full,lin_sequence_front_bands_r5_l2,5,2,6,front_bands,6,0.9947916666666666,0.0023292374765622728,0.0,0.0,nan,0.0
trace_commute_000,trace_noncommutative,formal,vector,temporal_full,lin_sequence_front_bands_r5_l4,5,4,8,front_bands,6,0.9913194444444445,0.003201230714337811,0.0,0.0,nan,0.0
trace_commute_000,trace_noncommutative,formal,vector,temporal_full,lin_sequence_front_bands_r5_l8,5,8,12,front_bands,6,0.9826388888888888,0.0079178848965218,0.0,0.0,nan,0.0
trace_commute_000,trace_noncommutative,formal,vector,temporal_full,memoryless_linear,,,,,2,0.5520833333333333,0.052083333333333315,0.0,0.0,nan,0.0
trace_commute_000,trace_noncommutative,formal,vector,temporal_full,memoryless_mlp,,,,,2,0.5520833333333333,0.052083333333333315,0.0,0.0,nan,0.0
trace_commute_000,trace_noncommutative,formal,vector,temporal_full,numpy_rnn,,,,,2,0.44270833333333337,0.11979166666666666,0.0,0.0,nan,0.0
trace_commute_000,trace_noncommutative,formal,vector,temporal_full,reservoir_block_hybrid,,,,,6,0.9947916666666666,0.0023292374765622728,0.0,0.0,nan,0.0
trace_commute_000,trace_noncommutative,formal,vector,temporal_full,reservoir_diagonal,,,,,6,0.890625,0.02096313728906053,0.0,0.0,nan,0.0
trace_commute_000,trace_noncommutative,formal,vector,temporal_full,reservoir_low_rank,,,,,6,0.9027777777777778,0.026715811196765762,0.0,0.0,nan,0.0
trace_commute_000,trace_noncommutative,formal,vector,temporal_full,reservoir_nilpotent,,,,,6,0.986111111111111,0.004392052305789421,0.0,0.0,nan,0.0
trace_commute_000,trace_noncommutative,formal,vector,temporal_full,reservoir_orthogonal,,,,,6,0.9895833333333334,0.004658474953124563,0.0,0.0,nan,0.0
trace_commute_000,trace_noncommutative,formal,vector,temporal_full,reservoir_oscillatory,,,,,6,0.9947916666666666,0.0023292374765622728,0.0,0.0,nan,0.0
trace_commute_000,trace_noncommutative,formal,vector,temporal_full,reservoir_random,,,,,6,0.9947916666666666,0.0023292374765622728,0.0,0.0,nan,0.0
trace_commute_000,trace_noncommutative,formal,vector,temporal_full,reservoir_sparse,,,,,6,0.9947916666666666,0.0023292374765622728,0.0,0.0,nan,0.0
trace_commute_000,trace_noncommutative,formal,vector,temporal_full,reservoir_symmetric,,,,,6,0.9913194444444443,0.001736111111111105,0.0,0.0,nan,0.0
trace_commute_067,trace_partial,formal,egocentric_landmark,temporal_cue_then_blank,lin_sequence_all_units_r3_l4,3,4,6,all_units,6,0.4479166666666667,0.013714178929257989,0.0,0.0,nan,0.0
trace_commute_067,trace_partial,formal,egocentric_landmark,temporal_cue_then_blank,lin_sequence_front_bands_r1_l2,1,2,2,front_bands,6,0.24999999999999997,0.018827002377397168,0.0,0.0,nan,0.0
trace_commute_067,trace_partial,formal,egocentric_landmark,temporal_cue_then_blank,lin_sequence_front_bands_r1_l4,1,4,4,front_bands,6,0.32812499999999994,0.011646187382811401,0.0,0.0,nan,0.0
trace_commute_067,trace_partial,formal,egocentric_landmark,temporal_cue_then_blank,lin_sequence_front_bands_r1_l8,1,8,8,front_bands,6,0.4583333333333333,0.016579633869879616,0.0,0.0,nan,0.0
trace_commute_067,trace_partial,formal,egocentric_landmark,temporal_cue_then_blank,lin_sequence_front_bands_r3_l2,3,2,4,front_bands,6,0.3298611111111111,0.011304736525069244,0.0,0.0,nan,0.0
trace_commute_067,trace_partial,formal,egocentric_landmark,temporal_cue_then_blank,lin_sequence_front_bands_r3_l4,3,4,6,front_bands,6,0.4618055555555555,0.007447087010252503,0.0,0.0,nan,0.0
trace_commute_067,trace_partial,formal,egocentric_landmark,temporal_cue_then_blank,lin_sequence_front_bands_r3_l8,3,8,10,front_bands,6,0.4618055555555556,0.00878410461157883,0.0,0.0,nan,0.0
trace_commute_067,trace_partial,formal,egocentric_landmark,temporal_cue_then_blank,lin_sequence_front_bands_r5_l2,5,2,6,front_bands,6,0.46527777777777773,0.014400306495366472,0.0,0.0,nan,0.0
trace_commute_067,trace_partial,formal,egocentric_landmark,temporal_cue_then_blank,lin_sequence_front_bands_r5_l4,5,4,8,front_bands,6,0.4774305555555555,0.012734111681175164,0.0,0.0,nan,0.0
trace_commute_067,trace_partial,formal,egocentric_landmark,temporal_cue_then_blank,lin_sequence_front_bands_r5_l8,5,8,12,front_bands,6,0.46527777777777773,0.010645631747747148,0.0,0.0,nan,0.0
trace_commute_067,trace_partial,formal,egocentric_landmark,temporal_cue_then_blank,memoryless_linear,,,,,2,0.24479166666666669,0.03645833333333332,0.0,0.0,nan,0.0
trace_commute_067,trace_partial,formal,egocentric_landmark,temporal_cue_then_blank,memoryless_mlp,,,,,2,0.24479166666666669,0.03645833333333332,0.0,0.0,nan,0.0
trace_commute_067,trace_partial,formal,egocentric_landmark,temporal_cue_then_blank,numpy_rnn,,,,,2,0.34895833333333337,0.005208333333333342,0.0,0.0,nan,0.0
trace_commute_067,trace_partial,formal,egocentric_landmark,temporal_cue_then_blank,reservoir_block_hybrid,,,,,6,0.46875,0.012898733070143541,0.0,0.0,nan,0.0
trace_commute_067,trace_partial,formal,egocentric_landmark,temporal_cue_then_blank,reservoir_diagonal,,,,,6,0.5,0.002689571768199593,0.0,0.0,nan,0.0
trace_commute_067,trace_partial,formal,egocentric_landmark,temporal_cue_then_blank,reservoir_low_rank,,,,,6,0.3802083333333333,0.012543327686241975,0.0,0.0,nan,0.0
trace_commute_067,trace_partial,formal,egocentric_landmark,temporal_cue_then_blank,reservoir_nilpotent,,,,,6,0.4774305555555555,0.013290041117364324,0.0,0.0,nan,0.0
trace_commute_067,trace_partial,formal,egocentric_landmark,temporal_cue_then_blank,reservoir_orthogonal,,,,,6,0.47222222222222215,0.0116202781463066,0.0,0.0,nan,0.0
trace_commute_067,trace_partial,formal,egocentric_landmark,temporal_cue_then_blank,reservoir_oscillatory,,,,,6,0.4461805555555555,0.009477322266636239,0.0,0.0,nan,0.0
trace_commute_067,trace_partial,formal,egocentric_landmark,temporal_cue_then_blank,reservoir_random,,,,,6,0.4704861111111111,0.009851570110493825,0.0,0.0,nan,0.0
trace_commute_067,trace_partial,formal,egocentric_landmark,temporal_cue_then_blank,reservoir_sparse,,,,,6,0.4444444444444444,0.011927475025915044,0.0,0.0,nan,0.0
trace_commute_067,trace_partial,formal,egocentric_landmark,temporal_cue_then_blank,reservoir_symmetric,,,,,6,0.46527777777777785,0.005810139073153303,0.0,0.0,nan,0.0
trace_commute_067,trace_partial,formal,egocentric_landmark,temporal_dropout,lin_sequence_all_units_r3_l4,3,4,6,all_units,6,0.4600694444444444,0.015075203712564173,0.0,0.0,nan,0.0
trace_commute_067,trace_partial,formal,egocentric_landmark,temporal_dropout,lin_sequence_front_bands_r1_l2,1,2,2,front_bands,6,0.44965277777777773,0.001736111111111105,0.025000000000000005,0.01118033988749895,nan,0.0
trace_commute_067,trace_partial,formal,egocentric_landmark,temporal_dropout,lin_sequence_front_bands_r1_l4,1,4,4,front_bands,6,0.484375,0.011952718387540629,0.025000000000000005,0.01118033988749895,nan,0.0
trace_commute_067,trace_partial,formal,egocentric_landmark,temporal_dropout,lin_sequence_front_bands_r1_l8,1,8,8,front_bands,6,0.4861111111111111,0.015372183070262961,0.0,0.0,nan,0.0
trace_commute_067,trace_partial,formal,egocentric_landmark,temporal_dropout,lin_sequence_front_bands_r3_l2,3,2,4,front_bands,6,0.4635416666666666,0.00997319903912852,0.025000000000000005,0.01118033988749895,nan,0.0
trace_commute_067,trace_partial,formal,egocentric_landmark,temporal_dropout,lin_sequence_front_bands_r3_l4,3,4,6,front_bands,6,0.45486111111111116,0.01628616583272024,0.0,0.0,nan,0.0
trace_commute_067,trace_partial,formal,egocentric_landmark,temporal_dropout,lin_sequence_front_bands_r3_l8,3,8,10,front_bands,6,0.4479166666666667,0.01763670152666708,0.008333333333333333,0.008333333333333335,nan,0.0
trace_commute_067,trace_partial,formal,egocentric_landmark,temporal_dropout,lin_sequence_front_bands_r5_l2,5,2,6,front_bands,6,0.5069444444444444,0.02445391230785974,0.016666666666666666,0.010540925533894598,nan,0.0
trace_commute_067,trace_partial,formal,egocentric_landmark,temporal_dropout,lin_sequence_front_bands_r5_l4,5,4,8,front_bands,6,0.4947916666666667,0.03493856214843422,0.0,0.0,nan,0.0
trace_commute_067,trace_partial,formal,egocentric_landmark,temporal_dropout,lin_sequence_front_bands_r5_l8,5,8,12,front_bands,6,0.5538194444444444,0.025432694551708313,0.008333333333333333,0.008333333333333335,nan,0.0
trace_commute_067,trace_partial,formal,egocentric_landmark,temporal_dropout,memoryless_linear,,,,,2,0.41145833333333337,0.026041666666666657,0.0,0.0,nan,0.0
trace_commute_067,trace_partial,formal,egocentric_landmark,temporal_dropout,memoryless_mlp,,,,,2,0.41145833333333337,0.026041666666666657,0.0,0.0,nan,0.0
trace_commute_067,trace_partial,formal,egocentric_landmark,temporal_dropout,numpy_rnn,,,,,2,0.39583333333333337,0.04166666666666665,0.0,0.0,nan,0.0
trace_commute_067,trace_partial,formal,egocentric_landmark,temporal_dropout,reservoir_block_hybrid,,,,,6,0.4513888888888889,0.01876285567514763,0.0,0.0,nan,0.0
trace_commute_067,trace_partial,formal,egocentric_landmark,temporal_dropout,reservoir_diagonal,,,,,6,0.5381944444444444,0.025325809067792315,0.025000000000000005,0.01118033988749895,nan,0.0
trace_commute_067,trace_partial,formal,egocentric_landmark,temporal_dropout,reservoir_low_rank,,,,,6,0.4288194444444444,0.01273411168117517,0.016666666666666666,0.010540925533894598,nan,0.0
trace_commute_067,trace_partial,formal,egocentric_landmark,temporal_dropout,reservoir_nilpotent,,,,,6,0.48090277777777773,0.01273411168117517,0.008333333333333333,0.008333333333333335,nan,0.0
trace_commute_067,trace_partial,formal,egocentric_landmark,temporal_dropout,reservoir_orthogonal,,,,,6,0.4774305555555555,0.020201650288595635,0.0,0.0,nan,0.0
trace_commute_067,trace_partial,formal,egocentric_landmark,temporal_dropout,reservoir_oscillatory,,,,,6,0.40972222222222227,0.011620278146306612,0.008333333333333333,0.008333333333333335,nan,0.0
trace_commute_067,trace_partial,formal,egocentric_landmark,temporal_dropout,reservoir_random,,,,,6,0.4618055555555555,0.02816569415371284,0.008333333333333333,0.008333333333333335,nan,0.0
trace_commute_067,trace_partial,formal,egocentric_landmark,temporal_dropout,reservoir_sparse,,,,,6,0.4479166666666667,0.016360026374152428,0.008333333333333333,0.008333333333333335,nan,0.0
trace_commute_067,trace_partial,formal,egocentric_landmark,temporal_dropout,reservoir_symmetric,,,,,6,0.5034722222222222,0.024006091690893894,0.016666666666666666,0.010540925533894598,nan,0.0
trace_commute_067,trace_partial,formal,egocentric_landmark,temporal_full,lin_sequence_all_units_r3_l4,3,4,6,all_units,6,0.5868055555555555,0.016062546536417185,0.0,0.0,nan,0.0
trace_commute_067,trace_partial,formal,egocentric_landmark,temporal_full,lin_sequence_front_bands_r1_l2,1,2,2,front_bands,6,0.560763888888889,0.0032012307143377975,0.03333333333333333,0.0210818510677892,nan,0.0
trace_commute_067,trace_partial,formal,egocentric_landmark,temporal_full,lin_sequence_front_bands_r1_l4,1,4,4,front_bands,6,0.579861111111111,0.01362598393774207,0.0,0.0,nan,0.0
trace_commute_067,trace_partial,formal,egocentric_landmark,temporal_full,lin_sequence_front_bands_r1_l8,1,8,8,front_bands,6,0.6788194444444443,0.004181109228747321,0.0,0.0,nan,0.0
trace_commute_067,trace_partial,formal,egocentric_landmark,temporal_full,lin_sequence_front_bands_r3_l2,3,2,4,front_bands,6,0.5520833333333333,0.011723571538982031,0.008333333333333333,0.008333333333333335,nan,0.0
trace_commute_067,trace_partial,formal,egocentric_landmark,temporal_full,lin_sequence_front_bands_r3_l4,3,4,6,front_bands,6,0.6336805555555556,0.01688585613303865,0.0,0.0,nan,0.0
trace_commute_067,trace_partial,formal,egocentric_landmark,temporal_full,lin_sequence_front_bands_r3_l8,3,8,10,front_bands,6,0.6545138888888888,0.008253378002781054,0.008333333333333333,0.008333333333333335,nan,0.0
trace_commute_067,trace_partial,formal,egocentric_landmark,temporal_full,lin_sequence_front_bands_r5_l2,5,2,6,front_bands,6,0.6111111111111112,0.012804922857351235,0.008333333333333333,0.008333333333333335,nan,0.0
trace_commute_067,trace_partial,formal,egocentric_landmark,temporal_full,lin_sequence_front_bands_r5_l4,5,4,8,front_bands,6,0.6197916666666666,0.01971843175625095,0.016666666666666666,0.01666666666666667,nan,0.0
trace_commute_067,trace_partial,formal,egocentric_landmark,temporal_full,lin_sequence_front_bands_r5_l8,5,8,12,front_bands,6,0.6736111111111112,0.010645631747747146,0.0,0.0,nan,0.0
trace_commute_067,trace_partial,formal,egocentric_landmark,temporal_full,memoryless_linear,,,,,2,0.47916666666666663,0.031249999999999972,0.0,0.0,nan,0.0
trace_commute_067,trace_partial,formal,egocentric_landmark,temporal_full,memoryless_mlp,,,,,2,0.47916666666666663,0.031249999999999972,0.0,0.0,nan,0.0
trace_commute_067,trace_partial,formal,egocentric_landmark,temporal_full,numpy_rnn,,,,,2,0.5677083333333334,0.07812500000000003,0.05,0.05,nan,0.0
trace_commute_067,trace_partial,formal,egocentric_landmark,temporal_full,reservoir_block_hybrid,,,,,6,0.6215277777777778,0.0069444444444444475,0.0,0.0,nan,0.0
trace_commute_067,trace_partial,formal,egocentric_landmark,temporal_full,reservoir_diagonal,,,,,6,0.671875,0.018585310682045324,0.0,0.0,nan,0.0
trace_commute_067,trace_partial,formal,egocentric_landmark,temporal_full,reservoir_low_rank,,,,,6,0.5555555555555555,0.027907682357514056,0.03333333333333333,0.02472066162365221,nan,0.0
trace_commute_067,trace_partial,formal,egocentric_landmark,temporal_full,reservoir_nilpotent,,,,,6,0.6614583333333334,0.010673907047874583,0.0,0.0,nan,0.0
trace_commute_067,trace_partial,formal,egocentric_landmark,temporal_full,reservoir_orthogonal,,,,,6,0.6180555555555555,0.010645631747747146,0.025000000000000005,0.01118033988749895,nan,0.0
trace_commute_067,trace_partial,formal,egocentric_landmark,temporal_full,reservoir_oscillatory,,,,,6,0.5781250000000001,0.023562552190727153,0.025000000000000005,0.01118033988749895,nan,0.0
trace_commute_067,trace_partial,formal,egocentric_landmark,temporal_full,reservoir_random,,,,,6,0.5972222222222222,0.012804922857351226,0.0,0.0,nan,0.0
trace_commute_067,trace_partial,formal,egocentric_landmark,temporal_full,reservoir_sparse,,,,,6,0.6197916666666667,0.01953414330421556,0.016666666666666666,0.0105409255338946,nan,0.0
trace_commute_067,trace_partial,formal,egocentric_landmark,temporal_full,reservoir_symmetric,,,,,6,0.5972222222222222,0.025325809067792318,0.0,0.0,nan,0.0
trace_commute_067,trace_partial,formal,hybrid,temporal_cue_then_blank,lin_sequence_all_units_r3_l4,3,4,6,all_units,6,0.5815972222222222,0.018125532133525264,0.0,0.0,nan,0.0
trace_commute_067,trace_partial,formal,hybrid,temporal_cue_then_blank,lin_sequence_front_bands_r1_l2,1,2,2,front_bands,6,0.3645833333333333,0.00537914353639919,0.0,0.0,nan,0.0
trace_commute_067,trace_partial,formal,hybrid,temporal_cue_then_blank,lin_sequence_front_bands_r1_l4,1,4,4,front_bands,6,0.4114583333333333,0.006987712429686843,0.0,0.0,nan,0.0
trace_commute_067,trace_partial,formal,hybrid,temporal_cue_then_blank,lin_sequence_front_bands_r1_l8,1,8,8,front_bands,6,0.6197916666666666,0.028304468548531612,0.0,0.0,nan,0.0
trace_commute_067,trace_partial,formal,hybrid,temporal_cue_then_blank,lin_sequence_front_bands_r3_l2,3,2,4,front_bands,6,0.4131944444444444,0.0064024614286756175,0.0,0.0,nan,0.0
trace_commute_067,trace_partial,formal,hybrid,temporal_cue_then_blank,lin_sequence_front_bands_r3_l4,3,4,6,front_bands,6,0.5815972222222222,0.021753409871773724,0.0,0.0,nan,0.0
trace_commute_067,trace_partial,formal,hybrid,temporal_cue_then_blank,lin_sequence_front_bands_r3_l8,3,8,10,front_bands,6,0.611111111111111,0.023395667399893075,0.0,0.0,nan,0.0
trace_commute_067,trace_partial,formal,hybrid,temporal_cue_then_blank,lin_sequence_front_bands_r5_l2,5,2,6,front_bands,6,0.5920138888888888,0.016885856133038644,0.0,0.0,nan,0.0
trace_commute_067,trace_partial,formal,hybrid,temporal_cue_then_blank,lin_sequence_front_bands_r5_l4,5,4,8,front_bands,6,0.6006944444444444,0.023854950051830092,0.0,0.0,nan,0.0
trace_commute_067,trace_partial,formal,hybrid,temporal_cue_then_blank,lin_sequence_front_bands_r5_l8,5,8,12,front_bands,6,0.595486111111111,0.020021810060192363,0.008333333333333333,0.008333333333333335,nan,0.0
trace_commute_067,trace_partial,formal,hybrid,temporal_cue_then_blank,memoryless_linear,,,,,2,0.36979166666666663,0.005208333333333342,0.0,0.0,nan,0.0
trace_commute_067,trace_partial,formal,hybrid,temporal_cue_then_blank,memoryless_mlp,,,,,2,0.36979166666666663,0.005208333333333342,0.0,0.0,nan,0.0
trace_commute_067,trace_partial,formal,hybrid,temporal_cue_then_blank,numpy_rnn,,,,,2,0.6197916666666667,0.005208333333333315,0.0,0.0,nan,0.0
trace_commute_067,trace_partial,formal,hybrid,temporal_cue_then_blank,reservoir_block_hybrid,,,,,6,0.6145833333333333,0.01636002637415243,0.0,0.0,nan,0.0
trace_commute_067,trace_partial,formal,hybrid,temporal_cue_then_blank,reservoir_diagonal,,,,,6,0.6440972222222222,0.00625963763101387,0.0,0.0,nan,0.0
trace_commute_067,trace_partial,formal,hybrid,temporal_cue_then_blank,reservoir_low_rank,,,,,6,0.4826388888888889,0.017772894294541288,0.0,0.0,nan,0.0
trace_commute_067,trace_partial,formal,hybrid,temporal_cue_then_blank,reservoir_nilpotent,,,,,6,0.623263888888889,0.013015045009716182,0.0,0.0,nan,0.0
trace_commute_067,trace_partial,formal,hybrid,temporal_cue_then_blank,reservoir_orthogonal,,,,,6,0.6163194444444444,0.009477322266636237,0.008333333333333333,0.008333333333333335,nan,0.0
trace_commute_067,trace_partial,formal,hybrid,temporal_cue_then_blank,reservoir_oscillatory,,,,,6,0.5381944444444445,0.01970314022098766,0.0,0.0,nan,0.0
trace_commute_067,trace_partial,formal,hybrid,temporal_cue_then_blank,reservoir_random,,,,,6,0.623263888888889,0.004971465646970956,0.008333333333333333,0.008333333333333335,nan,0.0
trace_commute_067,trace_partial,formal,hybrid,temporal_cue_then_blank,reservoir_sparse,,,,,6,0.6093749999999999,0.020081935751279527,0.0,0.0,nan,0.0
trace_commute_067,trace_partial,formal,hybrid,temporal_cue_then_blank,reservoir_symmetric,,,,,6,0.6006944444444444,0.021291263495494296,0.0,0.0,nan,0.0
trace_commute_067,trace_partial,formal,hybrid,temporal_dropout,lin_sequence_all_units_r3_l4,3,4,6,all_units,6,0.5711805555555556,0.017924874304361536,0.0,0.0,nan,0.0
trace_commute_067,trace_partial,formal,hybrid,temporal_dropout,lin_sequence_front_bands_r1_l2,1,2,2,front_bands,6,0.5659722222222222,0.00918663649675205,0.025000000000000005,0.01118033988749895,nan,0.0
trace_commute_067,trace_partial,formal,hybrid,temporal_dropout,lin_sequence_front_bands_r1_l4,1,4,4,front_bands,6,0.5763888888888888,0.011927475025915051,0.0,0.0,nan,0.0
trace_commute_067,trace_partial,formal,hybrid,temporal_dropout,lin_sequence_front_bands_r1_l8,1,8,8,front_bands,6,0.6232638888888888,0.020379903598373876,0.0,0.0,nan,0.0
trace_commute_067,trace_partial,formal,hybrid,temporal_dropout,lin_sequence_front_bands_r3_l2,3,2,4,front_bands,6,0.5225694444444444,0.010897468629496688,0.008333333333333333,0.008333333333333335,nan,0.0
trace_commute_067,trace_partial,formal,hybrid,temporal_dropout,lin_sequence_front_bands_r3_l4,3,4,6,front_bands,6,0.5677083333333334,0.011007546863991217,0.0,0.0,nan,0.0
trace_commute_067,trace_partial,formal,hybrid,temporal_dropout,lin_sequence_front_bands_r3_l8,3,8,10,front_bands,6,0.6475694444444445,0.015075203712564173,0.008333333333333333,0.008333333333333335,nan,0.0
trace_commute_067,trace_partial,formal,hybrid,temporal_dropout,lin_sequence_front_bands_r5_l2,5,2,6,front_bands,6,0.5798611111111112,0.014649321603978475,0.0,0.0,nan,0.0
trace_commute_067,trace_partial,formal,hybrid,temporal_dropout,lin_sequence_front_bands_r5_l4,5,4,8,front_bands,6,0.6388888888888888,0.022287231299835016,0.0,0.0,nan,0.0
trace_commute_067,trace_partial,formal,hybrid,temporal_dropout,lin_sequence_front_bands_r5_l8,5,8,12,front_bands,6,0.623263888888889,0.018125532133525264,0.008333333333333333,0.008333333333333335,nan,0.0
trace_commute_067,trace_partial,formal,hybrid,temporal_dropout,memoryless_linear,,,,,2,0.53125,0.01041666666666663,0.0,0.0,nan,0.0
trace_commute_067,trace_partial,formal,hybrid,temporal_dropout,memoryless_mlp,,,,,2,0.53125,0.01041666666666663,0.0,0.0,nan,0.0
trace_commute_067,trace_partial,formal,hybrid,temporal_dropout,numpy_rnn,,,,,2,0.6614583333333333,0.05729166666666668,0.0,0.0,nan,0.0
trace_commute_067,trace_partial,formal,hybrid,temporal_dropout,reservoir_block_hybrid,,,,,6,0.6631944444444445,0.006944444444444441,0.0,0.0,nan,0.0
trace_commute_067,trace_partial,formal,hybrid,temporal_dropout,reservoir_diagonal,,,,,6,0.657986111111111,0.009851570110493818,0.0,0.0,nan,0.0
trace_commute_067,trace_partial,formal,hybrid,temporal_dropout,reservoir_low_rank,,,,,6,0.5572916666666666,0.027788626353773403,0.008333333333333333,0.008333333333333335,nan,0.0
trace_commute_067,trace_partial,formal,hybrid,temporal_dropout,reservoir_nilpotent,,,,,6,0.638888888888889,0.019518707392437773,0.0,0.0,nan,0.0
trace_commute_067,trace_partial,formal,hybrid,temporal_dropout,reservoir_orthogonal,,,,,6,0.640625,0.013910573350007031,0.008333333333333333,0.008333333333333335,nan,0.0
trace_commute_067,trace_partial,formal,hybrid,temporal_dropout,reservoir_oscillatory,,,,,6,0.560763888888889,0.015075203712564178,0.008333333333333333,0.008333333333333335,nan,0.0
trace_commute_067,trace_partial,formal,hybrid,temporal_dropout,reservoir_random,,,,,6,0.6128472222222222,0.01645188575066964,0.016666666666666666,0.0105409255338946,nan,0.0
trace_commute_067,trace_partial,formal,hybrid,temporal_dropout,reservoir_sparse,,,,,6,0.6319444444444445,0.018569086051556855,0.008333333333333333,0.008333333333333335,nan,0.0
trace_commute_067,trace_partial,formal,hybrid,temporal_dropout,reservoir_symmetric,,,,,6,0.6128472222222222,0.01244683911731591,0.0,0.0,nan,0.0
trace_commute_067,trace_partial,formal,hybrid,temporal_full,lin_sequence_all_units_r3_l4,3,4,6,all_units,6,0.78125,0.03294039229342062,0.0,0.0,nan,0.0
trace_commute_067,trace_partial,formal,hybrid,temporal_full,lin_sequence_front_bands_r1_l2,1,2,2,front_bands,6,0.7135416666666666,0.013648086115995526,0.0,0.0,nan,0.0
trace_commute_067,trace_partial,formal,hybrid,temporal_full,lin_sequence_front_bands_r1_l4,1,4,4,front_bands,6,0.7604166666666666,0.015214515486254613,0.0,0.0,nan,0.0
trace_commute_067,trace_partial,formal,hybrid,temporal_full,lin_sequence_front_bands_r1_l8,1,8,8,front_bands,6,0.8194444444444443,0.024601374422108815,0.008333333333333333,0.008333333333333335,nan,0.0
trace_commute_067,trace_partial,formal,hybrid,temporal_full,lin_sequence_front_bands_r3_l2,3,2,4,front_bands,6,0.7326388888888888,0.012804922857351232,0.0,0.0,nan,0.0
trace_commute_067,trace_partial,formal,hybrid,temporal_full,lin_sequence_front_bands_r3_l4,3,4,6,front_bands,6,0.8020833333333334,0.022341261030757523,0.0,0.0,nan,0.0
trace_commute_067,trace_partial,formal,hybrid,temporal_full,lin_sequence_front_bands_r3_l8,3,8,10,front_bands,6,0.8802083333333334,0.008398185154477671,0.016666666666666666,0.01666666666666667,nan,0.0
trace_commute_067,trace_partial,formal,hybrid,temporal_full,lin_sequence_front_bands_r5_l2,5,2,6,front_bands,6,0.7795138888888888,0.023356986192836306,0.0,0.0,nan,0.0
trace_commute_067,trace_partial,formal,hybrid,temporal_full,lin_sequence_front_bands_r5_l4,5,4,8,front_bands,6,0.8298611111111112,0.016724436914989295,0.0,0.0,nan,0.0
trace_commute_067,trace_partial,formal,hybrid,temporal_full,lin_sequence_front_bands_r5_l8,5,8,12,front_bands,6,0.8506944444444445,0.02415628768184178,0.0,0.0,nan,0.0
trace_commute_067,trace_partial,formal,hybrid,temporal_full,memoryless_linear,,,,,2,0.6927083333333333,0.06770833333333331,0.0,0.0,nan,0.0
trace_commute_067,trace_partial,formal,hybrid,temporal_full,memoryless_mlp,,,,,2,0.6927083333333333,0.06770833333333331,0.0,0.0,nan,0.0
trace_commute_067,trace_partial,formal,hybrid,temporal_full,numpy_rnn,,,,,2,0.7916666666666666,0.03125,0.025,0.025,nan,0.0
trace_commute_067,trace_partial,formal,hybrid,temporal_full,reservoir_block_hybrid,,,,,6,0.8229166666666666,0.022015093727982434,0.0,0.0,nan,0.0
trace_commute_067,trace_partial,formal,hybrid,temporal_full,reservoir_diagonal,,,,,6,0.8420138888888888,0.013015045009716187,0.0,0.0,nan,0.0
trace_commute_067,trace_partial,formal,hybrid,temporal_full,reservoir_low_rank,,,,,6,0.7586805555555557,0.02073181283128914,0.03333333333333333,0.01666666666666667,nan,0.0
trace_commute_067,trace_partial,formal,hybrid,temporal_full,reservoir_nilpotent,,,,,6,0.829861111111111,0.006944444444444442,0.025000000000000005,0.017078251276599336,nan,0.0
trace_commute_067,trace_partial,formal,hybrid,temporal_full,reservoir_orthogonal,,,,,6,0.8333333333333334,0.0159117211630411,0.0,0.0,nan,0.0
trace_commute_067,trace_partial,formal,hybrid,temporal_full,reservoir_oscillatory,,,,,6,0.7777777777777778,0.02042422384701771,0.008333333333333333,0.008333333333333335,nan,0.0
trace_commute_067,trace_partial,formal,hybrid,temporal_full,reservoir_random,,,,,6,0.7881944444444445,0.02400609169089389,0.024999999999999998,0.025000000000000005,nan,0.0
trace_commute_067,trace_partial,formal,hybrid,temporal_full,reservoir_sparse,,,,,6,0.798611111111111,0.023854950051830092,0.0,0.0,nan,0.0
trace_commute_067,trace_partial,formal,hybrid,temporal_full,reservoir_symmetric,,,,,6,0.8107638888888888,0.02141829237957102,0.0,0.0,nan,0.0
trace_commute_067,trace_partial,formal,sparse_aliased,temporal_cue_then_blank,lin_sequence_all_units_r3_l4,3,4,6,all_units,6,0.4618055555555556,0.011304736525069234,0.0,0.0,nan,0.0
trace_commute_067,trace_partial,formal,sparse_aliased,temporal_cue_then_blank,lin_sequence_front_bands_r1_l2,1,2,2,front_bands,6,0.24999999999999997,0.01863389981249825,0.0,0.0,nan,0.0
trace_commute_067,trace_partial,formal,sparse_aliased,temporal_cue_then_blank,lin_sequence_front_bands_r1_l4,1,4,4,front_bands,6,0.3194444444444445,0.01362598393774207,0.0,0.0,nan,0.0
trace_commute_067,trace_partial,formal,sparse_aliased,temporal_cue_then_blank,lin_sequence_front_bands_r1_l8,1,8,8,front_bands,6,0.4635416666666667,0.015154967251941107,0.0,0.0,nan,0.0
trace_commute_067,trace_partial,formal,sparse_aliased,temporal_cue_then_blank,lin_sequence_front_bands_r3_l2,3,2,4,front_bands,6,0.3211805555555555,0.008253378002781057,0.0,0.0,nan,0.0
trace_commute_067,trace_partial,formal,sparse_aliased,temporal_cue_then_blank,lin_sequence_front_bands_r3_l4,3,4,6,front_bands,6,0.4548611111111111,0.0034722222222222177,0.0,0.0,nan,0.0
trace_commute_067,trace_partial,formal,sparse_aliased,temporal_cue_then_blank,lin_sequence_front_bands_r3_l8,3,8,10,front_bands,6,0.4774305555555555,0.013559461242893492,0.0,0.0,nan,0.0
trace_commute_067,trace_partial,formal,sparse_aliased,temporal_cue_then_blank,lin_sequence_front_bands_r5_l2,5,2,6,front_bands,6,0.46875,0.018438775065766324,0.0,0.0,nan,0.0
trace_commute_067,trace_partial,formal,sparse_aliased,temporal_cue_then_blank,lin_sequence_front_bands_r5_l4,5,4,8,front_bands,6,0.4791666666666667,0.014483787232370982,0.0,0.0,nan,0.0
trace_commute_067,trace_partial,formal,sparse_aliased,temporal_cue_then_blank,lin_sequence_front_bands_r5_l8,5,8,12,front_bands,6,0.47222222222222227,0.014894174020505014,0.0,0.0,nan,0.0
trace_commute_067,trace_partial,formal,sparse_aliased,temporal_cue_then_blank,memoryless_linear,,,,,2,0.24479166666666669,0.03645833333333332,0.0,0.0,nan,0.0
trace_commute_067,trace_partial,formal,sparse_aliased,temporal_cue_then_blank,memoryless_mlp,,,,,2,0.24479166666666669,0.03645833333333332,0.0,0.0,nan,0.0
trace_commute_067,trace_partial,formal,sparse_aliased,temporal_cue_then_blank,numpy_rnn,,,,,2,0.34895833333333337,0.005208333333333342,0.0,0.0,nan,0.0
trace_commute_067,trace_partial,formal,sparse_aliased,temporal_cue_then_blank,reservoir_block_hybrid,,,,,6,0.4618055555555555,0.01715151254892843,0.0,0.0,nan,0.0
trace_commute_067,trace_partial,formal,sparse_aliased,temporal_cue_then_blank,reservoir_diagonal,,,,,6,0.48611111111111116,0.005150137838260876,0.0,0.0,nan,0.0
trace_commute_067,trace_partial,formal,sparse_aliased,temporal_cue_then_blank,reservoir_low_rank,,,,,6,0.3194444444444445,0.0167244369149893,0.0,0.0,nan,0.0
trace_commute_067,trace_partial,formal,sparse_aliased,temporal_cue_then_blank,reservoir_nilpotent,,,,,6,0.4704861111111111,0.013559461242893492,0.0,0.0,nan,0.0
trace_commute_067,trace_partial,formal,sparse_aliased,temporal_cue_then_blank,reservoir_orthogonal,,,,,6,0.4704861111111111,0.01215277777777777,0.0,0.0,nan,0.0
trace_commute_067,trace_partial,formal,sparse_aliased,temporal_cue_then_blank,reservoir_oscillatory,,,,,6,0.4461805555555555,0.01154220148513518,0.0,0.0,nan,0.0
trace_commute_067,trace_partial,formal,sparse_aliased,temporal_cue_then_blank,reservoir_random,,,,,6,0.4635416666666667,0.016525005603181663,0.0,0.0,nan,0.0
trace_commute_067,trace_partial,formal,sparse_aliased,temporal_cue_then_blank,reservoir_sparse,,,,,6,0.46875,0.01423187606383278,0.0,0.0,nan,0.0
trace_commute_067,trace_partial,formal,sparse_aliased,temporal_cue_then_blank,reservoir_symmetric,,,,,6,0.4635416666666667,0.01282843972354942,0.0,0.0,nan,0.0
trace_commute_067,trace_partial,formal,sparse_aliased,temporal_dropout,lin_sequence_all_units_r3_l4,3,4,6,all_units,6,0.46701388888888884,0.022083442522441456,0.0,0.0,nan,0.0
trace_commute_067,trace_partial,formal,sparse_aliased,temporal_dropout,lin_sequence_front_bands_r1_l2,1,2,2,front_bands,6,0.3454861111111111,0.004181109228747332,0.0,0.0,nan,0.0
trace_commute_067,trace_partial,formal,sparse_aliased,temporal_dropout,lin_sequence_front_bands_r1_l4,1,4,4,front_bands,6,0.4149305555555556,0.0032012307143378074,0.0,0.0,nan,0.0
trace_commute_067,trace_partial,formal,sparse_aliased,temporal_dropout,lin_sequence_front_bands_r1_l8,1,8,8,front_bands,6,0.5416666666666666,0.016137430609197576,0.0,0.0,nan,0.0
trace_commute_067,trace_partial,formal,sparse_aliased,temporal_dropout,lin_sequence_front_bands_r3_l2,3,2,4,front_bands,6,0.41840277777777773,0.011224465191142096,0.008333333333333333,0.008333333333333335,nan,0.0
trace_commute_067,trace_partial,formal,sparse_aliased,temporal_dropout,lin_sequence_front_bands_r3_l4,3,4,6,front_bands,6,0.4670138888888889,0.007324660801989229,0.0,0.0,nan,0.0
trace_commute_067,trace_partial,formal,sparse_aliased,temporal_dropout,lin_sequence_front_bands_r3_l8,3,8,10,front_bands,6,0.529513888888889,0.020021810060192356,0.0,0.0,nan,0.0
trace_commute_067,trace_partial,formal,sparse_aliased,temporal_dropout,lin_sequence_front_bands_r5_l2,5,2,6,front_bands,6,0.4444444444444444,0.018175350455975552,0.0,0.0,nan,0.0
trace_commute_067,trace_partial,formal,sparse_aliased,temporal_dropout,lin_sequence_front_bands_r5_l4,5,4,8,front_bands,6,0.47222222222222215,0.016506756005562097,0.0,0.0,nan,0.0
trace_commute_067,trace_partial,formal,sparse_aliased,temporal_dropout,lin_sequence_front_bands_r5_l8,5,8,12,front_bands,6,0.5190972222222222,0.014587466345555557,0.0,0.0,nan,0.0
trace_commute_067,trace_partial,formal,sparse_aliased,temporal_dropout,memoryless_linear,,,,,2,0.390625,0.05729166666666668,0.0,0.0,nan,0.0
trace_commute_067,trace_partial,formal,sparse_aliased,temporal_dropout,memoryless_mlp,,,,,2,0.390625,0.05729166666666668,0.0,0.0,nan,0.0
trace_commute_067,trace_partial,formal,sparse_aliased,temporal_dropout,numpy_rnn,,,,,2,0.45833333333333337,0.07291666666666664,0.0,0.0,nan,0.0
trace_commute_067,trace_partial,formal,sparse_aliased,temporal_dropout,reservoir_block_hybrid,,,,,6,0.5069444444444444,0.02560984571470247,0.0,0.0,nan,0.0
trace_commute_067,trace_partial,formal,sparse_aliased,temporal_dropout,reservoir_diagonal,,,,,6,0.501736111111111,0.020731812831289144,0.0,0.0,nan,0.0
trace_commute_067,trace_partial,formal,sparse_aliased,temporal_dropout,reservoir_low_rank,,,,,6,0.4010416666666667,0.02262280017953046,0.0,0.0,nan,0.0
trace_commute_067,trace_partial,formal,sparse_aliased,temporal_dropout,reservoir_nilpotent,,,,,6,0.5121527777777778,0.013015045009716194,0.0,0.0,nan,0.0
trace_commute_067,trace_partial,formal,sparse_aliased,temporal_dropout,reservoir_orthogonal,,,,,6,0.5086805555555555,0.010212111923508845,0.0,0.0,nan,0.0
trace_commute_067,trace_partial,formal,sparse_aliased,temporal_dropout,reservoir_oscillatory,,,,,6,0.4131944444444444,0.009572256077840428,0.0,0.0,nan,0.0
trace_commute_067,trace_partial,formal,sparse_aliased,temporal_dropout,reservoir_random,,,,,6,0.5069444444444445,0.02024636074599063,0.0,0.0,nan,0.0
trace_commute_067,trace_partial,formal,sparse_aliased,temporal_dropout,reservoir_sparse,,,,,6,0.4739583333333333,0.02008193575127952,0.0,0.0,nan,0.0
trace_commute_067,trace_partial,formal,sparse_aliased,temporal_dropout,reservoir_symmetric,,,,,6,0.5000000000000001,0.022502571869471747,0.0,0.0,nan,0.0
trace_commute_067,trace_partial,formal,sparse_aliased,temporal_full,lin_sequence_all_units_r3_l4,3,4,6,all_units,6,0.6215277777777778,0.02212435044732499,0.0,0.0,nan,0.0
trace_commute_067,trace_partial,formal,sparse_aliased,temporal_full,lin_sequence_front_bands_r1_l2,1,2,2,front_bands,6,0.5121527777777778,0.013290041117364324,0.0,0.0,nan,0.0
trace_commute_067,trace_partial,formal,sparse_aliased,temporal_full,lin_sequence_front_bands_r1_l4,1,4,4,front_bands,6,0.5729166666666666,0.014231876063832787,0.0,0.0,nan,0.0
trace_commute_067,trace_partial,formal,sparse_aliased,temporal_full,lin_sequence_front_bands_r1_l8,1,8,8,front_bands,6,0.6770833333333334,0.00850517271799715,0.0,0.0,nan,0.0
trace_commute_067,trace_partial,formal,sparse_aliased,temporal_full,lin_sequence_front_bands_r3_l2,3,2,4,front_bands,6,0.5434027777777779,0.02304519931395156,0.0,0.0,nan,0.0
trace_commute_067,trace_partial,formal,sparse_aliased,temporal_full,lin_sequence_front_bands_r3_l4,3,4,6,front_bands,6,0.6666666666666666,0.017221662177273958,0.0,0.0,nan,0.0
trace_commute_067,trace_partial,formal,sparse_aliased,temporal_full,lin_sequence_front_bands_r3_l8,3,8,10,front_bands,6,0.6857638888888888,0.006259637631013866,0.0,0.0,nan,0.0
trace_commute_067,trace_partial,formal,sparse_aliased,temporal_full,lin_sequence_front_bands_r5_l2,5,2,6,front_bands,6,0.6163194444444445,0.022083442522441453,0.0,0.0,nan,0.0
trace_commute_067,trace_partial,formal,sparse_aliased,temporal_full,lin_sequence_front_bands_r5_l4,5,4,8,front_bands,6,0.640625,0.014914396940912861,0.0,0.0,nan,0.0
trace_commute_067,trace_partial,formal,sparse_aliased,temporal_full,lin_sequence_front_bands_r5_l8,5,8,12,front_bands,6,0.6475694444444444,0.01122446519114209,0.0,0.0,nan,0.0
trace_commute_067,trace_partial,formal,sparse_aliased,temporal_full,memoryless_linear,,,,,2,0.5364583333333333,0.026041666666666685,0.0,0.0,nan,0.0
trace_commute_067,trace_partial,formal,sparse_aliased,temporal_full,memoryless_mlp,,,,,2,0.5364583333333333,0.026041666666666685,0.0,0.0,nan,0.0
trace_commute_067,trace_partial,formal,sparse_aliased,temporal_full,numpy_rnn,,,,,2,0.75,0.01041666666666663,0.0,0.0,nan,0.0
trace_commute_067,trace_partial,formal,sparse_aliased,temporal_full,reservoir_block_hybrid,,,,,6,0.6319444444444444,0.014400306495366475,0.0,0.0,nan,0.0
trace_commute_067,trace_partial,formal,sparse_aliased,temporal_full,reservoir_diagonal,,,,,6,0.6979166666666666,0.013975424859373685,0.0,0.0,nan,0.0
trace_commute_067,trace_partial,formal,sparse_aliased,temporal_full,reservoir_low_rank,,,,,6,0.5434027777777778,0.02107784751496693,0.0,0.0,nan,0.0
trace_commute_067,trace_partial,formal,sparse_aliased,temporal_full,reservoir_nilpotent,,,,,6,0.6388888888888888,0.009186636496752054,0.0,0.0,nan,0.0
trace_commute_067,trace_partial,formal,sparse_aliased,temporal_full,reservoir_orthogonal,,,,,6,0.6545138888888888,0.014082847076856423,0.0,0.0,nan,0.0
trace_commute_067,trace_partial,formal,sparse_aliased,temporal_full,reservoir_oscillatory,,,,,6,0.5746527777777778,0.01832399278049828,0.0,0.0,nan,0.0
trace_commute_067,trace_partial,formal,sparse_aliased,temporal_full,reservoir_random,,,,,6,0.6319444444444445,0.022448930382284182,0.0,0.0,nan,0.0
trace_commute_067,trace_partial,formal,sparse_aliased,temporal_full,reservoir_sparse,,,,,6,0.609375,0.019160249529613052,0.0,0.0,nan,0.0
trace_commute_067,trace_partial,formal,sparse_aliased,temporal_full,reservoir_symmetric,,,,,6,0.6527777777777778,0.02546822336235034,0.0,0.0,nan,0.0
trace_commute_067,trace_partial,formal,vector,temporal_cue_then_blank,lin_sequence_all_units_r3_l4,3,4,6,all_units,6,0.5763888888888888,0.009186636496752042,0.0,0.0,nan,0.0
trace_commute_067,trace_partial,formal,vector,temporal_cue_then_blank,lin_sequence_front_bands_r1_l2,1,2,2,front_bands,6,0.3645833333333333,0.004658474953124559,0.0,0.0,nan,0.0
trace_commute_067,trace_partial,formal,vector,temporal_cue_then_blank,lin_sequence_front_bands_r1_l4,1,4,4,front_bands,6,0.40277777777777785,0.009186636496752052,0.0,0.0,nan,0.0
trace_commute_067,trace_partial,formal,vector,temporal_cue_then_blank,lin_sequence_front_bands_r1_l8,1,8,8,front_bands,6,0.6006944444444444,0.02060055135304352,0.0,0.0,nan,0.0
trace_commute_067,trace_partial,formal,vector,temporal_cue_then_blank,lin_sequence_front_bands_r3_l2,3,2,4,front_bands,6,0.40625000000000006,0.003803628871563661,0.0,0.0,nan,0.0
trace_commute_067,trace_partial,formal,vector,temporal_cue_then_blank,lin_sequence_front_bands_r3_l4,3,4,6,front_bands,6,0.5937499999999999,0.018042195912175808,0.0,0.0,nan,0.0
trace_commute_067,trace_partial,formal,vector,temporal_cue_then_blank,lin_sequence_front_bands_r3_l8,3,8,10,front_bands,6,0.5815972222222222,0.024268324659731322,0.008333333333333333,0.008333333333333335,nan,0.0
trace_commute_067,trace_partial,formal,vector,temporal_cue_then_blank,lin_sequence_front_bands_r5_l2,5,2,6,front_bands,6,0.5538194444444444,0.028769199842329663,0.0,0.0,nan,0.0
trace_commute_067,trace_partial,formal,vector,temporal_cue_then_blank,lin_sequence_front_bands_r5_l4,5,4,8,front_bands,6,0.6180555555555555,0.009572256077840435,0.0,0.0,nan,0.0
trace_commute_067,trace_partial,formal,vector,temporal_cue_then_blank,lin_sequence_front_bands_r5_l8,5,8,12,front_bands,6,0.59375,0.020658992750893772,0.0,0.0,nan,0.0
trace_commute_067,trace_partial,formal,vector,temporal_cue_then_blank,memoryless_linear,,,,,2,0.36979166666666663,0.005208333333333342,0.0,0.0,nan,0.0
trace_commute_067,trace_partial,formal,vector,temporal_cue_then_blank,memoryless_mlp,,,,,2,0.36979166666666663,0.005208333333333342,0.0,0.0,nan,0.0
trace_commute_067,trace_partial,formal,vector,temporal_cue_then_blank,numpy_rnn,,,,,2,0.6302083333333334,0.015625,0.0,0.0,nan,0.0
trace_commute_067,trace_partial,formal,vector,temporal_cue_then_blank,reservoir_block_hybrid,,,,,6,0.592013888888889,0.014082847076856423,0.0,0.0,nan,0.0
trace_commute_067,trace_partial,formal,vector,temporal_cue_then_blank,reservoir_diagonal,,,,,6,0.6493055555555555,0.007447087010252516,0.0,0.0,nan,0.0
trace_commute_067,trace_partial,formal,vector,temporal_cue_then_blank,reservoir_low_rank,,,,,6,0.4774305555555556,0.03965788544648365,0.0,0.0,nan,0.0
trace_commute_067,trace_partial,formal,vector,temporal_cue_then_blank,reservoir_nilpotent,,,,,6,0.6250000000000001,0.0170103454359943,0.008333333333333333,0.008333333333333335,nan,0.0
trace_commute_067,trace_partial,formal,vector,temporal_cue_then_blank,reservoir_orthogonal,,,,,6,0.6024305555555556,0.014082847076856418,0.0,0.0,nan,0.0
trace_commute_067,trace_partial,formal,vector,temporal_cue_then_blank,reservoir_oscillatory,,,,,6,0.548611111111111,0.022448930382284186,0.0,0.0,nan,0.0
trace_commute_067,trace_partial,formal,vector,temporal_cue_then_blank,reservoir_random,,,,,6,0.5989583333333333,0.011646187382811401,0.0,0.0,nan,0.0
trace_commute_067,trace_partial,formal,vector,temporal_cue_then_blank,reservoir_sparse,,,,,6,0.59375,0.017840600803701562,0.0,0.0,nan,0.0
trace_commute_067,trace_partial,formal,vector,temporal_cue_then_blank,reservoir_symmetric,,,,,6,0.6093750000000001,0.018191926246430176,0.0,0.0,nan,0.0
trace_commute_067,trace_partial,formal,vector,temporal_dropout,lin_sequence_all_units_r3_l4,3,4,6,all_units,6,0.5260416666666666,0.017789845079790974,0.0,0.0,nan,0.0
trace_commute_067,trace_partial,formal,vector,temporal_dropout,lin_sequence_front_bands_r1_l2,1,2,2,front_bands,6,0.5607638888888888,0.02599532914478444,0.0,0.0,nan,0.0
trace_commute_067,trace_partial,formal,vector,temporal_dropout,lin_sequence_front_bands_r1_l4,1,4,4,front_bands,6,0.5225694444444444,0.02396839563253099,0.0,0.0,nan,0.0
trace_commute_067,trace_partial,formal,vector,temporal_dropout,lin_sequence_front_bands_r1_l8,1,8,8,front_bands,6,0.5885416666666666,0.014421221984232771,0.0,0.0,nan,0.0
trace_commute_067,trace_partial,formal,vector,temporal_dropout,lin_sequence_front_bands_r3_l2,3,2,4,front_bands,6,0.5104166666666666,0.01863389981249825,0.0,0.0,nan,0.0
trace_commute_067,trace_partial,formal,vector,temporal_dropout,lin_sequence_front_bands_r3_l4,3,4,6,front_bands,6,0.5225694444444445,0.015547648039748682,0.0,0.0,nan,0.0
trace_commute_067,trace_partial,formal,vector,temporal_dropout,lin_sequence_front_bands_r3_l8,3,8,10,front_bands,6,0.6510416666666666,0.016742449237835,0.0,0.0,nan,0.0
trace_commute_067,trace_partial,formal,vector,temporal_dropout,lin_sequence_front_bands_r5_l2,5,2,6,front_bands,6,0.5711805555555556,0.015547648039748688,0.0,0.0,nan,0.0
trace_commute_067,trace_partial,formal,vector,temporal_dropout,lin_sequence_front_bands_r5_l4,5,4,8,front_bands,6,0.5954861111111112,0.023356986192836302,0.0,0.0,nan,0.0
trace_commute_067,trace_partial,formal,vector,temporal_dropout,lin_sequence_front_bands_r5_l8,5,8,12,front_bands,6,0.6180555555555555,0.010980130764473546,0.0,0.0,nan,0.0
trace_commute_067,trace_partial,formal,vector,temporal_dropout,memoryless_linear,,,,,2,0.453125,0.005208333333333315,0.0,0.0,nan,0.0
trace_commute_067,trace_partial,formal,vector,temporal_dropout,memoryless_mlp,,,,,2,0.453125,0.005208333333333315,0.0,0.0,nan,0.0
trace_commute_067,trace_partial,formal,vector,temporal_dropout,numpy_rnn,,,,,2,0.53125,0.01041666666666663,0.0,0.0,nan,0.0
trace_commute_067,trace_partial,formal,vector,temporal_dropout,reservoir_block_hybrid,,,,,6,0.6180555555555555,0.019885862587883822,0.0,0.0,nan,0.0
trace_commute_067,trace_partial,formal,vector,temporal_dropout,reservoir_diagonal,,,,,6,0.6614583333333333,0.023562552190727146,0.0,0.0,nan,0.0
trace_commute_067,trace_partial,formal,vector,temporal_dropout,reservoir_low_rank,,,,,6,0.5434027777777778,0.03243323210463439,0.008333333333333333,0.008333333333333335,nan,0.0
trace_commute_067,trace_partial,formal,vector,temporal_dropout,reservoir_nilpotent,,,,,6,0.623263888888889,0.010897468629496667,0.0,0.0,nan,0.0
trace_commute_067,trace_partial,formal,vector,temporal_dropout,reservoir_orthogonal,,,,,6,0.6024305555555556,0.027875262967258747,0.0,0.0,nan,0.0
trace_commute_067,trace_partial,formal,vector,temporal_dropout,reservoir_oscillatory,,,,,6,0.5277777777777778,0.027251967875484145,0.0,0.0,nan,0.0
trace_commute_067,trace_partial,formal,vector,temporal_dropout,reservoir_random,,,,,6,0.6093749999999999,0.011646187382811408,0.0,0.0,nan,0.0
trace_commute_067,trace_partial,formal,vector,temporal_dropout,reservoir_sparse,,,,,6,0.5815972222222222,0.009087675227987771,0.0,0.0,nan,0.0
trace_commute_067,trace_partial,formal,vector,temporal_dropout,reservoir_symmetric,,,,,6,0.626736111111111,0.027351327212927757,0.0,0.0,nan,0.0
trace_commute_067,trace_partial,formal,vector,temporal_full,lin_sequence_all_units_r3_l4,3,4,6,all_units,6,0.78125,0.011410886614690969,0.0,0.0,nan,0.0
trace_commute_067,trace_partial,formal,vector,temporal_full,lin_sequence_front_bands_r1_l2,1,2,2,front_bands,6,0.7725694444444445,0.010560351615101075,0.008333333333333333,0.008333333333333335,nan,0.0
trace_commute_067,trace_partial,formal,vector,temporal_full,lin_sequence_front_bands_r1_l4,1,4,4,front_bands,6,0.7760416666666666,0.00997319903912852,0.0,0.0,nan,0.0
trace_commute_067,trace_partial,formal,vector,temporal_full,lin_sequence_front_bands_r1_l8,1,8,8,front_bands,6,0.8593750000000001,0.018778912893041618,0.0,0.0,nan,0.0
trace_commute_067,trace_partial,formal,vector,temporal_full,lin_sequence_front_bands_r3_l2,3,2,4,front_bands,6,0.7934027777777777,0.008253378002781045,0.008333333333333333,0.008333333333333335,nan,0.0
trace_commute_067,trace_partial,formal,vector,temporal_full,lin_sequence_front_bands_r3_l4,3,4,6,front_bands,6,0.8020833333333334,0.011089388487966185,0.0,0.0,nan,0.0
trace_commute_067,trace_partial,formal,vector,temporal_full,lin_sequence_front_bands_r3_l8,3,8,10,front_bands,6,0.8836805555555555,0.013290041117364338,0.0,0.0,nan,0.0
trace_commute_067,trace_partial,formal,vector,temporal_full,lin_sequence_front_bands_r5_l2,5,2,6,front_bands,6,0.8350694444444445,0.017308949417520165,0.0,0.0,nan,0.0
trace_commute_067,trace_partial,formal,vector,temporal_full,lin_sequence_front_bands_r5_l4,5,4,8,front_bands,6,0.8715277777777777,0.006944444444444435,0.0,0.0,nan,0.0
trace_commute_067,trace_partial,formal,vector,temporal_full,lin_sequence_front_bands_r5_l8,5,8,12,front_bands,6,0.857638888888889,0.01308433588987276,0.0,0.0,nan,0.0
trace_commute_067,trace_partial,formal,vector,temporal_full,memoryless_linear,,,,,2,0.6041666666666666,0.03125,0.0,0.0,nan,0.0
trace_commute_067,trace_partial,formal,vector,temporal_full,memoryless_mlp,,,,,2,0.6041666666666666,0.03125,0.0,0.0,nan,0.0
trace_commute_067,trace_partial,formal,vector,temporal_full,numpy_rnn,,,,,2,0.6458333333333333,0.041666666666666685,0.0,0.0,nan,0.0
trace_commute_067,trace_partial,formal,vector,temporal_full,reservoir_block_hybrid,,,,,6,0.8836805555555557,0.021418292379571022,0.0,0.0,nan,0.0
trace_commute_067,trace_partial,formal,vector,temporal_full,reservoir_diagonal,,,,,6,0.7864583333333334,0.009603692143013421,0.0,0.0,nan,0.0
trace_commute_067,trace_partial,formal,vector,temporal_full,reservoir_low_rank,,,,,6,0.7673611111111112,0.01560569795433628,0.0,0.0,nan,0.0
trace_commute_067,trace_partial,formal,vector,temporal_full,reservoir_nilpotent,,,,,6,0.8715277777777778,0.0206005513530435,0.0,0.0,nan,0.0
trace_commute_067,trace_partial,formal,vector,temporal_full,reservoir_orthogonal,,,,,6,0.8697916666666666,0.022300751004626956,0.008333333333333333,0.008333333333333335,nan,0.0
trace_commute_067,trace_partial,formal,vector,temporal_full,reservoir_oscillatory,,,,,6,0.8524305555555555,0.015075203712564182,0.0,0.0,nan,0.0
trace_commute_067,trace_partial,formal,vector,temporal_full,reservoir_random,,,,,6,0.8732638888888888,0.008680555555555552,0.008333333333333333,0.008333333333333335,nan,0.0
trace_commute_067,trace_partial,formal,vector,temporal_full,reservoir_sparse,,,,,6,0.8645833333333331,0.017840600803701572,0.0,0.0,nan,0.0
trace_commute_067,trace_partial,formal,vector,temporal_full,reservoir_symmetric,,,,,6,0.8559027777777778,0.015778566343752447,0.0,0.0,nan,0.0
trace_commute_100,trace_commutative,formal,egocentric_landmark,temporal_cue_then_blank,lin_sequence_all_units_r3_l4,3,4,6,all_units,6,0.7466666666666666,0.011417984514369005,0.05000000000000001,0.025819888974716113,nan,0.0
trace_commute_100,trace_commutative,formal,egocentric_landmark,temporal_cue_then_blank,lin_sequence_front_bands_r1_l2,1,2,2,front_bands,6,0.56,0.0,0.025000000000000005,0.01118033988749895,nan,0.0
trace_commute_100,trace_commutative,formal,egocentric_landmark,temporal_cue_then_blank,lin_sequence_front_bands_r1_l4,1,4,4,front_bands,6,0.5088888888888888,0.01516982059188979,0.016666666666666666,0.0105409255338946,nan,0.0
trace_commute_100,trace_commutative,formal,egocentric_landmark,temporal_cue_then_blank,lin_sequence_front_bands_r1_l8,1,8,8,front_bands,6,0.7488888888888888,0.012130972501294383,0.06666666666666667,0.021081851067789197,nan,0.0
trace_commute_100,trace_commutative,formal,egocentric_landmark,temporal_cue_then_blank,lin_sequence_front_bands_r3_l2,3,2,4,front_bands,6,0.5111111111111112,0.007436978013636229,0.008333333333333333,0.008333333333333335,nan,0.0
trace_commute_100,trace_commutative,formal,egocentric_landmark,temporal_cue_then_blank,lin_sequence_front_bands_r3_l4,3,4,6,front_bands,6,0.7422222222222223,0.012252487779635751,0.03333333333333333,0.02472066162365221,nan,0.0
trace_commute_100,trace_commutative,formal,egocentric_landmark,temporal_cue_then_blank,lin_sequence_front_bands_r3_l8,3,8,10,front_bands,6,0.7666666666666666,0.009583937179043473,0.06666666666666667,0.01666666666666667,nan,0.0
trace_commute_100,trace_commutative,formal,egocentric_landmark,temporal_cue_then_blank,lin_sequence_front_bands_r5_l2,5,2,6,front_bands,6,0.7444444444444445,0.012610009741432095,0.03333333333333333,0.02472066162365221,nan,0.0
trace_commute_100,trace_commutative,formal,egocentric_landmark,temporal_cue_then_blank,lin_sequence_front_bands_r5_l4,5,4,8,front_bands,6,0.7399999999999999,0.017469550228474254,0.06666666666666667,0.02472066162365221,nan,0.0
trace_commute_100,trace_commutative,formal,egocentric_landmark,temporal_cue_then_blank,lin_sequence_front_bands_r5_l8,5,8,12,front_bands,6,0.7466666666666666,0.016510378329783745,0.08333333333333333,0.016666666666666666,nan,0.0
trace_commute_100,trace_commutative,formal,egocentric_landmark,temporal_cue_then_blank,memoryless_linear,,,,,2,0.56,0.0,0.025,0.025,nan,0.0
trace_commute_100,trace_commutative,formal,egocentric_landmark,temporal_cue_then_blank,memoryless_mlp,,,,,2,0.56,0.0,0.025,0.025,nan,0.0
trace_commute_100,trace_commutative,formal,egocentric_landmark,temporal_cue_then_blank,numpy_rnn,,,,,2,0.6333333333333333,0.11333333333333334,0.025,0.025,nan,0.0
trace_commute_100,trace_commutative,formal,egocentric_landmark,temporal_cue_then_blank,reservoir_block_hybrid,,,,,6,0.7333333333333334,0.009737289911202957,0.041666666666666664,0.023863035105460593,nan,0.0
trace_commute_100,trace_commutative,formal,egocentric_landmark,temporal_cue_then_blank,reservoir_diagonal,,,,,6,0.7466666666666667,0.006885303726590972,0.025000000000000005,0.01118033988749895,nan,0.0
trace_commute_100,trace_commutative,formal,egocentric_landmark,temporal_cue_then_blank,reservoir_low_rank,,,,,6,0.6977777777777777,0.02326444858364871,0.075,0.021408720964441883,nan,0.0
trace_commute_100,trace_commutative,formal,egocentric_landmark,temporal_cue_then_blank,reservoir_nilpotent,,,,,6,0.7422222222222223,0.0056218269514104625,0.025000000000000005,0.01118033988749895,nan,0.0
trace_commute_100,trace_commutative,formal,egocentric_landmark,temporal_cue_then_blank,reservoir_orthogonal,,,,,6,0.7377777777777778,0.013626408637116345,0.08333333333333333,0.03333333333333334,nan,0.0
trace_commute_100,trace_commutative,formal,egocentric_landmark,temporal_cue_then_blank,reservoir_oscillatory,,,,,6,0.7311111111111112,0.016299662951904215,0.049999999999999996,0.01825741858350554,nan,0.0
trace_commute_100,trace_commutative,formal,egocentric_landmark,temporal_cue_then_blank,reservoir_random,,,,,6,0.7222222222222222,0.011632224291824355,0.05833333333333334,0.02386303510546059,nan,0.0
trace_commute_100,trace_commutative,formal,egocentric_landmark,temporal_cue_then_blank,reservoir_sparse,,,,,6,0.7200000000000001,0.014605934866804424,0.10000000000000002,0.025819888974716113,nan,0.0
trace_commute_100,trace_commutative,formal,egocentric_landmark,temporal_cue_then_blank,reservoir_symmetric,,,,,6,0.7222222222222222,0.013948759845755743,0.075,0.021408720964441883,nan,0.0
trace_commute_100,trace_commutative,formal,egocentric_landmark,temporal_dropout,lin_sequence_all_units_r3_l4,3,4,6,all_units,6,0.6622222222222222,0.015267168033171265,0.05000000000000001,0.01290994448735806,nan,0.0
trace_commute_100,trace_commutative,formal,egocentric_landmark,temporal_dropout,lin_sequence_front_bands_r1_l2,1,2,2,front_bands,6,0.6777777777777777,0.006363476028122833,0.05833333333333333,0.008333333333333335,nan,0.0
trace_commute_100,trace_commutative,formal,egocentric_landmark,temporal_dropout,lin_sequence_front_bands_r1_l4,1,4,4,front_bands,6,0.6666666666666666,0.015006171569897003,0.06666666666666667,0.01666666666666667,nan,0.0
trace_commute_100,trace_commutative,formal,egocentric_landmark,temporal_dropout,lin_sequence_front_bands_r1_l8,1,8,8,front_bands,6,0.7311111111111112,0.004097575314352401,0.03333333333333333,0.01666666666666667,nan,0.0
trace_commute_100,trace_commutative,formal,egocentric_landmark,temporal_dropout,lin_sequence_front_bands_r3_l2,3,2,4,front_bands,6,0.6511111111111111,0.013517250067329378,0.07500000000000001,0.01118033988749895,nan,0.0
trace_commute_100,trace_commutative,formal,egocentric_landmark,temporal_dropout,lin_sequence_front_bands_r3_l4,3,4,6,front_bands,6,0.6511111111111111,0.014774017900973033,0.075,0.01118033988749895,nan,0.0
trace_commute_100,trace_commutative,formal,egocentric_landmark,temporal_dropout,lin_sequence_front_bands_r3_l8,3,8,10,front_bands,6,0.7222222222222223,0.01898667498959451,0.05000000000000001,0.01825741858350554,nan,0.0
trace_commute_100,trace_commutative,formal,egocentric_landmark,temporal_dropout,lin_sequence_front_bands_r5_l2,5,2,6,front_bands,6,0.6511111111111111,0.011111111111111118,0.06666666666666667,0.01666666666666667,nan,0.0
trace_commute_100,trace_commutative,formal,egocentric_landmark,temporal_dropout,lin_sequence_front_bands_r5_l4,5,4,8,front_bands,6,0.7000000000000001,0.015682025568335426,0.06666666666666667,0.010540925533894598,nan,0.0
trace_commute_100,trace_commutative,formal,egocentric_landmark,temporal_dropout,lin_sequence_front_bands_r5_l8,5,8,12,front_bands,6,0.7311111111111109,0.01665925761243673,0.06666666666666667,0.021081851067789197,nan,0.0
trace_commute_100,trace_commutative,formal,egocentric_landmark,temporal_dropout,memoryless_linear,,,,,2,0.6333333333333333,0.020000000000000018,0.05,0.0,nan,0.0
trace_commute_100,trace_commutative,formal,egocentric_landmark,temporal_dropout,memoryless_mlp,,,,,2,0.6333333333333333,0.020000000000000018,0.05,0.0,nan,0.0
trace_commute_100,trace_commutative,formal,egocentric_landmark,temporal_dropout,numpy_rnn,,,,,2,0.6666666666666667,0.03999999999999998,0.05,0.0,nan,0.0
trace_commute_100,trace_commutative,formal,egocentric_landmark,temporal_dropout,reservoir_block_hybrid,,,,,6,0.6555555555555556,0.01835184250850007,0.041666666666666664,0.015365907428821483,nan,0.0
trace_commute_100,trace_commutative,formal,egocentric_landmark,temporal_dropout,reservoir_diagonal,,,,,6,0.7022222222222223,0.009532271373123208,0.07500000000000001,0.01707825127659933,nan,0.0
trace_commute_100,trace_commutative,formal,egocentric_landmark,temporal_dropout,reservoir_low_rank,,,,,6,0.6266666666666668,0.038335748716173915,0.08333333333333336,0.010540925533894598,nan,0.0
trace_commute_100,trace_commutative,formal,egocentric_landmark,temporal_dropout,reservoir_nilpotent,,,,,6,0.6666666666666666,0.01788854381999831,0.049999999999999996,0.01825741858350554,nan,0.0
trace_commute_100,trace_commutative,formal,egocentric_landmark,temporal_dropout,reservoir_orthogonal,,,,,6,0.6511111111111112,0.018671956922311116,0.06666666666666667,0.010540925533894598,nan,0.0
trace_commute_100,trace_commutative,formal,egocentric_landmark,temporal_dropout,reservoir_oscillatory,,,,,6,0.6577777777777778,0.00819515062870479,0.075,0.017078251276599336,nan,0.0
trace_commute_100,trace_commutative,formal,egocentric_landmark,temporal_dropout,reservoir_random,,,,,6,0.6466666666666666,0.008255189164891872,0.06666666666666667,0.01666666666666667,nan,0.0
trace_commute_100,trace_commutative,formal,egocentric_landmark,temporal_dropout,reservoir_sparse,,,,,6,0.6977777777777777,0.011243653902820911,0.075,0.01118033988749895,nan,0.0
trace_commute_100,trace_commutative,formal,egocentric_landmark,temporal_dropout,reservoir_symmetric,,,,,6,0.6844444444444445,0.019372884193514107,0.06666666666666667,0.01666666666666667,nan,0.0
trace_commute_100,trace_commutative,formal,egocentric_landmark,temporal_full,lin_sequence_all_units_r3_l4,3,4,6,all_units,6,0.8444444444444446,0.012726952056245645,0.16666666666666666,0.04216370213557839,nan,0.0
trace_commute_100,trace_commutative,formal,egocentric_landmark,temporal_full,lin_sequence_front_bands_r1_l2,1,2,2,front_bands,6,0.7866666666666666,0.00910840068085298,0.125,0.01707825127659933,nan,0.0
trace_commute_100,trace_commutative,formal,egocentric_landmark,temporal_full,lin_sequence_front_bands_r1_l4,1,4,4,front_bands,6,0.8577777777777778,0.032233714425722225,0.06666666666666667,0.030731814857642967,nan,0.0
trace_commute_100,trace_commutative,formal,egocentric_landmark,temporal_full,lin_sequence_front_bands_r1_l8,1,8,8,front_bands,6,0.8333333333333334,0.00455420034042648,0.05833333333333333,0.020069324297987166,nan,0.0
trace_commute_100,trace_commutative,formal,egocentric_landmark,temporal_full,lin_sequence_front_bands_r3_l2,3,2,4,front_bands,6,0.8355555555555556,0.02248730780564182,0.10833333333333334,0.030046260628866582,nan,0.0
trace_commute_100,trace_commutative,formal,egocentric_landmark,temporal_full,lin_sequence_front_bands_r3_l4,3,4,6,front_bands,6,0.8466666666666667,0.020294133434366004,0.1416666666666667,0.020069324297987162,nan,0.0
trace_commute_100,trace_commutative,formal,egocentric_landmark,temporal_full,lin_sequence_front_bands_r3_l8,3,8,10,front_bands,6,0.8488888888888888,0.01875113165309243,0.06666666666666667,0.02472066162365221,nan,0.0
trace_commute_100,trace_commutative,formal,egocentric_landmark,temporal_full,lin_sequence_front_bands_r5_l2,5,2,6,front_bands,6,0.86,0.012765694770084506,0.09166666666666667,0.02006932429798716,nan,0.0
trace_commute_100,trace_commutative,formal,egocentric_landmark,temporal_full,lin_sequence_front_bands_r5_l4,5,4,8,front_bands,6,0.86,0.014504150108516193,0.08333333333333333,0.040138648595974324,nan,0.0
trace_commute_100,trace_commutative,formal,egocentric_landmark,temporal_full,lin_sequence_front_bands_r5_l8,5,8,12,front_bands,6,0.7999999999999999,0.016865480854231365,0.10833333333333334,0.03745367509040706,nan,0.0
trace_commute_100,trace_commutative,formal,egocentric_landmark,temporal_full,memoryless_linear,,,,,2,0.7666666666666666,0.006666666666666653,0.125,0.024999999999999994,nan,0.0
trace_commute_100,trace_commutative,formal,egocentric_landmark,temporal_full,memoryless_mlp,,,,,2,0.7666666666666666,0.006666666666666653,0.125,0.024999999999999994,nan,0.0
trace_commute_100,trace_commutative,formal,egocentric_landmark,temporal_full,numpy_rnn,,,,,2,0.8733333333333333,0.033333333333333326,0.125,0.024999999999999994,nan,0.0
trace_commute_100,trace_commutative,formal,egocentric_landmark,temporal_full,reservoir_block_hybrid,,,,,6,0.84,0.01821680136170594,0.06666666666666667,0.010540925533894598,nan,0.0
trace_commute_100,trace_commutative,formal,egocentric_landmark,temporal_full,reservoir_diagonal,,,,,6,0.8866666666666666,0.015682025568335426,0.14166666666666666,0.035158371849548314,nan,0.0
trace_commute_100,trace_commutative,formal,egocentric_landmark,temporal_full,reservoir_low_rank,,,,,6,0.7955555555555556,0.009532271373123211,0.17500000000000002,0.021408720964441883,nan,0.0
trace_commute_100,trace_commutative,formal,egocentric_landmark,temporal_full,reservoir_nilpotent,,,,,6,0.811111111111111,0.023200681130912337,0.09166666666666667,0.03270236145058098,nan,0.0
trace_commute_100,trace_commutative,formal,egocentric_landmark,temporal_full,reservoir_orthogonal,,,,,6,0.8488888888888889,0.01967639432993659,0.041666666666666664,0.023863035105460593,nan,0.0
trace_commute_100,trace_commutative,formal,egocentric_landmark,temporal_full,reservoir_oscillatory,,,,,6,0.8244444444444444,0.021613895850289482,0.12500000000000003,0.017078251276599333,nan,0.0
trace_commute_100,trace_commutative,formal,egocentric_landmark,temporal_full,reservoir_random,,,,,6,0.8377777777777777,0.025161208630610072,0.19166666666666665,0.037453675090407056,nan,0.0
trace_commute_100,trace_commutative,formal,egocentric_landmark,temporal_full,reservoir_sparse,,,,,6,0.8222222222222223,0.012726952056245659,0.19166666666666665,0.04362084109434134,nan,0.0
trace_commute_100,trace_commutative,formal,egocentric_landmark,temporal_full,reservoir_symmetric,,,,,6,0.8711111111111111,0.016024672335395496,0.2333333333333333,0.055777335102271716,nan,0.0
trace_commute_100,trace_commutative,formal,hybrid,temporal_cue_then_blank,lin_sequence_all_units_r3_l4,3,4,6,all_units,6,0.7377777777777778,0.008195150628704793,0.075,0.021408720964441883,nan,0.0
trace_commute_100,trace_commutative,formal,hybrid,temporal_cue_then_blank,lin_sequence_front_bands_r1_l2,1,2,2,front_bands,6,0.5488888888888889,0.006363476028122832,0.025000000000000005,0.01118033988749895,nan,0.0
trace_commute_100,trace_commutative,formal,hybrid,temporal_cue_then_blank,lin_sequence_front_bands_r1_l4,1,4,4,front_bands,6,0.5155555555555555,0.006592176432973917,0.025000000000000005,0.01118033988749895,nan,0.0
trace_commute_100,trace_commutative,formal,hybrid,temporal_cue_then_blank,lin_sequence_front_bands_r1_l8,1,8,8,front_bands,6,0.7533333333333333,0.006666666666666654,0.06666666666666667,0.021081851067789197,nan,0.0
trace_commute_100,trace_commutative,formal,hybrid,temporal_cue_then_blank,lin_sequence_front_bands_r3_l2,3,2,4,front_bands,6,0.5266666666666666,0.005708992257184491,0.016666666666666666,0.0105409255338946,nan,0.0
trace_commute_100,trace_commutative,formal,hybrid,temporal_cue_then_blank,lin_sequence_front_bands_r3_l4,3,4,6,front_bands,6,0.7311111111111112,0.011111111111111112,0.06666666666666667,0.02472066162365221,nan,0.0
trace_commute_100,trace_commutative,formal,hybrid,temporal_cue_then_blank,lin_sequence_front_bands_r3_l8,3,8,10,front_bands,6,0.7533333333333334,0.006666666666666665,0.075,0.01118033988749895,nan,0.0
trace_commute_100,trace_commutative,formal,hybrid,temporal_cue_then_blank,lin_sequence_front_bands_r5_l2,5,2,6,front_bands,6,0.7333333333333334,0.011417984514369005,0.06666666666666667,0.02472066162365221,nan,0.0
trace_commute_100,trace_commutative,formal,hybrid,temporal_cue_then_blank,lin_sequence_front_bands_r5_l4,5,4,8,front_bands,6,0.7533333333333334,0.00958393717904348,0.049999999999999996,0.01290994448735806,nan,0.0
trace_commute_100,trace_commutative,formal,hybrid,temporal_cue_then_blank,lin_sequence_front_bands_r5_l8,5,8,12,front_bands,6,0.7666666666666666,0.013221755360572024,0.05000000000000001,0.025819888974716113,nan,0.0
trace_commute_100,trace_commutative,formal,hybrid,temporal_cue_then_blank,memoryless_linear,,,,,2,0.56,0.0,0.025,0.025,nan,0.0
trace_commute_100,trace_commutative,formal,hybrid,temporal_cue_then_blank,memoryless_mlp,,,,,2,0.56,0.0,0.025,0.025,nan,0.0
trace_commute_100,trace_commutative,formal,hybrid,temporal_cue_then_blank,numpy_rnn,,,,,2,0.6066666666666667,0.020000000000000018,0.025,0.025,nan,0.0
trace_commute_100,trace_commutative,formal,hybrid,temporal_cue_then_blank,reservoir_block_hybrid,,,,,6,0.7488888888888887,0.01111111111111111,0.05833333333333333,0.01536590742882148,nan,0.0
trace_commute_100,trace_commutative,formal,hybrid,temporal_cue_then_blank,reservoir_diagonal,,,,,6,0.7200000000000001,0.009108400680852983,0.008333333333333333,0.008333333333333335,nan,0.0
trace_commute_100,trace_commutative,formal,hybrid,temporal_cue_then_blank,reservoir_low_rank,,,,,6,0.6266666666666666,0.038025332686590994,0.049999999999999996,0.01290994448735806,nan,0.0
trace_commute_100,trace_commutative,formal,hybrid,temporal_cue_then_blank,reservoir_nilpotent,,,,,6,0.7422222222222223,0.011243653902820906,0.10000000000000002,0.03651483716701107,nan,0.0
trace_commute_100,trace_commutative,formal,hybrid,temporal_cue_then_blank,reservoir_orthogonal,,,,,6,0.7400000000000001,0.017469550228474268,0.10833333333333334,0.01536590742882148,nan,0.0
trace_commute_100,trace_commutative,formal,hybrid,temporal_cue_then_blank,reservoir_oscillatory,,,,,6,0.7266666666666667,0.01845916413981793,0.05833333333333334,0.008333333333333335,nan,0.0
trace_commute_100,trace_commutative,formal,hybrid,temporal_cue_then_blank,reservoir_random,,,,,6,0.7333333333333334,0.010327955589886447,0.041666666666666664,0.015365907428821483,nan,0.0
trace_commute_100,trace_commutative,formal,hybrid,temporal_cue_then_blank,reservoir_sparse,,,,,6,0.7311111111111112,0.015169820591889783,0.09166666666666666,0.01536590742882148,nan,0.0
trace_commute_100,trace_commutative,formal,hybrid,temporal_cue_then_blank,reservoir_symmetric,,,,,6,0.7111111111111111,0.01175889471584262,0.07500000000000001,0.01118033988749895,nan,0.0
trace_commute_100,trace_commutative,formal,hybrid,temporal_dropout,lin_sequence_all_units_r3_l4,3,4,6,all_units,6,0.62,0.01490711984999859,0.041666666666666664,0.008333333333333335,nan,0.0
trace_commute_100,trace_commutative,formal,hybrid,temporal_dropout,lin_sequence_front_bands_r1_l2,1,2,2,front_bands,6,0.5111111111111112,0.005621826951410449,0.025000000000000005,0.01118033988749895,nan,0.0
trace_commute_100,trace_commutative,formal,hybrid,temporal_dropout,lin_sequence_front_bands_r1_l4,1,4,4,front_bands,6,0.54,0.01642040284614325,0.03333333333333333,0.010540925533894598,nan,0.0
trace_commute_100,trace_commutative,formal,hybrid,temporal_dropout,lin_sequence_front_bands_r1_l8,1,8,8,front_bands,6,0.7844444444444445,0.007235031376044316,0.06666666666666667,0.01666666666666667,nan,0.0
trace_commute_100,trace_commutative,formal,hybrid,temporal_dropout,lin_sequence_front_bands_r3_l2,3,2,4,front_bands,6,0.5511111111111111,0.010134892667547893,0.03333333333333333,0.010540925533894598,nan,0.0
trace_commute_100,trace_commutative,formal,hybrid,temporal_dropout,lin_sequence_front_bands_r3_l4,3,4,6,front_bands,6,0.6177777777777779,0.023264448583648716,0.06666666666666667,0.021081851067789197,nan,0.0
trace_commute_100,trace_commutative,formal,hybrid,temporal_dropout,lin_sequence_front_bands_r3_l8,3,8,10,front_bands,6,0.751111111111111,0.013184352865947836,0.08333333333333333,0.021081851067789197,nan,0.0
trace_commute_100,trace_commutative,formal,hybrid,temporal_dropout,lin_sequence_front_bands_r5_l2,5,2,6,front_bands,6,0.5644444444444444,0.01744125944030986,0.041666666666666664,0.020069324297987166,nan,0.0
trace_commute_100,trace_commutative,formal,hybrid,temporal_dropout,lin_sequence_front_bands_r5_l4,5,4,8,front_bands,6,0.688888888888889,0.014873956027272449,0.041666666666666664,0.023863035105460593,nan,0.0
trace_commute_100,trace_commutative,formal,hybrid,temporal_dropout,lin_sequence_front_bands_r5_l8,5,8,12,front_bands,6,0.7577777777777778,0.03218772099288874,0.06666666666666667,0.030731814857642967,nan,0.0
trace_commute_100,trace_commutative,formal,hybrid,temporal_dropout,memoryless_linear,,,,,2,0.54,0.006666666666666653,0.025,0.025,nan,0.0
trace_commute_100,trace_commutative,formal,hybrid,temporal_dropout,memoryless_mlp,,,,,2,0.54,0.006666666666666653,0.025,0.025,nan,0.0
trace_commute_100,trace_commutative,formal,hybrid,temporal_dropout,numpy_rnn,,,,,2,0.6,0.013333333333333306,0.07500000000000001,0.025,nan,0.0
trace_commute_100,trace_commutative,formal,hybrid,temporal_dropout,reservoir_block_hybrid,,,,,6,0.6644444444444445,0.01867195692231113,0.049999999999999996,0.0223606797749979,nan,0.0
trace_commute_100,trace_commutative,formal,hybrid,temporal_dropout,reservoir_diagonal,,,,,6,0.611111111111111,0.019296260752082142,0.05000000000000001,0.0223606797749979,nan,0.0
trace_commute_100,trace_commutative,formal,hybrid,temporal_dropout,reservoir_low_rank,,,,,6,0.5444444444444444,0.02048787657176197,0.03333333333333333,0.0210818510677892,nan,0.0
trace_commute_100,trace_commutative,formal,hybrid,temporal_dropout,reservoir_nilpotent,,,,,6,0.7422222222222222,0.022749304697012838,0.08333333333333336,0.02472066162365221,nan,0.0
trace_commute_100,trace_commutative,formal,hybrid,temporal_dropout,reservoir_orthogonal,,,,,6,0.7111111111111111,0.01175889471584262,0.06666666666666667,0.02472066162365221,nan,0.0
trace_commute_100,trace_commutative,formal,hybrid,temporal_dropout,reservoir_oscillatory,,,,,6,0.5266666666666667,0.01813529401164725,0.041666666666666664,0.008333333333333335,nan,0.0
trace_commute_100,trace_commutative,formal,hybrid,temporal_dropout,reservoir_random,,,,,6,0.6333333333333333,0.014907119849998601,0.09999999999999999,0.012909944487358056,nan,0.0
trace_commute_100,trace_commutative,formal,hybrid,temporal_dropout,reservoir_sparse,,,,,6,0.5955555555555555,0.006592176432973911,0.05833333333333333,0.015365907428821483,nan,0.0
trace_commute_100,trace_commutative,formal,hybrid,temporal_dropout,reservoir_symmetric,,,,,6,0.6088888888888889,0.015650503877030222,0.05833333333333334,0.015365907428821483,nan,0.0
trace_commute_100,trace_commutative,formal,hybrid,temporal_full,lin_sequence_all_units_r3_l4,3,4,6,all_units,6,0.7511111111111112,0.026368705731895696,0.049999999999999996,0.01290994448735806,nan,0.0
trace_commute_100,trace_commutative,formal,hybrid,temporal_full,lin_sequence_front_bands_r1_l2,1,2,2,front_bands,6,0.5866666666666668,0.006885303726590952,0.03333333333333333,0.01666666666666667,nan,0.0
trace_commute_100,trace_commutative,formal,hybrid,temporal_full,lin_sequence_front_bands_r1_l4,1,4,4,front_bands,6,0.6266666666666667,0.01088662107903635,0.041666666666666664,0.015365907428821483,nan,0.0
trace_commute_100,trace_commutative,formal,hybrid,temporal_full,lin_sequence_front_bands_r1_l8,1,8,8,front_bands,6,0.7666666666666666,0.04198765250598041,0.11666666666666668,0.027888667551135858,nan,0.0
trace_commute_100,trace_commutative,formal,hybrid,temporal_full,lin_sequence_front_bands_r3_l2,3,2,4,front_bands,6,0.6133333333333334,0.012881223774390613,0.041666666666666664,0.015365907428821483,nan,0.0
trace_commute_100,trace_commutative,formal,hybrid,temporal_full,lin_sequence_front_bands_r3_l4,3,4,6,front_bands,6,0.8022222222222223,0.023200681130912344,0.10833333333333334,0.041666666666666664,nan,0.0
trace_commute_100,trace_commutative,formal,hybrid,temporal_full,lin_sequence_front_bands_r3_l8,3,8,10,front_bands,6,0.8422222222222223,0.011632224291824355,0.075,0.021408720964441883,nan,0.0
trace_commute_100,trace_commutative,formal,hybrid,temporal_full,lin_sequence_front_bands_r5_l2,5,2,6,front_bands,6,0.6911111111111111,0.023954689739043307,0.05833333333333334,0.03270236145058098,nan,0.0
trace_commute_100,trace_commutative,formal,hybrid,temporal_full,lin_sequence_front_bands_r5_l4,5,4,8,front_bands,6,0.8222222222222221,0.014470062752088628,0.08333333333333333,0.024720661623652215,nan,0.0
trace_commute_100,trace_commutative,formal,hybrid,temporal_full,lin_sequence_front_bands_r5_l8,5,8,12,front_bands,6,0.8333333333333334,0.018459164139817946,0.08333333333333333,0.030731814857642967,nan,0.0
trace_commute_100,trace_commutative,formal,hybrid,temporal_full,memoryless_linear,,,,,2,0.5866666666666667,0.026666666666666613,0.025,0.025,nan,0.0
trace_commute_100,trace_commutative,formal,hybrid,temporal_full,memoryless_mlp,,,,,2,0.5866666666666667,0.026666666666666613,0.025,0.025,nan,0.0
trace_commute_100,trace_commutative,formal,hybrid,temporal_full,numpy_rnn,,,,,2,0.6466666666666667,0.019999999999999962,0.1,0.0,nan,0.0
trace_commute_100,trace_commutative,formal,hybrid,temporal_full,reservoir_block_hybrid,,,,,6,0.8399999999999999,0.015006171569897014,0.15833333333333333,0.030046260628866582,nan,0.0
trace_commute_100,trace_commutative,formal,hybrid,temporal_full,reservoir_diagonal,,,,,6,0.7022222222222222,0.02222222222222223,0.041666666666666664,0.008333333333333335,nan,0.0
trace_commute_100,trace_commutative,formal,hybrid,temporal_full,reservoir_low_rank,,,,,6,0.5888888888888889,0.00998764669077521,0.11666666666666668,0.03333333333333333,nan,0.0
trace_commute_100,trace_commutative,formal,hybrid,temporal_full,reservoir_nilpotent,,,,,6,0.8466666666666667,0.010749676997731404,0.12500000000000003,0.021408720964441883,nan,0.0
trace_commute_100,trace_commutative,formal,hybrid,temporal_full,reservoir_orthogonal,,,,,6,0.8288888888888889,0.01735611039090368,0.15000000000000002,0.02886751345948129,nan,0.0
trace_commute_100,trace_commutative,formal,hybrid,temporal_full,reservoir_oscillatory,,,,,6,0.7022222222222222,0.029144171219120017,0.075,0.01118033988749895,nan,0.0
trace_commute_100,trace_commutative,formal,hybrid,temporal_full,reservoir_random,,,,,6,0.8022222222222223,0.013948759845755759,0.11666666666666668,0.03073181485764296,nan,0.0
trace_commute_100,trace_commutative,formal,hybrid,temporal_full,reservoir_sparse,,,,,6,0.7511111111111112,0.008888888888888894,0.15,0.0316227766016838,nan,0.0
trace_commute_100,trace_commutative,formal,hybrid,temporal_full,reservoir_symmetric,,,,,6,0.7022222222222223,0.019975293381550425,0.041666666666666664,0.008333333333333335,nan,0.0
trace_commute_100,trace_commutative,formal,sparse_aliased,temporal_cue_then_blank,lin_sequence_all_units_r3_l4,3,4,6,all_units,6,0.5888888888888889,0.010564323843559738,0.008333333333333333,0.008333333333333335,nan,0.0
trace_commute_100,trace_commutative,formal,sparse_aliased,temporal_cue_then_blank,lin_sequence_front_bands_r1_l2,1,2,2,front_bands,6,0.4000000000000001,0.011925695879998883,0.025000000000000005,0.01118033988749895,nan,0.0
trace_commute_100,trace_commutative,formal,sparse_aliased,temporal_cue_then_blank,lin_sequence_front_bands_r1_l4,1,4,4,front_bands,6,0.40888888888888886,0.021953936062628396,0.0,0.0,nan,0.0
trace_commute_100,trace_commutative,formal,sparse_aliased,temporal_cue_then_blank,lin_sequence_front_bands_r1_l8,1,8,8,front_bands,6,0.5866666666666668,0.012412657816683492,0.0,0.0,nan,0.0
trace_commute_100,trace_commutative,formal,sparse_aliased,temporal_cue_then_blank,lin_sequence_front_bands_r3_l2,3,2,4,front_bands,6,0.4066666666666667,0.021152007172072527,0.0,0.0,nan,0.0
trace_commute_100,trace_commutative,formal,sparse_aliased,temporal_cue_then_blank,lin_sequence_front_bands_r3_l4,3,4,6,front_bands,6,0.5777777777777778,0.01967639432993658,0.016666666666666666,0.010540925533894598,nan,0.0
trace_commute_100,trace_commutative,formal,sparse_aliased,temporal_cue_then_blank,lin_sequence_front_bands_r3_l8,3,8,10,front_bands,6,0.5911111111111111,0.014054567378526122,0.041666666666666664,0.015365907428821483,nan,0.0
trace_commute_100,trace_commutative,formal,sparse_aliased,temporal_cue_then_blank,lin_sequence_front_bands_r5_l2,5,2,6,front_bands,6,0.5888888888888889,0.010564323843559738,0.025000000000000005,0.01118033988749895,nan,0.0
trace_commute_100,trace_commutative,formal,sparse_aliased,temporal_cue_then_blank,lin_sequence_front_bands_r5_l4,5,4,8,front_bands,6,0.5844444444444444,0.01111111111111109,0.041666666666666664,0.015365907428821483,nan,0.0
trace_commute_100,trace_commutative,formal,sparse_aliased,temporal_cue_then_blank,lin_sequence_front_bands_r5_l8,5,8,12,front_bands,6,0.5911111111111111,0.014054567378526122,0.03333333333333333,0.01666666666666667,nan,0.0
trace_commute_100,trace_commutative,formal,sparse_aliased,temporal_cue_then_blank,memoryless_linear,,,,,2,0.4,0.013333333333333334,0.025,0.025,nan,0.0
trace_commute_100,trace_commutative,formal,sparse_aliased,temporal_cue_then_blank,memoryless_mlp,,,,,2,0.4,0.013333333333333334,0.025,0.025,nan,0.0
trace_commute_100,trace_commutative,formal,sparse_aliased,temporal_cue_then_blank,numpy_rnn,,,,,2,0.41333333333333333,0.013333333333333334,0.025,0.025,nan,0.0
trace_commute_100,trace_commutative,formal,sparse_aliased,temporal_cue_then_blank,reservoir_block_hybrid,,,,,6,0.5933333333333334,0.014907119849998596,0.016666666666666666,0.01666666666666667,nan,0.0
trace_commute_100,trace_commutative,formal,sparse_aliased,temporal_cue_then_blank,reservoir_diagonal,,,,,6,0.5755555555555555,0.019900989490878315,0.0,0.0,nan,0.0
trace_commute_100,trace_commutative,formal,sparse_aliased,temporal_cue_then_blank,reservoir_low_rank,,,,,6,0.4577777777777778,0.03874576838702822,0.03333333333333333,0.010540925533894598,nan,0.0
trace_commute_100,trace_commutative,formal,sparse_aliased,temporal_cue_then_blank,reservoir_nilpotent,,,,,6,0.5844444444444444,0.01111111111111109,0.025000000000000005,0.017078251276599336,nan,0.0
trace_commute_100,trace_commutative,formal,sparse_aliased,temporal_cue_then_blank,reservoir_orthogonal,,,,,6,0.5888888888888889,0.013517250067329376,0.024999999999999998,0.025,nan,0.0
trace_commute_100,trace_commutative,formal,sparse_aliased,temporal_cue_then_blank,reservoir_oscillatory,,,,,6,0.5866666666666668,0.011925695879998883,0.05833333333333334,0.032702361450580975,nan,0.0
trace_commute_100,trace_commutative,formal,sparse_aliased,temporal_cue_then_blank,reservoir_random,,,,,6,0.5777777777777778,0.010703639625593142,0.008333333333333333,0.008333333333333335,nan,0.0
trace_commute_100,trace_commutative,formal,sparse_aliased,temporal_cue_then_blank,reservoir_sparse,,,,,6,0.5911111111111111,0.01225248777963574,0.05000000000000001,0.025819888974716113,nan,0.0
trace_commute_100,trace_commutative,formal,sparse_aliased,temporal_cue_then_blank,reservoir_symmetric,,,,,6,0.6066666666666667,0.019090428084368463,0.05833333333333333,0.01536590742882148,nan,0.0
trace_commute_100,trace_commutative,formal,sparse_aliased,temporal_dropout,lin_sequence_all_units_r3_l4,3,4,6,all_units,6,0.43555555555555553,0.008888888888888889,0.041666666666666664,0.01536590742882148,nan,0.0
trace_commute_100,trace_commutative,formal,sparse_aliased,temporal_dropout,lin_sequence_front_bands_r1_l2,1,2,2,front_bands,6,0.3844444444444444,0.006363476028122821,0.049999999999999996,3.103167691559091e-18,nan,0.0
trace_commute_100,trace_commutative,formal,sparse_aliased,temporal_dropout,lin_sequence_front_bands_r1_l4,1,4,4,front_bands,6,0.32,0.015396007178390021,0.08333333333333333,0.040138648595974324,nan,0.0
trace_commute_100,trace_commutative,formal,sparse_aliased,temporal_dropout,lin_sequence_front_bands_r1_l8,1,8,8,front_bands,6,0.5800000000000001,0.013221755360572015,0.016666666666666666,0.0105409255338946,nan,0.0
trace_commute_100,trace_commutative,formal,sparse_aliased,temporal_dropout,lin_sequence_front_bands_r3_l2,3,2,4,front_bands,6,0.31777777777777777,0.023200681130912337,0.06666666666666667,0.021081851067789197,nan,0.0
trace_commute_100,trace_commutative,formal,sparse_aliased,temporal_dropout,lin_sequence_front_bands_r3_l4,3,4,6,front_bands,6,0.4577777777777778,0.016747949939037134,0.008333333333333333,0.008333333333333335,nan,0.0
trace_commute_100,trace_commutative,formal,sparse_aliased,temporal_dropout,lin_sequence_front_bands_r3_l8,3,8,10,front_bands,6,0.5755555555555556,0.014367315444661884,0.041666666666666664,0.008333333333333333,nan,0.0
trace_commute_100,trace_commutative,formal,sparse_aliased,temporal_dropout,lin_sequence_front_bands_r5_l2,5,2,6,front_bands,6,0.4155555555555555,0.019900989490878325,0.06666666666666667,0.030731814857642967,nan,0.0
trace_commute_100,trace_commutative,formal,sparse_aliased,temporal_dropout,lin_sequence_front_bands_r5_l4,5,4,8,front_bands,6,0.46444444444444444,0.018026044258376225,0.03333333333333333,0.01666666666666667,nan,0.0
trace_commute_100,trace_commutative,formal,sparse_aliased,temporal_dropout,lin_sequence_front_bands_r5_l8,5,8,12,front_bands,6,0.5777777777777778,0.005621826951410442,0.06666666666666667,0.027888667551135858,nan,0.0
trace_commute_100,trace_commutative,formal,sparse_aliased,temporal_dropout,memoryless_linear,,,,,2,0.42000000000000004,0.006666666666666682,0.025,0.025,nan,0.0
trace_commute_100,trace_commutative,formal,sparse_aliased,temporal_dropout,memoryless_mlp,,,,,2,0.42000000000000004,0.006666666666666682,0.025,0.025,nan,0.0
trace_commute_100,trace_commutative,formal,sparse_aliased,temporal_dropout,numpy_rnn,,,,,2,0.4066666666666667,0.033333333333333326,0.025,0.025,nan,0.0
trace_commute_100,trace_commutative,formal,sparse_aliased,temporal_dropout,reservoir_block_hybrid,,,,,6,0.4377777777777778,0.018671956922311116,0.041666666666666664,0.02386303510546059,nan,0.0
trace_commute_100,trace_commutative,formal,sparse_aliased,temporal_dropout,reservoir_diagonal,,,,,6,0.4044444444444444,0.007436978013636227,0.008333333333333333,0.008333333333333335,nan,0.0
trace_commute_100,trace_commutative,formal,sparse_aliased,temporal_dropout,reservoir_low_rank,,,,,6,0.37777777777777777,0.016390301257409572,0.06666666666666667,0.021081851067789197,nan,0.0
trace_commute_100,trace_commutative,formal,sparse_aliased,temporal_dropout,reservoir_nilpotent,,,,,6,0.5133333333333333,0.014089659985908772,0.03333333333333333,0.01666666666666667,nan,0.0
trace_commute_100,trace_commutative,formal,sparse_aliased,temporal_dropout,reservoir_orthogonal,,,,,6,0.5155555555555555,0.0112436539028209,0.025000000000000005,0.01118033988749895,nan,0.0
trace_commute_100,trace_commutative,formal,sparse_aliased,temporal_dropout,reservoir_oscillatory,,,,,6,0.4200000000000001,0.01746955022847426,0.049999999999999996,0.01290994448735806,nan,0.0
trace_commute_100,trace_commutative,formal,sparse_aliased,temporal_dropout,reservoir_random,,,,,6,0.48,0.025762447548781226,0.016666666666666666,0.010540925533894598,nan,0.0
trace_commute_100,trace_commutative,formal,sparse_aliased,temporal_dropout,reservoir_sparse,,,,,6,0.44888888888888884,0.033495899878074255,0.041666666666666664,0.008333333333333333,nan,0.0
trace_commute_100,trace_commutative,formal,sparse_aliased,temporal_dropout,reservoir_symmetric,,,,,6,0.43777777777777777,0.018671956922311116,0.03333333333333333,0.02472066162365221,nan,0.0
trace_commute_100,trace_commutative,formal,sparse_aliased,temporal_full,lin_sequence_all_units_r3_l4,3,4,6,all_units,6,0.5066666666666667,0.03211091887677946,0.03333333333333333,0.01666666666666667,nan,0.0
trace_commute_100,trace_commutative,formal,sparse_aliased,temporal_full,lin_sequence_front_bands_r1_l2,1,2,2,front_bands,6,0.3511111111111111,0.002810913475705221,0.0,0.0,nan,0.0
trace_commute_100,trace_commutative,formal,sparse_aliased,temporal_full,lin_sequence_front_bands_r1_l4,1,4,4,front_bands,6,0.34888888888888886,0.009375565826546221,0.05000000000000001,0.0223606797749979,nan,0.0
trace_commute_100,trace_commutative,formal,sparse_aliased,temporal_full,lin_sequence_front_bands_r1_l8,1,8,8,front_bands,6,0.5844444444444444,0.004097575314352387,0.03333333333333333,0.01666666666666667,nan,0.0
trace_commute_100,trace_commutative,formal,sparse_aliased,temporal_full,lin_sequence_front_bands_r3_l2,3,2,4,front_bands,6,0.3222222222222222,0.012130972501294381,0.05000000000000001,0.025819888974716113,nan,0.0
trace_commute_100,trace_commutative,formal,sparse_aliased,temporal_full,lin_sequence_front_bands_r3_l4,3,4,6,front_bands,6,0.5288888888888889,0.0181080433666341,0.041666666666666664,0.020069324297987162,nan,0.0
trace_commute_100,trace_commutative,formal,sparse_aliased,temporal_full,lin_sequence_front_bands_r3_l8,3,8,10,front_bands,6,0.5755555555555555,0.011111111111111105,0.025000000000000005,0.01118033988749895,nan,0.0
trace_commute_100,trace_commutative,formal,sparse_aliased,temporal_full,lin_sequence_front_bands_r5_l2,5,2,6,front_bands,6,0.5088888888888888,0.017356110390903685,0.06666666666666667,0.01666666666666667,nan,0.0
trace_commute_100,trace_commutative,formal,sparse_aliased,temporal_full,lin_sequence_front_bands_r5_l4,5,4,8,front_bands,6,0.5666666666666668,0.014504150108516203,0.041666666666666664,0.023863035105460593,nan,0.0
trace_commute_100,trace_commutative,formal,sparse_aliased,temporal_full,lin_sequence_front_bands_r5_l8,5,8,12,front_bands,6,0.5888888888888889,0.015931954070164376,0.016666666666666666,0.010540925533894598,nan,0.0
trace_commute_100,trace_commutative,formal,sparse_aliased,temporal_full,memoryless_linear,,,,,2,0.4,0.02666666666666667,0.025,0.025,nan,0.0
trace_commute_100,trace_commutative,formal,sparse_aliased,temporal_full,memoryless_mlp,,,,,2,0.4,0.02666666666666667,0.025,0.025,nan,0.0
trace_commute_100,trace_commutative,formal,sparse_aliased,temporal_full,numpy_rnn,,,,,2,0.48,0.04000000000000001,0.05,0.05,nan,0.0
trace_commute_100,trace_commutative,formal,sparse_aliased,temporal_full,reservoir_block_hybrid,,,,,6,0.5511111111111111,0.030143688813890096,0.05000000000000001,0.01290994448735806,nan,0.0
trace_commute_100,trace_commutative,formal,sparse_aliased,temporal_full,reservoir_diagonal,,,,,6,0.5177777777777778,0.03666329950869396,0.008333333333333333,0.008333333333333335,nan,0.0
trace_commute_100,trace_commutative,formal,sparse_aliased,temporal_full,reservoir_low_rank,,,,,6,0.3644444444444444,0.02351778943168525,0.016666666666666666,0.010540925533894598,nan,0.0
trace_commute_100,trace_commutative,formal,sparse_aliased,temporal_full,reservoir_nilpotent,,,,,6,0.5644444444444444,0.008888888888888894,0.025000000000000005,0.017078251276599336,nan,0.0
trace_commute_100,trace_commutative,formal,sparse_aliased,temporal_full,reservoir_orthogonal,,,,,6,0.5444444444444444,0.023954689739043317,0.05833333333333333,0.03270236145058098,nan,0.0
trace_commute_100,trace_commutative,formal,sparse_aliased,temporal_full,reservoir_oscillatory,,,,,6,0.5333333333333333,0.016510378329783738,0.03333333333333333,0.010540925533894598,nan,0.0
trace_commute_100,trace_commutative,formal,sparse_aliased,temporal_full,reservoir_random,,,,,6,0.5333333333333333,0.019776529298921767,0.025000000000000005,0.01118033988749895,nan,0.0
trace_commute_100,trace_commutative,formal,sparse_aliased,temporal_full,reservoir_sparse,,,,,6,0.52,0.02599145158615724,0.06666666666666667,0.01666666666666667,nan,0.0
trace_commute_100,trace_commutative,formal,sparse_aliased,temporal_full,reservoir_symmetric,,,,,6,0.4711111111111111,0.013184352865947848,0.03333333333333333,0.01666666666666667,nan,0.0
trace_commute_100,trace_commutative,formal,vector,temporal_cue_then_blank,lin_sequence_all_units_r3_l4,3,4,6,all_units,6,0.7288888888888888,0.012726952056245642,0.041666666666666664,0.020069324297987162,nan,0.0
trace_commute_100,trace_commutative,formal,vector,temporal_cue_then_blank,lin_sequence_front_bands_r1_l2,1,2,2,front_bands,6,0.5422222222222223,0.005621826951410454,0.025000000000000005,0.01118033988749895,nan,0.0
trace_commute_100,trace_commutative,formal,vector,temporal_cue_then_blank,lin_sequence_front_bands_r1_l4,1,4,4,front_bands,6,0.5311111111111111,0.00937556582654622,0.008333333333333333,0.008333333333333335,nan,0.0
trace_commute_100,trace_commutative,formal,vector,temporal_cue_then_blank,lin_sequence_front_bands_r1_l8,1,8,8,front_bands,6,0.7711111111111112,0.01111111111111111,0.03333333333333333,0.01666666666666667,nan,0.0
trace_commute_100,trace_commutative,formal,vector,temporal_cue_then_blank,lin_sequence_front_bands_r3_l2,3,2,4,front_bands,6,0.5,0.008255189164891874,0.008333333333333333,0.008333333333333335,nan,0.0
trace_commute_100,trace_commutative,formal,vector,temporal_cue_then_blank,lin_sequence_front_bands_r3_l4,3,4,6,front_bands,6,0.7422222222222222,0.012252487779635765,0.05000000000000001,0.025819888974716113,nan,0.0
trace_commute_100,trace_commutative,formal,vector,temporal_cue_then_blank,lin_sequence_front_bands_r3_l8,3,8,10,front_bands,6,0.7755555555555556,0.013071503262091328,0.049999999999999996,0.0223606797749979,nan,0.0
trace_commute_100,trace_commutative,formal,vector,temporal_cue_then_blank,lin_sequence_front_bands_r5_l2,5,2,6,front_bands,6,0.7399999999999999,0.006666666666666677,0.03333333333333333,0.01666666666666667,nan,0.0
trace_commute_100,trace_commutative,formal,vector,temporal_cue_then_blank,lin_sequence_front_bands_r5_l4,5,4,8,front_bands,6,0.7555555555555555,0.015267168033171272,0.05833333333333333,0.027131367660166186,nan,0.0
trace_commute_100,trace_commutative,formal,vector,temporal_cue_then_blank,lin_sequence_front_bands_r5_l8,5,8,12,front_bands,6,0.7733333333333334,0.012412657816683501,0.049999999999999996,0.01290994448735806,nan,0.0
trace_commute_100,trace_commutative,formal,vector,temporal_cue_then_blank,memoryless_linear,,,,,2,0.56,0.0,0.025,0.025,nan,0.0
trace_commute_100,trace_commutative,formal,vector,temporal_cue_then_blank,memoryless_mlp,,,,,2,0.56,0.0,0.025,0.025,nan,0.0
trace_commute_100,trace_commutative,formal,vector,temporal_cue_then_blank,numpy_rnn,,,,,2,0.5933333333333333,0.006666666666666653,0.025,0.025,nan,0.0
trace_commute_100,trace_commutative,formal,vector,temporal_cue_then_blank,reservoir_block_hybrid,,,,,6,0.7577777777777778,0.007235031376044313,0.08333333333333333,0.016666666666666666,nan,0.0
trace_commute_100,trace_commutative,formal,vector,temporal_cue_then_blank,reservoir_diagonal,,,,,6,0.728888888888889,0.008195150628704798,0.016666666666666666,0.0105409255338946,nan,0.0
trace_commute_100,trace_commutative,formal,vector,temporal_cue_then_blank,reservoir_low_rank,,,,,6,0.6066666666666667,0.03150543750835073,0.049999999999999996,0.01290994448735806,nan,0.0
trace_commute_100,trace_commutative,formal,vector,temporal_cue_then_blank,reservoir_nilpotent,,,,,6,0.7333333333333334,0.010327955589886447,0.05000000000000001,0.01825741858350554,nan,0.0
trace_commute_100,trace_commutative,formal,vector,temporal_cue_then_blank,reservoir_orthogonal,,,,,6,0.7444444444444445,0.006363476028122832,0.13333333333333333,0.03073181485764296,nan,0.0
trace_commute_100,trace_commutative,formal,vector,temporal_cue_then_blank,reservoir_oscillatory,,,,,6,0.7266666666666666,0.01490711984999859,0.13333333333333336,0.021081851067789197,nan,0.0
trace_commute_100,trace_commutative,formal,vector,temporal_cue_then_blank,reservoir_random,,,,,6,0.7466666666666667,0.009737289911202957,0.09166666666666667,0.03745367509040706,nan,0.0
trace_commute_100,trace_commutative,formal,vector,temporal_cue_then_blank,reservoir_sparse,,,,,6,0.7399999999999999,0.012292725943057182,0.08333333333333333,0.03073181485764296,nan,0.0
trace_commute_100,trace_commutative,formal,vector,temporal_cue_then_blank,reservoir_symmetric,,,,,6,0.7355555555555555,0.004097575314352407,0.05833333333333333,0.008333333333333335,nan,0.0
trace_commute_100,trace_commutative,formal,vector,temporal_dropout,lin_sequence_all_units_r3_l4,3,4,6,all_units,6,0.6311111111111112,0.013184352865947851,0.09999999999999999,0.0223606797749979,nan,0.0
trace_commute_100,trace_commutative,formal,vector,temporal_dropout,lin_sequence_front_bands_r1_l2,1,2,2,front_bands,6,0.5488888888888889,0.005351819812796589,0.06666666666666667,0.021081851067789197,nan,0.0
trace_commute_100,trace_commutative,formal,vector,temporal_dropout,lin_sequence_front_bands_r1_l4,1,4,4,front_bands,6,0.5733333333333334,0.015006171569896995,0.03333333333333333,0.010540925533894598,nan,0.0
trace_commute_100,trace_commutative,formal,vector,temporal_dropout,lin_sequence_front_bands_r1_l8,1,8,8,front_bands,6,0.7799999999999999,0.006666666666666666,0.05833333333333333,0.008333333333333335,nan,0.0
trace_commute_100,trace_commutative,formal,vector,temporal_dropout,lin_sequence_front_bands_r3_l2,3,2,4,front_bands,6,0.5622222222222223,0.012610009741432093,0.08333333333333333,0.0105409255338946,nan,0.0
trace_commute_100,trace_commutative,formal,vector,temporal_dropout,lin_sequence_front_bands_r3_l4,3,4,6,front_bands,6,0.6222222222222222,0.004444444444444455,0.11666666666666668,0.021081851067789197,nan,0.0
trace_commute_100,trace_commutative,formal,vector,temporal_dropout,lin_sequence_front_bands_r3_l8,3,8,10,front_bands,6,0.7844444444444445,0.00801233616769776,0.05833333333333333,0.020069324297987162,nan,0.0
trace_commute_100,trace_commutative,formal,vector,temporal_dropout,lin_sequence_front_bands_r5_l2,5,2,6,front_bands,6,0.5955555555555556,0.01875113165309243,0.09999999999999999,0.018257418583505537,nan,0.0
trace_commute_100,trace_commutative,formal,vector,temporal_dropout,lin_sequence_front_bands_r5_l4,5,4,8,front_bands,6,0.7666666666666666,0.020000000000000007,0.10833333333333334,0.01536590742882148,nan,0.0
trace_commute_100,trace_commutative,formal,vector,temporal_dropout,lin_sequence_front_bands_r5_l8,5,8,12,front_bands,6,0.7822222222222223,0.010703639625593156,0.08333333333333333,0.021081851067789197,nan,0.0
trace_commute_100,trace_commutative,formal,vector,temporal_dropout,memoryless_linear,,,,,2,0.5666666666666667,0.006666666666666653,0.025,0.025,nan,0.0
trace_commute_100,trace_commutative,formal,vector,temporal_dropout,memoryless_mlp,,,,,2,0.5666666666666667,0.006666666666666653,0.025,0.025,nan,0.0
trace_commute_100,trace_commutative,formal,vector,temporal_dropout,numpy_rnn,,,,,2,0.6333333333333333,0.006666666666666653,0.07500000000000001,0.025,nan,0.0
trace_commute_100,trace_commutative,formal,vector,temporal_dropout,reservoir_block_hybrid,,,,,6,0.6999999999999998,0.015299479536052013,0.11666666666666665,0.02472066162365221,nan,0.0
trace_commute_100,trace_commutative,formal,vector,temporal_dropout,reservoir_diagonal,,,,,6,0.6511111111111111,0.014774017900973036,0.08333333333333333,0.016666666666666666,nan,0.0
trace_commute_100,trace_commutative,formal,vector,temporal_dropout,reservoir_low_rank,,,,,6,0.5444444444444444,0.016659257612436716,0.03333333333333333,0.010540925533894598,nan,0.0
trace_commute_100,trace_commutative,formal,vector,temporal_dropout,reservoir_nilpotent,,,,,6,0.7777777777777777,0.014873956027272463,0.09166666666666667,0.035158371849548314,nan,0.0
trace_commute_100,trace_commutative,formal,vector,temporal_dropout,reservoir_orthogonal,,,,,6,0.7733333333333333,0.013333333333333341,0.11666666666666668,0.021081851067789197,nan,0.0
trace_commute_100,trace_commutative,formal,vector,temporal_dropout,reservoir_oscillatory,,,,,6,0.6088888888888889,0.027252817274232694,0.08333333333333333,0.0105409255338946,nan,0.0
trace_commute_100,trace_commutative,formal,vector,temporal_dropout,reservoir_random,,,,,6,0.7244444444444444,0.01875113165309243,0.14166666666666666,0.020069324297987162,nan,0.0
trace_commute_100,trace_commutative,formal,vector,temporal_dropout,reservoir_sparse,,,,,6,0.6666666666666666,0.029614811109258107,0.075,0.021408720964441883,nan,0.0
trace_commute_100,trace_commutative,formal,vector,temporal_dropout,reservoir_symmetric,,,,,6,0.688888888888889,0.014873956027272449,0.08333333333333333,0.024720661623652215,nan,0.0
trace_commute_100,trace_commutative,formal,vector,temporal_full,lin_sequence_all_units_r3_l4,3,4,6,all_units,6,0.7866666666666666,0.017888543819998316,0.06666666666666667,0.027888667551135858,nan,0.0
trace_commute_100,trace_commutative,formal,vector,temporal_full,lin_sequence_front_bands_r1_l2,1,2,2,front_bands,6,0.6022222222222222,0.011632224291824355,0.05833333333333333,0.023863035105460593,nan,0.0
trace_commute_100,trace_commutative,formal,vector,temporal_full,lin_sequence_front_bands_r1_l4,1,4,4,front_bands,6,0.6088888888888889,0.014054567378526122,0.075,0.01118033988749895,nan,0.0
trace_commute_100,trace_commutative,formal,vector,temporal_full,lin_sequence_front_bands_r1_l8,1,8,8,front_bands,6,0.8666666666666667,0.006885303726590966,0.075,0.01118033988749895,nan,0.0
trace_commute_100,trace_commutative,formal,vector,temporal_full,lin_sequence_front_bands_r3_l2,3,2,4,front_bands,6,0.62,0.013221755360572011,0.03333333333333333,0.01666666666666667,nan,0.0
trace_commute_100,trace_commutative,formal,vector,temporal_full,lin_sequence_front_bands_r3_l4,3,4,6,front_bands,6,0.8422222222222221,0.01394875984575574,0.075,0.017078251276599333,nan,0.0
trace_commute_100,trace_commutative,formal,vector,temporal_full,lin_sequence_front_bands_r3_l8,3,8,10,front_bands,6,0.8777777777777778,0.012130972501294378,0.10833333333333334,0.02713136766016618,nan,0.0
trace_commute_100,trace_commutative,formal,vector,temporal_full,lin_sequence_front_bands_r5_l2,5,2,6,front_bands,6,0.7733333333333334,0.022043727586910665,0.09166666666666667,0.030046260628866582,nan,0.0
trace_commute_100,trace_commutative,formal,vector,temporal_full,lin_sequence_front_bands_r5_l4,5,4,8,front_bands,6,0.8755555555555556,0.008195150628704791,0.10833333333333332,0.030046260628866575,nan,0.0
trace_commute_100,trace_commutative,formal,vector,temporal_full,lin_sequence_front_bands_r5_l8,5,8,12,front_bands,6,0.851111111111111,0.008012336167697757,0.08333333333333333,0.010540925533894598,nan,0.0
trace_commute_100,trace_commutative,formal,vector,temporal_full,memoryless_linear,,,,,2,0.5866666666666667,0.013333333333333306,0.025,0.025,nan,0.0
trace_commute_100,trace_commutative,formal,vector,temporal_full,memoryless_mlp,,,,,2,0.5866666666666667,0.013333333333333306,0.025,0.025,nan,0.0
trace_commute_100,trace_commutative,formal,vector,temporal_full,numpy_rnn,,,,,2,0.6866666666666666,0.033333333333333326,0.05,0.0,nan,0.0
trace_commute_100,trace_commutative,formal,vector,temporal_full,reservoir_block_hybrid,,,,,6,0.8844444444444445,0.01526716803317126,0.11666666666666668,0.027888667551135858,nan,0.0
trace_commute_100,trace_commutative,formal,vector,temporal_full,reservoir_diagonal,,,,,6,0.7133333333333334,0.018459164139817946,0.09166666666666667,0.023863035105460593,nan,0.0
trace_commute_100,trace_commutative,formal,vector,temporal_full,reservoir_low_rank,,,,,6,0.6755555555555556,0.032960882164869615,0.125,0.038188130791298666,nan,0.0
trace_commute_100,trace_commutative,formal,vector,temporal_full,reservoir_nilpotent,,,,,6,0.88,0.014605934866804438,0.08333333333333333,0.03333333333333334,nan,0.0
trace_commute_100,trace_commutative,formal,vector,temporal_full,reservoir_orthogonal,,,,,6,0.9,0.010183501544346309,0.13333333333333333,0.021081851067789197,nan,0.0
trace_commute_100,trace_commutative,formal,vector,temporal_full,reservoir_oscillatory,,,,,6,0.7555555555555555,0.03750226330618488,0.13333333333333333,0.02788866755113585,nan,0.0
trace_commute_100,trace_commutative,formal,vector,temporal_full,reservoir_random,,,,,6,0.8666666666666667,0.005962847939999428,0.11666666666666668,0.027888667551135858,nan,0.0
trace_commute_100,trace_commutative,formal,vector,temporal_full,reservoir_sparse,,,,,6,0.84,0.007698003589195016,0.10833333333333334,0.030046260628866582,nan,0.0
trace_commute_100,trace_commutative,formal,vector,temporal_full,reservoir_symmetric,,,,,6,0.7977777777777778,0.013517250067329373,0.11666666666666668,0.021081851067789197,nan,0.0
tree,tree_noncommutative,formal,egocentric_landmark,temporal_cue_then_blank,lin_sequence_all_units_r3_l4,3,4,6,all_units,6,0.9423076923076924,0.002866753817307413,0.008333333333333333,0.008333333333333335,nan,0.0
tree,tree_noncommutative,formal,egocentric_landmark,temporal_cue_then_blank,lin_sequence_front_bands_r1_l2,1,2,2,front_bands,6,0.9423076923076924,0.002866753817307413,0.0,0.0,nan,0.0
tree,tree_noncommutative,formal,egocentric_landmark,temporal_cue_then_blank,lin_sequence_front_bands_r1_l4,1,4,4,front_bands,6,0.9423076923076924,0.002866753817307413,0.008333333333333333,0.008333333333333335,nan,0.0
tree,tree_noncommutative,formal,egocentric_landmark,temporal_cue_then_blank,lin_sequence_front_bands_r1_l8,1,8,8,front_bands,6,0.9423076923076924,0.002866753817307413,0.041666666666666664,0.03270236145058098,nan,0.0
tree,tree_noncommutative,formal,egocentric_landmark,temporal_cue_then_blank,lin_sequence_front_bands_r3_l2,3,2,4,front_bands,6,0.9423076923076924,0.002866753817307413,0.0,0.0,nan,0.0
tree,tree_noncommutative,formal,egocentric_landmark,temporal_cue_then_blank,lin_sequence_front_bands_r3_l4,3,4,6,front_bands,6,0.9423076923076924,0.002866753817307413,0.008333333333333333,0.008333333333333335,nan,0.0
tree,tree_noncommutative,formal,egocentric_landmark,temporal_cue_then_blank,lin_sequence_front_bands_r3_l8,3,8,10,front_bands,6,0.9423076923076924,0.002866753817307413,0.06666666666666667,0.030731814857642967,nan,0.0
tree,tree_noncommutative,formal,egocentric_landmark,temporal_cue_then_blank,lin_sequence_front_bands_r5_l2,5,2,6,front_bands,6,0.9423076923076924,0.002866753817307413,0.016666666666666666,0.01666666666666667,nan,0.0
tree,tree_noncommutative,formal,egocentric_landmark,temporal_cue_then_blank,lin_sequence_front_bands_r5_l4,5,4,8,front_bands,6,0.9423076923076924,0.002866753817307413,0.025000000000000005,0.01118033988749895,nan,0.0
tree,tree_noncommutative,formal,egocentric_landmark,temporal_cue_then_blank,lin_sequence_front_bands_r5_l8,5,8,12,front_bands,6,0.9423076923076924,0.002866753817307413,0.008333333333333333,0.008333333333333335,nan,0.0
tree,tree_noncommutative,formal,egocentric_landmark,temporal_cue_then_blank,memoryless_linear,,,,,2,0.9423076923076923,0.0064102564102563875,0.0,0.0,nan,0.0
tree,tree_noncommutative,formal,egocentric_landmark,temporal_cue_then_blank,memoryless_mlp,,,,,2,0.9423076923076923,0.0064102564102563875,0.0,0.0,nan,0.0
tree,tree_noncommutative,formal,egocentric_landmark,temporal_cue_then_blank,numpy_rnn,,,,,2,0.9551282051282051,0.006410256410256442,0.0,0.0,nan,0.0
tree,tree_noncommutative,formal,egocentric_landmark,temporal_cue_then_blank,reservoir_block_hybrid,,,,,6,0.9423076923076924,0.002866753817307413,0.008333333333333333,0.008333333333333335,nan,0.0
tree,tree_noncommutative,formal,egocentric_landmark,temporal_cue_then_blank,reservoir_diagonal,,,,,6,0.9423076923076924,0.002866753817307413,0.0,0.0,nan,0.0
tree,tree_noncommutative,formal,egocentric_landmark,temporal_cue_then_blank,reservoir_low_rank,,,,,6,0.9423076923076924,0.002866753817307413,0.0,0.0,nan,0.0
tree,tree_noncommutative,formal,egocentric_landmark,temporal_cue_then_blank,reservoir_nilpotent,,,,,6,0.9423076923076924,0.002866753817307413,0.0,0.0,nan,0.0
tree,tree_noncommutative,formal,egocentric_landmark,temporal_cue_then_blank,reservoir_orthogonal,,,,,6,0.9423076923076924,0.002866753817307413,0.041666666666666664,0.04166666666666667,nan,0.0
tree,tree_noncommutative,formal,egocentric_landmark,temporal_cue_then_blank,reservoir_oscillatory,,,,,6,0.9423076923076924,0.002866753817307413,0.0,0.0,nan,0.0
tree,tree_noncommutative,formal,egocentric_landmark,temporal_cue_then_blank,reservoir_random,,,,,6,0.9423076923076924,0.002866753817307413,0.008333333333333333,0.008333333333333335,nan,0.0
tree,tree_noncommutative,formal,egocentric_landmark,temporal_cue_then_blank,reservoir_sparse,,,,,6,0.9423076923076924,0.002866753817307413,0.0,0.0,nan,0.0
tree,tree_noncommutative,formal,egocentric_landmark,temporal_cue_then_blank,reservoir_symmetric,,,,,6,0.9423076923076924,0.002866753817307413,0.0,0.0,nan,0.0
tree,tree_noncommutative,formal,egocentric_landmark,temporal_dropout,lin_sequence_all_units_r3_l4,3,4,6,all_units,6,0.9423076923076924,0.004379038788871624,0.0,0.0,nan,0.0
tree,tree_noncommutative,formal,egocentric_landmark,temporal_dropout,lin_sequence_front_bands_r1_l2,1,2,2,front_bands,6,0.9615384615384616,0.005733507634614851,0.0,0.0,nan,0.0
tree,tree_noncommutative,formal,egocentric_landmark,temporal_dropout,lin_sequence_front_bands_r1_l4,1,4,4,front_bands,6,0.935897435897436,4.965068306494546e-17,0.008333333333333333,0.008333333333333335,nan,0.0
tree,tree_noncommutative,formal,egocentric_landmark,temporal_dropout,lin_sequence_front_bands_r1_l8,1,8,8,front_bands,6,0.9465811965811967,0.006118726950118095,0.0,0.0,nan,0.0
tree,tree_noncommutative,formal,egocentric_landmark,temporal_dropout,lin_sequence_front_bands_r3_l2,3,2,4,front_bands,6,0.9380341880341881,0.002136752136752129,0.0,0.0,nan,0.0
tree,tree_noncommutative,formal,egocentric_landmark,temporal_dropout,lin_sequence_front_bands_r3_l4,3,4,6,front_bands,6,0.9465811965811967,0.0039399762638003795,0.0,0.0,nan,0.0
tree,tree_noncommutative,formal,egocentric_landmark,temporal_dropout,lin_sequence_front_bands_r3_l8,3,8,10,front_bands,6,0.9551282051282052,0.005489415631908177,0.008333333333333333,0.008333333333333335,nan,0.0
tree,tree_noncommutative,formal,egocentric_landmark,temporal_dropout,lin_sequence_front_bands_r5_l2,5,2,6,front_bands,6,0.9401709401709403,0.0027028014189473233,0.0,0.0,nan,0.0
tree,tree_noncommutative,formal,egocentric_landmark,temporal_dropout,lin_sequence_front_bands_r5_l4,5,4,8,front_bands,6,0.935897435897436,4.965068306494546e-17,0.0,0.0,nan,0.0
tree,tree_noncommutative,formal,egocentric_landmark,temporal_dropout,lin_sequence_front_bands_r5_l8,5,8,12,front_bands,6,0.9594017094017094,0.003939976263800386,0.025000000000000005,0.017078251276599336,nan,0.0
tree,tree_noncommutative,formal,egocentric_landmark,temporal_dropout,memoryless_linear,,,,,2,0.967948717948718,0.0064102564102563875,0.0,0.0,nan,0.0
tree,tree_noncommutative,formal,egocentric_landmark,temporal_dropout,memoryless_mlp,,,,,2,0.967948717948718,0.0064102564102563875,0.0,0.0,nan,0.0
tree,tree_noncommutative,formal,egocentric_landmark,temporal_dropout,numpy_rnn,,,,,2,0.9743589743589743,0.0,0.0,0.0,nan,0.0
tree,tree_noncommutative,formal,egocentric_landmark,temporal_dropout,reservoir_block_hybrid,,,,,6,0.9423076923076924,0.002866753817307413,0.0,0.0,nan,0.0
tree,tree_noncommutative,formal,egocentric_landmark,temporal_dropout,reservoir_diagonal,,,,,6,0.952991452991453,0.0027028014189473468,0.0,0.0,nan,0.0
tree,tree_noncommutative,formal,egocentric_landmark,temporal_dropout,reservoir_low_rank,,,,,6,0.967948717948718,0.002866753817307413,0.0,0.0,nan,0.0
tree,tree_noncommutative,formal,egocentric_landmark,temporal_dropout,reservoir_nilpotent,,,,,6,0.9401709401709403,0.0027028014189473233,0.008333333333333333,0.008333333333333335,nan,0.0
tree,tree_noncommutative,formal,egocentric_landmark,temporal_dropout,reservoir_orthogonal,,,,,6,0.9401709401709403,0.0027028014189473233,0.0,0.0,nan,0.0
tree,tree_noncommutative,formal,egocentric_landmark,temporal_dropout,reservoir_oscillatory,,,,,6,0.9465811965811967,0.0039399762638003795,0.0,0.0,nan,0.0
tree,tree_noncommutative,formal,egocentric_landmark,temporal_dropout,reservoir_random,,,,,6,0.9401709401709403,0.0027028014189473233,0.0,0.0,nan,0.0
tree,tree_noncommutative,formal,egocentric_landmark,temporal_dropout,reservoir_sparse,,,,,6,0.9423076923076924,0.002866753817307413,0.0,0.0,nan,0.0
tree,tree_noncommutative,formal,egocentric_landmark,temporal_dropout,reservoir_symmetric,,,,,6,0.9444444444444445,0.0027028014189473233,0.0,0.0,nan,0.0
tree,tree_noncommutative,formal,egocentric_landmark,temporal_full,lin_sequence_all_units_r3_l4,3,4,6,all_units,6,0.9423076923076924,0.004379038788871624,0.0,0.0,nan,0.0
tree,tree_noncommutative,formal,egocentric_landmark,temporal_full,lin_sequence_front_bands_r1_l2,1,2,2,front_bands,6,0.9487179487179488,0.005733507634614851,0.008333333333333333,0.008333333333333335,nan,0.0
tree,tree_noncommutative,formal,egocentric_landmark,temporal_full,lin_sequence_front_bands_r1_l4,1,4,4,front_bands,6,0.9487179487179488,0.005733507634614851,0.0,0.0,nan,0.0
tree,tree_noncommutative,formal,egocentric_landmark,temporal_full,lin_sequence_front_bands_r1_l8,1,8,8,front_bands,6,0.9444444444444445,0.005405602837894671,0.0,0.0,nan,0.0
tree,tree_noncommutative,formal,egocentric_landmark,temporal_full,lin_sequence_front_bands_r3_l2,3,2,4,front_bands,6,0.9423076923076924,0.004379038788871624,0.008333333333333333,0.008333333333333335,nan,0.0
tree,tree_noncommutative,formal,egocentric_landmark,temporal_full,lin_sequence_front_bands_r3_l4,3,4,6,front_bands,6,0.935897435897436,4.965068306494546e-17,0.016666666666666666,0.01666666666666667,nan,0.0
tree,tree_noncommutative,formal,egocentric_landmark,temporal_full,lin_sequence_front_bands_r3_l8,3,8,10,front_bands,6,0.9401709401709403,0.0027028014189473233,0.05000000000000001,0.01825741858350554,nan,0.0
tree,tree_noncommutative,formal,egocentric_landmark,temporal_full,lin_sequence_front_bands_r5_l2,5,2,6,front_bands,6,0.9401709401709403,0.0027028014189473233,0.0,0.0,nan,0.0
tree,tree_noncommutative,formal,egocentric_landmark,temporal_full,lin_sequence_front_bands_r5_l4,5,4,8,front_bands,6,0.9487179487179488,0.005733507634614851,0.008333333333333333,0.008333333333333335,nan,0.0
tree,tree_noncommutative,formal,egocentric_landmark,temporal_full,lin_sequence_front_bands_r5_l8,5,8,12,front_bands,6,0.9487179487179488,0.005733507634614851,0.025000000000000005,0.01118033988749895,nan,0.0
tree,tree_noncommutative,formal,egocentric_landmark,temporal_full,memoryless_linear,,,,,2,0.967948717948718,0.0064102564102563875,0.0,0.0,nan,0.0
tree,tree_noncommutative,formal,egocentric_landmark,temporal_full,memoryless_mlp,,,,,2,0.967948717948718,0.0064102564102563875,0.0,0.0,nan,0.0
tree,tree_noncommutative,formal,egocentric_landmark,temporal_full,numpy_rnn,,,,,2,0.9743589743589743,0.0,0.0,0.0,nan,0.0
tree,tree_noncommutative,formal,egocentric_landmark,temporal_full,reservoir_block_hybrid,,,,,6,0.9444444444444445,0.004273504273504273,0.0,0.0,nan,0.0
tree,tree_noncommutative,formal,egocentric_landmark,temporal_full,reservoir_diagonal,,,,,6,0.9572649572649573,0.007879952527600756,0.0,0.0,nan,0.0
tree,tree_noncommutative,formal,egocentric_landmark,temporal_full,reservoir_low_rank,,,,,6,0.9551282051282052,0.007214505562450482,0.0,0.0,nan,0.0
tree,tree_noncommutative,formal,egocentric_landmark,temporal_full,reservoir_nilpotent,,,,,6,0.9423076923076924,0.004379038788871624,0.0,0.0,nan,0.0
tree,tree_noncommutative,formal,egocentric_landmark,temporal_full,reservoir_orthogonal,,,,,6,0.9380341880341881,0.002136752136752129,0.008333333333333333,0.008333333333333335,nan,0.0
tree,tree_noncommutative,formal,egocentric_landmark,temporal_full,reservoir_oscillatory,,,,,6,0.9444444444444445,0.004273504273504273,0.016666666666666666,0.010540925533894598,nan,0.0
tree,tree_noncommutative,formal,egocentric_landmark,temporal_full,reservoir_random,,,,,6,0.9423076923076924,0.0064102564102564066,0.041666666666666664,0.023863035105460593,nan,0.0
tree,tree_noncommutative,formal,egocentric_landmark,temporal_full,reservoir_sparse,,,,,6,0.9401709401709403,0.0027028014189473233,0.0,0.0,nan,0.0
tree,tree_noncommutative,formal,egocentric_landmark,temporal_full,reservoir_symmetric,,,,,6,0.9465811965811967,0.005145980589227481,0.0,0.0,nan,0.0
tree,tree_noncommutative,formal,hybrid,temporal_cue_then_blank,lin_sequence_all_units_r3_l4,3,4,6,all_units,6,0.9380341880341881,0.006118726950118095,0.008333333333333333,0.008333333333333335,nan,0.0
tree,tree_noncommutative,formal,hybrid,temporal_cue_then_blank,lin_sequence_front_bands_r1_l2,1,2,2,front_bands,6,0.9380341880341881,0.006118726950118095,0.0,0.0,nan,0.0
tree,tree_noncommutative,formal,hybrid,temporal_cue_then_blank,lin_sequence_front_bands_r1_l4,1,4,4,front_bands,6,0.9423076923076924,0.002866753817307413,0.0,0.0,nan,0.0
tree,tree_noncommutative,formal,hybrid,temporal_cue_then_blank,lin_sequence_front_bands_r1_l8,1,8,8,front_bands,6,0.9423076923076924,0.002866753817307413,0.0,0.0,nan,0.0
tree,tree_noncommutative,formal,hybrid,temporal_cue_then_blank,lin_sequence_front_bands_r3_l2,3,2,4,front_bands,6,0.9294871794871794,0.008600261451922263,0.0,0.0,nan,0.0
tree,tree_noncommutative,formal,hybrid,temporal_cue_then_blank,lin_sequence_front_bands_r3_l4,3,4,6,front_bands,6,0.9423076923076924,0.002866753817307413,0.008333333333333333,0.008333333333333335,nan,0.0
tree,tree_noncommutative,formal,hybrid,temporal_cue_then_blank,lin_sequence_front_bands_r3_l8,3,8,10,front_bands,6,0.9423076923076924,0.002866753817307413,0.03333333333333333,0.01666666666666667,nan,0.0
tree,tree_noncommutative,formal,hybrid,temporal_cue_then_blank,lin_sequence_front_bands_r5_l2,5,2,6,front_bands,6,0.9380341880341879,0.006118726950118095,0.05000000000000001,0.03415650255319867,nan,0.0
tree,tree_noncommutative,formal,hybrid,temporal_cue_then_blank,lin_sequence_front_bands_r5_l4,5,4,8,front_bands,6,0.9252136752136754,0.006118726950118097,0.008333333333333333,0.008333333333333335,nan,0.0
tree,tree_noncommutative,formal,hybrid,temporal_cue_then_blank,lin_sequence_front_bands_r5_l8,5,8,12,front_bands,6,0.9423076923076924,0.002866753817307413,0.0,0.0,nan,0.0
tree,tree_noncommutative,formal,hybrid,temporal_cue_then_blank,memoryless_linear,,,,,2,0.9487179487179487,0.0,0.0,0.0,nan,0.0
tree,tree_noncommutative,formal,hybrid,temporal_cue_then_blank,memoryless_mlp,,,,,2,0.9487179487179487,0.0,0.0,0.0,nan,0.0
tree,tree_noncommutative,formal,hybrid,temporal_cue_then_blank,numpy_rnn,,,,,2,0.967948717948718,0.0064102564102563875,0.0,0.0,nan,0.0
tree,tree_noncommutative,formal,hybrid,temporal_cue_then_blank,reservoir_block_hybrid,,,,,6,0.9423076923076924,0.002866753817307413,0.008333333333333333,0.008333333333333335,nan,0.0
tree,tree_noncommutative,formal,hybrid,temporal_cue_then_blank,reservoir_diagonal,,,,,6,0.9423076923076924,0.002866753817307413,0.0,0.0,nan,0.0
tree,tree_noncommutative,formal,hybrid,temporal_cue_then_blank,reservoir_low_rank,,,,,6,0.9401709401709403,0.0027028014189473233,0.0,0.0,nan,0.0
tree,tree_noncommutative,formal,hybrid,temporal_cue_then_blank,reservoir_nilpotent,,,,,6,0.9316239316239315,0.007879952527600752,0.008333333333333333,0.008333333333333335,nan,0.0
tree,tree_noncommutative,formal,hybrid,temporal_cue_then_blank,reservoir_orthogonal,,,,,6,0.9252136752136751,0.007704169392017065,0.0,0.0,nan,0.0
tree,tree_noncommutative,formal,hybrid,temporal_cue_then_blank,reservoir_oscillatory,,,,,6,0.9401709401709403,0.0027028014189473233,0.0,0.0,nan,0.0
tree,tree_noncommutative,formal,hybrid,temporal_cue_then_blank,reservoir_random,,,,,6,0.9380341880341881,0.006118726950118095,0.008333333333333333,0.008333333333333335,nan,0.0
tree,tree_noncommutative,formal,hybrid,temporal_cue_then_blank,reservoir_sparse,,,,,6,0.9337606837606837,0.007704169392017067,0.0,0.0,nan,0.0
tree,tree_noncommutative,formal,hybrid,temporal_cue_then_blank,reservoir_symmetric,,,,,6,0.9423076923076924,0.002866753817307413,0.0,0.0,nan,0.0
tree,tree_noncommutative,formal,hybrid,temporal_dropout,lin_sequence_all_units_r3_l4,3,4,6,all_units,6,0.9508547008547009,0.007704169392017067,0.0,0.0,nan,0.0
tree,tree_noncommutative,formal,hybrid,temporal_dropout,lin_sequence_front_bands_r1_l2,1,2,2,front_bands,6,0.967948717948718,0.002866753817307413,0.0,0.0,nan,0.0
tree,tree_noncommutative,formal,hybrid,temporal_dropout,lin_sequence_front_bands_r1_l4,1,4,4,front_bands,6,0.9444444444444445,0.004273504273504273,0.0,0.0,nan,0.0
tree,tree_noncommutative,formal,hybrid,temporal_dropout,lin_sequence_front_bands_r1_l8,1,8,8,front_bands,6,0.967948717948718,0.002866753817307413,0.0,0.0,nan,0.0
tree,tree_noncommutative,formal,hybrid,temporal_dropout,lin_sequence_front_bands_r3_l2,3,2,4,front_bands,6,0.952991452991453,0.007879952527600756,0.0,0.0,nan,0.0
tree,tree_noncommutative,formal,hybrid,temporal_dropout,lin_sequence_front_bands_r3_l4,3,4,6,front_bands,6,0.9487179487179488,0.006620484352491309,0.0,0.0,nan,0.0
tree,tree_noncommutative,formal,hybrid,temporal_dropout,lin_sequence_front_bands_r3_l8,3,8,10,front_bands,6,0.9615384615384616,0.003310242176245659,0.0,0.0,nan,0.0
tree,tree_noncommutative,formal,hybrid,temporal_dropout,lin_sequence_front_bands_r5_l2,5,2,6,front_bands,6,0.952991452991453,0.006338631185551849,0.0,0.0,nan,0.0
tree,tree_noncommutative,formal,hybrid,temporal_dropout,lin_sequence_front_bands_r5_l4,5,4,8,front_bands,6,0.9508547008547009,0.006118726950118098,0.016666666666666666,0.0105409255338946,nan,0.0
tree,tree_noncommutative,formal,hybrid,temporal_dropout,lin_sequence_front_bands_r5_l8,5,8,12,front_bands,6,0.9658119658119658,0.004273504273504273,0.0,0.0,nan,0.0
tree,tree_noncommutative,formal,hybrid,temporal_dropout,memoryless_linear,,,,,2,0.967948717948718,0.0064102564102563875,0.0,0.0,nan,0.0
tree,tree_noncommutative,formal,hybrid,temporal_dropout,memoryless_mlp,,,,,2,0.967948717948718,0.0064102564102563875,0.0,0.0,nan,0.0
tree,tree_noncommutative,formal,hybrid,temporal_dropout,numpy_rnn,,,,,2,0.967948717948718,0.0064102564102563875,0.0,0.0,nan,0.0
tree,tree_noncommutative,formal,hybrid,temporal_dropout,reservoir_block_hybrid,,,,,6,0.9572649572649573,0.006338631185551849,0.0,0.0,nan,0.0
tree,tree_noncommutative,formal,hybrid,temporal_dropout,reservoir_diagonal,,,,,6,0.9636752136752137,0.0021367521367521296,0.0,0.0,nan,0.0
tree,tree_noncommutative,formal,hybrid,temporal_dropout,reservoir_low_rank,,,,,6,0.967948717948718,0.002866753817307413,0.0,0.0,nan,0.0
tree,tree_noncommutative,formal,hybrid,temporal_dropout,reservoir_nilpotent,,,,,6,0.9551282051282052,0.007214505562450482,0.0,0.0,nan,0.0
tree,tree_noncommutative,formal,hybrid,temporal_dropout,reservoir_orthogonal,,,,,6,0.952991452991453,0.004273504273504281,0.0,0.0,nan,0.0
tree,tree_noncommutative,formal,hybrid,temporal_dropout,reservoir_oscillatory,,,,,6,0.9636752136752137,0.0039399762638003795,0.0,0.0,nan,0.0
tree,tree_noncommutative,formal,hybrid,temporal_dropout,reservoir_random,,,,,6,0.9594017094017094,0.0051459805892274816,0.0,0.0,nan,0.0
tree,tree_noncommutative,formal,hybrid,temporal_dropout,reservoir_sparse,,,,,6,0.9508547008547009,0.0051459805892274816,0.0,0.0,nan,0.0
tree,tree_noncommutative,formal,hybrid,temporal_dropout,reservoir_symmetric,,,,,6,0.9636752136752137,0.00514598058922748,0.0,0.0,nan,0.0
tree,tree_noncommutative,formal,hybrid,temporal_full,lin_sequence_all_units_r3_l4,3,4,6,all_units,6,0.9465811965811967,0.006118726950118095,0.0,0.0,nan,0.0
tree,tree_noncommutative,formal,hybrid,temporal_full,lin_sequence_front_bands_r1_l2,1,2,2,front_bands,6,0.9551282051282052,0.008600261451922263,0.0,0.0,nan,0.0
tree,tree_noncommutative,formal,hybrid,temporal_full,lin_sequence_front_bands_r1_l4,1,4,4,front_bands,6,0.9423076923076924,0.002866753817307413,0.0,0.0,nan,0.0
tree,tree_noncommutative,formal,hybrid,temporal_full,lin_sequence_front_bands_r1_l8,1,8,8,front_bands,6,0.9551282051282052,0.008600261451922263,0.0,0.0,nan,0.0
tree,tree_noncommutative,formal,hybrid,temporal_full,lin_sequence_front_bands_r3_l2,3,2,4,front_bands,6,0.9487179487179488,0.006620484352491309,0.0,0.0,nan,0.0
tree,tree_noncommutative,formal,hybrid,temporal_full,lin_sequence_front_bands_r3_l4,3,4,6,front_bands,6,0.9423076923076924,0.002866753817307413,0.016666666666666666,0.01666666666666667,nan,0.0
tree,tree_noncommutative,formal,hybrid,temporal_full,lin_sequence_front_bands_r3_l8,3,8,10,front_bands,6,0.9551282051282052,0.0043790387888716295,0.016666666666666666,0.01666666666666667,nan,0.0
tree,tree_noncommutative,formal,hybrid,temporal_full,lin_sequence_front_bands_r5_l2,5,2,6,front_bands,6,0.9465811965811967,0.005145980589227481,0.0,0.0,nan,0.0
tree,tree_noncommutative,formal,hybrid,temporal_full,lin_sequence_front_bands_r5_l4,5,4,8,front_bands,6,0.9444444444444445,0.004273504273504273,0.008333333333333333,0.008333333333333335,nan,0.0
tree,tree_noncommutative,formal,hybrid,temporal_full,lin_sequence_front_bands_r5_l8,5,8,12,front_bands,6,0.9487179487179488,0.006620484352491309,0.0,0.0,nan,0.0
tree,tree_noncommutative,formal,hybrid,temporal_full,memoryless_linear,,,,,2,0.967948717948718,0.0064102564102563875,0.0,0.0,nan,0.0
tree,tree_noncommutative,formal,hybrid,temporal_full,memoryless_mlp,,,,,2,0.967948717948718,0.0064102564102563875,0.0,0.0,nan,0.0
tree,tree_noncommutative,formal,hybrid,temporal_full,numpy_rnn,,,,,2,0.967948717948718,0.0064102564102563875,0.0,0.0,nan,0.0
tree,tree_noncommutative,formal,hybrid,temporal_full,reservoir_block_hybrid,,,,,6,0.9487179487179488,0.005733507634614842,0.0,0.0,nan,0.0
tree,tree_noncommutative,formal,hybrid,temporal_full,reservoir_diagonal,,,,,6,0.9700854700854701,0.0027028014189473233,0.0,0.0,nan,0.0
tree,tree_noncommutative,formal,hybrid,temporal_full,reservoir_low_rank,,,,,6,0.967948717948718,0.002866753817307413,0.0,0.0,nan,0.0
tree,tree_noncommutative,formal,hybrid,temporal_full,reservoir_nilpotent,,,,,6,0.9465811965811967,0.006118726950118095,0.025000000000000005,0.017078251276599336,nan,0.0
tree,tree_noncommutative,formal,hybrid,temporal_full,reservoir_orthogonal,,,,,6,0.9465811965811967,0.006118726950118095,0.0,0.0,nan,0.0
tree,tree_noncommutative,formal,hybrid,temporal_full,reservoir_oscillatory,,,,,6,0.9594017094017094,0.007704169392017067,0.0,0.0,nan,0.0
tree,tree_noncommutative,formal,hybrid,temporal_full,reservoir_random,,,,,6,0.9465811965811967,0.006118726950118095,0.0,0.0,nan,0.0
tree,tree_noncommutative,formal,hybrid,temporal_full,reservoir_sparse,,,,,6,0.9465811965811967,0.006118726950118095,0.0,0.0,nan,0.0
tree,tree_noncommutative,formal,hybrid,temporal_full,reservoir_symmetric,,,,,6,0.9572649572649573,0.007150940397727138,0.0,0.0,nan,0.0
tree,tree_noncommutative,formal,sparse_aliased,temporal_cue_then_blank,lin_sequence_all_units_r3_l4,3,4,6,all_units,6,0.9423076923076924,0.002866753817307413,0.0,0.0,nan,0.0
tree,tree_noncommutative,formal,sparse_aliased,temporal_cue_then_blank,lin_sequence_front_bands_r1_l2,1,2,2,front_bands,6,0.9423076923076924,0.002866753817307413,0.0,0.0,nan,0.0
tree,tree_noncommutative,formal,sparse_aliased,temporal_cue_then_blank,lin_sequence_front_bands_r1_l4,1,4,4,front_bands,6,0.9423076923076924,0.002866753817307413,0.0,0.0,nan,0.0
tree,tree_noncommutative,formal,sparse_aliased,temporal_cue_then_blank,lin_sequence_front_bands_r1_l8,1,8,8,front_bands,6,0.9423076923076924,0.002866753817307413,0.0,0.0,nan,0.0
tree,tree_noncommutative,formal,sparse_aliased,temporal_cue_then_blank,lin_sequence_front_bands_r3_l2,3,2,4,front_bands,6,0.9423076923076924,0.002866753817307413,0.0,0.0,nan,0.0
tree,tree_noncommutative,formal,sparse_aliased,temporal_cue_then_blank,lin_sequence_front_bands_r3_l4,3,4,6,front_bands,6,0.9423076923076924,0.002866753817307413,0.008333333333333333,0.008333333333333335,nan,0.0
tree,tree_noncommutative,formal,sparse_aliased,temporal_cue_then_blank,lin_sequence_front_bands_r3_l8,3,8,10,front_bands,6,0.9444444444444445,0.0027028014189473233,0.008333333333333333,0.008333333333333335,nan,0.0
tree,tree_noncommutative,formal,sparse_aliased,temporal_cue_then_blank,lin_sequence_front_bands_r5_l2,5,2,6,front_bands,6,0.9423076923076924,0.002866753817307413,0.008333333333333333,0.008333333333333335,nan,0.0
tree,tree_noncommutative,formal,sparse_aliased,temporal_cue_then_blank,lin_sequence_front_bands_r5_l4,5,4,8,front_bands,6,0.9423076923076924,0.002866753817307413,0.0,0.0,nan,0.0
tree,tree_noncommutative,formal,sparse_aliased,temporal_cue_then_blank,lin_sequence_front_bands_r5_l8,5,8,12,front_bands,6,0.9401709401709403,0.0027028014189473233,0.016666666666666666,0.0105409255338946,nan,0.0
tree,tree_noncommutative,formal,sparse_aliased,temporal_cue_then_blank,memoryless_linear,,,,,2,0.9423076923076923,0.0064102564102563875,0.0,0.0,nan,0.0
tree,tree_noncommutative,formal,sparse_aliased,temporal_cue_then_blank,memoryless_mlp,,,,,2,0.9423076923076923,0.0064102564102563875,0.0,0.0,nan,0.0
tree,tree_noncommutative,formal,sparse_aliased,temporal_cue_then_blank,numpy_rnn,,,,,2,0.967948717948718,0.0064102564102563875,0.0,0.0,nan,0.0
tree,tree_noncommutative,formal,sparse_aliased,temporal_cue_then_blank,reservoir_block_hybrid,,,,,6,0.9423076923076924,0.002866753817307413,0.0,0.0,nan,0.0
tree,tree_noncommutative,formal,sparse_aliased,temporal_cue_then_blank,reservoir_diagonal,,,,,6,0.9423076923076924,0.002866753817307413,0.0,0.0,nan,0.0
tree,tree_noncommutative,formal,sparse_aliased,temporal_cue_then_blank,reservoir_low_rank,,,,,6,0.9401709401709403,0.0027028014189473233,0.0,0.0,nan,0.0
tree,tree_noncommutative,formal,sparse_aliased,temporal_cue_then_blank,reservoir_nilpotent,,,,,6,0.9423076923076924,0.002866753817307413,0.03333333333333333,0.01666666666666667,nan,0.0
tree,tree_noncommutative,formal,sparse_aliased,temporal_cue_then_blank,reservoir_orthogonal,,,,,6,0.9423076923076924,0.002866753817307413,0.03333333333333333,0.024720661623652215,nan,0.0
tree,tree_noncommutative,formal,sparse_aliased,temporal_cue_then_blank,reservoir_oscillatory,,,,,6,0.9423076923076924,0.002866753817307413,0.0,0.0,nan,0.0
tree,tree_noncommutative,formal,sparse_aliased,temporal_cue_then_blank,reservoir_random,,,,,6,0.9423076923076924,0.002866753817307413,0.0,0.0,nan,0.0
tree,tree_noncommutative,formal,sparse_aliased,temporal_cue_then_blank,reservoir_sparse,,,,,6,0.9423076923076924,0.002866753817307413,0.0,0.0,nan,0.0
tree,tree_noncommutative,formal,sparse_aliased,temporal_cue_then_blank,reservoir_symmetric,,,,,6,0.9423076923076924,0.002866753817307413,0.0,0.0,nan,0.0
tree,tree_noncommutative,formal,sparse_aliased,temporal_dropout,lin_sequence_all_units_r3_l4,3,4,6,all_units,6,0.9444444444444445,0.004273504273504273,0.0,0.0,nan,0.0
tree,tree_noncommutative,formal,sparse_aliased,temporal_dropout,lin_sequence_front_bands_r1_l2,1,2,2,front_bands,6,0.967948717948718,0.002866753817307413,0.0,0.0,nan,0.0
tree,tree_noncommutative,formal,sparse_aliased,temporal_dropout,lin_sequence_front_bands_r1_l4,1,4,4,front_bands,6,0.9380341880341881,0.002136752136752129,0.0,0.0,nan,0.0
tree,tree_noncommutative,formal,sparse_aliased,temporal_dropout,lin_sequence_front_bands_r1_l8,1,8,8,front_bands,6,0.952991452991453,0.00633863118555185,0.0,0.0,nan,0.0
tree,tree_noncommutative,formal,sparse_aliased,temporal_dropout,lin_sequence_front_bands_r3_l2,3,2,4,front_bands,6,0.9401709401709403,0.0027028014189473233,0.0,0.0,nan,0.0
tree,tree_noncommutative,formal,sparse_aliased,temporal_dropout,lin_sequence_front_bands_r3_l4,3,4,6,front_bands,6,0.9465811965811967,0.005145980589227481,0.0,0.0,nan,0.0
tree,tree_noncommutative,formal,sparse_aliased,temporal_dropout,lin_sequence_front_bands_r3_l8,3,8,10,front_bands,6,0.9508547008547009,0.0051459805892274816,0.041666666666666664,0.03270236145058098,nan,0.0
tree,tree_noncommutative,formal,sparse_aliased,temporal_dropout,lin_sequence_front_bands_r5_l2,5,2,6,front_bands,6,0.9551282051282052,0.00641025641025641,0.0,0.0,nan,0.0
tree,tree_noncommutative,formal,sparse_aliased,temporal_dropout,lin_sequence_front_bands_r5_l4,5,4,8,front_bands,6,0.9423076923076924,0.002866753817307413,0.0,0.0,nan,0.0
tree,tree_noncommutative,formal,sparse_aliased,temporal_dropout,lin_sequence_front_bands_r5_l8,5,8,12,front_bands,6,0.9636752136752137,0.006118726950118095,0.041666666666666664,0.015365907428821483,nan,0.0
tree,tree_noncommutative,formal,sparse_aliased,temporal_dropout,memoryless_linear,,,,,2,0.967948717948718,0.0064102564102563875,0.0,0.0,nan,0.0
tree,tree_noncommutative,formal,sparse_aliased,temporal_dropout,memoryless_mlp,,,,,2,0.967948717948718,0.0064102564102563875,0.0,0.0,nan,0.0
tree,tree_noncommutative,formal,sparse_aliased,temporal_dropout,numpy_rnn,,,,,2,0.967948717948718,0.0064102564102563875,0.0,0.0,nan,0.0
tree,tree_noncommutative,formal,sparse_aliased,temporal_dropout,reservoir_block_hybrid,,,,,6,0.952991452991453,0.00633863118555185,0.0,0.0,nan,0.0
tree,tree_noncommutative,formal,sparse_aliased,temporal_dropout,reservoir_diagonal,,,,,6,0.9615384615384616,0.003310242176245659,0.0,0.0,nan,0.0
tree,tree_noncommutative,formal,sparse_aliased,temporal_dropout,reservoir_low_rank,,,,,6,0.967948717948718,0.002866753817307413,0.0,0.0,nan,0.0
tree,tree_noncommutative,formal,sparse_aliased,temporal_dropout,reservoir_nilpotent,,,,,6,0.9465811965811967,0.005145980589227481,0.016666666666666666,0.01666666666666667,nan,0.0
tree,tree_noncommutative,formal,sparse_aliased,temporal_dropout,reservoir_orthogonal,,,,,6,0.9444444444444445,0.004273504273504273,0.008333333333333333,0.008333333333333335,nan,0.0
tree,tree_noncommutative,formal,sparse_aliased,temporal_dropout,reservoir_oscillatory,,,,,6,0.9615384615384616,0.004681389380386039,0.0,0.0,nan,0.0
tree,tree_noncommutative,formal,sparse_aliased,temporal_dropout,reservoir_random,,,,,6,0.9487179487179488,0.004681389380386039,0.0,0.0,nan,0.0
tree,tree_noncommutative,formal,sparse_aliased,temporal_dropout,reservoir_sparse,,,,,6,0.9508547008547009,0.0051459805892274816,0.0,0.0,nan,0.0
tree,tree_noncommutative,formal,sparse_aliased,temporal_dropout,reservoir_symmetric,,,,,6,0.9508547008547009,0.006956760938504147,0.0,0.0,nan,0.0
tree,tree_noncommutative,formal,sparse_aliased,temporal_full,lin_sequence_all_units_r3_l4,3,4,6,all_units,6,0.9487179487179488,0.006620484352491309,0.0,0.0,nan,0.0
tree,tree_noncommutative,formal,sparse_aliased,temporal_full,lin_sequence_front_bands_r1_l2,1,2,2,front_bands,6,0.967948717948718,0.002866753817307413,0.0,0.0,nan,0.0
tree,tree_noncommutative,formal,sparse_aliased,temporal_full,lin_sequence_front_bands_r1_l4,1,4,4,front_bands,6,0.9508547008547009,0.006956760938504147,0.0,0.0,nan,0.0
tree,tree_noncommutative,formal,sparse_aliased,temporal_full,lin_sequence_front_bands_r1_l8,1,8,8,front_bands,6,0.9487179487179488,0.008108404256841993,0.0,0.0,nan,0.0
tree,tree_noncommutative,formal,sparse_aliased,temporal_full,lin_sequence_front_bands_r3_l2,3,2,4,front_bands,6,0.952991452991453,0.007879952527600756,0.0,0.0,nan,0.0
tree,tree_noncommutative,formal,sparse_aliased,temporal_full,lin_sequence_front_bands_r3_l4,3,4,6,front_bands,6,0.9487179487179488,0.006620484352491309,0.0,0.0,nan,0.0
tree,tree_noncommutative,formal,sparse_aliased,temporal_full,lin_sequence_front_bands_r3_l8,3,8,10,front_bands,6,0.952991452991453,0.007879952527600756,0.025000000000000005,0.017078251276599336,nan,0.0
tree,tree_noncommutative,formal,sparse_aliased,temporal_full,lin_sequence_front_bands_r5_l2,5,2,6,front_bands,6,0.9508547008547009,0.007704169392017067,0.0,0.0,nan,0.0
tree,tree_noncommutative,formal,sparse_aliased,temporal_full,lin_sequence_front_bands_r5_l4,5,4,8,front_bands,6,0.9444444444444445,0.004273504273504273,0.016666666666666666,0.01666666666666667,nan,0.0
tree,tree_noncommutative,formal,sparse_aliased,temporal_full,lin_sequence_front_bands_r5_l8,5,8,12,front_bands,6,0.9551282051282052,0.008600261451922263,0.025000000000000005,0.017078251276599336,nan,0.0
tree,tree_noncommutative,formal,sparse_aliased,temporal_full,memoryless_linear,,,,,2,0.967948717948718,0.0064102564102563875,0.0,0.0,nan,0.0
tree,tree_noncommutative,formal,sparse_aliased,temporal_full,memoryless_mlp,,,,,2,0.967948717948718,0.0064102564102563875,0.0,0.0,nan,0.0
tree,tree_noncommutative,formal,sparse_aliased,temporal_full,numpy_rnn,,,,,2,0.967948717948718,0.0064102564102563875,0.0,0.0,nan,0.0
tree,tree_noncommutative,formal,sparse_aliased,temporal_full,reservoir_block_hybrid,,,,,6,0.9465811965811967,0.006118726950118095,0.0,0.0,nan,0.0
tree,tree_noncommutative,formal,sparse_aliased,temporal_full,reservoir_diagonal,,,,,6,0.967948717948718,0.002866753817307413,0.0,0.0,nan,0.0
tree,tree_noncommutative,formal,sparse_aliased,temporal_full,reservoir_low_rank,,,,,6,0.9636752136752137,0.0039399762638003795,0.0,0.0,nan,0.0
tree,tree_noncommutative,formal,sparse_aliased,temporal_full,reservoir_nilpotent,,,,,6,0.9487179487179488,0.006620484352491309,0.0,0.0,nan,0.0
tree,tree_noncommutative,formal,sparse_aliased,temporal_full,reservoir_orthogonal,,,,,6,0.9444444444444445,0.006338631185551844,0.024999999999999998,0.025000000000000005,nan,0.0
tree,tree_noncommutative,formal,sparse_aliased,temporal_full,reservoir_oscillatory,,,,,6,0.952991452991453,0.007150940397727138,0.0,0.0,nan,0.0
tree,tree_noncommutative,formal,sparse_aliased,temporal_full,reservoir_random,,,,,6,0.9508547008547009,0.007704169392017067,0.016666666666666666,0.0105409255338946,nan,0.0
tree,tree_noncommutative,formal,sparse_aliased,temporal_full,reservoir_sparse,,,,,6,0.9423076923076924,0.002866753817307413,0.0,0.0,nan,0.0
tree,tree_noncommutative,formal,sparse_aliased,temporal_full,reservoir_symmetric,,,,,6,0.9551282051282052,0.008600261451922263,0.0,0.0,nan,0.0
tree,tree_noncommutative,formal,vector,temporal_cue_then_blank,lin_sequence_all_units_r3_l4,3,4,6,all_units,6,0.9423076923076924,0.002866753817307413,0.0,0.0,nan,0.0
tree,tree_noncommutative,formal,vector,temporal_cue_then_blank,lin_sequence_front_bands_r1_l2,1,2,2,front_bands,6,0.9551282051282052,0.008600261451922263,0.0,0.0,nan,0.0
tree,tree_noncommutative,formal,vector,temporal_cue_then_blank,lin_sequence_front_bands_r1_l4,1,4,4,front_bands,6,0.9423076923076924,0.002866753817307413,0.0,0.0,nan,0.0
tree,tree_noncommutative,formal,vector,temporal_cue_then_blank,lin_sequence_front_bands_r1_l8,1,8,8,front_bands,6,0.9423076923076924,0.002866753817307413,0.0,0.0,nan,0.0
tree,tree_noncommutative,formal,vector,temporal_cue_then_blank,lin_sequence_front_bands_r3_l2,3,2,4,front_bands,6,0.9423076923076924,0.002866753817307413,0.0,0.0,nan,0.0
tree,tree_noncommutative,formal,vector,temporal_cue_then_blank,lin_sequence_front_bands_r3_l4,3,4,6,front_bands,6,0.9423076923076924,0.002866753817307413,0.0,0.0,nan,0.0
tree,tree_noncommutative,formal,vector,temporal_cue_then_blank,lin_sequence_front_bands_r3_l8,3,8,10,front_bands,6,0.9423076923076924,0.002866753817307413,0.024999999999999998,0.025000000000000005,nan,0.0
tree,tree_noncommutative,formal,vector,temporal_cue_then_blank,lin_sequence_front_bands_r5_l2,5,2,6,front_bands,6,0.9423076923076924,0.002866753817307413,0.0,0.0,nan,0.0
tree,tree_noncommutative,formal,vector,temporal_cue_then_blank,lin_sequence_front_bands_r5_l4,5,4,8,front_bands,6,0.9423076923076924,0.002866753817307413,0.0,0.0,nan,0.0
tree,tree_noncommutative,formal,vector,temporal_cue_then_blank,lin_sequence_front_bands_r5_l8,5,8,12,front_bands,6,0.9423076923076924,0.002866753817307413,0.016666666666666666,0.010540925533894598,nan,0.0
tree,tree_noncommutative,formal,vector,temporal_cue_then_blank,memoryless_linear,,,,,2,0.9551282051282051,0.019230769230769218,0.0,0.0,nan,0.0
tree,tree_noncommutative,formal,vector,temporal_cue_then_blank,memoryless_mlp,,,,,2,0.9551282051282051,0.019230769230769218,0.0,0.0,nan,0.0
tree,tree_noncommutative,formal,vector,temporal_cue_then_blank,numpy_rnn,,,,,2,0.967948717948718,0.0064102564102563875,0.0,0.0,nan,0.0
tree,tree_noncommutative,formal,vector,temporal_cue_then_blank,reservoir_block_hybrid,,,,,6,0.9423076923076924,0.002866753817307413,0.008333333333333333,0.008333333333333335,nan,0.0
tree,tree_noncommutative,formal,vector,temporal_cue_then_blank,reservoir_diagonal,,,,,6,0.9551282051282052,0.008600261451922263,0.0,0.0,nan,0.0
tree,tree_noncommutative,formal,vector,temporal_cue_then_blank,reservoir_low_rank,,,,,6,0.9465811965811967,0.006118726950118095,0.0,0.0,nan,0.0
tree,tree_noncommutative,formal,vector,temporal_cue_then_blank,reservoir_nilpotent,,,,,6,0.9423076923076924,0.002866753817307413,0.0,0.0,nan,0.0
tree,tree_noncommutative,formal,vector,temporal_cue_then_blank,reservoir_orthogonal,,,,,6,0.9423076923076924,0.002866753817307413,0.024999999999999998,0.025000000000000005,nan,0.0
tree,tree_noncommutative,formal,vector,temporal_cue_then_blank,reservoir_oscillatory,,,,,6,0.9423076923076924,0.002866753817307413,0.0,0.0,nan,0.0
tree,tree_noncommutative,formal,vector,temporal_cue_then_blank,reservoir_random,,,,,6,0.9423076923076924,0.002866753817307413,0.008333333333333333,0.008333333333333335,nan,0.0
tree,tree_noncommutative,formal,vector,temporal_cue_then_blank,reservoir_sparse,,,,,6,0.9444444444444445,0.0027028014189473233,0.0,0.0,nan,0.0
tree,tree_noncommutative,formal,vector,temporal_cue_then_blank,reservoir_symmetric,,,,,6,0.9487179487179488,0.005733507634614842,0.0,0.0,nan,0.0
tree,tree_noncommutative,formal,vector,temporal_dropout,lin_sequence_all_units_r3_l4,3,4,6,all_units,6,0.9401709401709403,0.004273504273504277,0.0,0.0,nan,0.0
tree,tree_noncommutative,formal,vector,temporal_dropout,lin_sequence_front_bands_r1_l2,1,2,2,front_bands,6,0.967948717948718,0.002866753817307413,0.0,0.0,nan,0.0
tree,tree_noncommutative,formal,vector,temporal_dropout,lin_sequence_front_bands_r1_l4,1,4,4,front_bands,6,0.9423076923076924,0.002866753817307413,0.0,0.0,nan,0.0
tree,tree_noncommutative,formal,vector,temporal_dropout,lin_sequence_front_bands_r1_l8,1,8,8,front_bands,6,0.9444444444444445,0.004273504273504273,0.0,0.0,nan,0.0
tree,tree_noncommutative,formal,vector,temporal_dropout,lin_sequence_front_bands_r3_l2,3,2,4,front_bands,6,0.9401709401709403,0.0027028014189473233,0.0,0.0,nan,0.0
tree,tree_noncommutative,formal,vector,temporal_dropout,lin_sequence_front_bands_r3_l4,3,4,6,front_bands,6,0.9401709401709403,0.0027028014189473233,0.0,0.0,nan,0.0
tree,tree_noncommutative,formal,vector,temporal_dropout,lin_sequence_front_bands_r3_l8,3,8,10,front_bands,6,0.9508547008547009,0.0061187269501180985,0.008333333333333333,0.008333333333333335,nan,0.0
tree,tree_noncommutative,formal,vector,temporal_dropout,lin_sequence_front_bands_r5_l2,5,2,6,front_bands,6,0.9423076923076924,0.004379038788871624,0.0,0.0,nan,0.0
tree,tree_noncommutative,formal,vector,temporal_dropout,lin_sequence_front_bands_r5_l4,5,4,8,front_bands,6,0.9380341880341881,0.002136752136752129,0.0,0.0,nan,0.0
tree,tree_noncommutative,formal,vector,temporal_dropout,lin_sequence_front_bands_r5_l8,5,8,12,front_bands,6,0.9508547008547009,0.0051459805892274816,0.016666666666666666,0.010540925533894598,nan,0.0
tree,tree_noncommutative,formal,vector,temporal_dropout,memoryless_linear,,,,,2,0.967948717948718,0.0064102564102563875,0.0,0.0,nan,0.0
tree,tree_noncommutative,formal,vector,temporal_dropout,memoryless_mlp,,,,,2,0.967948717948718,0.0064102564102563875,0.0,0.0,nan,0.0
tree,tree_noncommutative,formal,vector,temporal_dropout,numpy_rnn,,,,,2,0.967948717948718,0.0064102564102563875,0.0,0.0,nan,0.0
tree,tree_noncommutative,formal,vector,temporal_dropout,reservoir_block_hybrid,,,,,6,0.9401709401709403,0.0027028014189473233,0.0,0.0,nan,0.0
tree,tree_noncommutative,formal,vector,temporal_dropout,reservoir_diagonal,,,,,6,0.9722222222222222,0.002136752136752129,0.0,0.0,nan,0.0
tree,tree_noncommutative,formal,vector,temporal_dropout,reservoir_low_rank,,,,,6,0.9615384615384616,0.006620484352491309,0.0,0.0,nan,0.0
tree,tree_noncommutative,formal,vector,temporal_dropout,reservoir_nilpotent,,,,,6,0.9380341880341881,0.002136752136752129,0.0,0.0,nan,0.0
tree,tree_noncommutative,formal,vector,temporal_dropout,reservoir_orthogonal,,,,,6,0.9380341880341881,0.002136752136752129,0.0,0.0,nan,0.0
tree,tree_noncommutative,formal,vector,temporal_dropout,reservoir_oscillatory,,,,,6,0.9636752136752137,0.0021367521367521296,0.0,0.0,nan,0.0
tree,tree_noncommutative,formal,vector,temporal_dropout,reservoir_random,,,,,6,0.9380341880341881,0.002136752136752129,0.0,0.0,nan,0.0
tree,tree_noncommutative,formal,vector,temporal_dropout,reservoir_sparse,,,,,6,0.9380341880341881,0.002136752136752129,0.0,0.0,nan,0.0
tree,tree_noncommutative,formal,vector,temporal_dropout,reservoir_symmetric,,,,,6,0.952991452991453,0.004273504273504281,0.0,0.0,nan,0.0
tree,tree_noncommutative,formal,vector,temporal_full,lin_sequence_all_units_r3_l4,3,4,6,all_units,6,0.9444444444444445,0.004273504273504273,0.0,0.0,nan,0.0
tree,tree_noncommutative,formal,vector,temporal_full,lin_sequence_front_bands_r1_l2,1,2,2,front_bands,6,0.9636752136752137,0.006118726950118095,0.0,0.0,nan,0.0
tree,tree_noncommutative,formal,vector,temporal_full,lin_sequence_front_bands_r1_l4,1,4,4,front_bands,6,0.9423076923076924,0.002866753817307413,0.0,0.0,nan,0.0
tree,tree_noncommutative,formal,vector,temporal_full,lin_sequence_front_bands_r1_l8,1,8,8,front_bands,6,0.9423076923076924,0.002866753817307413,0.0,0.0,nan,0.0
tree,tree_noncommutative,formal,vector,temporal_full,lin_sequence_front_bands_r3_l2,3,2,4,front_bands,6,0.9444444444444445,0.004273504273504273,0.0,0.0,nan,0.0
tree,tree_noncommutative,formal,vector,temporal_full,lin_sequence_front_bands_r3_l4,3,4,6,front_bands,6,0.9423076923076924,0.002866753817307413,0.008333333333333333,0.008333333333333335,nan,0.0
tree,tree_noncommutative,formal,vector,temporal_full,lin_sequence_front_bands_r3_l8,3,8,10,front_bands,6,0.9444444444444445,0.005405602837894671,0.008333333333333333,0.008333333333333335,nan,0.0
tree,tree_noncommutative,formal,vector,temporal_full,lin_sequence_front_bands_r5_l2,5,2,6,front_bands,6,0.9423076923076924,0.002866753817307413,0.0,0.0,nan,0.0
tree,tree_noncommutative,formal,vector,temporal_full,lin_sequence_front_bands_r5_l4,5,4,8,front_bands,6,0.9423076923076924,0.002866753817307413,0.0,0.0,nan,0.0
tree,tree_noncommutative,formal,vector,temporal_full,lin_sequence_front_bands_r5_l8,5,8,12,front_bands,6,0.9487179487179488,0.005733507634614842,0.0,0.0,nan,0.0
tree,tree_noncommutative,formal,vector,temporal_full,memoryless_linear,,,,,2,0.967948717948718,0.0064102564102563875,0.0,0.0,nan,0.0
tree,tree_noncommutative,formal,vector,temporal_full,memoryless_mlp,,,,,2,0.967948717948718,0.0064102564102563875,0.0,0.0,nan,0.0
tree,tree_noncommutative,formal,vector,temporal_full,numpy_rnn,,,,,2,0.967948717948718,0.0064102564102563875,0.0,0.0,nan,0.0
tree,tree_noncommutative,formal,vector,temporal_full,reservoir_block_hybrid,,,,,6,0.9465811965811967,0.005145980589227481,0.0,0.0,nan,0.0
tree,tree_noncommutative,formal,vector,temporal_full,reservoir_diagonal,,,,,6,0.9658119658119658,0.004273504273504273,0.0,0.0,nan,0.0
tree,tree_noncommutative,formal,vector,temporal_full,reservoir_low_rank,,,,,6,0.9658119658119658,0.006338631185551845,0.0,0.0,nan,0.0
tree,tree_noncommutative,formal,vector,temporal_full,reservoir_nilpotent,,,,,6,0.9423076923076924,0.002866753817307413,0.0,0.0,nan,0.0
tree,tree_noncommutative,formal,vector,temporal_full,reservoir_orthogonal,,,,,6,0.9444444444444445,0.004273504273504273,0.0,0.0,nan,0.0
tree,tree_noncommutative,formal,vector,temporal_full,reservoir_oscillatory,,,,,6,0.9444444444444445,0.004273504273504273,0.0,0.0,nan,0.0
tree,tree_noncommutative,formal,vector,temporal_full,reservoir_random,,,,,6,0.9423076923076924,0.002866753817307413,0.0,0.0,nan,0.0
tree,tree_noncommutative,formal,vector,temporal_full,reservoir_sparse,,,,,6,0.9423076923076924,0.002866753817307413,0.0,0.0,nan,0.0
tree,tree_noncommutative,formal,vector,temporal_full,reservoir_symmetric,,,,,6,0.952991452991453,0.007150940397727138,0.0,0.0,nan,0.0
